candidate	removed_mouse	fold_score	fold_rank	eligible_after_removal	failure_reason
fibroblast → Il15 → Il15ra_Il2rb_Il2rg → CD4	Masopust_053_1a:A0307	0.6020962481635319	76.0	True	
fibroblast → Il15 → Il15ra_Il2rb_Il2rg → CD4	Masopust_053_1a:A0309	0.6020962481635319	76.0	True	
fibroblast → Il15 → Il15ra_Il2rb_Il2rg → CD4	Masopust_053_1a:A0310	0.6020962481635319	76.0	True	
fibroblast → Il15 → Il15ra_Il2rb_Il2rg → CD4	Masopust_053_1a:A0311	0.6020962481635319	76.0	True	
fibroblast → Il15 → Il15ra_Il2rb_Il2rg → CD4	Masopust_053_1b:A0307	0.6020962481635319	76.0	True	
fibroblast → Il15 → Il15ra_Il2rb_Il2rg → CD4	Masopust_053_1b:A0310	0.6042607503280341	76.0	True	
fibroblast → Il15 → Il15ra_Il2rb_Il2rg → CD4	Masopust_053_1b:A0311	0.6020962481635319	76.0	True	
fibroblast → Il15 → Il15ra_Il2rb_Il2rg → CD4	Masopust_053_2a:A0307	0.6042607503280341	76.0	True	
fibroblast → Il15 → Il15ra_Il2rb_Il2rg → CD4	Masopust_053_2a:A0308	0.6020962481635319	76.0	True	
fibroblast → Il15 → Il15ra_Il2rb_Il2rg → CD4	Masopust_053_2a:A0309	0.6020962481635319	76.0	True	
fibroblast → Il15 → Il15ra_Il2rb_Il2rg → CD4	Masopust_053_2a:A0310	0.6042607503280341	76.0	True	
fibroblast → Il15 → Il15ra_Il2rb_Il2rg → CD4	Masopust_053_2a:A0312	0.6020962481635319	76.0	True	
fibroblast → Il15 → Il15ra_Il2rb_Il2rg → CD4	Masopust_053_2b:A0307	0.6020962481635319	76.0	True	
fibroblast → Il15 → Il15ra_Il2rb_Il2rg → CD4	Masopust_053_2b:A0308	0.6042607503280341	76.0	True	
fibroblast → Il15 → Il15ra_Il2rb_Il2rg → CD4	Masopust_053_2b:A0309	0.6042607503280341	76.0	True	
fibroblast → Il15 → Il15ra_Il2rb_Il2rg → CD4	Masopust_053_2b:A0310	0.6042607503280341	76.0	True	
fibroblast → Il15 → Il15ra_Il2rb_Il2rg → CD4	Masopust_053_2b:A0312	0.6020962481635319	76.0	True	
fibroblast → Il15 → Il15ra_Il2rb_Il2rg → CD4	Masopust_053_3a:A0307	0.6042607503280341	76.0	True	
fibroblast → Il15 → Il15ra_Il2rb_Il2rg → CD4	Masopust_053_3a:A0308	0.6020962481635319	76.0	True	
fibroblast → Il15 → Il15ra_Il2rb_Il2rg → CD4	Masopust_053_3a:A0310	0.6020962481635319	76.0	True	
fibroblast → Il15 → Il15ra_Il2rb_Il2rg → CD4	Masopust_053_3a:A0311	0.6020962481635319	76.0	True	
fibroblast → Il15 → Il15ra_Il2rb_Il2rg → CD4	Masopust_053_3b:A0307	0.6042607503280341	76.0	True	
fibroblast → Il15 → Il15ra_Il2rb_Il2rg → CD4	Masopust_053_3b:A0311	0.6020962481635319	76.0	True	
fibroblast → Il15 → Il15ra_Il2rb_Il2rg → CD4	Masopust_053_6a:A0308	0.6020962481635319	76.0	True	
fibroblast → Il15 → Il15ra_Il2rb_Il2rg → CD4	Masopust_053_6b:A0307	0.6020962481635319	76.0	True	
fibroblast → Il15 → Il15ra_Il2rb_Il2rg → CD4	Masopust_053_6b:A0308	0.6020962481635319	76.0	True	
fibroblast → Il15 → Il15ra_Il2rb_Il2rg → CD4	Masopust_054_A:A0312	0.6020962481635319	76.0	True	
fibroblast → Il15 → Il15ra_Il2rb_Il2rg → CD4	Masopust_054_B:A0311	0.6042607503280341	76.0	True	
fibroblast → Il15 → Il15ra_Il2rb_Il2rg → CD4	Masopust_054_C:A0311	0.6020962481635319	76.0	True	
fibroblast → Il15 → Il15ra_Il2rb_Il2rg → CD4	Masopust_054_C:A0312	0.6020962481635319	76.0	True	
fibroblast → Il15 → Il15ra_Il2rb_Il2rg → CD4	Masopust_054_C:A0313	0.6020962481635319	76.0	True	
fibroblast → Il15 → Il15ra_Il2rb_Il2rg → CD4	Masopust_054_D:A0311	0.6020962481635319	76.0	True	
fibroblast → Il15 → Il15ra_Il2rb_Il2rg → CD4	Masopust_054_D:A0312	0.6020962481635319	76.0	True	
fibroblast → Il15 → Il15ra_Il2rb_Il2rg → CD4	Masopust_054_D:A0313	0.6020962481635319	76.0	True	
fibroblast → Il15 → Il2ra → CD4	Masopust_053_1a:A0307	0.6016681048782457	77.0	True	
fibroblast → Il15 → Il2ra → CD4	Masopust_053_1a:A0309	0.6016681048782457	77.0	True	
fibroblast → Il15 → Il2ra → CD4	Masopust_053_1a:A0310	0.6016681048782457	77.0	True	
fibroblast → Il15 → Il2ra → CD4	Masopust_053_1a:A0311	0.6016681048782457	77.0	True	
fibroblast → Il15 → Il2ra → CD4	Masopust_053_1b:A0307	0.6016681048782457	77.0	True	
fibroblast → Il15 → Il2ra → CD4	Masopust_053_1b:A0310	0.6038326070427479	77.0	True	
fibroblast → Il15 → Il2ra → CD4	Masopust_053_1b:A0311	0.6016681048782457	77.0	True	
fibroblast → Il15 → Il2ra → CD4	Masopust_053_2a:A0307	0.6038326070427479	77.0	True	
fibroblast → Il15 → Il2ra → CD4	Masopust_053_2a:A0308	0.6016681048782457	77.0	True	
fibroblast → Il15 → Il2ra → CD4	Masopust_053_2a:A0309	0.6016681048782457	77.0	True	
fibroblast → Il15 → Il2ra → CD4	Masopust_053_2a:A0310	0.6038326070427479	77.0	True	
fibroblast → Il15 → Il2ra → CD4	Masopust_053_2a:A0312	0.6016681048782457	77.0	True	
fibroblast → Il15 → Il2ra → CD4	Masopust_053_2b:A0307	0.6016681048782457	77.0	True	
fibroblast → Il15 → Il2ra → CD4	Masopust_053_2b:A0308	0.6038326070427479	77.0	True	
fibroblast → Il15 → Il2ra → CD4	Masopust_053_2b:A0309	0.6038326070427479	77.0	True	
fibroblast → Il15 → Il2ra → CD4	Masopust_053_2b:A0310	0.6038326070427479	77.0	True	
fibroblast → Il15 → Il2ra → CD4	Masopust_053_2b:A0312	0.6016681048782457	77.0	True	
fibroblast → Il15 → Il2ra → CD4	Masopust_053_3a:A0307	0.6038326070427479	77.0	True	
fibroblast → Il15 → Il2ra → CD4	Masopust_053_3a:A0308	0.6016681048782457	77.0	True	
fibroblast → Il15 → Il2ra → CD4	Masopust_053_3a:A0310	0.6016681048782457	77.0	True	
fibroblast → Il15 → Il2ra → CD4	Masopust_053_3a:A0311	0.6016681048782457	77.0	True	
fibroblast → Il15 → Il2ra → CD4	Masopust_053_3b:A0307	0.6038326070427479	77.0	True	
fibroblast → Il15 → Il2ra → CD4	Masopust_053_3b:A0311	0.6016681048782457	77.0	True	
fibroblast → Il15 → Il2ra → CD4	Masopust_053_6a:A0308	0.6016681048782457	77.0	True	
fibroblast → Il15 → Il2ra → CD4	Masopust_053_6b:A0307	0.6016681048782457	77.0	True	
fibroblast → Il15 → Il2ra → CD4	Masopust_053_6b:A0308	0.6016681048782457	77.0	True	
fibroblast → Il15 → Il2ra → CD4	Masopust_054_A:A0312	0.6016681048782457	77.0	True	
fibroblast → Il15 → Il2ra → CD4	Masopust_054_B:A0311	0.6038326070427479	77.0	True	
fibroblast → Il15 → Il2ra → CD4	Masopust_054_C:A0311	0.6016681048782457	77.0	True	
fibroblast → Il15 → Il2ra → CD4	Masopust_054_C:A0312	0.6016681048782457	77.0	True	
fibroblast → Il15 → Il2ra → CD4	Masopust_054_C:A0313	0.6016681048782457	77.0	True	
fibroblast → Il15 → Il2ra → CD4	Masopust_054_D:A0311	0.6016681048782457	77.0	True	
fibroblast → Il15 → Il2ra → CD4	Masopust_054_D:A0312	0.6016681048782457	77.0	True	
fibroblast → Il15 → Il2ra → CD4	Masopust_054_D:A0313	0.6016681048782457	77.0	True	
neutrophil → Pdcd1lg2 → Pdcd1 → CD4	Masopust_053_1a:A0310	0.5898906032589544	85.0	True	
neutrophil → Pdcd1lg2 → Pdcd1 → CD4	Masopust_053_1a:A0311	0.5898906032589544	85.0	True	
neutrophil → Pdcd1lg2 → Pdcd1 → CD4	Masopust_053_1b:A0310	0.5938588572272084	85.0	True	
neutrophil → Pdcd1lg2 → Pdcd1 → CD4	Masopust_053_1b:A0311	0.5938588572272084	85.0	True	
neutrophil → Pdcd1lg2 → Pdcd1 → CD4	Masopust_053_2a:A0307	0.5898906032589544	85.0	True	
neutrophil → Pdcd1lg2 → Pdcd1 → CD4	Masopust_053_2a:A0308	0.5938588572272084	85.0	True	
neutrophil → Pdcd1lg2 → Pdcd1 → CD4	Masopust_053_2a:A0310	0.5898906032589544	87.0	True	
neutrophil → Pdcd1lg2 → Pdcd1 → CD4	Masopust_053_2a:A0312	0.5898906032589544	87.0	True	
neutrophil → Pdcd1lg2 → Pdcd1 → CD4	Masopust_053_2b:A0307	0.5898906032589544	85.0	True	
neutrophil → Pdcd1lg2 → Pdcd1 → CD4	Masopust_053_2b:A0310	0.5898906032589544	87.0	True	
neutrophil → Pdcd1lg2 → Pdcd1 → CD4	Masopust_053_2b:A0312	0.5898906032589544	87.0	True	
neutrophil → Pdcd1lg2 → Pdcd1 → CD4	Masopust_053_3a:A0310	0.5898906032589544	85.0	True	
neutrophil → Pdcd1lg2 → Pdcd1 → CD4	Masopust_053_3a:A0311	0.5938588572272084	85.0	True	
neutrophil → Pdcd1lg2 → Pdcd1 → CD4	Masopust_053_3b:A0310	0.5898906032589544	85.0	True	
neutrophil → Pdcd1lg2 → Pdcd1 → CD4	Masopust_053_3b:A0311	0.5938588572272084	85.0	True	
neutrophil → Pdcd1lg2 → Pdcd1 → CD4	Masopust_053_6a:A0308	0.5898906032589544	85.0	True	
neutrophil → Pdcd1lg2 → Pdcd1 → CD4	Masopust_053_6b:A0308	0.5898906032589544	85.0	True	
neutrophil → Pdcd1lg2 → Pdcd1 → CD4	Masopust_054_A:A0312	0.5898906032589544	85.0	True	
neutrophil → Pdcd1lg2 → Pdcd1 → CD4	Masopust_054_D:A0311	0.5938588572272084	85.0	True	
neutrophil → Ccl25 → Ccr10 → CD4	Masopust_053_1a:A0310	0.5829911815380677	97.0	True	
neutrophil → Ccl25 → Ccr10 → CD4	Masopust_053_1a:A0311	0.5829911815380677	97.0	True	
neutrophil → Ccl25 → Ccr10 → CD4	Masopust_053_1b:A0310	0.5829911815380677	98.0	True	
neutrophil → Ccl25 → Ccr10 → CD4	Masopust_053_1b:A0311	0.5869594355063218	94.0	True	
neutrophil → Ccl25 → Ccr10 → CD4	Masopust_053_2a:A0307	0.5829911815380677	97.0	True	
neutrophil → Ccl25 → Ccr10 → CD4	Masopust_053_2a:A0308	0.5869594355063218	94.0	True	
neutrophil → Ccl25 → Ccr10 → CD4	Masopust_053_2a:A0310	0.5829911815380677	97.0	True	
neutrophil → Ccl25 → Ccr10 → CD4	Masopust_053_2a:A0312	0.5869594355063218	94.0	True	
neutrophil → Ccl25 → Ccr10 → CD4	Masopust_053_2b:A0307	0.5869594355063218	94.0	True	
neutrophil → Ccl25 → Ccr10 → CD4	Masopust_053_2b:A0310	0.5829911815380677	97.0	True	
neutrophil → Ccl25 → Ccr10 → CD4	Masopust_053_2b:A0312	0.5829911815380677	97.0	True	
neutrophil → Ccl25 → Ccr10 → CD4	Masopust_053_3a:A0310	0.5829911815380677	97.0	True	
neutrophil → Ccl25 → Ccr10 → CD4	Masopust_053_3a:A0311	0.5829911815380677	98.0	True	
neutrophil → Ccl25 → Ccr10 → CD4	Masopust_053_3b:A0310	0.5829911815380677	97.0	True	
neutrophil → Ccl25 → Ccr10 → CD4	Masopust_053_3b:A0311	0.5869594355063218	96.0	True	
neutrophil → Ccl25 → Ccr10 → CD4	Masopust_053_6a:A0308	0.5829911815380677	97.0	True	
neutrophil → Ccl25 → Ccr10 → CD4	Masopust_053_6b:A0308	0.5829911815380677	97.0	True	
neutrophil → Ccl25 → Ccr10 → CD4	Masopust_054_A:A0312	0.5829911815380677	97.0	True	
neutrophil → Ccl25 → Ccr10 → CD4	Masopust_054_D:A0311	0.5869594355063218	94.0	True	
neutrophil → Pdcd1lg2 → Rgmb → CD4	Masopust_053_1a:A0310	0.5813567527380071	99.0	True	
neutrophil → Pdcd1lg2 → Rgmb → CD4	Masopust_053_1a:A0311	0.5813567527380071	98.0	True	
neutrophil → Pdcd1lg2 → Rgmb → CD4	Masopust_053_1b:A0310	0.5853250067062609	97.0	True	
neutrophil → Pdcd1lg2 → Rgmb → CD4	Masopust_053_1b:A0311	0.5853250067062609	97.0	True	
neutrophil → Pdcd1lg2 → Rgmb → CD4	Masopust_053_2a:A0307	0.5813567527380071	99.0	True	
neutrophil → Pdcd1lg2 → Rgmb → CD4	Masopust_053_2a:A0308	0.5853250067062609	97.0	True	
neutrophil → Pdcd1lg2 → Rgmb → CD4	Masopust_053_2a:A0310	0.5813567527380071	99.0	True	
neutrophil → Pdcd1lg2 → Rgmb → CD4	Masopust_053_2a:A0312	0.5813567527380071	99.0	True	
neutrophil → Pdcd1lg2 → Rgmb → CD4	Masopust_053_2b:A0307	0.5813567527380071	99.0	True	
neutrophil → Pdcd1lg2 → Rgmb → CD4	Masopust_053_2b:A0310	0.5813567527380071	99.0	True	
neutrophil → Pdcd1lg2 → Rgmb → CD4	Masopust_053_2b:A0312	0.5813567527380071	99.0	True	
neutrophil → Pdcd1lg2 → Rgmb → CD4	Masopust_053_3a:A0310	0.5813567527380071	98.0	True	
neutrophil → Pdcd1lg2 → Rgmb → CD4	Masopust_053_3a:A0311	0.5853250067062609	96.0	True	
neutrophil → Pdcd1lg2 → Rgmb → CD4	Masopust_053_3b:A0310	0.5813567527380071	98.0	True	
neutrophil → Pdcd1lg2 → Rgmb → CD4	Masopust_053_3b:A0311	0.5853250067062609	98.0	True	
neutrophil → Pdcd1lg2 → Rgmb → CD4	Masopust_053_6a:A0308	0.5813567527380071	99.0	True	
neutrophil → Pdcd1lg2 → Rgmb → CD4	Masopust_053_6b:A0308	0.5813567527380071	99.0	True	
neutrophil → Pdcd1lg2 → Rgmb → CD4	Masopust_054_A:A0312	0.5813567527380071	98.0	True	
neutrophil → Pdcd1lg2 → Rgmb → CD4	Masopust_054_D:A0311	0.5853250067062609	97.0	True	
fibroblast → Ccl11 → Ccr2 → CD4	Masopust_053_1a:A0307	0.578655678288759	102.0	True	
fibroblast → Ccl11 → Ccr2 → CD4	Masopust_053_1a:A0309	0.5764911761242569	105.0	True	
fibroblast → Ccl11 → Ccr2 → CD4	Masopust_053_1a:A0310	0.5764911761242569	104.0	True	
fibroblast → Ccl11 → Ccr2 → CD4	Masopust_053_1a:A0311	0.5764911761242569	104.0	True	
fibroblast → Ccl11 → Ccr2 → CD4	Masopust_053_1b:A0307	0.5764911761242569	104.0	True	
fibroblast → Ccl11 → Ccr2 → CD4	Masopust_053_1b:A0310	0.578655678288759	103.0	True	
fibroblast → Ccl11 → Ccr2 → CD4	Masopust_053_1b:A0311	0.578655678288759	102.0	True	
fibroblast → Ccl11 → Ccr2 → CD4	Masopust_053_2a:A0307	0.5764911761242569	105.0	True	
fibroblast → Ccl11 → Ccr2 → CD4	Masopust_053_2a:A0308	0.5764911761242569	104.0	True	
fibroblast → Ccl11 → Ccr2 → CD4	Masopust_053_2a:A0309	0.578655678288759	102.0	True	
fibroblast → Ccl11 → Ccr2 → CD4	Masopust_053_2a:A0310	0.578655678288759	102.0	True	
fibroblast → Ccl11 → Ccr2 → CD4	Masopust_053_2a:A0312	0.578655678288759	103.0	True	
fibroblast → Ccl11 → Ccr2 → CD4	Masopust_053_2b:A0307	0.578655678288759	102.0	True	
fibroblast → Ccl11 → Ccr2 → CD4	Masopust_053_2b:A0308	0.5764911761242569	104.0	True	
fibroblast → Ccl11 → Ccr2 → CD4	Masopust_053_2b:A0309	0.578655678288759	102.0	True	
fibroblast → Ccl11 → Ccr2 → CD4	Masopust_053_2b:A0310	0.5764911761242569	104.0	True	
fibroblast → Ccl11 → Ccr2 → CD4	Masopust_053_2b:A0312	0.5764911761242569	104.0	True	
fibroblast → Ccl11 → Ccr2 → CD4	Masopust_053_3a:A0307	0.5764911761242569	104.0	True	
fibroblast → Ccl11 → Ccr2 → CD4	Masopust_053_3a:A0308	0.5764911761242569	104.0	True	
fibroblast → Ccl11 → Ccr2 → CD4	Masopust_053_3a:A0310	0.5764911761242569	104.0	True	
fibroblast → Ccl11 → Ccr2 → CD4	Masopust_053_3a:A0311	0.578655678288759	103.0	True	
fibroblast → Ccl11 → Ccr2 → CD4	Masopust_053_3b:A0307	0.5764911761242569	104.0	True	
fibroblast → Ccl11 → Ccr2 → CD4	Masopust_053_3b:A0311	0.5764911761242569	105.0	True	
fibroblast → Ccl11 → Ccr2 → CD4	Masopust_053_6a:A0308	0.5764911761242569	104.0	True	
fibroblast → Ccl11 → Ccr2 → CD4	Masopust_053_6b:A0307	0.578655678288759	103.0	True	
fibroblast → Ccl11 → Ccr2 → CD4	Masopust_053_6b:A0308	0.578655678288759	102.0	True	
fibroblast → Ccl11 → Ccr2 → CD4	Masopust_054_A:A0312	0.5764911761242569	104.0	True	
fibroblast → Ccl11 → Ccr2 → CD4	Masopust_054_B:A0311	0.578655678288759	102.0	True	
fibroblast → Ccl11 → Ccr2 → CD4	Masopust_054_C:A0311	0.5764911761242569	104.0	True	
fibroblast → Ccl11 → Ccr2 → CD4	Masopust_054_C:A0312	0.5764911761242569	105.0	True	
fibroblast → Ccl11 → Ccr2 → CD4	Masopust_054_C:A0313	0.5764911761242569	105.0	True	
fibroblast → Ccl11 → Ccr2 → CD4	Masopust_054_D:A0311	0.578655678288759	102.0	True	
fibroblast → Ccl11 → Ccr2 → CD4	Masopust_054_D:A0312	0.5764911761242569	104.0	True	
fibroblast → Ccl11 → Ccr2 → CD4	Masopust_054_D:A0313	0.5764911761242569	105.0	True	
fibroblast → Ccl11 → Ccr3 → CD4	Masopust_053_1a:A0307	0.5777993917181867	104.0	True	
fibroblast → Ccl11 → Ccr3 → CD4	Masopust_053_1a:A0309	0.5756348895536847	106.0	True	
fibroblast → Ccl11 → Ccr3 → CD4	Masopust_053_1a:A0310	0.5756348895536847	105.0	True	
fibroblast → Ccl11 → Ccr3 → CD4	Masopust_053_1a:A0311	0.5756348895536847	105.0	True	
fibroblast → Ccl11 → Ccr3 → CD4	Masopust_053_1b:A0307	0.5756348895536847	105.0	True	
fibroblast → Ccl11 → Ccr3 → CD4	Masopust_053_1b:A0310	0.5777993917181867	104.0	True	
fibroblast → Ccl11 → Ccr3 → CD4	Masopust_053_1b:A0311	0.5777993917181867	104.0	True	
fibroblast → Ccl11 → Ccr3 → CD4	Masopust_053_2a:A0307	0.5756348895536847	106.0	True	
fibroblast → Ccl11 → Ccr3 → CD4	Masopust_053_2a:A0308	0.5756348895536847	105.0	True	
fibroblast → Ccl11 → Ccr3 → CD4	Masopust_053_2a:A0309	0.5777993917181867	104.0	True	
fibroblast → Ccl11 → Ccr3 → CD4	Masopust_053_2a:A0310	0.5777993917181867	104.0	True	
fibroblast → Ccl11 → Ccr3 → CD4	Masopust_053_2a:A0312	0.5777993917181867	105.0	True	
fibroblast → Ccl11 → Ccr3 → CD4	Masopust_053_2b:A0307	0.5777993917181867	104.0	True	
fibroblast → Ccl11 → Ccr3 → CD4	Masopust_053_2b:A0308	0.5756348895536847	105.0	True	
fibroblast → Ccl11 → Ccr3 → CD4	Masopust_053_2b:A0309	0.5777993917181867	104.0	True	
fibroblast → Ccl11 → Ccr3 → CD4	Masopust_053_2b:A0310	0.5756348895536847	105.0	True	
fibroblast → Ccl11 → Ccr3 → CD4	Masopust_053_2b:A0312	0.5756348895536847	105.0	True	
fibroblast → Ccl11 → Ccr3 → CD4	Masopust_053_3a:A0307	0.5756348895536847	105.0	True	
fibroblast → Ccl11 → Ccr3 → CD4	Masopust_053_3a:A0308	0.5756348895536847	105.0	True	
fibroblast → Ccl11 → Ccr3 → CD4	Masopust_053_3a:A0310	0.5756348895536847	105.0	True	
fibroblast → Ccl11 → Ccr3 → CD4	Masopust_053_3a:A0311	0.5777993917181867	105.0	True	
fibroblast → Ccl11 → Ccr3 → CD4	Masopust_053_3b:A0307	0.5756348895536847	105.0	True	
fibroblast → Ccl11 → Ccr3 → CD4	Masopust_053_3b:A0311	0.5756348895536847	106.0	True	
fibroblast → Ccl11 → Ccr3 → CD4	Masopust_053_6a:A0308	0.5756348895536847	105.0	True	
fibroblast → Ccl11 → Ccr3 → CD4	Masopust_053_6b:A0307	0.5777993917181867	105.0	True	
fibroblast → Ccl11 → Ccr3 → CD4	Masopust_053_6b:A0308	0.5777993917181867	104.0	True	
fibroblast → Ccl11 → Ccr3 → CD4	Masopust_054_A:A0312	0.5756348895536847	105.0	True	
fibroblast → Ccl11 → Ccr3 → CD4	Masopust_054_B:A0311	0.5777993917181867	104.0	True	
fibroblast → Ccl11 → Ccr3 → CD4	Masopust_054_C:A0311	0.5756348895536847	105.0	True	
fibroblast → Ccl11 → Ccr3 → CD4	Masopust_054_C:A0312	0.5756348895536847	106.0	True	
fibroblast → Ccl11 → Ccr3 → CD4	Masopust_054_C:A0313	0.5756348895536847	106.0	True	
fibroblast → Ccl11 → Ccr3 → CD4	Masopust_054_D:A0311	0.5777993917181867	104.0	True	
fibroblast → Ccl11 → Ccr3 → CD4	Masopust_054_D:A0312	0.5756348895536847	105.0	True	
fibroblast → Ccl11 → Ccr3 → CD4	Masopust_054_D:A0313	0.5756348895536847	106.0	True	
fibroblast → Ccl11 → Cxcr3 → CD4	Masopust_053_1a:A0307	0.577442605647115	106.0	True	
fibroblast → Ccl11 → Cxcr3 → CD4	Masopust_053_1a:A0309	0.5752781034826128	107.0	True	
fibroblast → Ccl11 → Cxcr3 → CD4	Masopust_053_1a:A0310	0.5752781034826128	106.0	True	
fibroblast → Ccl11 → Cxcr3 → CD4	Masopust_053_1a:A0311	0.5752781034826128	106.0	True	
fibroblast → Ccl11 → Cxcr3 → CD4	Masopust_053_1b:A0307	0.5752781034826128	106.0	True	
fibroblast → Ccl11 → Cxcr3 → CD4	Masopust_053_1b:A0310	0.577442605647115	106.0	True	
fibroblast → Ccl11 → Cxcr3 → CD4	Masopust_053_1b:A0311	0.577442605647115	106.0	True	
fibroblast → Ccl11 → Cxcr3 → CD4	Masopust_053_2a:A0307	0.5752781034826128	107.0	True	
fibroblast → Ccl11 → Cxcr3 → CD4	Masopust_053_2a:A0308	0.5752781034826128	106.0	True	
fibroblast → Ccl11 → Cxcr3 → CD4	Masopust_053_2a:A0309	0.577442605647115	106.0	True	
fibroblast → Ccl11 → Cxcr3 → CD4	Masopust_053_2a:A0310	0.577442605647115	106.0	True	
fibroblast → Ccl11 → Cxcr3 → CD4	Masopust_053_2a:A0312	0.577442605647115	106.0	True	
fibroblast → Ccl11 → Cxcr3 → CD4	Masopust_053_2b:A0307	0.577442605647115	106.0	True	
fibroblast → Ccl11 → Cxcr3 → CD4	Masopust_053_2b:A0308	0.5752781034826128	106.0	True	
fibroblast → Ccl11 → Cxcr3 → CD4	Masopust_053_2b:A0309	0.577442605647115	106.0	True	
fibroblast → Ccl11 → Cxcr3 → CD4	Masopust_053_2b:A0310	0.5752781034826128	106.0	True	
fibroblast → Ccl11 → Cxcr3 → CD4	Masopust_053_2b:A0312	0.5752781034826128	106.0	True	
fibroblast → Ccl11 → Cxcr3 → CD4	Masopust_053_3a:A0307	0.5752781034826128	106.0	True	
fibroblast → Ccl11 → Cxcr3 → CD4	Masopust_053_3a:A0308	0.5752781034826128	106.0	True	
fibroblast → Ccl11 → Cxcr3 → CD4	Masopust_053_3a:A0310	0.5752781034826128	106.0	True	
fibroblast → Ccl11 → Cxcr3 → CD4	Masopust_053_3a:A0311	0.577442605647115	106.0	True	
fibroblast → Ccl11 → Cxcr3 → CD4	Masopust_053_3b:A0307	0.5752781034826128	106.0	True	
fibroblast → Ccl11 → Cxcr3 → CD4	Masopust_053_3b:A0311	0.5752781034826128	107.0	True	
fibroblast → Ccl11 → Cxcr3 → CD4	Masopust_053_6a:A0308	0.5752781034826128	106.0	True	
fibroblast → Ccl11 → Cxcr3 → CD4	Masopust_053_6b:A0307	0.577442605647115	106.0	True	
fibroblast → Ccl11 → Cxcr3 → CD4	Masopust_053_6b:A0308	0.577442605647115	106.0	True	
fibroblast → Ccl11 → Cxcr3 → CD4	Masopust_054_A:A0312	0.5752781034826128	106.0	True	
fibroblast → Ccl11 → Cxcr3 → CD4	Masopust_054_B:A0311	0.577442605647115	106.0	True	
fibroblast → Ccl11 → Cxcr3 → CD4	Masopust_054_C:A0311	0.5752781034826128	106.0	True	
fibroblast → Ccl11 → Cxcr3 → CD4	Masopust_054_C:A0312	0.5752781034826128	107.0	True	
fibroblast → Ccl11 → Cxcr3 → CD4	Masopust_054_C:A0313	0.5752781034826128	107.0	True	
fibroblast → Ccl11 → Cxcr3 → CD4	Masopust_054_D:A0311	0.577442605647115	106.0	True	
fibroblast → Ccl11 → Cxcr3 → CD4	Masopust_054_D:A0312	0.5752781034826128	106.0	True	
fibroblast → Ccl11 → Cxcr3 → CD4	Masopust_054_D:A0313	0.5752781034826128	107.0	True	
fibroblast → Ccl11 → Ccr5 → CD4	Masopust_053_1a:A0307	0.5773712484329006	107.0	True	
fibroblast → Ccl11 → Ccr5 → CD4	Masopust_053_1a:A0309	0.5752067462683985	108.0	True	
fibroblast → Ccl11 → Ccr5 → CD4	Masopust_053_1a:A0310	0.5752067462683985	107.0	True	
fibroblast → Ccl11 → Ccr5 → CD4	Masopust_053_1a:A0311	0.5752067462683985	107.0	True	
fibroblast → Ccl11 → Ccr5 → CD4	Masopust_053_1b:A0307	0.5752067462683985	107.0	True	
fibroblast → Ccl11 → Ccr5 → CD4	Masopust_053_1b:A0310	0.5773712484329006	107.0	True	
fibroblast → Ccl11 → Ccr5 → CD4	Masopust_053_1b:A0311	0.5773712484329006	107.0	True	
fibroblast → Ccl11 → Ccr5 → CD4	Masopust_053_2a:A0307	0.5752067462683985	108.0	True	
fibroblast → Ccl11 → Ccr5 → CD4	Masopust_053_2a:A0308	0.5752067462683985	107.0	True	
fibroblast → Ccl11 → Ccr5 → CD4	Masopust_053_2a:A0309	0.5773712484329006	107.0	True	
fibroblast → Ccl11 → Ccr5 → CD4	Masopust_053_2a:A0310	0.5773712484329006	107.0	True	
fibroblast → Ccl11 → Ccr5 → CD4	Masopust_053_2a:A0312	0.5773712484329006	107.0	True	
fibroblast → Ccl11 → Ccr5 → CD4	Masopust_053_2b:A0307	0.5773712484329006	107.0	True	
fibroblast → Ccl11 → Ccr5 → CD4	Masopust_053_2b:A0308	0.5752067462683985	107.0	True	
fibroblast → Ccl11 → Ccr5 → CD4	Masopust_053_2b:A0309	0.5773712484329006	107.0	True	
fibroblast → Ccl11 → Ccr5 → CD4	Masopust_053_2b:A0310	0.5752067462683985	107.0	True	
fibroblast → Ccl11 → Ccr5 → CD4	Masopust_053_2b:A0312	0.5752067462683985	107.0	True	
fibroblast → Ccl11 → Ccr5 → CD4	Masopust_053_3a:A0307	0.5752067462683985	107.0	True	
fibroblast → Ccl11 → Ccr5 → CD4	Masopust_053_3a:A0308	0.5752067462683985	107.0	True	
fibroblast → Ccl11 → Ccr5 → CD4	Masopust_053_3a:A0310	0.5752067462683985	107.0	True	
fibroblast → Ccl11 → Ccr5 → CD4	Masopust_053_3a:A0311	0.5773712484329006	107.0	True	
fibroblast → Ccl11 → Ccr5 → CD4	Masopust_053_3b:A0307	0.5752067462683985	107.0	True	
fibroblast → Ccl11 → Ccr5 → CD4	Masopust_053_3b:A0311	0.5752067462683985	108.0	True	
fibroblast → Ccl11 → Ccr5 → CD4	Masopust_053_6a:A0308	0.5752067462683985	107.0	True	
fibroblast → Ccl11 → Ccr5 → CD4	Masopust_053_6b:A0307	0.5773712484329006	107.0	True	
fibroblast → Ccl11 → Ccr5 → CD4	Masopust_053_6b:A0308	0.5773712484329006	107.0	True	
fibroblast → Ccl11 → Ccr5 → CD4	Masopust_054_A:A0312	0.5752067462683985	107.0	True	
fibroblast → Ccl11 → Ccr5 → CD4	Masopust_054_B:A0311	0.5773712484329006	107.0	True	
fibroblast → Ccl11 → Ccr5 → CD4	Masopust_054_C:A0311	0.5752067462683985	107.0	True	
fibroblast → Ccl11 → Ccr5 → CD4	Masopust_054_C:A0312	0.5752067462683985	108.0	True	
fibroblast → Ccl11 → Ccr5 → CD4	Masopust_054_C:A0313	0.5752067462683985	108.0	True	
fibroblast → Ccl11 → Ccr5 → CD4	Masopust_054_D:A0311	0.5773712484329006	107.0	True	
fibroblast → Ccl11 → Ccr5 → CD4	Masopust_054_D:A0312	0.5752067462683985	107.0	True	
fibroblast → Ccl11 → Ccr5 → CD4	Masopust_054_D:A0313	0.5752067462683985	108.0	True	
fibroblast → Ccl11 → Dpp4 → CD4	Masopust_053_1a:A0307	0.5761581757912566	108.0	True	
fibroblast → Ccl11 → Dpp4 → CD4	Masopust_053_1a:A0309	0.5739936736267544	116.0	True	
fibroblast → Ccl11 → Dpp4 → CD4	Masopust_053_1a:A0310	0.5739936736267544	109.0	True	
fibroblast → Ccl11 → Dpp4 → CD4	Masopust_053_1a:A0311	0.5739936736267544	115.0	True	
fibroblast → Ccl11 → Dpp4 → CD4	Masopust_053_1b:A0307	0.5739936736267544	110.0	True	
fibroblast → Ccl11 → Dpp4 → CD4	Masopust_053_1b:A0310	0.5761581757912566	108.0	True	
fibroblast → Ccl11 → Dpp4 → CD4	Masopust_053_1b:A0311	0.5761581757912566	109.0	True	
fibroblast → Ccl11 → Dpp4 → CD4	Masopust_053_2a:A0307	0.5739936736267544	116.0	True	
fibroblast → Ccl11 → Dpp4 → CD4	Masopust_053_2a:A0308	0.5739936736267544	110.0	True	
fibroblast → Ccl11 → Dpp4 → CD4	Masopust_053_2a:A0309	0.5761581757912566	109.0	True	
fibroblast → Ccl11 → Dpp4 → CD4	Masopust_053_2a:A0310	0.5761581757912566	108.0	True	
fibroblast → Ccl11 → Dpp4 → CD4	Masopust_053_2a:A0312	0.5761581757912566	108.0	True	
fibroblast → Ccl11 → Dpp4 → CD4	Masopust_053_2b:A0307	0.5761581757912566	109.0	True	
fibroblast → Ccl11 → Dpp4 → CD4	Masopust_053_2b:A0308	0.5739936736267544	109.0	True	
fibroblast → Ccl11 → Dpp4 → CD4	Masopust_053_2b:A0309	0.5761581757912566	109.0	True	
fibroblast → Ccl11 → Dpp4 → CD4	Masopust_053_2b:A0310	0.5739936736267544	109.0	True	
fibroblast → Ccl11 → Dpp4 → CD4	Masopust_053_2b:A0312	0.5739936736267544	109.0	True	
fibroblast → Ccl11 → Dpp4 → CD4	Masopust_053_3a:A0307	0.5739936736267544	115.0	True	
fibroblast → Ccl11 → Dpp4 → CD4	Masopust_053_3a:A0308	0.5739936736267544	115.0	True	
fibroblast → Ccl11 → Dpp4 → CD4	Masopust_053_3a:A0310	0.5739936736267544	115.0	True	
fibroblast → Ccl11 → Dpp4 → CD4	Masopust_053_3a:A0311	0.5761581757912566	108.0	True	
fibroblast → Ccl11 → Dpp4 → CD4	Masopust_053_3b:A0307	0.5739936736267544	109.0	True	
fibroblast → Ccl11 → Dpp4 → CD4	Masopust_053_3b:A0311	0.5739936736267544	109.0	True	
fibroblast → Ccl11 → Dpp4 → CD4	Masopust_053_6a:A0308	0.5739936736267544	109.0	True	
fibroblast → Ccl11 → Dpp4 → CD4	Masopust_053_6b:A0307	0.5761581757912566	108.0	True	
fibroblast → Ccl11 → Dpp4 → CD4	Masopust_053_6b:A0308	0.5761581757912566	108.0	True	
fibroblast → Ccl11 → Dpp4 → CD4	Masopust_054_A:A0312	0.5739936736267544	115.0	True	
fibroblast → Ccl11 → Dpp4 → CD4	Masopust_054_B:A0311	0.5761581757912566	109.0	True	
fibroblast → Ccl11 → Dpp4 → CD4	Masopust_054_C:A0311	0.5739936736267544	109.0	True	
fibroblast → Ccl11 → Dpp4 → CD4	Masopust_054_C:A0312	0.5739936736267544	115.0	True	
fibroblast → Ccl11 → Dpp4 → CD4	Masopust_054_C:A0313	0.5739936736267544	109.0	True	
fibroblast → Ccl11 → Dpp4 → CD4	Masopust_054_D:A0311	0.5761581757912566	108.0	True	
fibroblast → Ccl11 → Dpp4 → CD4	Masopust_054_D:A0312	0.5739936736267544	109.0	True	
fibroblast → Ccl11 → Dpp4 → CD4	Masopust_054_D:A0313	0.5739936736267544	110.0	True	
fibroblast → Hspg2 → Itgb1 → CD8	Masopust_053_1a:A0307	0.5747018297982402	109.0	True	
fibroblast → Hspg2 → Itgb1 → CD8	Masopust_053_1a:A0309	0.5768663319627424	104.0	True	
fibroblast → Hspg2 → Itgb1 → CD8	Masopust_053_1a:A0310	0.5747018297982402	108.0	True	
fibroblast → Hspg2 → Itgb1 → CD8	Masopust_053_1a:A0311	0.5747018297982402	111.0	True	
fibroblast → Hspg2 → Itgb1 → CD8	Masopust_053_1b:A0307	0.5747018297982402	108.0	True	
fibroblast → Hspg2 → Itgb1 → CD8	Masopust_053_1b:A0310	0.5747018297982402	109.0	True	
fibroblast → Hspg2 → Itgb1 → CD8	Masopust_053_1b:A0311	0.5768663319627424	108.0	True	
fibroblast → Hspg2 → Itgb1 → CD8	Masopust_053_2a:A0307	0.5768663319627424	104.0	True	
fibroblast → Hspg2 → Itgb1 → CD8	Masopust_053_2a:A0308	0.5747018297982402	108.0	True	
fibroblast → Hspg2 → Itgb1 → CD8	Masopust_053_2a:A0309	0.5768663319627424	108.0	True	
fibroblast → Hspg2 → Itgb1 → CD8	Masopust_053_2a:A0310	0.5747018297982402	109.0	True	
fibroblast → Hspg2 → Itgb1 → CD8	Masopust_053_2a:A0312	0.5747018297982402	109.0	True	
fibroblast → Hspg2 → Itgb1 → CD8	Masopust_053_2b:A0307	0.5768663319627424	108.0	True	
fibroblast → Hspg2 → Itgb1 → CD8	Masopust_053_2b:A0308	0.5747018297982402	108.0	True	
fibroblast → Hspg2 → Itgb1 → CD8	Masopust_053_2b:A0309	0.5768663319627424	108.0	True	
fibroblast → Hspg2 → Itgb1 → CD8	Masopust_053_2b:A0310	0.5747018297982402	108.0	True	
fibroblast → Hspg2 → Itgb1 → CD8	Masopust_053_2b:A0312	0.5747018297982402	108.0	True	
fibroblast → Hspg2 → Itgb1 → CD8	Masopust_053_3a:A0307	0.5747018297982402	111.0	True	
fibroblast → Hspg2 → Itgb1 → CD8	Masopust_053_3a:A0308	0.5747018297982402	111.0	True	
fibroblast → Hspg2 → Itgb1 → CD8	Masopust_053_3a:A0310	0.5747018297982402	111.0	True	
fibroblast → Hspg2 → Itgb1 → CD8	Masopust_053_3a:A0311	0.5747018297982402	112.0	True	
fibroblast → Hspg2 → Itgb1 → CD8	Masopust_053_3b:A0307	0.5747018297982402	108.0	True	
fibroblast → Hspg2 → Itgb1 → CD8	Masopust_053_3b:A0311	0.5768663319627424	104.0	True	
fibroblast → Hspg2 → Itgb1 → CD8	Masopust_053_6a:A0308	0.5747018297982402	108.0	True	
fibroblast → Hspg2 → Itgb1 → CD8	Masopust_053_6b:A0307	0.5747018297982402	109.0	True	
fibroblast → Hspg2 → Itgb1 → CD8	Masopust_053_6b:A0308	0.5747018297982402	109.0	True	
fibroblast → Hspg2 → Itgb1 → CD8	Masopust_054_A:A0312	0.5747018297982402	111.0	True	
fibroblast → Hspg2 → Itgb1 → CD8	Masopust_054_B:A0311	0.5768663319627424	108.0	True	
fibroblast → Hspg2 → Itgb1 → CD8	Masopust_054_C:A0311	0.5747018297982402	108.0	True	
fibroblast → Hspg2 → Itgb1 → CD8	Masopust_054_C:A0312	0.5768663319627424	104.0	True	
fibroblast → Hspg2 → Itgb1 → CD8	Masopust_054_C:A0313	0.5768663319627424	104.0	True	
fibroblast → Hspg2 → Itgb1 → CD8	Masopust_054_D:A0311	0.5747018297982402	112.0	True	
fibroblast → Hspg2 → Itgb1 → CD8	Masopust_054_D:A0312	0.5747018297982402	108.0	True	
fibroblast → Hspg2 → Itgb1 → CD8	Masopust_054_D:A0313	0.5768663319627424	104.0	True	
neutrophil → Ccl25 → Ccr9 → CD4	Masopust_053_1a:A0310	0.5690723174959801	120.0	True	
neutrophil → Ccl25 → Ccr9 → CD4	Masopust_053_1a:A0311	0.5690723174959801	120.0	True	
neutrophil → Ccl25 → Ccr9 → CD4	Masopust_053_1b:A0310	0.5690723174959801	120.0	True	
neutrophil → Ccl25 → Ccr9 → CD4	Masopust_053_1b:A0311	0.573040571464234	118.0	True	
neutrophil → Ccl25 → Ccr9 → CD4	Masopust_053_2a:A0307	0.5690723174959801	121.0	True	
neutrophil → Ccl25 → Ccr9 → CD4	Masopust_053_2a:A0308	0.573040571464234	117.0	True	
neutrophil → Ccl25 → Ccr9 → CD4	Masopust_053_2a:A0310	0.5690723174959801	120.0	True	
neutrophil → Ccl25 → Ccr9 → CD4	Masopust_053_2a:A0312	0.573040571464234	116.0	True	
neutrophil → Ccl25 → Ccr9 → CD4	Masopust_053_2b:A0307	0.573040571464234	117.0	True	
neutrophil → Ccl25 → Ccr9 → CD4	Masopust_053_2b:A0310	0.5690723174959801	120.0	True	
neutrophil → Ccl25 → Ccr9 → CD4	Masopust_053_2b:A0312	0.5690723174959801	121.0	True	
neutrophil → Ccl25 → Ccr9 → CD4	Masopust_053_3a:A0310	0.5690723174959801	121.0	True	
neutrophil → Ccl25 → Ccr9 → CD4	Masopust_053_3a:A0311	0.5690723174959801	121.0	True	
neutrophil → Ccl25 → Ccr9 → CD4	Masopust_053_3b:A0310	0.5690723174959801	121.0	True	
neutrophil → Ccl25 → Ccr9 → CD4	Masopust_053_3b:A0311	0.573040571464234	116.0	True	
neutrophil → Ccl25 → Ccr9 → CD4	Masopust_053_6a:A0308	0.5690723174959801	120.0	True	
neutrophil → Ccl25 → Ccr9 → CD4	Masopust_053_6b:A0308	0.5690723174959801	120.0	True	
neutrophil → Ccl25 → Ccr9 → CD4	Masopust_054_A:A0312	0.5690723174959801	121.0	True	
neutrophil → Ccl25 → Ccr9 → CD4	Masopust_054_D:A0311	0.573040571464234	119.0	True	
fibroblast → Col6a2 → Itga1_Itgb1 → CD8	Masopust_053_1a:A0307	0.5632679494576806	131.0	True	
fibroblast → Col6a2 → Itga1_Itgb1 → CD8	Masopust_053_1a:A0309	0.5654324516221827	128.0	True	
fibroblast → Col6a2 → Itga1_Itgb1 → CD8	Masopust_053_1a:A0310	0.5632679494576806	128.0	True	
fibroblast → Col6a2 → Itga1_Itgb1 → CD8	Masopust_053_1a:A0311	0.5654324516221827	129.0	True	
fibroblast → Col6a2 → Itga1_Itgb1 → CD8	Masopust_053_1b:A0307	0.5654324516221827	127.0	True	
fibroblast → Col6a2 → Itga1_Itgb1 → CD8	Masopust_053_1b:A0310	0.5654324516221827	127.0	True	
fibroblast → Col6a2 → Itga1_Itgb1 → CD8	Masopust_053_1b:A0311	0.5632679494576806	131.0	True	
fibroblast → Col6a2 → Itga1_Itgb1 → CD8	Masopust_053_2a:A0307	0.5632679494576806	130.0	True	
fibroblast → Col6a2 → Itga1_Itgb1 → CD8	Masopust_053_2a:A0308	0.5632679494576806	129.0	True	
fibroblast → Col6a2 → Itga1_Itgb1 → CD8	Masopust_053_2a:A0309	0.5632679494576806	131.0	True	
fibroblast → Col6a2 → Itga1_Itgb1 → CD8	Masopust_053_2a:A0310	0.5632679494576806	130.0	True	
fibroblast → Col6a2 → Itga1_Itgb1 → CD8	Masopust_053_2a:A0312	0.5632679494576806	128.0	True	
fibroblast → Col6a2 → Itga1_Itgb1 → CD8	Masopust_053_2b:A0307	0.5632679494576806	130.0	True	
fibroblast → Col6a2 → Itga1_Itgb1 → CD8	Masopust_053_2b:A0308	0.5632679494576806	130.0	True	
fibroblast → Col6a2 → Itga1_Itgb1 → CD8	Masopust_053_2b:A0309	0.5632679494576806	131.0	True	
fibroblast → Col6a2 → Itga1_Itgb1 → CD8	Masopust_053_2b:A0310	0.5632679494576806	128.0	True	
fibroblast → Col6a2 → Itga1_Itgb1 → CD8	Masopust_053_2b:A0312	0.5632679494576806	128.0	True	
fibroblast → Col6a2 → Itga1_Itgb1 → CD8	Masopust_053_3a:A0307	0.5632679494576806	130.0	True	
fibroblast → Col6a2 → Itga1_Itgb1 → CD8	Masopust_053_3a:A0308	0.5632679494576806	130.0	True	
fibroblast → Col6a2 → Itga1_Itgb1 → CD8	Masopust_053_3a:A0310	0.5632679494576806	129.0	True	
fibroblast → Col6a2 → Itga1_Itgb1 → CD8	Masopust_053_3a:A0311	0.5654324516221827	127.0	True	
fibroblast → Col6a2 → Itga1_Itgb1 → CD8	Masopust_053_3b:A0307	0.5632679494576806	130.0	True	
fibroblast → Col6a2 → Itga1_Itgb1 → CD8	Masopust_053_3b:A0311	0.5654324516221827	128.0	True	
fibroblast → Col6a2 → Itga1_Itgb1 → CD8	Masopust_053_6a:A0308	0.5654324516221827	129.0	True	
fibroblast → Col6a2 → Itga1_Itgb1 → CD8	Masopust_053_6b:A0307	0.5654324516221827	127.0	True	
fibroblast → Col6a2 → Itga1_Itgb1 → CD8	Masopust_053_6b:A0308	0.5654324516221827	129.0	True	
fibroblast → Col6a2 → Itga1_Itgb1 → CD8	Masopust_054_A:A0312	0.5632679494576806	128.0	True	
fibroblast → Col6a2 → Itga1_Itgb1 → CD8	Masopust_054_B:A0311	0.5654324516221827	128.0	True	
fibroblast → Col6a2 → Itga1_Itgb1 → CD8	Masopust_054_C:A0311	0.5654324516221827	127.0	True	
fibroblast → Col6a2 → Itga1_Itgb1 → CD8	Masopust_054_C:A0312	0.5632679494576806	131.0	True	
fibroblast → Col6a2 → Itga1_Itgb1 → CD8	Masopust_054_C:A0313	0.5632679494576806	131.0	True	
fibroblast → Col6a2 → Itga1_Itgb1 → CD8	Masopust_054_D:A0311	0.5654324516221827	129.0	True	
fibroblast → Col6a2 → Itga1_Itgb1 → CD8	Masopust_054_D:A0312	0.5632679494576806	130.0	True	
fibroblast → Col6a2 → Itga1_Itgb1 → CD8	Masopust_054_D:A0313	0.5654324516221827	128.0	True	
neutrophil → Ccl25 → Adra2a → CD4	Masopust_053_1a:A0310	0.5671546213355019	122.0	True	
neutrophil → Ccl25 → Adra2a → CD4	Masopust_053_1a:A0311	0.5671546213355019	122.0	True	
neutrophil → Ccl25 → Adra2a → CD4	Masopust_053_1b:A0310	0.5671546213355019	122.0	True	
neutrophil → Ccl25 → Adra2a → CD4	Masopust_053_1b:A0311	0.5711228753037558	121.0	True	
neutrophil → Ccl25 → Adra2a → CD4	Masopust_053_2a:A0307	0.5671546213355019	122.0	True	
neutrophil → Ccl25 → Adra2a → CD4	Masopust_053_2a:A0308	0.5711228753037558	121.0	True	
neutrophil → Ccl25 → Adra2a → CD4	Masopust_053_2a:A0310	0.5671546213355019	122.0	True	
neutrophil → Ccl25 → Adra2a → CD4	Masopust_053_2a:A0312	0.5711228753037558	121.0	True	
neutrophil → Ccl25 → Adra2a → CD4	Masopust_053_2b:A0307	0.5711228753037558	121.0	True	
neutrophil → Ccl25 → Adra2a → CD4	Masopust_053_2b:A0310	0.5671546213355019	122.0	True	
neutrophil → Ccl25 → Adra2a → CD4	Masopust_053_2b:A0312	0.5671546213355019	122.0	True	
neutrophil → Ccl25 → Adra2a → CD4	Masopust_053_3a:A0310	0.5671546213355019	122.0	True	
neutrophil → Ccl25 → Adra2a → CD4	Masopust_053_3a:A0311	0.5671546213355019	122.0	True	
neutrophil → Ccl25 → Adra2a → CD4	Masopust_053_3b:A0310	0.5671546213355019	122.0	True	
neutrophil → Ccl25 → Adra2a → CD4	Masopust_053_3b:A0311	0.5711228753037558	121.0	True	
neutrophil → Ccl25 → Adra2a → CD4	Masopust_053_6a:A0308	0.5671546213355019	122.0	True	
neutrophil → Ccl25 → Adra2a → CD4	Masopust_053_6b:A0308	0.5671546213355019	122.0	True	
neutrophil → Ccl25 → Adra2a → CD4	Masopust_054_A:A0312	0.5671546213355019	122.0	True	
neutrophil → Ccl25 → Adra2a → CD4	Masopust_054_D:A0311	0.5711228753037558	121.0	True	
neutrophil → Ccl25 → Mtnr1a → CD4	Masopust_053_1a:A0310	0.5662907320043885	123.0	True	
neutrophil → Ccl25 → Mtnr1a → CD4	Masopust_053_1a:A0311	0.5662907320043885	125.0	True	
neutrophil → Ccl25 → Mtnr1a → CD4	Masopust_053_1b:A0310	0.5662907320043885	123.0	True	
neutrophil → Ccl25 → Mtnr1a → CD4	Masopust_053_1b:A0311	0.5702589859726425	122.0	True	
neutrophil → Ccl25 → Mtnr1a → CD4	Masopust_053_2a:A0307	0.5662907320043885	124.0	True	
neutrophil → Ccl25 → Mtnr1a → CD4	Masopust_053_2a:A0308	0.5702589859726425	122.0	True	
neutrophil → Ccl25 → Mtnr1a → CD4	Masopust_053_2a:A0310	0.5662907320043885	125.0	True	
neutrophil → Ccl25 → Mtnr1a → CD4	Masopust_053_2a:A0312	0.5702589859726425	122.0	True	
neutrophil → Ccl25 → Mtnr1a → CD4	Masopust_053_2b:A0307	0.5702589859726425	122.0	True	
neutrophil → Ccl25 → Mtnr1a → CD4	Masopust_053_2b:A0310	0.5662907320043885	123.0	True	
neutrophil → Ccl25 → Mtnr1a → CD4	Masopust_053_2b:A0312	0.5662907320043885	123.0	True	
neutrophil → Ccl25 → Mtnr1a → CD4	Masopust_053_3a:A0310	0.5662907320043885	123.0	True	
neutrophil → Ccl25 → Mtnr1a → CD4	Masopust_053_3a:A0311	0.5662907320043885	123.0	True	
neutrophil → Ccl25 → Mtnr1a → CD4	Masopust_053_3b:A0310	0.5662907320043885	123.0	True	
neutrophil → Ccl25 → Mtnr1a → CD4	Masopust_053_3b:A0311	0.5702589859726425	122.0	True	
neutrophil → Ccl25 → Mtnr1a → CD4	Masopust_053_6a:A0308	0.5662907320043885	125.0	True	
neutrophil → Ccl25 → Mtnr1a → CD4	Masopust_053_6b:A0308	0.5662907320043885	125.0	True	
neutrophil → Ccl25 → Mtnr1a → CD4	Masopust_054_A:A0312	0.5662907320043885	123.0	True	
neutrophil → Ccl25 → Mtnr1a → CD4	Masopust_054_D:A0311	0.5702589859726425	122.0	True	
neutrophil → Ccl25 → Ackr2 → CD4	Masopust_053_1a:A0310	0.5661554948287215	124.0	True	
neutrophil → Ccl25 → Ackr2 → CD4	Masopust_053_1a:A0311	0.5661554948287215	126.0	True	
neutrophil → Ccl25 → Ackr2 → CD4	Masopust_053_1b:A0310	0.5661554948287215	124.0	True	
neutrophil → Ccl25 → Ackr2 → CD4	Masopust_053_1b:A0311	0.5701237487969756	123.0	True	
neutrophil → Ccl25 → Ackr2 → CD4	Masopust_053_2a:A0307	0.5661554948287215	125.0	True	
neutrophil → Ccl25 → Ackr2 → CD4	Masopust_053_2a:A0308	0.5701237487969756	123.0	True	
neutrophil → Ccl25 → Ackr2 → CD4	Masopust_053_2a:A0310	0.5661554948287215	126.0	True	
neutrophil → Ccl25 → Ackr2 → CD4	Masopust_053_2a:A0312	0.5701237487969756	123.0	True	
neutrophil → Ccl25 → Ackr2 → CD4	Masopust_053_2b:A0307	0.5701237487969756	123.0	True	
neutrophil → Ccl25 → Ackr2 → CD4	Masopust_053_2b:A0310	0.5661554948287215	124.0	True	
neutrophil → Ccl25 → Ackr2 → CD4	Masopust_053_2b:A0312	0.5661554948287215	124.0	True	
neutrophil → Ccl25 → Ackr2 → CD4	Masopust_053_3a:A0310	0.5661554948287215	124.0	True	
neutrophil → Ccl25 → Ackr2 → CD4	Masopust_053_3a:A0311	0.5661554948287215	124.0	True	
neutrophil → Ccl25 → Ackr2 → CD4	Masopust_053_3b:A0310	0.5661554948287215	124.0	True	
neutrophil → Ccl25 → Ackr2 → CD4	Masopust_053_3b:A0311	0.5701237487969756	123.0	True	
neutrophil → Ccl25 → Ackr2 → CD4	Masopust_053_6a:A0308	0.5661554948287215	126.0	True	
neutrophil → Ccl25 → Ackr2 → CD4	Masopust_053_6b:A0308	0.5661554948287215	126.0	True	
neutrophil → Ccl25 → Ackr2 → CD4	Masopust_054_A:A0312	0.5661554948287215	124.0	True	
neutrophil → Ccl25 → Ackr2 → CD4	Masopust_054_D:A0311	0.5701237487969756	123.0	True	
neutrophil → Ccl25 → Grm7 → CD4	Masopust_053_1a:A0310	0.5661466656235065	125.0	True	
neutrophil → Ccl25 → Grm7 → CD4	Masopust_053_1a:A0311	0.5661466656235065	127.0	True	
neutrophil → Ccl25 → Grm7 → CD4	Masopust_053_1b:A0310	0.5661466656235065	125.0	True	
neutrophil → Ccl25 → Grm7 → CD4	Masopust_053_1b:A0311	0.5701149195917605	124.0	True	
neutrophil → Ccl25 → Grm7 → CD4	Masopust_053_2a:A0307	0.5661466656235065	126.0	True	
neutrophil → Ccl25 → Grm7 → CD4	Masopust_053_2a:A0308	0.5701149195917605	124.0	True	
neutrophil → Ccl25 → Grm7 → CD4	Masopust_053_2a:A0310	0.5661466656235065	127.0	True	
neutrophil → Ccl25 → Grm7 → CD4	Masopust_053_2a:A0312	0.5701149195917605	124.0	True	
neutrophil → Ccl25 → Grm7 → CD4	Masopust_053_2b:A0307	0.5701149195917605	124.0	True	
neutrophil → Ccl25 → Grm7 → CD4	Masopust_053_2b:A0310	0.5661466656235065	125.0	True	
neutrophil → Ccl25 → Grm7 → CD4	Masopust_053_2b:A0312	0.5661466656235065	125.0	True	
neutrophil → Ccl25 → Grm7 → CD4	Masopust_053_3a:A0310	0.5661466656235065	125.0	True	
neutrophil → Ccl25 → Grm7 → CD4	Masopust_053_3a:A0311	0.5661466656235065	125.0	True	
neutrophil → Ccl25 → Grm7 → CD4	Masopust_053_3b:A0310	0.5661466656235065	125.0	True	
neutrophil → Ccl25 → Grm7 → CD4	Masopust_053_3b:A0311	0.5701149195917605	124.0	True	
neutrophil → Ccl25 → Grm7 → CD4	Masopust_053_6a:A0308	0.5661466656235065	127.0	True	
neutrophil → Ccl25 → Grm7 → CD4	Masopust_053_6b:A0308	0.5661466656235065	127.0	True	
neutrophil → Ccl25 → Grm7 → CD4	Masopust_054_A:A0312	0.5661466656235065	125.0	True	
neutrophil → Ccl25 → Grm7 → CD4	Masopust_054_D:A0311	0.5701149195917605	124.0	True	
neutrophil → Ccl25 → Ackr4 → CD4	Masopust_053_1a:A0310	0.5658131388276492	126.0	True	
neutrophil → Ccl25 → Ackr4 → CD4	Masopust_053_1a:A0311	0.5658131388276492	128.0	True	
neutrophil → Ccl25 → Ackr4 → CD4	Masopust_053_1b:A0310	0.5658131388276492	126.0	True	
neutrophil → Ccl25 → Ackr4 → CD4	Masopust_053_1b:A0311	0.5697813927959031	125.0	True	
neutrophil → Ccl25 → Ackr4 → CD4	Masopust_053_2a:A0307	0.5658131388276492	127.0	True	
neutrophil → Ccl25 → Ackr4 → CD4	Masopust_053_2a:A0308	0.5697813927959031	125.0	True	
neutrophil → Ccl25 → Ackr4 → CD4	Masopust_053_2a:A0310	0.5658131388276492	128.0	True	
neutrophil → Ccl25 → Ackr4 → CD4	Masopust_053_2a:A0312	0.5697813927959031	125.0	True	
neutrophil → Ccl25 → Ackr4 → CD4	Masopust_053_2b:A0307	0.5697813927959031	125.0	True	
neutrophil → Ccl25 → Ackr4 → CD4	Masopust_053_2b:A0310	0.5658131388276492	126.0	True	
neutrophil → Ccl25 → Ackr4 → CD4	Masopust_053_2b:A0312	0.5658131388276492	126.0	True	
neutrophil → Ccl25 → Ackr4 → CD4	Masopust_053_3a:A0310	0.5658131388276492	126.0	True	
neutrophil → Ccl25 → Ackr4 → CD4	Masopust_053_3a:A0311	0.5658131388276492	126.0	True	
neutrophil → Ccl25 → Ackr4 → CD4	Masopust_053_3b:A0310	0.5658131388276492	126.0	True	
neutrophil → Ccl25 → Ackr4 → CD4	Masopust_053_3b:A0311	0.5697813927959031	125.0	True	
neutrophil → Ccl25 → Ackr4 → CD4	Masopust_053_6a:A0308	0.5658131388276492	128.0	True	
neutrophil → Ccl25 → Ackr4 → CD4	Masopust_053_6b:A0308	0.5658131388276492	128.0	True	
neutrophil → Ccl25 → Ackr4 → CD4	Masopust_054_A:A0312	0.5658131388276492	126.0	True	
neutrophil → Ccl25 → Ackr4 → CD4	Masopust_054_D:A0311	0.5697813927959031	125.0	True	
fibroblast → Col6a2 → Cd44 → CD8	Masopust_053_1a:A0307	0.5614840191023216	134.0	True	
fibroblast → Col6a2 → Cd44 → CD8	Masopust_053_1a:A0309	0.5636485212668237	131.0	True	
fibroblast → Col6a2 → Cd44 → CD8	Masopust_053_1a:A0310	0.5614840191023216	134.0	True	
fibroblast → Col6a2 → Cd44 → CD8	Masopust_053_1a:A0311	0.5636485212668237	132.0	True	
fibroblast → Col6a2 → Cd44 → CD8	Masopust_053_1b:A0307	0.5636485212668237	131.0	True	
fibroblast → Col6a2 → Cd44 → CD8	Masopust_053_1b:A0310	0.5636485212668237	130.0	True	
fibroblast → Col6a2 → Cd44 → CD8	Masopust_053_1b:A0311	0.5614840191023216	133.0	True	
fibroblast → Col6a2 → Cd44 → CD8	Masopust_053_2a:A0307	0.5614840191023216	136.0	True	
fibroblast → Col6a2 → Cd44 → CD8	Masopust_053_2a:A0308	0.5614840191023216	136.0	True	
fibroblast → Col6a2 → Cd44 → CD8	Masopust_053_2a:A0309	0.5614840191023216	135.0	True	
fibroblast → Col6a2 → Cd44 → CD8	Masopust_053_2a:A0310	0.5614840191023216	134.0	True	
fibroblast → Col6a2 → Cd44 → CD8	Masopust_053_2a:A0312	0.5614840191023216	133.0	True	
fibroblast → Col6a2 → Cd44 → CD8	Masopust_053_2b:A0307	0.5614840191023216	133.0	True	
fibroblast → Col6a2 → Cd44 → CD8	Masopust_053_2b:A0308	0.5614840191023216	136.0	True	
fibroblast → Col6a2 → Cd44 → CD8	Masopust_053_2b:A0309	0.5614840191023216	133.0	True	
fibroblast → Col6a2 → Cd44 → CD8	Masopust_053_2b:A0310	0.5614840191023216	133.0	True	
fibroblast → Col6a2 → Cd44 → CD8	Masopust_053_2b:A0312	0.5614840191023216	136.0	True	
fibroblast → Col6a2 → Cd44 → CD8	Masopust_053_3a:A0307	0.5614840191023216	134.0	True	
fibroblast → Col6a2 → Cd44 → CD8	Masopust_053_3a:A0308	0.5614840191023216	136.0	True	
fibroblast → Col6a2 → Cd44 → CD8	Masopust_053_3a:A0310	0.5614840191023216	136.0	True	
fibroblast → Col6a2 → Cd44 → CD8	Masopust_053_3a:A0311	0.5636485212668237	129.0	True	
fibroblast → Col6a2 → Cd44 → CD8	Masopust_053_3b:A0307	0.5614840191023216	133.0	True	
fibroblast → Col6a2 → Cd44 → CD8	Masopust_053_3b:A0311	0.5636485212668237	130.0	True	
fibroblast → Col6a2 → Cd44 → CD8	Masopust_053_6a:A0308	0.5636485212668237	131.0	True	
fibroblast → Col6a2 → Cd44 → CD8	Masopust_053_6b:A0307	0.5636485212668237	131.0	True	
fibroblast → Col6a2 → Cd44 → CD8	Masopust_053_6b:A0308	0.5636485212668237	131.0	True	
fibroblast → Col6a2 → Cd44 → CD8	Masopust_054_A:A0312	0.5614840191023216	134.0	True	
fibroblast → Col6a2 → Cd44 → CD8	Masopust_054_B:A0311	0.5636485212668237	131.0	True	
fibroblast → Col6a2 → Cd44 → CD8	Masopust_054_C:A0311	0.5636485212668237	131.0	True	
fibroblast → Col6a2 → Cd44 → CD8	Masopust_054_C:A0312	0.5614840191023216	135.0	True	
fibroblast → Col6a2 → Cd44 → CD8	Masopust_054_C:A0313	0.5614840191023216	135.0	True	
fibroblast → Col6a2 → Cd44 → CD8	Masopust_054_D:A0311	0.5636485212668237	132.0	True	
fibroblast → Col6a2 → Cd44 → CD8	Masopust_054_D:A0312	0.5614840191023216	134.0	True	
fibroblast → Col6a2 → Cd44 → CD8	Masopust_054_D:A0313	0.5636485212668237	132.0	True	
fibroblast → Hspg2 → Itga2 → CD8	Masopust_053_1a:A0307	0.5649160827699587	127.0	True	
fibroblast → Hspg2 → Itga2 → CD8	Masopust_053_1a:A0309	0.5670805849344609	126.0	True	
fibroblast → Hspg2 → Itga2 → CD8	Masopust_053_1a:A0310	0.5649160827699587	127.0	True	
fibroblast → Hspg2 → Itga2 → CD8	Masopust_053_1a:A0311	0.5649160827699587	130.0	True	
fibroblast → Hspg2 → Itga2 → CD8	Masopust_053_1b:A0307	0.5649160827699587	128.0	True	
fibroblast → Hspg2 → Itga2 → CD8	Masopust_053_1b:A0310	0.5649160827699587	128.0	True	
fibroblast → Hspg2 → Itga2 → CD8	Masopust_053_1b:A0311	0.5670805849344609	128.0	True	
fibroblast → Hspg2 → Itga2 → CD8	Masopust_053_2a:A0307	0.5670805849344609	123.0	True	
fibroblast → Hspg2 → Itga2 → CD8	Masopust_053_2a:A0308	0.5649160827699587	127.0	True	
fibroblast → Hspg2 → Itga2 → CD8	Masopust_053_2a:A0309	0.5670805849344609	126.0	True	
fibroblast → Hspg2 → Itga2 → CD8	Masopust_053_2a:A0310	0.5649160827699587	129.0	True	
fibroblast → Hspg2 → Itga2 → CD8	Masopust_053_2a:A0312	0.5649160827699587	127.0	True	
fibroblast → Hspg2 → Itga2 → CD8	Masopust_053_2b:A0307	0.5670805849344609	127.0	True	
fibroblast → Hspg2 → Itga2 → CD8	Masopust_053_2b:A0308	0.5649160827699587	127.0	True	
fibroblast → Hspg2 → Itga2 → CD8	Masopust_053_2b:A0309	0.5670805849344609	126.0	True	
fibroblast → Hspg2 → Itga2 → CD8	Masopust_053_2b:A0310	0.5649160827699587	127.0	True	
fibroblast → Hspg2 → Itga2 → CD8	Masopust_053_2b:A0312	0.5649160827699587	127.0	True	
fibroblast → Hspg2 → Itga2 → CD8	Masopust_053_3a:A0307	0.5649160827699587	127.0	True	
fibroblast → Hspg2 → Itga2 → CD8	Masopust_053_3a:A0308	0.5649160827699587	127.0	True	
fibroblast → Hspg2 → Itga2 → CD8	Masopust_053_3a:A0310	0.5649160827699587	127.0	True	
fibroblast → Hspg2 → Itga2 → CD8	Masopust_053_3a:A0311	0.5649160827699587	128.0	True	
fibroblast → Hspg2 → Itga2 → CD8	Masopust_053_3b:A0307	0.5649160827699587	127.0	True	
fibroblast → Hspg2 → Itga2 → CD8	Masopust_053_3b:A0311	0.5670805849344609	127.0	True	
fibroblast → Hspg2 → Itga2 → CD8	Masopust_053_6a:A0308	0.5649160827699587	130.0	True	
fibroblast → Hspg2 → Itga2 → CD8	Masopust_053_6b:A0307	0.5649160827699587	128.0	True	
fibroblast → Hspg2 → Itga2 → CD8	Masopust_053_6b:A0308	0.5649160827699587	130.0	True	
fibroblast → Hspg2 → Itga2 → CD8	Masopust_054_A:A0312	0.5649160827699587	127.0	True	
fibroblast → Hspg2 → Itga2 → CD8	Masopust_054_B:A0311	0.5670805849344609	126.0	True	
fibroblast → Hspg2 → Itga2 → CD8	Masopust_054_C:A0311	0.5649160827699587	128.0	True	
fibroblast → Hspg2 → Itga2 → CD8	Masopust_054_C:A0312	0.5670805849344609	126.0	True	
fibroblast → Hspg2 → Itga2 → CD8	Masopust_054_C:A0313	0.5670805849344609	126.0	True	
fibroblast → Hspg2 → Itga2 → CD8	Masopust_054_D:A0311	0.5649160827699587	130.0	True	
fibroblast → Hspg2 → Itga2 → CD8	Masopust_054_D:A0312	0.5649160827699587	127.0	True	
fibroblast → Hspg2 → Itga2 → CD8	Masopust_054_D:A0313	0.5670805849344609	126.0	True	
neutrophil → Ang → Plxnb2 → CD8	Masopust_053_1a:A0310	0.5631613648597215	129.0	True	
neutrophil → Ang → Plxnb2 → CD8	Masopust_053_1a:A0311	0.5671296188279754	123.0	True	
neutrophil → Ang → Plxnb2 → CD8	Masopust_053_1b:A0310	0.5631613648597215	132.0	True	
neutrophil → Ang → Plxnb2 → CD8	Masopust_053_1b:A0311	0.5671296188279754	127.0	True	
neutrophil → Ang → Plxnb2 → CD8	Masopust_053_2a:A0307	0.5631613648597215	131.0	True	
neutrophil → Ang → Plxnb2 → CD8	Masopust_053_2a:A0308	0.5631613648597215	130.0	True	
neutrophil → Ang → Plxnb2 → CD8	Masopust_053_2a:A0310	0.5671296188279754	123.0	True	
neutrophil → Ang → Plxnb2 → CD8	Masopust_053_2a:A0312	0.5631613648597215	129.0	True	
neutrophil → Ang → Plxnb2 → CD8	Masopust_053_2b:A0307	0.5631613648597215	131.0	True	
neutrophil → Ang → Plxnb2 → CD8	Masopust_053_2b:A0310	0.5631613648597215	129.0	True	
neutrophil → Ang → Plxnb2 → CD8	Masopust_053_2b:A0312	0.5631613648597215	129.0	True	
neutrophil → Ang → Plxnb2 → CD8	Masopust_053_3a:A0310	0.5631613648597215	130.0	True	
neutrophil → Ang → Plxnb2 → CD8	Masopust_053_3a:A0311	0.5631613648597215	131.0	True	
neutrophil → Ang → Plxnb2 → CD8	Masopust_053_3b:A0310	0.5631613648597215	129.0	True	
neutrophil → Ang → Plxnb2 → CD8	Masopust_053_3b:A0311	0.5631613648597215	131.0	True	
neutrophil → Ang → Plxnb2 → CD8	Masopust_053_6a:A0308	0.5671296188279754	123.0	True	
neutrophil → Ang → Plxnb2 → CD8	Masopust_053_6b:A0308	0.5671296188279754	123.0	True	
neutrophil → Ang → Plxnb2 → CD8	Masopust_054_A:A0312	0.5631613648597215	129.0	True	
neutrophil → Ang → Plxnb2 → CD8	Masopust_054_D:A0311	0.5671296188279754	127.0	True	
neutrophil → Ang → Egfr → CD8	Masopust_053_1a:A0310	0.5627690442049782	131.0	True	
neutrophil → Ang → Egfr → CD8	Masopust_053_1a:A0311	0.5667372981732322	124.0	True	
neutrophil → Ang → Egfr → CD8	Masopust_053_1b:A0310	0.5627690442049782	133.0	True	
neutrophil → Ang → Egfr → CD8	Masopust_053_1b:A0311	0.5667372981732322	129.0	True	
neutrophil → Ang → Egfr → CD8	Masopust_053_2a:A0307	0.5627690442049782	132.0	True	
neutrophil → Ang → Egfr → CD8	Masopust_053_2a:A0308	0.5627690442049782	132.0	True	
neutrophil → Ang → Egfr → CD8	Masopust_053_2a:A0310	0.5667372981732322	124.0	True	
neutrophil → Ang → Egfr → CD8	Masopust_053_2a:A0312	0.5627690442049782	131.0	True	
neutrophil → Ang → Egfr → CD8	Masopust_053_2b:A0307	0.5627690442049782	132.0	True	
neutrophil → Ang → Egfr → CD8	Masopust_053_2b:A0310	0.5627690442049782	131.0	True	
neutrophil → Ang → Egfr → CD8	Masopust_053_2b:A0312	0.5627690442049782	131.0	True	
neutrophil → Ang → Egfr → CD8	Masopust_053_3a:A0310	0.5627690442049782	132.0	True	
neutrophil → Ang → Egfr → CD8	Masopust_053_3a:A0311	0.5627690442049782	133.0	True	
neutrophil → Ang → Egfr → CD8	Masopust_053_3b:A0310	0.5627690442049782	131.0	True	
neutrophil → Ang → Egfr → CD8	Masopust_053_3b:A0311	0.5627690442049782	132.0	True	
neutrophil → Ang → Egfr → CD8	Masopust_053_6a:A0308	0.5667372981732322	124.0	True	
neutrophil → Ang → Egfr → CD8	Masopust_053_6b:A0308	0.5667372981732322	124.0	True	
neutrophil → Ang → Egfr → CD8	Masopust_054_A:A0312	0.5627690442049782	131.0	True	
neutrophil → Ang → Egfr → CD8	Masopust_054_D:A0311	0.5667372981732322	128.0	True	
neutrophil → Vegfa → Itgb3 → CD8	Masopust_053_1a:A0310	0.5547037250526923	144.0	True	
neutrophil → Vegfa → Itgb3 → CD8	Masopust_053_1a:A0311	0.5547037250526923	144.0	True	
neutrophil → Vegfa → Itgb3 → CD8	Masopust_053_1b:A0310	0.5547037250526923	145.0	True	
neutrophil → Vegfa → Itgb3 → CD8	Masopust_053_1b:A0311	0.5547037250526923	143.0	True	
neutrophil → Vegfa → Itgb3 → CD8	Masopust_053_2a:A0307	0.5507354710844383	162.0	True	
neutrophil → Vegfa → Itgb3 → CD8	Masopust_053_2a:A0308	0.5547037250526923	144.0	True	
neutrophil → Vegfa → Itgb3 → CD8	Masopust_053_2a:A0310	0.5507354710844383	164.0	True	
neutrophil → Vegfa → Itgb3 → CD8	Masopust_053_2a:A0312	0.5507354710844383	164.0	True	
neutrophil → Vegfa → Itgb3 → CD8	Masopust_053_2b:A0307	0.5507354710844383	164.0	True	
neutrophil → Vegfa → Itgb3 → CD8	Masopust_053_2b:A0310	0.5507354710844383	160.0	True	
neutrophil → Vegfa → Itgb3 → CD8	Masopust_053_2b:A0312	0.5507354710844383	158.0	True	
neutrophil → Vegfa → Itgb3 → CD8	Masopust_053_3a:A0310	0.5507354710844383	158.0	True	
neutrophil → Vegfa → Itgb3 → CD8	Masopust_053_3a:A0311	0.5507354710844383	156.0	True	
neutrophil → Vegfa → Itgb3 → CD8	Masopust_053_3b:A0310	0.5507354710844383	158.0	True	
neutrophil → Vegfa → Itgb3 → CD8	Masopust_053_3b:A0311	0.5507354710844383	166.0	True	
neutrophil → Vegfa → Itgb3 → CD8	Masopust_053_6a:A0308	0.5547037250526923	144.0	True	
neutrophil → Vegfa → Itgb3 → CD8	Masopust_053_6b:A0308	0.5547037250526923	144.0	True	
neutrophil → Vegfa → Itgb3 → CD8	Masopust_054_A:A0312	0.5507354710844383	158.0	True	
neutrophil → Vegfa → Itgb3 → CD8	Masopust_054_D:A0311	0.5547037250526923	144.0	True	
neutrophil → Vegfa → Itgb3 → CD4	Masopust_053_1a:A0310	0.5502416495798659	164.0	True	
neutrophil → Vegfa → Itgb3 → CD4	Masopust_053_1a:A0311	0.5502416495798659	161.0	True	
neutrophil → Vegfa → Itgb3 → CD4	Masopust_053_1b:A0310	0.5502416495798659	166.0	True	
neutrophil → Vegfa → Itgb3 → CD4	Masopust_053_1b:A0311	0.5542099035481198	145.0	True	
neutrophil → Vegfa → Itgb3 → CD4	Masopust_053_2a:A0307	0.5542099035481198	145.0	True	
neutrophil → Vegfa → Itgb3 → CD4	Masopust_053_2a:A0308	0.5542099035481198	145.0	True	
neutrophil → Vegfa → Itgb3 → CD4	Masopust_053_2a:A0310	0.5542099035481198	144.0	True	
neutrophil → Vegfa → Itgb3 → CD4	Masopust_053_2a:A0312	0.5542099035481198	145.0	True	
neutrophil → Vegfa → Itgb3 → CD4	Masopust_053_2b:A0307	0.5542099035481198	144.0	True	
neutrophil → Vegfa → Itgb3 → CD4	Masopust_053_2b:A0310	0.5502416495798659	162.0	True	
neutrophil → Vegfa → Itgb3 → CD4	Masopust_053_2b:A0312	0.5502416495798659	159.0	True	
neutrophil → Vegfa → Itgb3 → CD4	Masopust_053_3a:A0310	0.5502416495798659	159.0	True	
neutrophil → Vegfa → Itgb3 → CD4	Masopust_053_3a:A0311	0.5502416495798659	157.0	True	
neutrophil → Vegfa → Itgb3 → CD4	Masopust_053_3b:A0310	0.5502416495798659	159.0	True	
neutrophil → Vegfa → Itgb3 → CD4	Masopust_053_3b:A0311	0.5542099035481198	146.0	True	
neutrophil → Vegfa → Itgb3 → CD4	Masopust_053_6a:A0308	0.5502416495798659	161.0	True	
neutrophil → Vegfa → Itgb3 → CD4	Masopust_053_6b:A0308	0.5502416495798659	161.0	True	
neutrophil → Vegfa → Itgb3 → CD4	Masopust_054_A:A0312	0.5502416495798659	159.0	True	
neutrophil → Vegfa → Itgb3 → CD4	Masopust_054_D:A0311	0.5542099035481198	146.0	True	
neutrophil → Vegfa → Itgb1 → CD4	Masopust_053_1a:A0310	0.5498848635087941	166.0	True	
neutrophil → Vegfa → Itgb1 → CD4	Masopust_053_1a:A0311	0.5498848635087941	163.0	True	
neutrophil → Vegfa → Itgb1 → CD4	Masopust_053_1b:A0310	0.5498848635087941	168.0	True	
neutrophil → Vegfa → Itgb1 → CD4	Masopust_053_1b:A0311	0.553853117477048	146.0	True	
neutrophil → Vegfa → Itgb1 → CD4	Masopust_053_2a:A0307	0.553853117477048	147.0	True	
neutrophil → Vegfa → Itgb1 → CD4	Masopust_053_2a:A0308	0.553853117477048	147.0	True	
neutrophil → Vegfa → Itgb1 → CD4	Masopust_053_2a:A0310	0.553853117477048	146.0	True	
neutrophil → Vegfa → Itgb1 → CD4	Masopust_053_2a:A0312	0.553853117477048	147.0	True	
neutrophil → Vegfa → Itgb1 → CD4	Masopust_053_2b:A0307	0.553853117477048	146.0	True	
neutrophil → Vegfa → Itgb1 → CD4	Masopust_053_2b:A0310	0.5498848635087941	164.0	True	
neutrophil → Vegfa → Itgb1 → CD4	Masopust_053_2b:A0312	0.5498848635087941	161.0	True	
neutrophil → Vegfa → Itgb1 → CD4	Masopust_053_3a:A0310	0.5498848635087941	161.0	True	
neutrophil → Vegfa → Itgb1 → CD4	Masopust_053_3a:A0311	0.5498848635087941	159.0	True	
neutrophil → Vegfa → Itgb1 → CD4	Masopust_053_3b:A0310	0.5498848635087941	161.0	True	
neutrophil → Vegfa → Itgb1 → CD4	Masopust_053_3b:A0311	0.553853117477048	148.0	True	
neutrophil → Vegfa → Itgb1 → CD4	Masopust_053_6a:A0308	0.5498848635087941	163.0	True	
neutrophil → Vegfa → Itgb1 → CD4	Masopust_053_6b:A0308	0.5498848635087941	163.0	True	
neutrophil → Vegfa → Itgb1 → CD4	Masopust_054_A:A0312	0.5498848635087941	161.0	True	
neutrophil → Vegfa → Itgb1 → CD4	Masopust_054_D:A0311	0.553853117477048	148.0	True	
fibroblast → Hspg2 → Itgb1 → CD4	Masopust_053_1a:A0307	0.550873937968816	158.0	True	
fibroblast → Hspg2 → Itgb1 → CD4	Masopust_053_1a:A0309	0.550873937968816	159.0	True	
fibroblast → Hspg2 → Itgb1 → CD4	Masopust_053_1a:A0310	0.550873937968816	161.0	True	
fibroblast → Hspg2 → Itgb1 → CD4	Masopust_053_1a:A0311	0.550873937968816	160.0	True	
fibroblast → Hspg2 → Itgb1 → CD4	Masopust_053_1b:A0307	0.5530384401333183	151.0	True	
fibroblast → Hspg2 → Itgb1 → CD4	Masopust_053_1b:A0310	0.550873937968816	163.0	True	
fibroblast → Hspg2 → Itgb1 → CD4	Masopust_053_1b:A0311	0.550873937968816	166.0	True	
fibroblast → Hspg2 → Itgb1 → CD4	Masopust_053_2a:A0307	0.5530384401333183	150.0	True	
fibroblast → Hspg2 → Itgb1 → CD4	Masopust_053_2a:A0308	0.5530384401333183	152.0	True	
fibroblast → Hspg2 → Itgb1 → CD4	Masopust_053_2a:A0309	0.550873937968816	159.0	True	
fibroblast → Hspg2 → Itgb1 → CD4	Masopust_053_2a:A0310	0.550873937968816	162.0	True	
fibroblast → Hspg2 → Itgb1 → CD4	Masopust_053_2a:A0312	0.550873937968816	162.0	True	
fibroblast → Hspg2 → Itgb1 → CD4	Masopust_053_2b:A0307	0.550873937968816	162.0	True	
fibroblast → Hspg2 → Itgb1 → CD4	Masopust_053_2b:A0308	0.5530384401333183	146.0	True	
fibroblast → Hspg2 → Itgb1 → CD4	Masopust_053_2b:A0309	0.550873937968816	158.0	True	
fibroblast → Hspg2 → Itgb1 → CD4	Masopust_053_2b:A0310	0.5530384401333183	146.0	True	
fibroblast → Hspg2 → Itgb1 → CD4	Masopust_053_2b:A0312	0.5530384401333183	147.0	True	
fibroblast → Hspg2 → Itgb1 → CD4	Masopust_053_3a:A0307	0.5530384401333183	146.0	True	
fibroblast → Hspg2 → Itgb1 → CD4	Masopust_053_3a:A0308	0.5530384401333183	147.0	True	
fibroblast → Hspg2 → Itgb1 → CD4	Masopust_053_3a:A0310	0.5530384401333183	145.0	True	
fibroblast → Hspg2 → Itgb1 → CD4	Masopust_053_3a:A0311	0.5530384401333183	146.0	True	
fibroblast → Hspg2 → Itgb1 → CD4	Masopust_053_3b:A0307	0.550873937968816	160.0	True	
fibroblast → Hspg2 → Itgb1 → CD4	Masopust_053_3b:A0311	0.550873937968816	164.0	True	
fibroblast → Hspg2 → Itgb1 → CD4	Masopust_053_6a:A0308	0.550873937968816	159.0	True	
fibroblast → Hspg2 → Itgb1 → CD4	Masopust_053_6b:A0307	0.550873937968816	159.0	True	
fibroblast → Hspg2 → Itgb1 → CD4	Masopust_053_6b:A0308	0.550873937968816	159.0	True	
fibroblast → Hspg2 → Itgb1 → CD4	Masopust_054_A:A0312	0.5530384401333183	147.0	True	
fibroblast → Hspg2 → Itgb1 → CD4	Masopust_054_B:A0311	0.5530384401333183	146.0	True	
fibroblast → Hspg2 → Itgb1 → CD4	Masopust_054_C:A0311	0.5530384401333183	147.0	True	
fibroblast → Hspg2 → Itgb1 → CD4	Masopust_054_C:A0312	0.550873937968816	159.0	True	
fibroblast → Hspg2 → Itgb1 → CD4	Masopust_054_C:A0313	0.5530384401333183	146.0	True	
fibroblast → Hspg2 → Itgb1 → CD4	Masopust_054_D:A0311	0.550873937968816	167.0	True	
fibroblast → Hspg2 → Itgb1 → CD4	Masopust_054_D:A0312	0.550873937968816	160.0	True	
fibroblast → Hspg2 → Itgb1 → CD4	Masopust_054_D:A0313	0.550873937968816	160.0	True	
neutrophil → Vegfa → Itgb1 → CD8	Masopust_053_1a:A0310	0.5532765807684051	148.0	True	
neutrophil → Vegfa → Itgb1 → CD8	Masopust_053_1a:A0311	0.5532765807684051	149.0	True	
neutrophil → Vegfa → Itgb1 → CD8	Masopust_053_1b:A0310	0.5532765807684051	151.0	True	
neutrophil → Vegfa → Itgb1 → CD8	Masopust_053_1b:A0311	0.5532765807684051	149.0	True	
neutrophil → Vegfa → Itgb1 → CD8	Masopust_053_2a:A0307	0.5493083268001512	165.0	True	
neutrophil → Vegfa → Itgb1 → CD8	Masopust_053_2a:A0308	0.5532765807684051	151.0	True	
neutrophil → Vegfa → Itgb1 → CD8	Masopust_053_2a:A0310	0.5493083268001512	167.0	True	
neutrophil → Vegfa → Itgb1 → CD8	Masopust_053_2a:A0312	0.5493083268001512	168.0	True	
neutrophil → Vegfa → Itgb1 → CD8	Masopust_053_2b:A0307	0.5493083268001512	167.0	True	
neutrophil → Vegfa → Itgb1 → CD8	Masopust_053_2b:A0310	0.5493083268001512	165.0	True	
neutrophil → Vegfa → Itgb1 → CD8	Masopust_053_2b:A0312	0.5493083268001512	163.0	True	
neutrophil → Vegfa → Itgb1 → CD8	Masopust_053_3a:A0310	0.5493083268001512	163.0	True	
neutrophil → Vegfa → Itgb1 → CD8	Masopust_053_3a:A0311	0.5493083268001512	161.0	True	
neutrophil → Vegfa → Itgb1 → CD8	Masopust_053_3b:A0310	0.5493083268001512	163.0	True	
neutrophil → Vegfa → Itgb1 → CD8	Masopust_053_3b:A0311	0.5493083268001512	169.0	True	
neutrophil → Vegfa → Itgb1 → CD8	Masopust_053_6a:A0308	0.5532765807684051	149.0	True	
neutrophil → Vegfa → Itgb1 → CD8	Masopust_053_6b:A0308	0.5532765807684051	149.0	True	
neutrophil → Vegfa → Itgb1 → CD8	Masopust_054_A:A0312	0.5493083268001512	163.0	True	
neutrophil → Vegfa → Itgb1 → CD8	Masopust_054_D:A0311	0.5532765807684051	149.0	True	
fibroblast → Col6a2 → Itga2_Itgb1 → CD8	Masopust_053_1a:A0307	0.5528742056893037	147.0	True	
fibroblast → Col6a2 → Itga2_Itgb1 → CD8	Masopust_053_1a:A0309	0.5550387078538058	143.0	True	
fibroblast → Col6a2 → Itga2_Itgb1 → CD8	Masopust_053_1a:A0310	0.5528742056893037	150.0	True	
fibroblast → Col6a2 → Itga2_Itgb1 → CD8	Masopust_053_1a:A0311	0.5550387078538058	143.0	True	
fibroblast → Col6a2 → Itga2_Itgb1 → CD8	Masopust_053_1b:A0307	0.5550387078538058	143.0	True	
fibroblast → Col6a2 → Itga2_Itgb1 → CD8	Masopust_053_1b:A0310	0.5550387078538058	144.0	True	
fibroblast → Col6a2 → Itga2_Itgb1 → CD8	Masopust_053_1b:A0311	0.5528742056893037	153.0	True	
fibroblast → Col6a2 → Itga2_Itgb1 → CD8	Masopust_053_2a:A0307	0.5528742056893037	153.0	True	
fibroblast → Col6a2 → Itga2_Itgb1 → CD8	Masopust_053_2a:A0308	0.5528742056893037	156.0	True	
fibroblast → Col6a2 → Itga2_Itgb1 → CD8	Masopust_053_2a:A0309	0.5528742056893037	147.0	True	
fibroblast → Col6a2 → Itga2_Itgb1 → CD8	Masopust_053_2a:A0310	0.5528742056893037	151.0	True	
fibroblast → Col6a2 → Itga2_Itgb1 → CD8	Masopust_053_2a:A0312	0.5528742056893037	153.0	True	
fibroblast → Col6a2 → Itga2_Itgb1 → CD8	Masopust_053_2b:A0307	0.5528742056893037	153.0	True	
fibroblast → Col6a2 → Itga2_Itgb1 → CD8	Masopust_053_2b:A0308	0.5528742056893037	148.0	True	
fibroblast → Col6a2 → Itga2_Itgb1 → CD8	Masopust_053_2b:A0309	0.5528742056893037	149.0	True	
fibroblast → Col6a2 → Itga2_Itgb1 → CD8	Masopust_053_2b:A0310	0.5528742056893037	150.0	True	
fibroblast → Col6a2 → Itga2_Itgb1 → CD8	Masopust_053_2b:A0312	0.5528742056893037	150.0	True	
fibroblast → Col6a2 → Itga2_Itgb1 → CD8	Masopust_053_3a:A0307	0.5528742056893037	148.0	True	
fibroblast → Col6a2 → Itga2_Itgb1 → CD8	Masopust_053_3a:A0308	0.5528742056893037	150.0	True	
fibroblast → Col6a2 → Itga2_Itgb1 → CD8	Masopust_053_3a:A0310	0.5528742056893037	148.0	True	
fibroblast → Col6a2 → Itga2_Itgb1 → CD8	Masopust_053_3a:A0311	0.5550387078538058	142.0	True	
fibroblast → Col6a2 → Itga2_Itgb1 → CD8	Masopust_053_3b:A0307	0.5528742056893037	149.0	True	
fibroblast → Col6a2 → Itga2_Itgb1 → CD8	Masopust_053_3b:A0311	0.5550387078538058	144.0	True	
fibroblast → Col6a2 → Itga2_Itgb1 → CD8	Masopust_053_6a:A0308	0.5550387078538058	142.0	True	
fibroblast → Col6a2 → Itga2_Itgb1 → CD8	Masopust_053_6b:A0307	0.5550387078538058	144.0	True	
fibroblast → Col6a2 → Itga2_Itgb1 → CD8	Masopust_053_6b:A0308	0.5550387078538058	142.0	True	
fibroblast → Col6a2 → Itga2_Itgb1 → CD8	Masopust_054_A:A0312	0.5528742056893037	150.0	True	
fibroblast → Col6a2 → Itga2_Itgb1 → CD8	Masopust_054_B:A0311	0.5550387078538058	142.0	True	
fibroblast → Col6a2 → Itga2_Itgb1 → CD8	Masopust_054_C:A0311	0.5550387078538058	142.0	True	
fibroblast → Col6a2 → Itga2_Itgb1 → CD8	Masopust_054_C:A0312	0.5528742056893037	146.0	True	
fibroblast → Col6a2 → Itga2_Itgb1 → CD8	Masopust_054_C:A0313	0.5528742056893037	147.0	True	
fibroblast → Col6a2 → Itga2_Itgb1 → CD8	Masopust_054_D:A0311	0.5550387078538058	142.0	True	
fibroblast → Col6a2 → Itga2_Itgb1 → CD8	Masopust_054_D:A0312	0.5528742056893037	149.0	True	
fibroblast → Col6a2 → Itga2_Itgb1 → CD8	Masopust_054_D:A0313	0.5550387078538058	143.0	True	
neutrophil → Pdcd1lg2 → Pdcd1 → CD8	Masopust_053_1a:A0310	0.5489809272375966	168.0	True	
neutrophil → Pdcd1lg2 → Pdcd1 → CD8	Masopust_053_1a:A0311	0.5489809272375966	167.0	True	
neutrophil → Pdcd1lg2 → Pdcd1 → CD8	Masopust_053_1b:A0310	0.5529491812058506	152.0	True	
neutrophil → Pdcd1lg2 → Pdcd1 → CD8	Masopust_053_1b:A0311	0.5489809272375966	171.0	True	
neutrophil → Pdcd1lg2 → Pdcd1 → CD8	Masopust_053_2a:A0307	0.5489809272375966	168.0	True	
neutrophil → Pdcd1lg2 → Pdcd1 → CD8	Masopust_053_2a:A0308	0.5489809272375966	171.0	True	
neutrophil → Pdcd1lg2 → Pdcd1 → CD8	Masopust_053_2a:A0310	0.5489809272375966	168.0	True	
neutrophil → Pdcd1lg2 → Pdcd1 → CD8	Masopust_053_2a:A0312	0.5489809272375966	169.0	True	
neutrophil → Pdcd1lg2 → Pdcd1 → CD8	Masopust_053_2b:A0307	0.5489809272375966	168.0	True	
neutrophil → Pdcd1lg2 → Pdcd1 → CD8	Masopust_053_2b:A0310	0.5529491812058506	147.0	True	
neutrophil → Pdcd1lg2 → Pdcd1 → CD8	Masopust_053_2b:A0312	0.5529491812058506	148.0	True	
neutrophil → Pdcd1lg2 → Pdcd1 → CD8	Masopust_053_3a:A0310	0.5529491812058506	146.0	True	
neutrophil → Pdcd1lg2 → Pdcd1 → CD8	Masopust_053_3a:A0311	0.5489809272375966	164.0	True	
neutrophil → Pdcd1lg2 → Pdcd1 → CD8	Masopust_053_3b:A0310	0.5529491812058506	146.0	True	
neutrophil → Pdcd1lg2 → Pdcd1 → CD8	Masopust_053_3b:A0311	0.5529491812058506	150.0	True	
neutrophil → Pdcd1lg2 → Pdcd1 → CD8	Masopust_053_6a:A0308	0.5489809272375966	167.0	True	
neutrophil → Pdcd1lg2 → Pdcd1 → CD8	Masopust_053_6b:A0308	0.5489809272375966	167.0	True	
neutrophil → Pdcd1lg2 → Pdcd1 → CD8	Masopust_054_A:A0312	0.5529491812058506	148.0	True	
neutrophil → Pdcd1lg2 → Pdcd1 → CD8	Masopust_054_D:A0311	0.5529491812058506	150.0	True	
neutrophil → Vegfa → Cd44 → CD4	Masopust_053_1a:A0310	0.5489572197240075	169.0	True	
neutrophil → Vegfa → Cd44 → CD4	Masopust_053_1a:A0311	0.5489572197240075	168.0	True	
neutrophil → Vegfa → Cd44 → CD4	Masopust_053_1b:A0310	0.5489572197240075	170.0	True	
neutrophil → Vegfa → Cd44 → CD4	Masopust_053_1b:A0311	0.5529254736922614	152.0	True	
neutrophil → Vegfa → Cd44 → CD4	Masopust_053_2a:A0307	0.5529254736922614	152.0	True	
neutrophil → Vegfa → Cd44 → CD4	Masopust_053_2a:A0308	0.5529254736922614	155.0	True	
neutrophil → Vegfa → Cd44 → CD4	Masopust_053_2a:A0310	0.5529254736922614	150.0	True	
neutrophil → Vegfa → Cd44 → CD4	Masopust_053_2a:A0312	0.5529254736922614	152.0	True	
neutrophil → Vegfa → Cd44 → CD4	Masopust_053_2b:A0307	0.5529254736922614	152.0	True	
neutrophil → Vegfa → Cd44 → CD4	Masopust_053_2b:A0310	0.5489572197240075	166.0	True	
neutrophil → Vegfa → Cd44 → CD4	Masopust_053_2b:A0312	0.5489572197240075	166.0	True	
neutrophil → Vegfa → Cd44 → CD4	Masopust_053_3a:A0310	0.5489572197240075	166.0	True	
neutrophil → Vegfa → Cd44 → CD4	Masopust_053_3a:A0311	0.5489572197240075	165.0	True	
neutrophil → Vegfa → Cd44 → CD4	Masopust_053_3b:A0310	0.5489572197240075	166.0	True	
neutrophil → Vegfa → Cd44 → CD4	Masopust_053_3b:A0311	0.5529254736922614	152.0	True	
neutrophil → Vegfa → Cd44 → CD4	Masopust_053_6a:A0308	0.5489572197240075	168.0	True	
neutrophil → Vegfa → Cd44 → CD4	Masopust_053_6b:A0308	0.5489572197240075	168.0	True	
neutrophil → Vegfa → Cd44 → CD4	Masopust_054_A:A0312	0.5489572197240075	165.0	True	
neutrophil → Vegfa → Cd44 → CD4	Masopust_054_D:A0311	0.5529254736922614	153.0	True	
neutrophil → Vegfa → Itga9 → CD4	Masopust_053_1a:A0310	0.5488858625097931	170.0	True	
neutrophil → Vegfa → Itga9 → CD4	Masopust_053_1a:A0311	0.5488858625097931	169.0	True	
neutrophil → Vegfa → Itga9 → CD4	Masopust_053_1b:A0310	0.5488858625097931	171.0	True	
neutrophil → Vegfa → Itga9 → CD4	Masopust_053_1b:A0311	0.552854116478047	154.0	True	
neutrophil → Vegfa → Itga9 → CD4	Masopust_053_2a:A0307	0.552854116478047	154.0	True	
neutrophil → Vegfa → Itga9 → CD4	Masopust_053_2a:A0308	0.552854116478047	157.0	True	
neutrophil → Vegfa → Itga9 → CD4	Masopust_053_2a:A0310	0.552854116478047	152.0	True	
neutrophil → Vegfa → Itga9 → CD4	Masopust_053_2a:A0312	0.552854116478047	154.0	True	
neutrophil → Vegfa → Itga9 → CD4	Masopust_053_2b:A0307	0.552854116478047	154.0	True	
neutrophil → Vegfa → Itga9 → CD4	Masopust_053_2b:A0310	0.5488858625097931	167.0	True	
neutrophil → Vegfa → Itga9 → CD4	Masopust_053_2b:A0312	0.5488858625097931	167.0	True	
neutrophil → Vegfa → Itga9 → CD4	Masopust_053_3a:A0310	0.5488858625097931	167.0	True	
neutrophil → Vegfa → Itga9 → CD4	Masopust_053_3a:A0311	0.5488858625097931	166.0	True	
neutrophil → Vegfa → Itga9 → CD4	Masopust_053_3b:A0310	0.5488858625097931	167.0	True	
neutrophil → Vegfa → Itga9 → CD4	Masopust_053_3b:A0311	0.552854116478047	153.0	True	
neutrophil → Vegfa → Itga9 → CD4	Masopust_053_6a:A0308	0.5488858625097931	169.0	True	
neutrophil → Vegfa → Itga9 → CD4	Masopust_053_6b:A0308	0.5488858625097931	169.0	True	
neutrophil → Vegfa → Itga9 → CD4	Masopust_054_A:A0312	0.5488858625097931	166.0	True	
neutrophil → Vegfa → Itga9 → CD4	Masopust_054_D:A0311	0.552854116478047	154.0	True	
neutrophil → Vegfa → Itgav → CD8	Masopust_053_1a:A0310	0.5527770802689046	151.0	True	
neutrophil → Vegfa → Itgav → CD8	Masopust_053_1a:A0311	0.5527770802689046	151.0	True	
neutrophil → Vegfa → Itgav → CD8	Masopust_053_1b:A0310	0.5527770802689046	155.0	True	
neutrophil → Vegfa → Itgav → CD8	Masopust_053_1b:A0311	0.5527770802689046	155.0	True	
neutrophil → Vegfa → Itgav → CD8	Masopust_053_2a:A0307	0.5488088263006506	169.0	True	
neutrophil → Vegfa → Itgav → CD8	Masopust_053_2a:A0308	0.5527770802689046	158.0	True	
neutrophil → Vegfa → Itgav → CD8	Masopust_053_2a:A0310	0.5488088263006506	169.0	True	
neutrophil → Vegfa → Itgav → CD8	Masopust_053_2a:A0312	0.5488088263006506	170.0	True	
neutrophil → Vegfa → Itgav → CD8	Masopust_053_2b:A0307	0.5488088263006506	169.0	True	
neutrophil → Vegfa → Itgav → CD8	Masopust_053_2b:A0310	0.5488088263006506	168.0	True	
neutrophil → Vegfa → Itgav → CD8	Masopust_053_2b:A0312	0.5488088263006506	168.0	True	
neutrophil → Vegfa → Itgav → CD8	Masopust_053_3a:A0310	0.5488088263006506	168.0	True	
neutrophil → Vegfa → Itgav → CD8	Masopust_053_3a:A0311	0.5488088263006506	167.0	True	
neutrophil → Vegfa → Itgav → CD8	Masopust_053_3b:A0310	0.5488088263006506	168.0	True	
neutrophil → Vegfa → Itgav → CD8	Masopust_053_3b:A0311	0.5488088263006506	170.0	True	
neutrophil → Vegfa → Itgav → CD8	Masopust_053_6a:A0308	0.5527770802689046	152.0	True	
neutrophil → Vegfa → Itgav → CD8	Masopust_053_6b:A0308	0.5527770802689046	152.0	True	
neutrophil → Vegfa → Itgav → CD8	Masopust_054_A:A0312	0.5488088263006506	167.0	True	
neutrophil → Vegfa → Itgav → CD8	Masopust_054_D:A0311	0.5527770802689046	155.0	True	
neutrophil → Vegfa → Itgav → CD4	Masopust_053_1a:A0310	0.54867179086715	171.0	True	
neutrophil → Vegfa → Itgav → CD4	Masopust_053_1a:A0311	0.54867179086715	170.0	True	
neutrophil → Vegfa → Itgav → CD4	Masopust_053_1b:A0310	0.54867179086715	172.0	True	
neutrophil → Vegfa → Itgav → CD4	Masopust_053_1b:A0311	0.552640044835404	156.0	True	
neutrophil → Vegfa → Itgav → CD4	Masopust_053_2a:A0307	0.552640044835404	156.0	True	
neutrophil → Vegfa → Itgav → CD4	Masopust_053_2a:A0308	0.552640044835404	161.0	True	
neutrophil → Vegfa → Itgav → CD4	Masopust_053_2a:A0310	0.552640044835404	155.0	True	
neutrophil → Vegfa → Itgav → CD4	Masopust_053_2a:A0312	0.552640044835404	156.0	True	
neutrophil → Vegfa → Itgav → CD4	Masopust_053_2b:A0307	0.552640044835404	156.0	True	
neutrophil → Vegfa → Itgav → CD4	Masopust_053_2b:A0310	0.54867179086715	169.0	True	
neutrophil → Vegfa → Itgav → CD4	Masopust_053_2b:A0312	0.54867179086715	169.0	True	
neutrophil → Vegfa → Itgav → CD4	Masopust_053_3a:A0310	0.54867179086715	169.0	True	
neutrophil → Vegfa → Itgav → CD4	Masopust_053_3a:A0311	0.54867179086715	168.0	True	
neutrophil → Vegfa → Itgav → CD4	Masopust_053_3b:A0310	0.54867179086715	169.0	True	
neutrophil → Vegfa → Itgav → CD4	Masopust_053_3b:A0311	0.552640044835404	155.0	True	
neutrophil → Vegfa → Itgav → CD4	Masopust_053_6a:A0308	0.54867179086715	170.0	True	
neutrophil → Vegfa → Itgav → CD4	Masopust_053_6b:A0308	0.54867179086715	170.0	True	
neutrophil → Vegfa → Itgav → CD4	Masopust_054_A:A0312	0.54867179086715	168.0	True	
neutrophil → Vegfa → Itgav → CD4	Masopust_054_D:A0311	0.552640044835404	156.0	True	
neutrophil → Vegfa → Nrp1 → CD4	Masopust_053_1a:A0310	0.5481722903676495	172.0	True	
neutrophil → Vegfa → Nrp1 → CD4	Masopust_053_1a:A0311	0.5481722903676495	172.0	True	
neutrophil → Vegfa → Nrp1 → CD4	Masopust_053_1b:A0310	0.5481722903676495	173.0	True	
neutrophil → Vegfa → Nrp1 → CD4	Masopust_053_1b:A0311	0.5521405443359034	161.0	True	
neutrophil → Vegfa → Nrp1 → CD4	Masopust_053_2a:A0307	0.5521405443359034	160.0	True	
neutrophil → Vegfa → Nrp1 → CD4	Masopust_053_2a:A0308	0.5521405443359034	163.0	True	
neutrophil → Vegfa → Nrp1 → CD4	Masopust_053_2a:A0310	0.5521405443359034	159.0	True	
neutrophil → Vegfa → Nrp1 → CD4	Masopust_053_2a:A0312	0.5521405443359034	158.0	True	
neutrophil → Vegfa → Nrp1 → CD4	Masopust_053_2b:A0307	0.5521405443359034	158.0	True	
neutrophil → Vegfa → Nrp1 → CD4	Masopust_053_2b:A0310	0.5481722903676495	170.0	True	
neutrophil → Vegfa → Nrp1 → CD4	Masopust_053_2b:A0312	0.5481722903676495	171.0	True	
neutrophil → Vegfa → Nrp1 → CD4	Masopust_053_3a:A0310	0.5481722903676495	171.0	True	
neutrophil → Vegfa → Nrp1 → CD4	Masopust_053_3a:A0311	0.5481722903676495	170.0	True	
neutrophil → Vegfa → Nrp1 → CD4	Masopust_053_3b:A0310	0.5481722903676495	171.0	True	
neutrophil → Vegfa → Nrp1 → CD4	Masopust_053_3b:A0311	0.5521405443359034	159.0	True	
neutrophil → Vegfa → Nrp1 → CD4	Masopust_053_6a:A0308	0.5481722903676495	172.0	True	
neutrophil → Vegfa → Nrp1 → CD4	Masopust_053_6b:A0308	0.5481722903676495	172.0	True	
neutrophil → Vegfa → Nrp1 → CD4	Masopust_054_A:A0312	0.5481722903676495	170.0	True	
neutrophil → Vegfa → Nrp1 → CD4	Masopust_054_D:A0311	0.5521405443359034	161.0	True	
neutrophil → Pdcd1lg2 → Rgmb → CD8	Masopust_053_1a:A0310	0.5479105690243813	174.0	True	
neutrophil → Pdcd1lg2 → Rgmb → CD8	Masopust_053_1a:A0311	0.5479105690243813	173.0	True	
neutrophil → Pdcd1lg2 → Rgmb → CD8	Masopust_053_1b:A0310	0.5518788229926352	157.0	True	
neutrophil → Pdcd1lg2 → Rgmb → CD8	Masopust_053_1b:A0311	0.5479105690243813	173.0	True	
neutrophil → Pdcd1lg2 → Rgmb → CD8	Masopust_053_2a:A0307	0.5479105690243813	172.0	True	
neutrophil → Pdcd1lg2 → Rgmb → CD8	Masopust_053_2a:A0308	0.5479105690243813	173.0	True	
neutrophil → Pdcd1lg2 → Rgmb → CD8	Masopust_053_2a:A0310	0.5479105690243813	171.0	True	
neutrophil → Pdcd1lg2 → Rgmb → CD8	Masopust_053_2a:A0312	0.5479105690243813	171.0	True	
neutrophil → Pdcd1lg2 → Rgmb → CD8	Masopust_053_2b:A0307	0.5479105690243813	171.0	True	
neutrophil → Pdcd1lg2 → Rgmb → CD8	Masopust_053_2b:A0310	0.5518788229926352	155.0	True	
neutrophil → Pdcd1lg2 → Rgmb → CD8	Masopust_053_2b:A0312	0.5518788229926352	155.0	True	
neutrophil → Pdcd1lg2 → Rgmb → CD8	Masopust_053_3a:A0310	0.5518788229926352	156.0	True	
neutrophil → Pdcd1lg2 → Rgmb → CD8	Masopust_053_3a:A0311	0.5479105690243813	172.0	True	
neutrophil → Pdcd1lg2 → Rgmb → CD8	Masopust_053_3b:A0310	0.5518788229926352	155.0	True	
neutrophil → Pdcd1lg2 → Rgmb → CD8	Masopust_053_3b:A0311	0.5518788229926352	160.0	True	
neutrophil → Pdcd1lg2 → Rgmb → CD8	Masopust_053_6a:A0308	0.5479105690243813	174.0	True	
neutrophil → Pdcd1lg2 → Rgmb → CD8	Masopust_053_6b:A0308	0.5479105690243813	174.0	True	
neutrophil → Pdcd1lg2 → Rgmb → CD8	Masopust_054_A:A0312	0.5518788229926352	156.0	True	
neutrophil → Pdcd1lg2 → Rgmb → CD8	Masopust_054_D:A0311	0.5518788229926352	162.0	True	
neutrophil → Vegfa → Cd44 → CD8	Masopust_053_1a:A0310	0.5513499359846175	158.0	True	
neutrophil → Vegfa → Cd44 → CD8	Masopust_053_1a:A0311	0.5513499359846175	156.0	True	
neutrophil → Vegfa → Cd44 → CD8	Masopust_053_1b:A0310	0.5513499359846175	159.0	True	
neutrophil → Vegfa → Cd44 → CD8	Masopust_053_1b:A0311	0.5513499359846175	162.0	True	
neutrophil → Vegfa → Cd44 → CD8	Masopust_053_2a:A0307	0.5473816820163635	173.0	True	
neutrophil → Vegfa → Cd44 → CD8	Masopust_053_2a:A0308	0.5513499359846175	165.0	True	
neutrophil → Vegfa → Cd44 → CD8	Masopust_053_2a:A0310	0.5473816820163635	173.0	True	
neutrophil → Vegfa → Cd44 → CD8	Masopust_053_2a:A0312	0.5473816820163635	173.0	True	
neutrophil → Vegfa → Cd44 → CD8	Masopust_053_2b:A0307	0.5473816820163635	173.0	True	
neutrophil → Vegfa → Cd44 → CD8	Masopust_053_2b:A0310	0.5473816820163635	173.0	True	
neutrophil → Vegfa → Cd44 → CD8	Masopust_053_2b:A0312	0.5473816820163635	173.0	True	
neutrophil → Vegfa → Cd44 → CD8	Masopust_053_3a:A0310	0.5473816820163635	173.0	True	
neutrophil → Vegfa → Cd44 → CD8	Masopust_053_3a:A0311	0.5473816820163635	173.0	True	
neutrophil → Vegfa → Cd44 → CD8	Masopust_053_3b:A0310	0.5473816820163635	173.0	True	
neutrophil → Vegfa → Cd44 → CD8	Masopust_053_3b:A0311	0.5473816820163635	173.0	True	
neutrophil → Vegfa → Cd44 → CD8	Masopust_053_6a:A0308	0.5513499359846175	155.0	True	
neutrophil → Vegfa → Cd44 → CD8	Masopust_053_6b:A0308	0.5513499359846175	155.0	True	
neutrophil → Vegfa → Cd44 → CD8	Masopust_054_A:A0312	0.5473816820163635	173.0	True	
neutrophil → Vegfa → Cd44 → CD8	Masopust_054_D:A0311	0.5513499359846175	163.0	True	
neutrophil → Vegfa → Nrp1 → CD8	Masopust_053_1a:A0310	0.5509931499135458	160.0	True	
neutrophil → Vegfa → Nrp1 → CD8	Masopust_053_1a:A0311	0.5509931499135458	158.0	True	
neutrophil → Vegfa → Nrp1 → CD8	Masopust_053_1b:A0310	0.5509931499135458	161.0	True	
neutrophil → Vegfa → Nrp1 → CD8	Masopust_053_1b:A0311	0.5509931499135458	164.0	True	
neutrophil → Vegfa → Nrp1 → CD8	Masopust_053_2a:A0307	0.5470248959452918	174.0	True	
neutrophil → Vegfa → Nrp1 → CD8	Masopust_053_2a:A0308	0.5509931499135458	167.0	True	
neutrophil → Vegfa → Nrp1 → CD8	Masopust_053_2a:A0310	0.5470248959452918	174.0	True	
neutrophil → Vegfa → Nrp1 → CD8	Masopust_053_2a:A0312	0.5470248959452918	174.0	True	
neutrophil → Vegfa → Nrp1 → CD8	Masopust_053_2b:A0307	0.5470248959452918	174.0	True	
neutrophil → Vegfa → Nrp1 → CD8	Masopust_053_2b:A0310	0.5470248959452918	174.0	True	
neutrophil → Vegfa → Nrp1 → CD8	Masopust_053_2b:A0312	0.5470248959452918	174.0	True	
neutrophil → Vegfa → Nrp1 → CD8	Masopust_053_3a:A0310	0.5470248959452918	174.0	True	
neutrophil → Vegfa → Nrp1 → CD8	Masopust_053_3a:A0311	0.5470248959452918	174.0	True	
neutrophil → Vegfa → Nrp1 → CD8	Masopust_053_3b:A0310	0.5470248959452918	174.0	True	
neutrophil → Vegfa → Nrp1 → CD8	Masopust_053_3b:A0311	0.5470248959452918	174.0	True	
neutrophil → Vegfa → Nrp1 → CD8	Masopust_053_6a:A0308	0.5509931499135458	157.0	True	
neutrophil → Vegfa → Nrp1 → CD8	Masopust_053_6b:A0308	0.5509931499135458	157.0	True	
neutrophil → Vegfa → Nrp1 → CD8	Masopust_054_A:A0312	0.5470248959452918	174.0	True	
neutrophil → Vegfa → Nrp1 → CD8	Masopust_054_D:A0311	0.5509931499135458	165.0	True	
neutrophil → Vegfa → Nrp2 → CD4	Masopust_053_1a:A0310	0.5356891332607268	193.0	True	
neutrophil → Vegfa → Nrp2 → CD4	Masopust_053_1a:A0311	0.5356891332607268	195.0	True	
neutrophil → Vegfa → Nrp2 → CD4	Masopust_053_1b:A0310	0.5356891332607268	194.0	True	
neutrophil → Vegfa → Nrp2 → CD4	Masopust_053_1b:A0311	0.5396573872289807	182.0	True	
neutrophil → Vegfa → Nrp2 → CD4	Masopust_053_2a:A0307	0.5396573872289807	183.0	True	
neutrophil → Vegfa → Nrp2 → CD4	Masopust_053_2a:A0308	0.5396573872289807	182.0	True	
neutrophil → Vegfa → Nrp2 → CD4	Masopust_053_2a:A0310	0.5396573872289807	181.0	True	
neutrophil → Vegfa → Nrp2 → CD4	Masopust_053_2a:A0312	0.5396573872289807	181.0	True	
neutrophil → Vegfa → Nrp2 → CD4	Masopust_053_2b:A0307	0.5396573872289807	181.0	True	
neutrophil → Vegfa → Nrp2 → CD4	Masopust_053_2b:A0310	0.5356891332607268	190.0	True	
neutrophil → Vegfa → Nrp2 → CD4	Masopust_053_2b:A0312	0.5356891332607268	191.0	True	
neutrophil → Vegfa → Nrp2 → CD4	Masopust_053_3a:A0310	0.5356891332607268	191.0	True	
neutrophil → Vegfa → Nrp2 → CD4	Masopust_053_3a:A0311	0.5356891332607268	192.0	True	
neutrophil → Vegfa → Nrp2 → CD4	Masopust_053_3b:A0310	0.5356891332607268	191.0	True	
neutrophil → Vegfa → Nrp2 → CD4	Masopust_053_3b:A0311	0.5396573872289807	182.0	True	
neutrophil → Vegfa → Nrp2 → CD4	Masopust_053_6a:A0308	0.5356891332607268	193.0	True	
neutrophil → Vegfa → Nrp2 → CD4	Masopust_053_6b:A0308	0.5356891332607268	193.0	True	
neutrophil → Vegfa → Nrp2 → CD4	Masopust_054_A:A0312	0.5356891332607268	192.0	True	
neutrophil → Vegfa → Nrp2 → CD4	Masopust_054_D:A0311	0.5396573872289807	182.0	True	
fibroblast → Mfap2 → Notch1 → CD8	Masopust_053_1a:A0307	0.5358344613787225	191.0	True	
fibroblast → Mfap2 → Notch1 → CD8	Masopust_053_1a:A0309	0.5336699592142203	205.0	True	
fibroblast → Mfap2 → Notch1 → CD8	Masopust_053_1a:A0310	0.5336699592142203	202.0	True	
fibroblast → Mfap2 → Notch1 → CD8	Masopust_053_1a:A0311	0.5358344613787225	193.0	True	
fibroblast → Mfap2 → Notch1 → CD8	Masopust_053_1b:A0307	0.5336699592142203	205.0	True	
fibroblast → Mfap2 → Notch1 → CD8	Masopust_053_1b:A0310	0.5336699592142203	203.0	True	
fibroblast → Mfap2 → Notch1 → CD8	Masopust_053_1b:A0311	0.5336699592142203	210.0	True	
fibroblast → Mfap2 → Notch1 → CD8	Masopust_053_2a:A0307	0.5358344613787225	197.0	True	
fibroblast → Mfap2 → Notch1 → CD8	Masopust_053_2a:A0308	0.5336699592142203	206.0	True	
fibroblast → Mfap2 → Notch1 → CD8	Masopust_053_2a:A0309	0.5336699592142203	202.0	True	
fibroblast → Mfap2 → Notch1 → CD8	Masopust_053_2a:A0310	0.5336699592142203	202.0	True	
fibroblast → Mfap2 → Notch1 → CD8	Masopust_053_2a:A0312	0.5336699592142203	200.0	True	
fibroblast → Mfap2 → Notch1 → CD8	Masopust_053_2b:A0307	0.5336699592142203	200.0	True	
fibroblast → Mfap2 → Notch1 → CD8	Masopust_053_2b:A0308	0.5336699592142203	201.0	True	
fibroblast → Mfap2 → Notch1 → CD8	Masopust_053_2b:A0309	0.5358344613787225	192.0	True	
fibroblast → Mfap2 → Notch1 → CD8	Masopust_053_2b:A0310	0.5336699592142203	195.0	True	
fibroblast → Mfap2 → Notch1 → CD8	Masopust_053_2b:A0312	0.5336699592142203	195.0	True	
fibroblast → Mfap2 → Notch1 → CD8	Masopust_053_3a:A0307	0.5358344613787225	191.0	True	
fibroblast → Mfap2 → Notch1 → CD8	Masopust_053_3a:A0308	0.5336699592142203	201.0	True	
fibroblast → Mfap2 → Notch1 → CD8	Masopust_053_3a:A0310	0.5336699592142203	198.0	True	
fibroblast → Mfap2 → Notch1 → CD8	Masopust_053_3a:A0311	0.5336699592142203	199.0	True	
fibroblast → Mfap2 → Notch1 → CD8	Masopust_053_3b:A0307	0.5336699592142203	201.0	True	
fibroblast → Mfap2 → Notch1 → CD8	Masopust_053_3b:A0311	0.5358344613787225	197.0	True	
fibroblast → Mfap2 → Notch1 → CD8	Masopust_053_6a:A0308	0.5358344613787225	192.0	True	
fibroblast → Mfap2 → Notch1 → CD8	Masopust_053_6b:A0307	0.5358344613787225	191.0	True	
fibroblast → Mfap2 → Notch1 → CD8	Masopust_053_6b:A0308	0.5358344613787225	192.0	True	
fibroblast → Mfap2 → Notch1 → CD8	Masopust_054_A:A0312	0.5358344613787225	190.0	True	
fibroblast → Mfap2 → Notch1 → CD8	Masopust_054_B:A0311	0.5358344613787225	192.0	True	
fibroblast → Mfap2 → Notch1 → CD8	Masopust_054_C:A0311	0.5358344613787225	191.0	True	
fibroblast → Mfap2 → Notch1 → CD8	Masopust_054_C:A0312	0.5336699592142203	203.0	True	
fibroblast → Mfap2 → Notch1 → CD8	Masopust_054_C:A0313	0.5336699592142203	205.0	True	
fibroblast → Mfap2 → Notch1 → CD8	Masopust_054_D:A0311	0.5358344613787225	199.0	True	
fibroblast → Mfap2 → Notch1 → CD8	Masopust_054_D:A0312	0.5358344613787225	191.0	True	
fibroblast → Mfap2 → Notch1 → CD8	Masopust_054_D:A0313	0.5358344613787225	192.0	True	
neutrophil → Vegfa → Ephb2 → CD4	Masopust_053_1a:A0310	0.5338157703117373	201.0	True	
neutrophil → Vegfa → Ephb2 → CD4	Masopust_053_1a:A0311	0.5338157703117373	205.0	True	
neutrophil → Vegfa → Ephb2 → CD4	Masopust_053_1b:A0310	0.5338157703117373	202.0	True	
neutrophil → Vegfa → Ephb2 → CD4	Masopust_053_1b:A0311	0.5377840242799913	189.0	True	
neutrophil → Vegfa → Ephb2 → CD4	Masopust_053_2a:A0307	0.5377840242799913	187.0	True	
neutrophil → Vegfa → Ephb2 → CD4	Masopust_053_2a:A0308	0.5377840242799913	187.0	True	
neutrophil → Vegfa → Ephb2 → CD4	Masopust_053_2a:A0310	0.5377840242799913	188.0	True	
neutrophil → Vegfa → Ephb2 → CD4	Masopust_053_2a:A0312	0.5377840242799913	188.0	True	
neutrophil → Vegfa → Ephb2 → CD4	Masopust_053_2b:A0307	0.5377840242799913	188.0	True	
neutrophil → Vegfa → Ephb2 → CD4	Masopust_053_2b:A0310	0.5338157703117373	194.0	True	
neutrophil → Vegfa → Ephb2 → CD4	Masopust_053_2b:A0312	0.5338157703117373	194.0	True	
neutrophil → Vegfa → Ephb2 → CD4	Masopust_053_3a:A0310	0.5338157703117373	197.0	True	
neutrophil → Vegfa → Ephb2 → CD4	Masopust_053_3a:A0311	0.5338157703117373	198.0	True	
neutrophil → Vegfa → Ephb2 → CD4	Masopust_053_3b:A0310	0.5338157703117373	195.0	True	
neutrophil → Vegfa → Ephb2 → CD4	Masopust_053_3b:A0311	0.5377840242799913	189.0	True	
neutrophil → Vegfa → Ephb2 → CD4	Masopust_053_6a:A0308	0.5338157703117373	204.0	True	
neutrophil → Vegfa → Ephb2 → CD4	Masopust_053_6b:A0308	0.5338157703117373	204.0	True	
neutrophil → Vegfa → Ephb2 → CD4	Masopust_054_A:A0312	0.5338157703117373	195.0	True	
neutrophil → Vegfa → Ephb2 → CD4	Masopust_054_D:A0311	0.5377840242799913	189.0	True	
neutrophil → Vegfa → Itga9 → CD8	Masopust_053_1a:A0310	0.5375962720890215	187.0	True	
neutrophil → Vegfa → Itga9 → CD8	Masopust_053_1a:A0311	0.5375962720890215	187.0	True	
neutrophil → Vegfa → Itga9 → CD8	Masopust_053_1b:A0310	0.5375962720890215	186.0	True	
neutrophil → Vegfa → Itga9 → CD8	Masopust_053_1b:A0311	0.5375962720890215	190.0	True	
neutrophil → Vegfa → Itga9 → CD8	Masopust_053_2a:A0307	0.5336280181207675	204.0	True	
neutrophil → Vegfa → Itga9 → CD8	Masopust_053_2a:A0308	0.5375962720890215	188.0	True	
neutrophil → Vegfa → Itga9 → CD8	Masopust_053_2a:A0310	0.5336280181207675	203.0	True	
neutrophil → Vegfa → Itga9 → CD8	Masopust_053_2a:A0312	0.5336280181207675	201.0	True	
neutrophil → Vegfa → Itga9 → CD8	Masopust_053_2b:A0307	0.5336280181207675	201.0	True	
neutrophil → Vegfa → Itga9 → CD8	Masopust_053_2b:A0310	0.5336280181207675	196.0	True	
neutrophil → Vegfa → Itga9 → CD8	Masopust_053_2b:A0312	0.5336280181207675	196.0	True	
neutrophil → Vegfa → Itga9 → CD8	Masopust_053_3a:A0310	0.5336280181207675	199.0	True	
neutrophil → Vegfa → Itga9 → CD8	Masopust_053_3a:A0311	0.5336280181207675	200.0	True	
neutrophil → Vegfa → Itga9 → CD8	Masopust_053_3b:A0310	0.5336280181207675	196.0	True	
neutrophil → Vegfa → Itga9 → CD8	Masopust_053_3b:A0311	0.5336280181207675	201.0	True	
neutrophil → Vegfa → Itga9 → CD8	Masopust_053_6a:A0308	0.5375962720890215	186.0	True	
neutrophil → Vegfa → Itga9 → CD8	Masopust_053_6b:A0308	0.5375962720890215	186.0	True	
neutrophil → Vegfa → Itga9 → CD8	Masopust_054_A:A0312	0.5336280181207675	196.0	True	
neutrophil → Vegfa → Itga9 → CD8	Masopust_054_D:A0311	0.5375962720890215	190.0	True	
neutrophil → Vegfa → Egfr → CD4	Masopust_053_1a:A0310	0.5335832714698603	205.0	True	
neutrophil → Vegfa → Egfr → CD4	Masopust_053_1a:A0311	0.5335832714698603	206.0	True	
neutrophil → Vegfa → Egfr → CD4	Masopust_053_1b:A0310	0.5335832714698603	206.0	True	
neutrophil → Vegfa → Egfr → CD4	Masopust_053_1b:A0311	0.5375515254381142	191.0	True	
neutrophil → Vegfa → Egfr → CD4	Masopust_053_2a:A0307	0.5375515254381142	189.0	True	
neutrophil → Vegfa → Egfr → CD4	Masopust_053_2a:A0308	0.5375515254381142	189.0	True	
neutrophil → Vegfa → Egfr → CD4	Masopust_053_2a:A0310	0.5375515254381142	189.0	True	
neutrophil → Vegfa → Egfr → CD4	Masopust_053_2a:A0312	0.5375515254381142	189.0	True	
neutrophil → Vegfa → Egfr → CD4	Masopust_053_2b:A0307	0.5375515254381142	189.0	True	
neutrophil → Vegfa → Egfr → CD4	Masopust_053_2b:A0310	0.5335832714698603	199.0	True	
neutrophil → Vegfa → Egfr → CD4	Masopust_053_2b:A0312	0.5335832714698603	199.0	True	
neutrophil → Vegfa → Egfr → CD4	Masopust_053_3a:A0310	0.5335832714698603	200.0	True	
neutrophil → Vegfa → Egfr → CD4	Masopust_053_3a:A0311	0.5335832714698603	201.0	True	
neutrophil → Vegfa → Egfr → CD4	Masopust_053_3b:A0310	0.5335832714698603	199.0	True	
neutrophil → Vegfa → Egfr → CD4	Masopust_053_3b:A0311	0.5375515254381142	191.0	True	
neutrophil → Vegfa → Egfr → CD4	Masopust_053_6a:A0308	0.5335832714698603	205.0	True	
neutrophil → Vegfa → Egfr → CD4	Masopust_053_6b:A0308	0.5335832714698603	205.0	True	
neutrophil → Vegfa → Egfr → CD4	Masopust_054_A:A0312	0.5335832714698603	199.0	True	
neutrophil → Vegfa → Egfr → CD4	Masopust_054_D:A0311	0.5375515254381142	191.0	True	
neutrophil → Vegfa → Tyro3 → CD4	Masopust_053_1a:A0310	0.533351961615291	207.0	True	
neutrophil → Vegfa → Tyro3 → CD4	Masopust_053_1a:A0311	0.533351961615291	208.0	True	
neutrophil → Vegfa → Tyro3 → CD4	Masopust_053_1b:A0310	0.533351961615291	208.0	True	
neutrophil → Vegfa → Tyro3 → CD4	Masopust_053_1b:A0311	0.5373202155835449	192.0	True	
neutrophil → Vegfa → Tyro3 → CD4	Masopust_053_2a:A0307	0.5373202155835449	190.0	True	
neutrophil → Vegfa → Tyro3 → CD4	Masopust_053_2a:A0308	0.5373202155835449	191.0	True	
neutrophil → Vegfa → Tyro3 → CD4	Masopust_053_2a:A0310	0.5373202155835449	191.0	True	
neutrophil → Vegfa → Tyro3 → CD4	Masopust_053_2a:A0312	0.5373202155835449	190.0	True	
neutrophil → Vegfa → Tyro3 → CD4	Masopust_053_2b:A0307	0.5373202155835449	191.0	True	
neutrophil → Vegfa → Tyro3 → CD4	Masopust_053_2b:A0310	0.533351961615291	201.0	True	
neutrophil → Vegfa → Tyro3 → CD4	Masopust_053_2b:A0312	0.533351961615291	201.0	True	
neutrophil → Vegfa → Tyro3 → CD4	Masopust_053_3a:A0310	0.533351961615291	202.0	True	
neutrophil → Vegfa → Tyro3 → CD4	Masopust_053_3a:A0311	0.533351961615291	203.0	True	
neutrophil → Vegfa → Tyro3 → CD4	Masopust_053_3b:A0310	0.533351961615291	201.0	True	
neutrophil → Vegfa → Tyro3 → CD4	Masopust_053_3b:A0311	0.5373202155835449	192.0	True	
neutrophil → Vegfa → Tyro3 → CD4	Masopust_053_6a:A0308	0.533351961615291	208.0	True	
neutrophil → Vegfa → Tyro3 → CD4	Masopust_053_6b:A0308	0.533351961615291	208.0	True	
neutrophil → Vegfa → Tyro3 → CD4	Masopust_054_A:A0312	0.533351961615291	201.0	True	
neutrophil → Vegfa → Tyro3 → CD4	Masopust_054_D:A0311	0.5373202155835449	192.0	True	
neutrophil → Vegfa → Nrp2 → CD8	Masopust_053_1a:A0310	0.537286482312316	189.0	True	
neutrophil → Vegfa → Nrp2 → CD8	Masopust_053_1a:A0311	0.537286482312316	189.0	True	
neutrophil → Vegfa → Nrp2 → CD8	Masopust_053_1b:A0310	0.537286482312316	187.0	True	
neutrophil → Vegfa → Nrp2 → CD8	Masopust_053_1b:A0311	0.537286482312316	193.0	True	
neutrophil → Vegfa → Nrp2 → CD8	Masopust_053_2a:A0307	0.5333182283440621	205.0	True	
neutrophil → Vegfa → Nrp2 → CD8	Masopust_053_2a:A0308	0.537286482312316	192.0	True	
neutrophil → Vegfa → Nrp2 → CD8	Masopust_053_2a:A0310	0.5333182283440621	205.0	True	
neutrophil → Vegfa → Nrp2 → CD8	Masopust_053_2a:A0312	0.5333182283440621	204.0	True	
neutrophil → Vegfa → Nrp2 → CD8	Masopust_053_2b:A0307	0.5333182283440621	204.0	True	
neutrophil → Vegfa → Nrp2 → CD8	Masopust_053_2b:A0310	0.5333182283440621	202.0	True	
neutrophil → Vegfa → Nrp2 → CD8	Masopust_053_2b:A0312	0.5333182283440621	202.0	True	
neutrophil → Vegfa → Nrp2 → CD8	Masopust_053_3a:A0310	0.5333182283440621	203.0	True	
neutrophil → Vegfa → Nrp2 → CD8	Masopust_053_3a:A0311	0.5333182283440621	204.0	True	
neutrophil → Vegfa → Nrp2 → CD8	Masopust_053_3b:A0310	0.5333182283440621	202.0	True	
neutrophil → Vegfa → Nrp2 → CD8	Masopust_053_3b:A0311	0.5333182283440621	205.0	True	
neutrophil → Vegfa → Nrp2 → CD8	Masopust_053_6a:A0308	0.537286482312316	187.0	True	
neutrophil → Vegfa → Nrp2 → CD8	Masopust_053_6b:A0308	0.537286482312316	187.0	True	
neutrophil → Vegfa → Nrp2 → CD8	Masopust_054_A:A0312	0.5333182283440621	202.0	True	
neutrophil → Vegfa → Nrp2 → CD8	Masopust_054_D:A0311	0.537286482312316	193.0	True	
neutrophil → Vegfa → Flt1_Kdr → CD4	Masopust_053_1a:A0310	0.5326659759196033	208.0	True	
neutrophil → Vegfa → Flt1_Kdr → CD4	Masopust_053_1a:A0311	0.5326659759196033	209.0	True	
neutrophil → Vegfa → Flt1_Kdr → CD4	Masopust_053_1b:A0310	0.5326659759196033	209.0	True	
neutrophil → Vegfa → Flt1_Kdr → CD4	Masopust_053_1b:A0311	0.5366342298878573	197.0	True	
neutrophil → Vegfa → Flt1_Kdr → CD4	Masopust_053_2a:A0307	0.5366342298878573	194.0	True	
neutrophil → Vegfa → Flt1_Kdr → CD4	Masopust_053_2a:A0308	0.5366342298878573	194.0	True	
neutrophil → Vegfa → Flt1_Kdr → CD4	Masopust_053_2a:A0310	0.5366342298878573	192.0	True	
neutrophil → Vegfa → Flt1_Kdr → CD4	Masopust_053_2a:A0312	0.5366342298878573	192.0	True	
neutrophil → Vegfa → Flt1_Kdr → CD4	Masopust_053_2b:A0307	0.5366342298878573	194.0	True	
neutrophil → Vegfa → Flt1_Kdr → CD4	Masopust_053_2b:A0310	0.5326659759196033	203.0	True	
neutrophil → Vegfa → Flt1_Kdr → CD4	Masopust_053_2b:A0312	0.5326659759196033	203.0	True	
neutrophil → Vegfa → Flt1_Kdr → CD4	Masopust_053_3a:A0310	0.5326659759196033	204.0	True	
neutrophil → Vegfa → Flt1_Kdr → CD4	Masopust_053_3a:A0311	0.5326659759196033	205.0	True	
neutrophil → Vegfa → Flt1_Kdr → CD4	Masopust_053_3b:A0310	0.5326659759196033	203.0	True	
neutrophil → Vegfa → Flt1_Kdr → CD4	Masopust_053_3b:A0311	0.5366342298878573	195.0	True	
neutrophil → Vegfa → Flt1_Kdr → CD4	Masopust_053_6a:A0308	0.5326659759196033	209.0	True	
neutrophil → Vegfa → Flt1_Kdr → CD4	Masopust_053_6b:A0308	0.5326659759196033	209.0	True	
neutrophil → Vegfa → Flt1_Kdr → CD4	Masopust_054_A:A0312	0.5326659759196033	203.0	True	
neutrophil → Vegfa → Flt1_Kdr → CD4	Masopust_054_D:A0311	0.5366342298878573	195.0	True	
neutrophil → Vegfa → Grin2b → CD4	Masopust_053_1a:A0310	0.5321520424386791	210.0	True	
neutrophil → Vegfa → Grin2b → CD4	Masopust_053_1a:A0311	0.5321520424386791	210.0	True	
neutrophil → Vegfa → Grin2b → CD4	Masopust_053_1b:A0310	0.5321520424386791	212.0	True	
neutrophil → Vegfa → Grin2b → CD4	Masopust_053_1b:A0311	0.536120296406933	199.0	True	
neutrophil → Vegfa → Grin2b → CD4	Masopust_053_2a:A0307	0.536120296406933	196.0	True	
neutrophil → Vegfa → Grin2b → CD4	Masopust_053_2a:A0308	0.536120296406933	196.0	True	
neutrophil → Vegfa → Grin2b → CD4	Masopust_053_2a:A0310	0.536120296406933	194.0	True	
neutrophil → Vegfa → Grin2b → CD4	Masopust_053_2a:A0312	0.536120296406933	194.0	True	
neutrophil → Vegfa → Grin2b → CD4	Masopust_053_2b:A0307	0.536120296406933	196.0	True	
neutrophil → Vegfa → Grin2b → CD4	Masopust_053_2b:A0310	0.5321520424386791	205.0	True	
neutrophil → Vegfa → Grin2b → CD4	Masopust_053_2b:A0312	0.5321520424386791	205.0	True	
neutrophil → Vegfa → Grin2b → CD4	Masopust_053_3a:A0310	0.5321520424386791	205.0	True	
neutrophil → Vegfa → Grin2b → CD4	Masopust_053_3a:A0311	0.5321520424386791	206.0	True	
neutrophil → Vegfa → Grin2b → CD4	Masopust_053_3b:A0310	0.5321520424386791	205.0	True	
neutrophil → Vegfa → Grin2b → CD4	Masopust_053_3b:A0311	0.536120296406933	196.0	True	
neutrophil → Vegfa → Grin2b → CD4	Masopust_053_6a:A0308	0.5321520424386791	210.0	True	
neutrophil → Vegfa → Grin2b → CD4	Masopust_053_6b:A0308	0.5321520424386791	210.0	True	
neutrophil → Vegfa → Grin2b → CD4	Masopust_054_A:A0312	0.5321520424386791	206.0	True	
neutrophil → Vegfa → Grin2b → CD4	Masopust_054_D:A0311	0.536120296406933	197.0	True	
neutrophil → Vegfa → Tyro3 → CD8	Masopust_053_1a:A0310	0.5354434851871266	194.0	True	
neutrophil → Vegfa → Tyro3 → CD8	Masopust_053_1a:A0311	0.5354434851871266	196.0	True	
neutrophil → Vegfa → Tyro3 → CD8	Masopust_053_1b:A0310	0.5354434851871266	195.0	True	
neutrophil → Vegfa → Tyro3 → CD8	Masopust_053_1b:A0311	0.5354434851871266	202.0	True	
neutrophil → Vegfa → Tyro3 → CD8	Masopust_053_2a:A0307	0.5314752312188725	207.0	True	
neutrophil → Vegfa → Tyro3 → CD8	Masopust_053_2a:A0308	0.5354434851871266	200.0	True	
neutrophil → Vegfa → Tyro3 → CD8	Masopust_053_2a:A0310	0.5314752312188725	207.0	True	
neutrophil → Vegfa → Tyro3 → CD8	Masopust_053_2a:A0312	0.5314752312188725	208.0	True	
neutrophil → Vegfa → Tyro3 → CD8	Masopust_053_2b:A0307	0.5314752312188725	207.0	True	
neutrophil → Vegfa → Tyro3 → CD8	Masopust_053_2b:A0310	0.5314752312188725	207.0	True	
neutrophil → Vegfa → Tyro3 → CD8	Masopust_053_2b:A0312	0.5314752312188725	207.0	True	
neutrophil → Vegfa → Tyro3 → CD8	Masopust_053_3a:A0310	0.5314752312188725	207.0	True	
neutrophil → Vegfa → Tyro3 → CD8	Masopust_053_3a:A0311	0.5314752312188725	207.0	True	
neutrophil → Vegfa → Tyro3 → CD8	Masopust_053_3b:A0310	0.5314752312188725	207.0	True	
neutrophil → Vegfa → Tyro3 → CD8	Masopust_053_3b:A0311	0.5314752312188725	207.0	True	
neutrophil → Vegfa → Tyro3 → CD8	Masopust_053_6a:A0308	0.5354434851871266	194.0	True	
neutrophil → Vegfa → Tyro3 → CD8	Masopust_053_6b:A0308	0.5354434851871266	194.0	True	
neutrophil → Vegfa → Tyro3 → CD8	Masopust_054_A:A0312	0.5314752312188725	208.0	True	
neutrophil → Vegfa → Tyro3 → CD8	Masopust_054_D:A0311	0.5354434851871266	201.0	True	
neutrophil → Vegfa → Egfr → CD8	Masopust_053_1a:A0310	0.5350998067349196	195.0	True	
neutrophil → Vegfa → Egfr → CD8	Masopust_053_1a:A0311	0.5350998067349196	199.0	True	
neutrophil → Vegfa → Egfr → CD8	Masopust_053_1b:A0310	0.5350998067349196	196.0	True	
neutrophil → Vegfa → Egfr → CD8	Masopust_053_1b:A0311	0.5350998067349196	205.0	True	
neutrophil → Vegfa → Egfr → CD8	Masopust_053_2a:A0307	0.5311315527666657	208.0	True	
neutrophil → Vegfa → Egfr → CD8	Masopust_053_2a:A0308	0.5350998067349196	201.0	True	
neutrophil → Vegfa → Egfr → CD8	Masopust_053_2a:A0310	0.5311315527666657	208.0	True	
neutrophil → Vegfa → Egfr → CD8	Masopust_053_2a:A0312	0.5311315527666657	209.0	True	
neutrophil → Vegfa → Egfr → CD8	Masopust_053_2b:A0307	0.5311315527666657	208.0	True	
neutrophil → Vegfa → Egfr → CD8	Masopust_053_2b:A0310	0.5311315527666657	208.0	True	
neutrophil → Vegfa → Egfr → CD8	Masopust_053_2b:A0312	0.5311315527666657	208.0	True	
neutrophil → Vegfa → Egfr → CD8	Masopust_053_3a:A0310	0.5311315527666657	208.0	True	
neutrophil → Vegfa → Egfr → CD8	Masopust_053_3a:A0311	0.5311315527666657	208.0	True	
neutrophil → Vegfa → Egfr → CD8	Masopust_053_3b:A0310	0.5311315527666657	208.0	True	
neutrophil → Vegfa → Egfr → CD8	Masopust_053_3b:A0311	0.5311315527666657	208.0	True	
neutrophil → Vegfa → Egfr → CD8	Masopust_053_6a:A0308	0.5350998067349196	197.0	True	
neutrophil → Vegfa → Egfr → CD8	Masopust_053_6b:A0308	0.5350998067349196	197.0	True	
neutrophil → Vegfa → Egfr → CD8	Masopust_054_A:A0312	0.5311315527666657	209.0	True	
neutrophil → Vegfa → Egfr → CD8	Masopust_054_D:A0311	0.5350998067349196	202.0	True	
neutrophil → Vegfa → Flt1_Kdr → CD8	Masopust_053_1a:A0310	0.5343751184341684	198.0	True	
neutrophil → Vegfa → Flt1_Kdr → CD8	Masopust_053_1a:A0311	0.5343751184341684	202.0	True	
neutrophil → Vegfa → Flt1_Kdr → CD8	Masopust_053_1b:A0310	0.5343751184341684	199.0	True	
neutrophil → Vegfa → Flt1_Kdr → CD8	Masopust_053_1b:A0311	0.5343751184341684	207.0	True	
neutrophil → Vegfa → Flt1_Kdr → CD8	Masopust_053_2a:A0307	0.5304068644659145	210.0	True	
neutrophil → Vegfa → Flt1_Kdr → CD8	Masopust_053_2a:A0308	0.5343751184341684	203.0	True	
neutrophil → Vegfa → Flt1_Kdr → CD8	Masopust_053_2a:A0310	0.5304068644659145	212.0	True	
neutrophil → Vegfa → Flt1_Kdr → CD8	Masopust_053_2a:A0312	0.5304068644659145	210.0	True	
neutrophil → Vegfa → Flt1_Kdr → CD8	Masopust_053_2b:A0307	0.5304068644659145	210.0	True	
neutrophil → Vegfa → Flt1_Kdr → CD8	Masopust_053_2b:A0310	0.5304068644659145	211.0	True	
neutrophil → Vegfa → Flt1_Kdr → CD8	Masopust_053_2b:A0312	0.5304068644659145	212.0	True	
neutrophil → Vegfa → Flt1_Kdr → CD8	Masopust_053_3a:A0310	0.5304068644659145	210.0	True	
neutrophil → Vegfa → Flt1_Kdr → CD8	Masopust_053_3a:A0311	0.5304068644659145	210.0	True	
neutrophil → Vegfa → Flt1_Kdr → CD8	Masopust_053_3b:A0310	0.5304068644659145	210.0	True	
neutrophil → Vegfa → Flt1_Kdr → CD8	Masopust_053_3b:A0311	0.5304068644659145	210.0	True	
neutrophil → Vegfa → Flt1_Kdr → CD8	Masopust_053_6a:A0308	0.5343751184341684	199.0	True	
neutrophil → Vegfa → Flt1_Kdr → CD8	Masopust_053_6b:A0308	0.5343751184341684	199.0	True	
neutrophil → Vegfa → Flt1_Kdr → CD8	Masopust_054_A:A0312	0.5304068644659145	210.0	True	
neutrophil → Vegfa → Flt1_Kdr → CD8	Masopust_054_D:A0311	0.5343751184341684	204.0	True	
neutrophil → Vegfa → Grin2b → CD8	Masopust_053_1a:A0310	0.5341419663577489	200.0	True	
neutrophil → Vegfa → Grin2b → CD8	Masopust_053_1a:A0311	0.5341419663577489	203.0	True	
neutrophil → Vegfa → Grin2b → CD8	Masopust_053_1b:A0310	0.5341419663577489	201.0	True	
neutrophil → Vegfa → Grin2b → CD8	Masopust_053_1b:A0311	0.5341419663577489	208.0	True	
neutrophil → Vegfa → Grin2b → CD8	Masopust_053_2a:A0307	0.5301737123894948	211.0	True	
neutrophil → Vegfa → Grin2b → CD8	Masopust_053_2a:A0308	0.5341419663577489	205.0	True	
neutrophil → Vegfa → Grin2b → CD8	Masopust_053_2a:A0310	0.5301737123894948	213.0	True	
neutrophil → Vegfa → Grin2b → CD8	Masopust_053_2a:A0312	0.5301737123894948	211.0	True	
neutrophil → Vegfa → Grin2b → CD8	Masopust_053_2b:A0307	0.5301737123894948	211.0	True	
neutrophil → Vegfa → Grin2b → CD8	Masopust_053_2b:A0310	0.5301737123894948	212.0	True	
neutrophil → Vegfa → Grin2b → CD8	Masopust_053_2b:A0312	0.5301737123894948	213.0	True	
neutrophil → Vegfa → Grin2b → CD8	Masopust_053_3a:A0310	0.5301737123894948	211.0	True	
neutrophil → Vegfa → Grin2b → CD8	Masopust_053_3a:A0311	0.5301737123894948	211.0	True	
neutrophil → Vegfa → Grin2b → CD8	Masopust_053_3b:A0310	0.5301737123894948	211.0	True	
neutrophil → Vegfa → Grin2b → CD8	Masopust_053_3b:A0311	0.5301737123894948	211.0	True	
neutrophil → Vegfa → Grin2b → CD8	Masopust_053_6a:A0308	0.5341419663577489	202.0	True	
neutrophil → Vegfa → Grin2b → CD8	Masopust_053_6b:A0308	0.5341419663577489	202.0	True	
neutrophil → Vegfa → Grin2b → CD8	Masopust_054_A:A0312	0.5301737123894948	211.0	True	
neutrophil → Vegfa → Grin2b → CD8	Masopust_054_D:A0311	0.5341419663577489	206.0	True	
neutrophil → Vegfa → Ephb2 → CD8	Masopust_053_1a:A0310	0.5333557241015895	206.0	True	
neutrophil → Vegfa → Ephb2 → CD8	Masopust_053_1a:A0311	0.5333557241015895	207.0	True	
neutrophil → Vegfa → Ephb2 → CD8	Masopust_053_1b:A0310	0.5333557241015895	207.0	True	
neutrophil → Vegfa → Ephb2 → CD8	Masopust_053_1b:A0311	0.5333557241015895	211.0	True	
neutrophil → Vegfa → Ephb2 → CD8	Masopust_053_2a:A0307	0.5293874701333355	213.0	True	
neutrophil → Vegfa → Ephb2 → CD8	Masopust_053_2a:A0308	0.5333557241015895	210.0	True	
neutrophil → Vegfa → Ephb2 → CD8	Masopust_053_2a:A0310	0.5293874701333355	214.0	True	
neutrophil → Vegfa → Ephb2 → CD8	Masopust_053_2a:A0312	0.5293874701333355	213.0	True	
neutrophil → Vegfa → Ephb2 → CD8	Masopust_053_2b:A0307	0.5293874701333355	212.0	True	
neutrophil → Vegfa → Ephb2 → CD8	Masopust_053_2b:A0310	0.5293874701333355	214.0	True	
neutrophil → Vegfa → Ephb2 → CD8	Masopust_053_2b:A0312	0.5293874701333355	216.0	True	
neutrophil → Vegfa → Ephb2 → CD8	Masopust_053_3a:A0310	0.5293874701333355	213.0	True	
neutrophil → Vegfa → Ephb2 → CD8	Masopust_053_3a:A0311	0.5293874701333355	212.0	True	
neutrophil → Vegfa → Ephb2 → CD8	Masopust_053_3b:A0310	0.5293874701333355	214.0	True	
neutrophil → Vegfa → Ephb2 → CD8	Masopust_053_3b:A0311	0.5293874701333355	213.0	True	
neutrophil → Vegfa → Ephb2 → CD8	Masopust_053_6a:A0308	0.5333557241015895	207.0	True	
neutrophil → Vegfa → Ephb2 → CD8	Masopust_053_6b:A0308	0.5333557241015895	207.0	True	
neutrophil → Vegfa → Ephb2 → CD8	Masopust_054_A:A0312	0.5293874701333355	214.0	True	
neutrophil → Vegfa → Ephb2 → CD8	Masopust_054_D:A0311	0.5333557241015895	210.0	True	
fibroblast → Hspg2 → Ptprs → CD8	Masopust_053_1a:A0307	0.5347739005845967	198.0	True	
fibroblast → Hspg2 → Ptprs → CD8	Masopust_053_1a:A0309	0.5369384027490989	189.0	True	
fibroblast → Hspg2 → Ptprs → CD8	Masopust_053_1a:A0310	0.5347739005845967	197.0	True	
fibroblast → Hspg2 → Ptprs → CD8	Masopust_053_1a:A0311	0.5347739005845967	201.0	True	
fibroblast → Hspg2 → Ptprs → CD8	Masopust_053_1b:A0307	0.5347739005845967	200.0	True	
fibroblast → Hspg2 → Ptprs → CD8	Masopust_053_1b:A0310	0.5347739005845967	198.0	True	
fibroblast → Hspg2 → Ptprs → CD8	Masopust_053_1b:A0311	0.5369384027490989	195.0	True	
fibroblast → Hspg2 → Ptprs → CD8	Masopust_053_2a:A0307	0.5369384027490989	192.0	True	
fibroblast → Hspg2 → Ptprs → CD8	Masopust_053_2a:A0308	0.5347739005845967	202.0	True	
fibroblast → Hspg2 → Ptprs → CD8	Masopust_053_2a:A0309	0.5369384027490989	188.0	True	
fibroblast → Hspg2 → Ptprs → CD8	Masopust_053_2a:A0310	0.5347739005845967	198.0	True	
fibroblast → Hspg2 → Ptprs → CD8	Masopust_053_2a:A0312	0.5347739005845967	197.0	True	
fibroblast → Hspg2 → Ptprs → CD8	Masopust_053_2b:A0307	0.5369384027490989	192.0	True	
fibroblast → Hspg2 → Ptprs → CD8	Masopust_053_2b:A0308	0.5347739005845967	198.0	True	
fibroblast → Hspg2 → Ptprs → CD8	Masopust_053_2b:A0309	0.5369384027490989	189.0	True	
fibroblast → Hspg2 → Ptprs → CD8	Masopust_053_2b:A0310	0.5347739005845967	191.0	True	
fibroblast → Hspg2 → Ptprs → CD8	Masopust_053_2b:A0312	0.5347739005845967	192.0	True	
fibroblast → Hspg2 → Ptprs → CD8	Masopust_053_3a:A0307	0.5347739005845967	199.0	True	
fibroblast → Hspg2 → Ptprs → CD8	Masopust_053_3a:A0308	0.5347739005845967	197.0	True	
fibroblast → Hspg2 → Ptprs → CD8	Masopust_053_3a:A0310	0.5347739005845967	194.0	True	
fibroblast → Hspg2 → Ptprs → CD8	Masopust_053_3a:A0311	0.5347739005845967	195.0	True	
fibroblast → Hspg2 → Ptprs → CD8	Masopust_053_3b:A0307	0.5347739005845967	198.0	True	
fibroblast → Hspg2 → Ptprs → CD8	Masopust_053_3b:A0311	0.5369384027490989	193.0	True	
fibroblast → Hspg2 → Ptprs → CD8	Masopust_053_6a:A0308	0.5347739005845967	198.0	True	
fibroblast → Hspg2 → Ptprs → CD8	Masopust_053_6b:A0307	0.5347739005845967	201.0	True	
fibroblast → Hspg2 → Ptprs → CD8	Masopust_053_6b:A0308	0.5347739005845967	198.0	True	
fibroblast → Hspg2 → Ptprs → CD8	Masopust_054_A:A0312	0.5347739005845967	193.0	True	
fibroblast → Hspg2 → Ptprs → CD8	Masopust_054_B:A0311	0.5369384027490989	190.0	True	
fibroblast → Hspg2 → Ptprs → CD8	Masopust_054_C:A0311	0.5347739005845967	201.0	True	
fibroblast → Hspg2 → Ptprs → CD8	Masopust_054_C:A0312	0.5369384027490989	190.0	True	
fibroblast → Hspg2 → Ptprs → CD8	Masopust_054_C:A0313	0.5369384027490989	190.0	True	
fibroblast → Hspg2 → Ptprs → CD8	Masopust_054_D:A0311	0.5347739005845967	203.0	True	
fibroblast → Hspg2 → Ptprs → CD8	Masopust_054_D:A0312	0.5347739005845967	198.0	True	
fibroblast → Hspg2 → Ptprs → CD8	Masopust_054_D:A0313	0.5369384027490989	189.0	True	
neutrophil → Pdcd1lg2 → Pdcd2 → CD4	Masopust_053_1a:A0310	0.5317263680705107	211.0	True	
neutrophil → Pdcd1lg2 → Pdcd2 → CD4	Masopust_053_1a:A0311	0.5317263680705107	211.0	True	
neutrophil → Pdcd1lg2 → Pdcd2 → CD4	Masopust_053_1b:A0310	0.5356946220387646	193.0	True	
neutrophil → Pdcd1lg2 → Pdcd2 → CD4	Masopust_053_1b:A0311	0.5356946220387646	201.0	True	
neutrophil → Pdcd1lg2 → Pdcd2 → CD4	Masopust_053_2a:A0307	0.5317263680705107	206.0	True	
neutrophil → Pdcd1lg2 → Pdcd2 → CD4	Masopust_053_2a:A0308	0.5356946220387646	199.0	True	
neutrophil → Pdcd1lg2 → Pdcd2 → CD4	Masopust_053_2a:A0310	0.5317263680705107	206.0	True	
neutrophil → Pdcd1lg2 → Pdcd2 → CD4	Masopust_053_2a:A0312	0.5317263680705107	207.0	True	
neutrophil → Pdcd1lg2 → Pdcd2 → CD4	Masopust_053_2b:A0307	0.5317263680705107	206.0	True	
neutrophil → Pdcd1lg2 → Pdcd2 → CD4	Masopust_053_2b:A0310	0.5317263680705107	206.0	True	
neutrophil → Pdcd1lg2 → Pdcd2 → CD4	Masopust_053_2b:A0312	0.5317263680705107	206.0	True	
neutrophil → Pdcd1lg2 → Pdcd2 → CD4	Masopust_053_3a:A0310	0.5317263680705107	206.0	True	
neutrophil → Pdcd1lg2 → Pdcd2 → CD4	Masopust_053_3a:A0311	0.5356946220387646	191.0	True	
neutrophil → Pdcd1lg2 → Pdcd2 → CD4	Masopust_053_3b:A0310	0.5317263680705107	206.0	True	
neutrophil → Pdcd1lg2 → Pdcd2 → CD4	Masopust_053_3b:A0311	0.5356946220387646	198.0	True	
neutrophil → Pdcd1lg2 → Pdcd2 → CD4	Masopust_053_6a:A0308	0.5317263680705107	211.0	True	
neutrophil → Pdcd1lg2 → Pdcd2 → CD4	Masopust_053_6b:A0308	0.5317263680705107	211.0	True	
neutrophil → Pdcd1lg2 → Pdcd2 → CD4	Masopust_054_A:A0312	0.5317263680705107	207.0	True	
neutrophil → Pdcd1lg2 → Pdcd2 → CD4	Masopust_054_D:A0311	0.5356946220387646	200.0	True	
fibroblast → Col1a2 → Itgb3 → CD4	Masopust_053_1a:A0307	0.5194976943011288	224.0	True	
fibroblast → Col1a2 → Itgb3 → CD4	Masopust_053_1a:A0309	0.5194976943011288	225.0	True	
fibroblast → Col1a2 → Itgb3 → CD4	Masopust_053_1a:A0310	0.5194976943011288	226.0	True	
fibroblast → Col1a2 → Itgb3 → CD4	Masopust_053_1a:A0311	0.5194976943011288	226.0	True	
fibroblast → Col1a2 → Itgb3 → CD4	Masopust_053_1b:A0307	0.521662196465631	222.0	True	
fibroblast → Col1a2 → Itgb3 → CD4	Masopust_053_1b:A0310	0.521662196465631	222.0	True	
fibroblast → Col1a2 → Itgb3 → CD4	Masopust_053_1b:A0311	0.5194976943011288	227.0	True	
fibroblast → Col1a2 → Itgb3 → CD4	Masopust_053_2a:A0307	0.521662196465631	221.0	True	
fibroblast → Col1a2 → Itgb3 → CD4	Masopust_053_2a:A0308	0.521662196465631	221.0	True	
fibroblast → Col1a2 → Itgb3 → CD4	Masopust_053_2a:A0309	0.5194976943011288	224.0	True	
fibroblast → Col1a2 → Itgb3 → CD4	Masopust_053_2a:A0310	0.5194976943011288	224.0	True	
fibroblast → Col1a2 → Itgb3 → CD4	Masopust_053_2a:A0312	0.5194976943011288	225.0	True	
fibroblast → Col1a2 → Itgb3 → CD4	Masopust_053_2b:A0307	0.5194976943011288	224.0	True	
fibroblast → Col1a2 → Itgb3 → CD4	Masopust_053_2b:A0308	0.521662196465631	222.0	True	
fibroblast → Col1a2 → Itgb3 → CD4	Masopust_053_2b:A0309	0.5194976943011288	225.0	True	
fibroblast → Col1a2 → Itgb3 → CD4	Masopust_053_2b:A0310	0.521662196465631	220.0	True	
fibroblast → Col1a2 → Itgb3 → CD4	Masopust_053_2b:A0312	0.521662196465631	220.0	True	
fibroblast → Col1a2 → Itgb3 → CD4	Masopust_053_3a:A0307	0.521662196465631	222.0	True	
fibroblast → Col1a2 → Itgb3 → CD4	Masopust_053_3a:A0308	0.521662196465631	221.0	True	
fibroblast → Col1a2 → Itgb3 → CD4	Masopust_053_3a:A0310	0.521662196465631	221.0	True	
fibroblast → Col1a2 → Itgb3 → CD4	Masopust_053_3a:A0311	0.5194976943011288	225.0	True	
fibroblast → Col1a2 → Itgb3 → CD4	Masopust_053_3b:A0307	0.5194976943011288	225.0	True	
fibroblast → Col1a2 → Itgb3 → CD4	Masopust_053_3b:A0311	0.5194976943011288	225.0	True	
fibroblast → Col1a2 → Itgb3 → CD4	Masopust_053_6a:A0308	0.521662196465631	221.0	True	
fibroblast → Col1a2 → Itgb3 → CD4	Masopust_053_6b:A0307	0.521662196465631	222.0	True	
fibroblast → Col1a2 → Itgb3 → CD4	Masopust_053_6b:A0308	0.521662196465631	221.0	True	
fibroblast → Col1a2 → Itgb3 → CD4	Masopust_054_A:A0312	0.5194976943011288	224.0	True	
fibroblast → Col1a2 → Itgb3 → CD4	Masopust_054_B:A0311	0.521662196465631	221.0	True	
fibroblast → Col1a2 → Itgb3 → CD4	Masopust_054_C:A0311	0.521662196465631	223.0	True	
fibroblast → Col1a2 → Itgb3 → CD4	Masopust_054_C:A0312	0.5194976943011288	224.0	True	
fibroblast → Col1a2 → Itgb3 → CD4	Masopust_054_C:A0313	0.521662196465631	221.0	True	
fibroblast → Col1a2 → Itgb3 → CD4	Masopust_054_D:A0311	0.5194976943011288	227.0	True	
fibroblast → Col1a2 → Itgb3 → CD4	Masopust_054_D:A0312	0.5194976943011288	224.0	True	
fibroblast → Col1a2 → Itgb3 → CD4	Masopust_054_D:A0313	0.5194976943011288	225.0	True	
fibroblast → Adam10 → Cd44 → CD8	Masopust_053_1a:A0307	0.5193127811535626	225.0	True	
fibroblast → Adam10 → Cd44 → CD8	Masopust_053_1a:A0309	0.5214772833180648	221.0	True	
fibroblast → Adam10 → Cd44 → CD8	Masopust_053_1a:A0310	0.5193127811535626	227.0	True	
fibroblast → Adam10 → Cd44 → CD8	Masopust_053_1a:A0311	0.5193127811535626	228.0	True	
fibroblast → Adam10 → Cd44 → CD8	Masopust_053_1b:A0307	0.5214772833180648	223.0	True	
fibroblast → Adam10 → Cd44 → CD8	Masopust_053_1b:A0310	0.5214772833180648	224.0	True	
fibroblast → Adam10 → Cd44 → CD8	Masopust_053_1b:A0311	0.5214772833180648	224.0	True	
fibroblast → Adam10 → Cd44 → CD8	Masopust_053_2a:A0307	0.5214772833180648	223.0	True	
fibroblast → Adam10 → Cd44 → CD8	Masopust_053_2a:A0308	0.5214772833180648	223.0	True	
fibroblast → Adam10 → Cd44 → CD8	Masopust_053_2a:A0309	0.5193127811535626	225.0	True	
fibroblast → Adam10 → Cd44 → CD8	Masopust_053_2a:A0310	0.5193127811535626	225.0	True	
fibroblast → Adam10 → Cd44 → CD8	Masopust_053_2a:A0312	0.5214772833180648	221.0	True	
fibroblast → Adam10 → Cd44 → CD8	Masopust_053_2b:A0307	0.5193127811535626	225.0	True	
fibroblast → Adam10 → Cd44 → CD8	Masopust_053_2b:A0308	0.5193127811535626	227.0	True	
fibroblast → Adam10 → Cd44 → CD8	Masopust_053_2b:A0309	0.5214772833180648	221.0	True	
fibroblast → Adam10 → Cd44 → CD8	Masopust_053_2b:A0310	0.5193127811535626	227.0	True	
fibroblast → Adam10 → Cd44 → CD8	Masopust_053_2b:A0312	0.5193127811535626	227.0	True	
fibroblast → Adam10 → Cd44 → CD8	Masopust_053_3a:A0307	0.5193127811535626	228.0	True	
fibroblast → Adam10 → Cd44 → CD8	Masopust_053_3a:A0308	0.5193127811535626	228.0	True	
fibroblast → Adam10 → Cd44 → CD8	Masopust_053_3a:A0310	0.5193127811535626	228.0	True	
fibroblast → Adam10 → Cd44 → CD8	Masopust_053_3a:A0311	0.5214772833180648	222.0	True	
fibroblast → Adam10 → Cd44 → CD8	Masopust_053_3b:A0307	0.5214772833180648	222.0	True	
fibroblast → Adam10 → Cd44 → CD8	Masopust_053_3b:A0311	0.5214772833180648	221.0	True	
fibroblast → Adam10 → Cd44 → CD8	Masopust_053_6a:A0308	0.5214772833180648	223.0	True	
fibroblast → Adam10 → Cd44 → CD8	Masopust_053_6b:A0307	0.5214772833180648	223.0	True	
fibroblast → Adam10 → Cd44 → CD8	Masopust_053_6b:A0308	0.5193127811535626	227.0	True	
fibroblast → Adam10 → Cd44 → CD8	Masopust_054_A:A0312	0.5193127811535626	226.0	True	
fibroblast → Adam10 → Cd44 → CD8	Masopust_054_B:A0311	0.5214772833180648	222.0	True	
fibroblast → Adam10 → Cd44 → CD8	Masopust_054_C:A0311	0.5193127811535626	227.0	True	
fibroblast → Adam10 → Cd44 → CD8	Masopust_054_C:A0312	0.5193127811535626	226.0	True	
fibroblast → Adam10 → Cd44 → CD8	Masopust_054_C:A0313	0.5193127811535626	227.0	True	
fibroblast → Adam10 → Cd44 → CD8	Masopust_054_D:A0311	0.5214772833180648	223.0	True	
fibroblast → Adam10 → Cd44 → CD8	Masopust_054_D:A0312	0.5193127811535626	225.0	True	
fibroblast → Adam10 → Cd44 → CD8	Masopust_054_D:A0313	0.5214772833180648	222.0	True	
fibroblast → Col1a2 → Cd44 → CD4	Masopust_053_1a:A0307	0.5185700505163421	227.0	True	
fibroblast → Col1a2 → Cd44 → CD4	Masopust_053_1a:A0309	0.5185700505163421	228.0	True	
fibroblast → Col1a2 → Cd44 → CD4	Masopust_053_1a:A0310	0.5185700505163421	229.0	True	
fibroblast → Col1a2 → Cd44 → CD4	Masopust_053_1a:A0311	0.5185700505163421	229.0	True	
fibroblast → Col1a2 → Cd44 → CD4	Masopust_053_1b:A0307	0.5207345526808443	225.0	True	
fibroblast → Col1a2 → Cd44 → CD4	Masopust_053_1b:A0310	0.5207345526808443	225.0	True	
fibroblast → Col1a2 → Cd44 → CD4	Masopust_053_1b:A0311	0.5185700505163421	230.0	True	
fibroblast → Col1a2 → Cd44 → CD4	Masopust_053_2a:A0307	0.5207345526808443	224.0	True	
fibroblast → Col1a2 → Cd44 → CD4	Masopust_053_2a:A0308	0.5207345526808443	226.0	True	
fibroblast → Col1a2 → Cd44 → CD4	Masopust_053_2a:A0309	0.5185700505163421	227.0	True	
fibroblast → Col1a2 → Cd44 → CD4	Masopust_053_2a:A0310	0.5185700505163421	227.0	True	
fibroblast → Col1a2 → Cd44 → CD4	Masopust_053_2a:A0312	0.5185700505163421	226.0	True	
fibroblast → Col1a2 → Cd44 → CD4	Masopust_053_2b:A0307	0.5185700505163421	227.0	True	
fibroblast → Col1a2 → Cd44 → CD4	Masopust_053_2b:A0308	0.5207345526808443	224.0	True	
fibroblast → Col1a2 → Cd44 → CD4	Masopust_053_2b:A0309	0.5185700505163421	227.0	True	
fibroblast → Col1a2 → Cd44 → CD4	Masopust_053_2b:A0310	0.5207345526808443	223.0	True	
fibroblast → Col1a2 → Cd44 → CD4	Masopust_053_2b:A0312	0.5207345526808443	224.0	True	
fibroblast → Col1a2 → Cd44 → CD4	Masopust_053_3a:A0307	0.5207345526808443	223.0	True	
fibroblast → Col1a2 → Cd44 → CD4	Masopust_053_3a:A0308	0.5207345526808443	223.0	True	
fibroblast → Col1a2 → Cd44 → CD4	Masopust_053_3a:A0310	0.5207345526808443	223.0	True	
fibroblast → Col1a2 → Cd44 → CD4	Masopust_053_3a:A0311	0.5185700505163421	227.0	True	
fibroblast → Col1a2 → Cd44 → CD4	Masopust_053_3b:A0307	0.5185700505163421	227.0	True	
fibroblast → Col1a2 → Cd44 → CD4	Masopust_053_3b:A0311	0.5185700505163421	226.0	True	
fibroblast → Col1a2 → Cd44 → CD4	Masopust_053_6a:A0308	0.5207345526808443	225.0	True	
fibroblast → Col1a2 → Cd44 → CD4	Masopust_053_6b:A0307	0.5207345526808443	225.0	True	
fibroblast → Col1a2 → Cd44 → CD4	Masopust_053_6b:A0308	0.5207345526808443	224.0	True	
fibroblast → Col1a2 → Cd44 → CD4	Masopust_054_A:A0312	0.5185700505163421	227.0	True	
fibroblast → Col1a2 → Cd44 → CD4	Masopust_054_B:A0311	0.5207345526808443	225.0	True	
fibroblast → Col1a2 → Cd44 → CD4	Masopust_054_C:A0311	0.5207345526808443	224.0	True	
fibroblast → Col1a2 → Cd44 → CD4	Masopust_054_C:A0312	0.5185700505163421	228.0	True	
fibroblast → Col1a2 → Cd44 → CD4	Masopust_054_C:A0313	0.5207345526808443	223.0	True	
fibroblast → Col1a2 → Cd44 → CD4	Masopust_054_D:A0311	0.5185700505163421	230.0	True	
fibroblast → Col1a2 → Cd44 → CD4	Masopust_054_D:A0312	0.5185700505163421	227.0	True	
fibroblast → Col1a2 → Cd44 → CD4	Masopust_054_D:A0313	0.5185700505163421	227.0	True	
fibroblast → Col1a2 → Itga1_Itgb1 → CD4	Masopust_053_1a:A0307	0.5182132644452703	229.0	True	
fibroblast → Col1a2 → Itga1_Itgb1 → CD4	Masopust_053_1a:A0309	0.5182132644452703	230.0	True	
fibroblast → Col1a2 → Itga1_Itgb1 → CD4	Masopust_053_1a:A0310	0.5182132644452703	231.0	True	
fibroblast → Col1a2 → Itga1_Itgb1 → CD4	Masopust_053_1a:A0311	0.5182132644452703	230.0	True	
fibroblast → Col1a2 → Itga1_Itgb1 → CD4	Masopust_053_1b:A0307	0.5203777666097725	226.0	True	
fibroblast → Col1a2 → Itga1_Itgb1 → CD4	Masopust_053_1b:A0310	0.5203777666097725	226.0	True	
fibroblast → Col1a2 → Itga1_Itgb1 → CD4	Masopust_053_1b:A0311	0.5182132644452703	231.0	True	
fibroblast → Col1a2 → Itga1_Itgb1 → CD4	Masopust_053_2a:A0307	0.5203777666097725	226.0	True	
fibroblast → Col1a2 → Itga1_Itgb1 → CD4	Masopust_053_2a:A0308	0.5203777666097725	227.0	True	
fibroblast → Col1a2 → Itga1_Itgb1 → CD4	Masopust_053_2a:A0309	0.5182132644452703	229.0	True	
fibroblast → Col1a2 → Itga1_Itgb1 → CD4	Masopust_053_2a:A0310	0.5182132644452703	228.0	True	
fibroblast → Col1a2 → Itga1_Itgb1 → CD4	Masopust_053_2a:A0312	0.5182132644452703	228.0	True	
fibroblast → Col1a2 → Itga1_Itgb1 → CD4	Masopust_053_2b:A0307	0.5182132644452703	228.0	True	
fibroblast → Col1a2 → Itga1_Itgb1 → CD4	Masopust_053_2b:A0308	0.5203777666097725	226.0	True	
fibroblast → Col1a2 → Itga1_Itgb1 → CD4	Masopust_053_2b:A0309	0.5182132644452703	229.0	True	
fibroblast → Col1a2 → Itga1_Itgb1 → CD4	Masopust_053_2b:A0310	0.5203777666097725	225.0	True	
fibroblast → Col1a2 → Itga1_Itgb1 → CD4	Masopust_053_2b:A0312	0.5203777666097725	226.0	True	
fibroblast → Col1a2 → Itga1_Itgb1 → CD4	Masopust_053_3a:A0307	0.5203777666097725	225.0	True	
fibroblast → Col1a2 → Itga1_Itgb1 → CD4	Masopust_053_3a:A0308	0.5203777666097725	225.0	True	
fibroblast → Col1a2 → Itga1_Itgb1 → CD4	Masopust_053_3a:A0310	0.5203777666097725	225.0	True	
fibroblast → Col1a2 → Itga1_Itgb1 → CD4	Masopust_053_3a:A0311	0.5182132644452703	229.0	True	
fibroblast → Col1a2 → Itga1_Itgb1 → CD4	Masopust_053_3b:A0307	0.5182132644452703	229.0	True	
fibroblast → Col1a2 → Itga1_Itgb1 → CD4	Masopust_053_3b:A0311	0.5182132644452703	228.0	True	
fibroblast → Col1a2 → Itga1_Itgb1 → CD4	Masopust_053_6a:A0308	0.5203777666097725	227.0	True	
fibroblast → Col1a2 → Itga1_Itgb1 → CD4	Masopust_053_6b:A0307	0.5203777666097725	227.0	True	
fibroblast → Col1a2 → Itga1_Itgb1 → CD4	Masopust_053_6b:A0308	0.5203777666097725	226.0	True	
fibroblast → Col1a2 → Itga1_Itgb1 → CD4	Masopust_054_A:A0312	0.5182132644452703	229.0	True	
fibroblast → Col1a2 → Itga1_Itgb1 → CD4	Masopust_054_B:A0311	0.5203777666097725	227.0	True	
fibroblast → Col1a2 → Itga1_Itgb1 → CD4	Masopust_054_C:A0311	0.5203777666097725	225.0	True	
fibroblast → Col1a2 → Itga1_Itgb1 → CD4	Masopust_054_C:A0312	0.5182132644452703	229.0	True	
fibroblast → Col1a2 → Itga1_Itgb1 → CD4	Masopust_054_C:A0313	0.5203777666097725	225.0	True	
fibroblast → Col1a2 → Itga1_Itgb1 → CD4	Masopust_054_D:A0311	0.5182132644452703	232.0	True	
fibroblast → Col1a2 → Itga1_Itgb1 → CD4	Masopust_054_D:A0312	0.5182132644452703	228.0	True	
fibroblast → Col1a2 → Itga1_Itgb1 → CD4	Masopust_054_D:A0313	0.5182132644452703	229.0	True	
fibroblast → Col1a2 → Itgav_Itgb8 → CD4	Masopust_053_1a:A0307	0.5168574773751976	232.0	True	
fibroblast → Col1a2 → Itgav_Itgb8 → CD4	Masopust_053_1a:A0309	0.5168574773751976	232.0	True	
fibroblast → Col1a2 → Itgav_Itgb8 → CD4	Masopust_053_1a:A0310	0.5168574773751976	233.0	True	
fibroblast → Col1a2 → Itgav_Itgb8 → CD4	Masopust_053_1a:A0311	0.5168574773751976	231.0	True	
fibroblast → Col1a2 → Itgav_Itgb8 → CD4	Masopust_053_1b:A0307	0.5190219795396998	228.0	True	
fibroblast → Col1a2 → Itgav_Itgb8 → CD4	Masopust_053_1b:A0310	0.5190219795396998	228.0	True	
fibroblast → Col1a2 → Itgav_Itgb8 → CD4	Masopust_053_1b:A0311	0.5168574773751976	232.0	True	
fibroblast → Col1a2 → Itgav_Itgb8 → CD4	Masopust_053_2a:A0307	0.5190219795396998	229.0	True	
fibroblast → Col1a2 → Itgav_Itgb8 → CD4	Masopust_053_2a:A0308	0.5190219795396998	228.0	True	
fibroblast → Col1a2 → Itgav_Itgb8 → CD4	Masopust_053_2a:A0309	0.5168574773751976	232.0	True	
fibroblast → Col1a2 → Itgav_Itgb8 → CD4	Masopust_053_2a:A0310	0.5168574773751976	232.0	True	
fibroblast → Col1a2 → Itgav_Itgb8 → CD4	Masopust_053_2a:A0312	0.5168574773751976	232.0	True	
fibroblast → Col1a2 → Itgav_Itgb8 → CD4	Masopust_053_2b:A0307	0.5168574773751976	232.0	True	
fibroblast → Col1a2 → Itgav_Itgb8 → CD4	Masopust_053_2b:A0308	0.5190219795396998	228.0	True	
fibroblast → Col1a2 → Itgav_Itgb8 → CD4	Masopust_053_2b:A0309	0.5168574773751976	232.0	True	
fibroblast → Col1a2 → Itgav_Itgb8 → CD4	Masopust_053_2b:A0310	0.5190219795396998	228.0	True	
fibroblast → Col1a2 → Itgav_Itgb8 → CD4	Masopust_053_2b:A0312	0.5190219795396998	228.0	True	
fibroblast → Col1a2 → Itgav_Itgb8 → CD4	Masopust_053_3a:A0307	0.5190219795396998	229.0	True	
fibroblast → Col1a2 → Itgav_Itgb8 → CD4	Masopust_053_3a:A0308	0.5190219795396998	229.0	True	
fibroblast → Col1a2 → Itgav_Itgb8 → CD4	Masopust_053_3a:A0310	0.5190219795396998	229.0	True	
fibroblast → Col1a2 → Itgav_Itgb8 → CD4	Masopust_053_3a:A0311	0.5168574773751976	232.0	True	
fibroblast → Col1a2 → Itgav_Itgb8 → CD4	Masopust_053_3b:A0307	0.5168574773751976	232.0	True	
fibroblast → Col1a2 → Itgav_Itgb8 → CD4	Masopust_053_3b:A0311	0.5168574773751976	232.0	True	
fibroblast → Col1a2 → Itgav_Itgb8 → CD4	Masopust_053_6a:A0308	0.5190219795396998	229.0	True	
fibroblast → Col1a2 → Itgav_Itgb8 → CD4	Masopust_053_6b:A0307	0.5190219795396998	228.0	True	
fibroblast → Col1a2 → Itgav_Itgb8 → CD4	Masopust_053_6b:A0308	0.5190219795396998	229.0	True	
fibroblast → Col1a2 → Itgav_Itgb8 → CD4	Masopust_054_A:A0312	0.5168574773751976	232.0	True	
fibroblast → Col1a2 → Itgav_Itgb8 → CD4	Masopust_054_B:A0311	0.5190219795396998	228.0	True	
fibroblast → Col1a2 → Itgav_Itgb8 → CD4	Masopust_054_C:A0311	0.5190219795396998	228.0	True	
fibroblast → Col1a2 → Itgav_Itgb8 → CD4	Masopust_054_C:A0312	0.5168574773751976	232.0	True	
fibroblast → Col1a2 → Itgav_Itgb8 → CD4	Masopust_054_C:A0313	0.5190219795396998	228.0	True	
fibroblast → Col1a2 → Itgav_Itgb8 → CD4	Masopust_054_D:A0311	0.5168574773751976	233.0	True	
fibroblast → Col1a2 → Itgav_Itgb8 → CD4	Masopust_054_D:A0312	0.5168574773751976	232.0	True	
fibroblast → Col1a2 → Itgav_Itgb8 → CD4	Masopust_054_D:A0313	0.5168574773751976	232.0	True	
neutrophil → Hdc → Hrh2 → CD8	Masopust_053_1a:A0310	0.5381765537762119	184.0	True	
neutrophil → Hdc → Hrh2 → CD8	Masopust_053_1a:A0311	0.5381765537762119	185.0	True	
neutrophil → Hdc → Hrh2 → CD8	Masopust_053_1b:A0310	0.5342082998079579	200.0	True	
neutrophil → Hdc → Hrh2 → CD8	Masopust_053_1b:A0311	0.5381765537762119	186.0	True	
neutrophil → Hdc → Hrh2 → CD8	Masopust_053_2a:A0307	0.5342082998079579	202.0	True	
neutrophil → Hdc → Hrh2 → CD8	Masopust_053_2a:A0308	0.5342082998079579	204.0	True	
neutrophil → Hdc → Hrh2 → CD8	Masopust_053_2a:A0310	0.5342082998079579	199.0	True	
neutrophil → Hdc → Hrh2 → CD8	Masopust_053_2a:A0312	0.5342082998079579	198.0	True	
neutrophil → Hdc → Hrh2 → CD8	Masopust_053_2b:A0307	0.5342082998079579	198.0	True	
neutrophil → Hdc → Hrh2 → CD8	Masopust_053_2b:A0310	0.5342082998079579	192.0	True	
neutrophil → Hdc → Hrh2 → CD8	Masopust_053_2b:A0312	0.5342082998079579	193.0	True	
neutrophil → Hdc → Hrh2 → CD8	Masopust_053_3a:A0310	0.5342082998079579	195.0	True	
neutrophil → Hdc → Hrh2 → CD8	Masopust_053_3a:A0311	0.5342082998079579	196.0	True	
neutrophil → Hdc → Hrh2 → CD8	Masopust_053_3b:A0310	0.5342082998079579	194.0	True	
neutrophil → Hdc → Hrh2 → CD8	Masopust_053_3b:A0311	0.5342082998079579	199.0	True	
neutrophil → Hdc → Hrh2 → CD8	Masopust_053_6a:A0308	0.5342082998079579	200.0	True	
neutrophil → Hdc → Hrh2 → CD8	Masopust_053_6b:A0308	0.5342082998079579	200.0	True	
neutrophil → Hdc → Hrh2 → CD8	Masopust_054_A:A0312	0.5342082998079579	194.0	True	
neutrophil → Hdc → Hrh2 → CD8	Masopust_054_D:A0311	0.5381765537762119	187.0	True	
neutrophil → Gpi1 → Amfr → CD8	Masopust_053_1a:A0310	0.5386446218856039	183.0	True	
neutrophil → Gpi1 → Amfr → CD8	Masopust_053_1a:A0311	0.5386446218856039	182.0	True	
neutrophil → Gpi1 → Amfr → CD8	Masopust_053_1b:A0310	0.5386446218856039	183.0	True	
neutrophil → Gpi1 → Amfr → CD8	Masopust_053_1b:A0311	0.5426128758538579	176.0	True	
neutrophil → Gpi1 → Amfr → CD8	Masopust_053_2a:A0307	0.5386446218856039	185.0	True	
neutrophil → Gpi1 → Amfr → CD8	Masopust_053_2a:A0308	0.5386446218856039	183.0	True	
neutrophil → Gpi1 → Amfr → CD8	Masopust_053_2a:A0310	0.5386446218856039	183.0	True	
neutrophil → Gpi1 → Amfr → CD8	Masopust_053_2a:A0312	0.5386446218856039	184.0	True	
neutrophil → Gpi1 → Amfr → CD8	Masopust_053_2b:A0307	0.5386446218856039	183.0	True	
neutrophil → Gpi1 → Amfr → CD8	Masopust_053_2b:A0310	0.5386446218856039	182.0	True	
neutrophil → Gpi1 → Amfr → CD8	Masopust_053_2b:A0312	0.5386446218856039	184.0	True	
neutrophil → Gpi1 → Amfr → CD8	Masopust_053_3a:A0310	0.5386446218856039	183.0	True	
neutrophil → Gpi1 → Amfr → CD8	Masopust_053_3a:A0311	0.5386446218856039	183.0	True	
neutrophil → Gpi1 → Amfr → CD8	Masopust_053_3b:A0310	0.5386446218856039	183.0	True	
neutrophil → Gpi1 → Amfr → CD8	Masopust_053_3b:A0311	0.5386446218856039	184.0	True	
neutrophil → Gpi1 → Amfr → CD8	Masopust_053_6a:A0308	0.5386446218856039	184.0	True	
neutrophil → Gpi1 → Amfr → CD8	Masopust_053_6b:A0308	0.5386446218856039	184.0	True	
neutrophil → Gpi1 → Amfr → CD8	Masopust_054_A:A0312	0.5386446218856039	182.0	True	
neutrophil → Gpi1 → Amfr → CD8	Masopust_054_D:A0311	0.5426128758538579	176.0	True	
neutrophil → Arf6 → Smap1 → CD8	Masopust_053_1a:A0310	0.5191748984829633	228.0	True	
neutrophil → Arf6 → Smap1 → CD8	Masopust_053_1a:A0311	0.5152066445147093	233.0	True	
neutrophil → Arf6 → Smap1 → CD8	Masopust_053_1b:A0310	0.5152066445147093	233.0	True	
neutrophil → Arf6 → Smap1 → CD8	Masopust_053_1b:A0311	0.5191748984829633	229.0	True	
neutrophil → Arf6 → Smap1 → CD8	Masopust_053_2a:A0307	0.5152066445147093	234.0	True	
neutrophil → Arf6 → Smap1 → CD8	Masopust_053_2a:A0308	0.5152066445147093	233.0	True	
neutrophil → Arf6 → Smap1 → CD8	Masopust_053_2a:A0310	0.5191748984829633	226.0	True	
neutrophil → Arf6 → Smap1 → CD8	Masopust_053_2a:A0312	0.5152066445147093	233.0	True	
neutrophil → Arf6 → Smap1 → CD8	Masopust_053_2b:A0307	0.5191748984829633	226.0	True	
neutrophil → Arf6 → Smap1 → CD8	Masopust_053_2b:A0310	0.5152066445147093	233.0	True	
neutrophil → Arf6 → Smap1 → CD8	Masopust_053_2b:A0312	0.5152066445147093	234.0	True	
neutrophil → Arf6 → Smap1 → CD8	Masopust_053_3a:A0310	0.5152066445147093	234.0	True	
neutrophil → Arf6 → Smap1 → CD8	Masopust_053_3a:A0311	0.5152066445147093	234.0	True	
neutrophil → Arf6 → Smap1 → CD8	Masopust_053_3b:A0310	0.5152066445147093	234.0	True	
neutrophil → Arf6 → Smap1 → CD8	Masopust_053_3b:A0311	0.5152066445147093	234.0	True	
neutrophil → Arf6 → Smap1 → CD8	Masopust_053_6a:A0308	0.5191748984829633	228.0	True	
neutrophil → Arf6 → Smap1 → CD8	Masopust_053_6b:A0308	0.5191748984829633	228.0	True	
neutrophil → Arf6 → Smap1 → CD8	Masopust_054_A:A0312	0.5152066445147093	234.0	True	
neutrophil → Arf6 → Smap1 → CD8	Masopust_054_D:A0311	0.5191748984829633	229.0	True	
fibroblast → Hspg2 → Ptprs → CD4	Masopust_053_1a:A0307	0.5119450097541736	235.0	True	
fibroblast → Hspg2 → Ptprs → CD4	Masopust_053_1a:A0309	0.5119450097541736	240.0	True	
fibroblast → Hspg2 → Ptprs → CD4	Masopust_053_1a:A0310	0.5119450097541736	235.0	True	
fibroblast → Hspg2 → Ptprs → CD4	Masopust_053_1a:A0311	0.5119450097541736	240.0	True	
fibroblast → Hspg2 → Ptprs → CD4	Masopust_053_1b:A0307	0.5141095119186757	235.0	True	
fibroblast → Hspg2 → Ptprs → CD4	Masopust_053_1b:A0310	0.5119450097541736	240.0	True	
fibroblast → Hspg2 → Ptprs → CD4	Masopust_053_1b:A0311	0.5119450097541736	240.0	True	
fibroblast → Hspg2 → Ptprs → CD4	Masopust_053_2a:A0307	0.5141095119186757	235.0	True	
fibroblast → Hspg2 → Ptprs → CD4	Masopust_053_2a:A0308	0.5141095119186757	235.0	True	
fibroblast → Hspg2 → Ptprs → CD4	Masopust_053_2a:A0309	0.5119450097541736	240.0	True	
fibroblast → Hspg2 → Ptprs → CD4	Masopust_053_2a:A0310	0.5119450097541736	240.0	True	
fibroblast → Hspg2 → Ptprs → CD4	Masopust_053_2a:A0312	0.5119450097541736	240.0	True	
fibroblast → Hspg2 → Ptprs → CD4	Masopust_053_2b:A0307	0.5119450097541736	235.0	True	
fibroblast → Hspg2 → Ptprs → CD4	Masopust_053_2b:A0308	0.5141095119186757	235.0	True	
fibroblast → Hspg2 → Ptprs → CD4	Masopust_053_2b:A0309	0.5119450097541736	240.0	True	
fibroblast → Hspg2 → Ptprs → CD4	Masopust_053_2b:A0310	0.5141095119186757	235.0	True	
fibroblast → Hspg2 → Ptprs → CD4	Masopust_053_2b:A0312	0.5141095119186757	235.0	True	
fibroblast → Hspg2 → Ptprs → CD4	Masopust_053_3a:A0307	0.5141095119186757	235.0	True	
fibroblast → Hspg2 → Ptprs → CD4	Masopust_053_3a:A0308	0.5141095119186757	235.0	True	
fibroblast → Hspg2 → Ptprs → CD4	Masopust_053_3a:A0310	0.5141095119186757	235.0	True	
fibroblast → Hspg2 → Ptprs → CD4	Masopust_053_3a:A0311	0.5141095119186757	235.0	True	
fibroblast → Hspg2 → Ptprs → CD4	Masopust_053_3b:A0307	0.5119450097541736	235.0	True	
fibroblast → Hspg2 → Ptprs → CD4	Masopust_053_3b:A0311	0.5119450097541736	240.0	True	
fibroblast → Hspg2 → Ptprs → CD4	Masopust_053_6a:A0308	0.5119450097541736	240.0	True	
fibroblast → Hspg2 → Ptprs → CD4	Masopust_053_6b:A0307	0.5119450097541736	240.0	True	
fibroblast → Hspg2 → Ptprs → CD4	Masopust_053_6b:A0308	0.5119450097541736	240.0	True	
fibroblast → Hspg2 → Ptprs → CD4	Masopust_054_A:A0312	0.5141095119186757	235.0	True	
fibroblast → Hspg2 → Ptprs → CD4	Masopust_054_B:A0311	0.5141095119186757	235.0	True	
fibroblast → Hspg2 → Ptprs → CD4	Masopust_054_C:A0311	0.5141095119186757	235.0	True	
fibroblast → Hspg2 → Ptprs → CD4	Masopust_054_C:A0312	0.5119450097541736	235.0	True	
fibroblast → Hspg2 → Ptprs → CD4	Masopust_054_C:A0313	0.5141095119186757	235.0	True	
fibroblast → Hspg2 → Ptprs → CD4	Masopust_054_D:A0311	0.5119450097541736	240.0	True	
fibroblast → Hspg2 → Ptprs → CD4	Masopust_054_D:A0312	0.5119450097541736	235.0	True	
fibroblast → Hspg2 → Ptprs → CD4	Masopust_054_D:A0313	0.5119450097541736	240.0	True	
fibroblast → Col1a2 → Itga3_Itgb1 → CD4	Masopust_053_1a:A0307	0.5065491746371541	244.0	True	
fibroblast → Col1a2 → Itga3_Itgb1 → CD4	Masopust_053_1a:A0309	0.5065491746371541	244.0	True	
fibroblast → Col1a2 → Itga3_Itgb1 → CD4	Masopust_053_1a:A0310	0.5065491746371541	244.0	True	
fibroblast → Col1a2 → Itga3_Itgb1 → CD4	Masopust_053_1a:A0311	0.5065491746371541	244.0	True	
fibroblast → Col1a2 → Itga3_Itgb1 → CD4	Masopust_053_1b:A0307	0.5087136768016562	244.0	True	
fibroblast → Col1a2 → Itga3_Itgb1 → CD4	Masopust_053_1b:A0310	0.5087136768016562	244.0	True	
fibroblast → Col1a2 → Itga3_Itgb1 → CD4	Masopust_053_1b:A0311	0.5065491746371541	244.0	True	
fibroblast → Col1a2 → Itga3_Itgb1 → CD4	Masopust_053_2a:A0307	0.5087136768016562	242.0	True	
fibroblast → Col1a2 → Itga3_Itgb1 → CD4	Masopust_053_2a:A0308	0.5087136768016562	242.0	True	
fibroblast → Col1a2 → Itga3_Itgb1 → CD4	Masopust_053_2a:A0309	0.5065491746371541	244.0	True	
fibroblast → Col1a2 → Itga3_Itgb1 → CD4	Masopust_053_2a:A0310	0.5065491746371541	244.0	True	
fibroblast → Col1a2 → Itga3_Itgb1 → CD4	Masopust_053_2a:A0312	0.5065491746371541	244.0	True	
fibroblast → Col1a2 → Itga3_Itgb1 → CD4	Masopust_053_2b:A0307	0.5065491746371541	244.0	True	
fibroblast → Col1a2 → Itga3_Itgb1 → CD4	Masopust_053_2b:A0308	0.5087136768016562	242.0	True	
fibroblast → Col1a2 → Itga3_Itgb1 → CD4	Masopust_053_2b:A0309	0.5065491746371541	244.0	True	
fibroblast → Col1a2 → Itga3_Itgb1 → CD4	Masopust_053_2b:A0310	0.5087136768016562	242.0	True	
fibroblast → Col1a2 → Itga3_Itgb1 → CD4	Masopust_053_2b:A0312	0.5087136768016562	242.0	True	
fibroblast → Col1a2 → Itga3_Itgb1 → CD4	Masopust_053_3a:A0307	0.5087136768016562	242.0	True	
fibroblast → Col1a2 → Itga3_Itgb1 → CD4	Masopust_053_3a:A0308	0.5087136768016562	242.0	True	
fibroblast → Col1a2 → Itga3_Itgb1 → CD4	Masopust_053_3a:A0310	0.5087136768016562	242.0	True	
fibroblast → Col1a2 → Itga3_Itgb1 → CD4	Masopust_053_3a:A0311	0.5065491746371541	244.0	True	
fibroblast → Col1a2 → Itga3_Itgb1 → CD4	Masopust_053_3b:A0307	0.5065491746371541	244.0	True	
fibroblast → Col1a2 → Itga3_Itgb1 → CD4	Masopust_053_3b:A0311	0.5065491746371541	244.0	True	
fibroblast → Col1a2 → Itga3_Itgb1 → CD4	Masopust_053_6a:A0308	0.5087136768016562	242.0	True	
fibroblast → Col1a2 → Itga3_Itgb1 → CD4	Masopust_053_6b:A0307	0.5087136768016562	242.0	True	
fibroblast → Col1a2 → Itga3_Itgb1 → CD4	Masopust_053_6b:A0308	0.5087136768016562	242.0	True	
fibroblast → Col1a2 → Itga3_Itgb1 → CD4	Masopust_054_A:A0312	0.5065491746371541	244.0	True	
fibroblast → Col1a2 → Itga3_Itgb1 → CD4	Masopust_054_B:A0311	0.5087136768016562	244.0	True	
fibroblast → Col1a2 → Itga3_Itgb1 → CD4	Masopust_054_C:A0311	0.5087136768016562	242.0	True	
fibroblast → Col1a2 → Itga3_Itgb1 → CD4	Masopust_054_C:A0312	0.5065491746371541	244.0	True	
fibroblast → Col1a2 → Itga3_Itgb1 → CD4	Masopust_054_C:A0313	0.5087136768016562	242.0	True	
fibroblast → Col1a2 → Itga3_Itgb1 → CD4	Masopust_054_D:A0311	0.5065491746371541	244.0	True	
fibroblast → Col1a2 → Itga3_Itgb1 → CD4	Masopust_054_D:A0312	0.5065491746371541	244.0	True	
fibroblast → Col1a2 → Itga3_Itgb1 → CD4	Masopust_054_D:A0313	0.5065491746371541	244.0	True	
neutrophil → Hdc → Hrh4 → CD8	Masopust_053_1a:A0310	0.5255045451386436	218.0	True	
neutrophil → Hdc → Hrh4 → CD8	Masopust_053_1a:A0311	0.5255045451386436	218.0	True	
neutrophil → Hdc → Hrh4 → CD8	Masopust_053_1b:A0310	0.5215362911703897	223.0	True	
neutrophil → Hdc → Hrh4 → CD8	Masopust_053_1b:A0311	0.5255045451386436	218.0	True	
neutrophil → Hdc → Hrh4 → CD8	Masopust_053_2a:A0307	0.5215362911703897	222.0	True	
neutrophil → Hdc → Hrh4 → CD8	Masopust_053_2a:A0308	0.5215362911703897	222.0	True	
neutrophil → Hdc → Hrh4 → CD8	Masopust_053_2a:A0310	0.5215362911703897	220.0	True	
neutrophil → Hdc → Hrh4 → CD8	Masopust_053_2a:A0312	0.5215362911703897	220.0	True	
neutrophil → Hdc → Hrh4 → CD8	Masopust_053_2b:A0307	0.5215362911703897	220.0	True	
neutrophil → Hdc → Hrh4 → CD8	Masopust_053_2b:A0310	0.5215362911703897	221.0	True	
neutrophil → Hdc → Hrh4 → CD8	Masopust_053_2b:A0312	0.5215362911703897	221.0	True	
neutrophil → Hdc → Hrh4 → CD8	Masopust_053_3a:A0310	0.5215362911703897	222.0	True	
neutrophil → Hdc → Hrh4 → CD8	Masopust_053_3a:A0311	0.5215362911703897	221.0	True	
neutrophil → Hdc → Hrh4 → CD8	Masopust_053_3b:A0310	0.5215362911703897	221.0	True	
neutrophil → Hdc → Hrh4 → CD8	Masopust_053_3b:A0311	0.5215362911703897	220.0	True	
neutrophil → Hdc → Hrh4 → CD8	Masopust_053_6a:A0308	0.5215362911703897	222.0	True	
neutrophil → Hdc → Hrh4 → CD8	Masopust_053_6b:A0308	0.5215362911703897	222.0	True	
neutrophil → Hdc → Hrh4 → CD8	Masopust_054_A:A0312	0.5215362911703897	221.0	True	
neutrophil → Hdc → Hrh4 → CD8	Masopust_054_D:A0311	0.5255045451386436	218.0	True	
neutrophil → Hdc → Hrh1 → CD8	Masopust_053_1a:A0310	0.5221159127374727	222.0	True	
neutrophil → Hdc → Hrh1 → CD8	Masopust_053_1a:A0311	0.5221159127374727	222.0	True	
neutrophil → Hdc → Hrh1 → CD8	Masopust_053_1b:A0310	0.5181476587692186	229.0	True	
neutrophil → Hdc → Hrh1 → CD8	Masopust_053_1b:A0311	0.5221159127374727	222.0	True	
neutrophil → Hdc → Hrh1 → CD8	Masopust_053_2a:A0307	0.5181476587692186	230.0	True	
neutrophil → Hdc → Hrh1 → CD8	Masopust_053_2a:A0308	0.5181476587692186	230.0	True	
neutrophil → Hdc → Hrh1 → CD8	Masopust_053_2a:A0310	0.5181476587692186	229.0	True	
neutrophil → Hdc → Hrh1 → CD8	Masopust_053_2a:A0312	0.5181476587692186	229.0	True	
neutrophil → Hdc → Hrh1 → CD8	Masopust_053_2b:A0307	0.5181476587692186	229.0	True	
neutrophil → Hdc → Hrh1 → CD8	Masopust_053_2b:A0310	0.5181476587692186	230.0	True	
neutrophil → Hdc → Hrh1 → CD8	Masopust_053_2b:A0312	0.5181476587692186	230.0	True	
neutrophil → Hdc → Hrh1 → CD8	Masopust_053_3a:A0310	0.5181476587692186	231.0	True	
neutrophil → Hdc → Hrh1 → CD8	Masopust_053_3a:A0311	0.5181476587692186	230.0	True	
neutrophil → Hdc → Hrh1 → CD8	Masopust_053_3b:A0310	0.5181476587692186	230.0	True	
neutrophil → Hdc → Hrh1 → CD8	Masopust_053_3b:A0311	0.5181476587692186	229.0	True	
neutrophil → Hdc → Hrh1 → CD8	Masopust_053_6a:A0308	0.5181476587692186	230.0	True	
neutrophil → Hdc → Hrh1 → CD8	Masopust_053_6b:A0308	0.5181476587692186	230.0	True	
neutrophil → Hdc → Hrh1 → CD8	Masopust_054_A:A0312	0.5181476587692186	230.0	True	
neutrophil → Hdc → Hrh1 → CD8	Masopust_054_D:A0311	0.5221159127374727	220.0	True	
neutrophil → Hdc → Hrh3 → CD8	Masopust_053_1a:A0310	0.5211182083070519	225.0	True	
neutrophil → Hdc → Hrh3 → CD8	Masopust_053_1a:A0311	0.5211182083070519	224.0	True	
neutrophil → Hdc → Hrh3 → CD8	Masopust_053_1b:A0310	0.517149954338798	231.0	True	
neutrophil → Hdc → Hrh3 → CD8	Masopust_053_1b:A0311	0.5211182083070519	225.0	True	
neutrophil → Hdc → Hrh3 → CD8	Masopust_053_2a:A0307	0.517149954338798	231.0	True	
neutrophil → Hdc → Hrh3 → CD8	Masopust_053_2a:A0308	0.517149954338798	232.0	True	
neutrophil → Hdc → Hrh3 → CD8	Masopust_053_2a:A0310	0.517149954338798	231.0	True	
neutrophil → Hdc → Hrh3 → CD8	Masopust_053_2a:A0312	0.517149954338798	231.0	True	
neutrophil → Hdc → Hrh3 → CD8	Masopust_053_2b:A0307	0.517149954338798	231.0	True	
neutrophil → Hdc → Hrh3 → CD8	Masopust_053_2b:A0310	0.517149954338798	232.0	True	
neutrophil → Hdc → Hrh3 → CD8	Masopust_053_2b:A0312	0.517149954338798	232.0	True	
neutrophil → Hdc → Hrh3 → CD8	Masopust_053_3a:A0310	0.517149954338798	232.0	True	
neutrophil → Hdc → Hrh3 → CD8	Masopust_053_3a:A0311	0.517149954338798	231.0	True	
neutrophil → Hdc → Hrh3 → CD8	Masopust_053_3b:A0310	0.517149954338798	232.0	True	
neutrophil → Hdc → Hrh3 → CD8	Masopust_053_3b:A0311	0.517149954338798	231.0	True	
neutrophil → Hdc → Hrh3 → CD8	Masopust_053_6a:A0308	0.517149954338798	232.0	True	
neutrophil → Hdc → Hrh3 → CD8	Masopust_053_6b:A0308	0.517149954338798	232.0	True	
neutrophil → Hdc → Hrh3 → CD8	Masopust_054_A:A0312	0.517149954338798	231.0	True	
neutrophil → Hdc → Hrh3 → CD8	Masopust_054_D:A0311	0.5211182083070519	225.0	True	
fibroblast → Adam10 → Met → CD8	Masopust_053_1a:A0307	0.49653612572000955	245.0	True	
fibroblast → Adam10 → Met → CD8	Masopust_053_1a:A0309	0.49870062788451175	245.0	True	
fibroblast → Adam10 → Met → CD8	Masopust_053_1a:A0310	0.49653612572000955	246.0	True	
fibroblast → Adam10 → Met → CD8	Masopust_053_1a:A0311	0.49653612572000955	246.0	True	
fibroblast → Adam10 → Met → CD8	Masopust_053_1b:A0307	0.49870062788451175	245.0	True	
fibroblast → Adam10 → Met → CD8	Masopust_053_1b:A0310	0.49870062788451175	245.0	True	
fibroblast → Adam10 → Met → CD8	Masopust_053_1b:A0311	0.49870062788451175	245.0	True	
fibroblast → Adam10 → Met → CD8	Masopust_053_2a:A0307	0.49870062788451175	245.0	True	
fibroblast → Adam10 → Met → CD8	Masopust_053_2a:A0308	0.49870062788451175	245.0	True	
fibroblast → Adam10 → Met → CD8	Masopust_053_2a:A0309	0.49653612572000955	245.0	True	
fibroblast → Adam10 → Met → CD8	Masopust_053_2a:A0310	0.49653612572000955	245.0	True	
fibroblast → Adam10 → Met → CD8	Masopust_053_2a:A0312	0.49870062788451175	245.0	True	
fibroblast → Adam10 → Met → CD8	Masopust_053_2b:A0307	0.49653612572000955	245.0	True	
fibroblast → Adam10 → Met → CD8	Masopust_053_2b:A0308	0.49653612572000955	245.0	True	
fibroblast → Adam10 → Met → CD8	Masopust_053_2b:A0309	0.49870062788451175	245.0	True	
fibroblast → Adam10 → Met → CD8	Masopust_053_2b:A0310	0.49653612572000955	245.0	True	
fibroblast → Adam10 → Met → CD8	Masopust_053_2b:A0312	0.49653612572000955	245.0	True	
fibroblast → Adam10 → Met → CD8	Masopust_053_3a:A0307	0.49653612572000955	245.0	True	
fibroblast → Adam10 → Met → CD8	Masopust_053_3a:A0308	0.49653612572000955	245.0	True	
fibroblast → Adam10 → Met → CD8	Masopust_053_3a:A0310	0.49653612572000955	245.0	True	
fibroblast → Adam10 → Met → CD8	Masopust_053_3a:A0311	0.49870062788451175	245.0	True	
fibroblast → Adam10 → Met → CD8	Masopust_053_3b:A0307	0.49870062788451175	245.0	True	
fibroblast → Adam10 → Met → CD8	Masopust_053_3b:A0311	0.49870062788451175	245.0	True	
fibroblast → Adam10 → Met → CD8	Masopust_053_6a:A0308	0.49870062788451175	245.0	True	
fibroblast → Adam10 → Met → CD8	Masopust_053_6b:A0307	0.49870062788451175	245.0	True	
fibroblast → Adam10 → Met → CD8	Masopust_053_6b:A0308	0.49653612572000955	246.0	True	
fibroblast → Adam10 → Met → CD8	Masopust_054_A:A0312	0.49653612572000955	245.0	True	
fibroblast → Adam10 → Met → CD8	Masopust_054_B:A0311	0.49870062788451175	245.0	True	
fibroblast → Adam10 → Met → CD8	Masopust_054_C:A0311	0.49653612572000955	245.0	True	
fibroblast → Adam10 → Met → CD8	Masopust_054_C:A0312	0.49653612572000955	245.0	True	
fibroblast → Adam10 → Met → CD8	Masopust_054_C:A0313	0.49653612572000955	245.0	True	
fibroblast → Adam10 → Met → CD8	Masopust_054_D:A0311	0.49870062788451175	245.0	True	
fibroblast → Adam10 → Met → CD8	Masopust_054_D:A0312	0.49653612572000955	245.0	True	
fibroblast → Adam10 → Met → CD8	Masopust_054_D:A0313	0.49870062788451175	245.0	True	
neutrophil → Lamb3 → Cd44 → CD4	Masopust_053_1a:A0310	0.493134638721133	250.0	True	
neutrophil → Lamb3 → Cd44 → CD4	Masopust_053_1a:A0311	0.493134638721133	248.0	True	
neutrophil → Lamb3 → Cd44 → CD4	Masopust_053_1b:A0310	0.493134638721133	251.0	True	
neutrophil → Lamb3 → Cd44 → CD4	Masopust_053_1b:A0311	0.493134638721133	250.0	True	
neutrophil → Lamb3 → Cd44 → CD4	Masopust_053_2a:A0307	0.493134638721133	248.0	True	
neutrophil → Lamb3 → Cd44 → CD4	Masopust_053_2a:A0308	0.493134638721133	248.0	True	
neutrophil → Lamb3 → Cd44 → CD4	Masopust_053_2a:A0310	0.493134638721133	250.0	True	
neutrophil → Lamb3 → Cd44 → CD4	Masopust_053_2a:A0312	0.493134638721133	248.0	True	
neutrophil → Lamb3 → Cd44 → CD4	Masopust_053_2b:A0307	0.493134638721133	248.0	True	
neutrophil → Lamb3 → Cd44 → CD4	Masopust_053_2b:A0310	0.493134638721133	251.0	True	
neutrophil → Lamb3 → Cd44 → CD4	Masopust_053_2b:A0312	0.493134638721133	249.0	True	
neutrophil → Lamb3 → Cd44 → CD4	Masopust_053_3a:A0310	0.493134638721133	249.0	True	
neutrophil → Lamb3 → Cd44 → CD4	Masopust_053_3a:A0311	0.493134638721133	248.0	True	
neutrophil → Lamb3 → Cd44 → CD4	Masopust_053_3b:A0310	0.493134638721133	250.0	True	
neutrophil → Lamb3 → Cd44 → CD4	Masopust_053_3b:A0311	0.493134638721133	251.0	True	
neutrophil → Lamb3 → Cd44 → CD4	Masopust_053_6a:A0308	0.493134638721133	248.0	True	
neutrophil → Lamb3 → Cd44 → CD4	Masopust_053_6b:A0308	0.493134638721133	248.0	True	
neutrophil → Lamb3 → Cd44 → CD4	Masopust_054_A:A0312	0.493134638721133	249.0	True	
neutrophil → Lamb3 → Cd44 → CD4	Masopust_054_D:A0311	0.493134638721133	249.0	True	
neutrophil → Lamb3 → Itgav_Itgb8 → CD4	Masopust_053_1a:A0310	0.493134638721133	250.0	True	
neutrophil → Lamb3 → Itgav_Itgb8 → CD4	Masopust_053_1a:A0311	0.493134638721133	248.0	True	
neutrophil → Lamb3 → Itgav_Itgb8 → CD4	Masopust_053_1b:A0310	0.493134638721133	251.0	True	
neutrophil → Lamb3 → Itgav_Itgb8 → CD4	Masopust_053_1b:A0311	0.493134638721133	250.0	True	
neutrophil → Lamb3 → Itgav_Itgb8 → CD4	Masopust_053_2a:A0307	0.493134638721133	248.0	True	
neutrophil → Lamb3 → Itgav_Itgb8 → CD4	Masopust_053_2a:A0308	0.493134638721133	248.0	True	
neutrophil → Lamb3 → Itgav_Itgb8 → CD4	Masopust_053_2a:A0310	0.493134638721133	250.0	True	
neutrophil → Lamb3 → Itgav_Itgb8 → CD4	Masopust_053_2a:A0312	0.493134638721133	248.0	True	
neutrophil → Lamb3 → Itgav_Itgb8 → CD4	Masopust_053_2b:A0307	0.493134638721133	248.0	True	
neutrophil → Lamb3 → Itgav_Itgb8 → CD4	Masopust_053_2b:A0310	0.493134638721133	251.0	True	
neutrophil → Lamb3 → Itgav_Itgb8 → CD4	Masopust_053_2b:A0312	0.493134638721133	249.0	True	
neutrophil → Lamb3 → Itgav_Itgb8 → CD4	Masopust_053_3a:A0310	0.493134638721133	249.0	True	
neutrophil → Lamb3 → Itgav_Itgb8 → CD4	Masopust_053_3a:A0311	0.493134638721133	248.0	True	
neutrophil → Lamb3 → Itgav_Itgb8 → CD4	Masopust_053_3b:A0310	0.493134638721133	250.0	True	
neutrophil → Lamb3 → Itgav_Itgb8 → CD4	Masopust_053_3b:A0311	0.493134638721133	251.0	True	
neutrophil → Lamb3 → Itgav_Itgb8 → CD4	Masopust_053_6a:A0308	0.493134638721133	248.0	True	
neutrophil → Lamb3 → Itgav_Itgb8 → CD4	Masopust_053_6b:A0308	0.493134638721133	248.0	True	
neutrophil → Lamb3 → Itgav_Itgb8 → CD4	Masopust_054_A:A0312	0.493134638721133	249.0	True	
neutrophil → Lamb3 → Itgav_Itgb8 → CD4	Masopust_054_D:A0311	0.493134638721133	249.0	True	
neutrophil → Lamb3 → Itga6_Itgb1 → CD4	Masopust_053_1a:A0310	0.493134638721133	250.0	True	
neutrophil → Lamb3 → Itga6_Itgb1 → CD4	Masopust_053_1a:A0311	0.493134638721133	248.0	True	
neutrophil → Lamb3 → Itga6_Itgb1 → CD4	Masopust_053_1b:A0310	0.493134638721133	251.0	True	
neutrophil → Lamb3 → Itga6_Itgb1 → CD4	Masopust_053_1b:A0311	0.493134638721133	250.0	True	
neutrophil → Lamb3 → Itga6_Itgb1 → CD4	Masopust_053_2a:A0307	0.493134638721133	248.0	True	
neutrophil → Lamb3 → Itga6_Itgb1 → CD4	Masopust_053_2a:A0308	0.493134638721133	248.0	True	
neutrophil → Lamb3 → Itga6_Itgb1 → CD4	Masopust_053_2a:A0310	0.493134638721133	250.0	True	
neutrophil → Lamb3 → Itga6_Itgb1 → CD4	Masopust_053_2a:A0312	0.493134638721133	248.0	True	
neutrophil → Lamb3 → Itga6_Itgb1 → CD4	Masopust_053_2b:A0307	0.493134638721133	248.0	True	
neutrophil → Lamb3 → Itga6_Itgb1 → CD4	Masopust_053_2b:A0310	0.493134638721133	251.0	True	
neutrophil → Lamb3 → Itga6_Itgb1 → CD4	Masopust_053_2b:A0312	0.493134638721133	249.0	True	
neutrophil → Lamb3 → Itga6_Itgb1 → CD4	Masopust_053_3a:A0310	0.493134638721133	249.0	True	
neutrophil → Lamb3 → Itga6_Itgb1 → CD4	Masopust_053_3a:A0311	0.493134638721133	248.0	True	
neutrophil → Lamb3 → Itga6_Itgb1 → CD4	Masopust_053_3b:A0310	0.493134638721133	250.0	True	
neutrophil → Lamb3 → Itga6_Itgb1 → CD4	Masopust_053_3b:A0311	0.493134638721133	251.0	True	
neutrophil → Lamb3 → Itga6_Itgb1 → CD4	Masopust_053_6a:A0308	0.493134638721133	248.0	True	
neutrophil → Lamb3 → Itga6_Itgb1 → CD4	Masopust_053_6b:A0308	0.493134638721133	248.0	True	
neutrophil → Lamb3 → Itga6_Itgb1 → CD4	Masopust_054_A:A0312	0.493134638721133	249.0	True	
neutrophil → Lamb3 → Itga6_Itgb1 → CD4	Masopust_054_D:A0311	0.493134638721133	249.0	True	
neutrophil → Lamb3 → Itga3_Itgb1 → CD4	Masopust_053_1a:A0310	0.493134638721133	250.0	True	
neutrophil → Lamb3 → Itga3_Itgb1 → CD4	Masopust_053_1a:A0311	0.493134638721133	248.0	True	
neutrophil → Lamb3 → Itga3_Itgb1 → CD4	Masopust_053_1b:A0310	0.493134638721133	251.0	True	
neutrophil → Lamb3 → Itga3_Itgb1 → CD4	Masopust_053_1b:A0311	0.493134638721133	250.0	True	
neutrophil → Lamb3 → Itga3_Itgb1 → CD4	Masopust_053_2a:A0307	0.493134638721133	248.0	True	
neutrophil → Lamb3 → Itga3_Itgb1 → CD4	Masopust_053_2a:A0308	0.493134638721133	248.0	True	
neutrophil → Lamb3 → Itga3_Itgb1 → CD4	Masopust_053_2a:A0310	0.493134638721133	250.0	True	
neutrophil → Lamb3 → Itga3_Itgb1 → CD4	Masopust_053_2a:A0312	0.493134638721133	248.0	True	
neutrophil → Lamb3 → Itga3_Itgb1 → CD4	Masopust_053_2b:A0307	0.493134638721133	248.0	True	
neutrophil → Lamb3 → Itga3_Itgb1 → CD4	Masopust_053_2b:A0310	0.493134638721133	251.0	True	
neutrophil → Lamb3 → Itga3_Itgb1 → CD4	Masopust_053_2b:A0312	0.493134638721133	249.0	True	
neutrophil → Lamb3 → Itga3_Itgb1 → CD4	Masopust_053_3a:A0310	0.493134638721133	249.0	True	
neutrophil → Lamb3 → Itga3_Itgb1 → CD4	Masopust_053_3a:A0311	0.493134638721133	248.0	True	
neutrophil → Lamb3 → Itga3_Itgb1 → CD4	Masopust_053_3b:A0310	0.493134638721133	250.0	True	
neutrophil → Lamb3 → Itga3_Itgb1 → CD4	Masopust_053_3b:A0311	0.493134638721133	251.0	True	
neutrophil → Lamb3 → Itga3_Itgb1 → CD4	Masopust_053_6a:A0308	0.493134638721133	248.0	True	
neutrophil → Lamb3 → Itga3_Itgb1 → CD4	Masopust_053_6b:A0308	0.493134638721133	248.0	True	
neutrophil → Lamb3 → Itga3_Itgb1 → CD4	Masopust_054_A:A0312	0.493134638721133	249.0	True	
neutrophil → Lamb3 → Itga3_Itgb1 → CD4	Masopust_054_D:A0311	0.493134638721133	249.0	True	
neutrophil → Lamb3 → Itga9_Itgb1 → CD4	Masopust_053_1a:A0310	0.4929026568370104	254.0	True	
neutrophil → Lamb3 → Itga9_Itgb1 → CD4	Masopust_053_1a:A0311	0.4929026568370104	252.0	True	
neutrophil → Lamb3 → Itga9_Itgb1 → CD4	Masopust_053_1b:A0310	0.4929026568370104	255.0	True	
neutrophil → Lamb3 → Itga9_Itgb1 → CD4	Masopust_053_1b:A0311	0.4929026568370104	254.0	True	
neutrophil → Lamb3 → Itga9_Itgb1 → CD4	Masopust_053_2a:A0307	0.4929026568370104	252.0	True	
neutrophil → Lamb3 → Itga9_Itgb1 → CD4	Masopust_053_2a:A0308	0.4929026568370104	252.0	True	
neutrophil → Lamb3 → Itga9_Itgb1 → CD4	Masopust_053_2a:A0310	0.4929026568370104	254.0	True	
neutrophil → Lamb3 → Itga9_Itgb1 → CD4	Masopust_053_2a:A0312	0.4929026568370104	252.0	True	
neutrophil → Lamb3 → Itga9_Itgb1 → CD4	Masopust_053_2b:A0307	0.4929026568370104	252.0	True	
neutrophil → Lamb3 → Itga9_Itgb1 → CD4	Masopust_053_2b:A0310	0.4929026568370104	255.0	True	
neutrophil → Lamb3 → Itga9_Itgb1 → CD4	Masopust_053_2b:A0312	0.4929026568370104	253.0	True	
neutrophil → Lamb3 → Itga9_Itgb1 → CD4	Masopust_053_3a:A0310	0.4929026568370104	253.0	True	
neutrophil → Lamb3 → Itga9_Itgb1 → CD4	Masopust_053_3a:A0311	0.4929026568370104	252.0	True	
neutrophil → Lamb3 → Itga9_Itgb1 → CD4	Masopust_053_3b:A0310	0.4929026568370104	254.0	True	
neutrophil → Lamb3 → Itga9_Itgb1 → CD4	Masopust_053_3b:A0311	0.4929026568370104	255.0	True	
neutrophil → Lamb3 → Itga9_Itgb1 → CD4	Masopust_053_6a:A0308	0.4929026568370104	252.0	True	
neutrophil → Lamb3 → Itga9_Itgb1 → CD4	Masopust_053_6b:A0308	0.4929026568370104	252.0	True	
neutrophil → Lamb3 → Itga9_Itgb1 → CD4	Masopust_054_A:A0312	0.4929026568370104	253.0	True	
neutrophil → Lamb3 → Itga9_Itgb1 → CD4	Masopust_054_D:A0311	0.4929026568370104	253.0	True	
fibroblast → Cx3cl1 → Itgav → CD8	Masopust_053_1a:A0307	0.5098798648136956	241.0	True	
fibroblast → Cx3cl1 → Itgav → CD8	Masopust_053_1a:A0309	0.5098798648136956	242.0	True	
fibroblast → Cx3cl1 → Itgav → CD8	Masopust_053_1a:A0310	0.5098798648136956	241.0	True	
fibroblast → Cx3cl1 → Itgav → CD8	Masopust_053_1a:A0311	0.5077153626491935	242.0	True	
fibroblast → Cx3cl1 → Itgav → CD8	Masopust_053_1b:A0307	0.5098798648136956	242.0	True	
fibroblast → Cx3cl1 → Itgav → CD8	Masopust_053_1b:A0310	0.5098798648136956	242.0	True	
fibroblast → Cx3cl1 → Itgav → CD8	Masopust_053_1b:A0311	0.5077153626491935	242.0	True	
fibroblast → Cx3cl1 → Itgav → CD8	Masopust_053_2a:A0307	0.5077153626491935	243.0	True	
fibroblast → Cx3cl1 → Itgav → CD8	Masopust_053_2a:A0308	0.5077153626491935	243.0	True	
fibroblast → Cx3cl1 → Itgav → CD8	Masopust_053_2a:A0309	0.5077153626491935	242.0	True	
fibroblast → Cx3cl1 → Itgav → CD8	Masopust_053_2a:A0310	0.5077153626491935	242.0	True	
fibroblast → Cx3cl1 → Itgav → CD8	Masopust_053_2a:A0312	0.5077153626491935	242.0	True	
fibroblast → Cx3cl1 → Itgav → CD8	Masopust_053_2b:A0307	0.5077153626491935	242.0	True	
fibroblast → Cx3cl1 → Itgav → CD8	Masopust_053_2b:A0308	0.5077153626491935	243.0	True	
fibroblast → Cx3cl1 → Itgav → CD8	Masopust_053_2b:A0309	0.5077153626491935	242.0	True	
fibroblast → Cx3cl1 → Itgav → CD8	Masopust_053_2b:A0310	0.5077153626491935	243.0	True	
fibroblast → Cx3cl1 → Itgav → CD8	Masopust_053_2b:A0312	0.5077153626491935	243.0	True	
fibroblast → Cx3cl1 → Itgav → CD8	Masopust_053_3a:A0307	0.5077153626491935	243.0	True	
fibroblast → Cx3cl1 → Itgav → CD8	Masopust_053_3a:A0308	0.5077153626491935	243.0	True	
fibroblast → Cx3cl1 → Itgav → CD8	Masopust_053_3a:A0310	0.5077153626491935	243.0	True	
fibroblast → Cx3cl1 → Itgav → CD8	Masopust_053_3a:A0311	0.5077153626491935	242.0	True	
fibroblast → Cx3cl1 → Itgav → CD8	Masopust_053_3b:A0307	0.5077153626491935	242.0	True	
fibroblast → Cx3cl1 → Itgav → CD8	Masopust_053_3b:A0311	0.5098798648136956	241.0	True	
fibroblast → Cx3cl1 → Itgav → CD8	Masopust_053_6a:A0308	0.5077153626491935	243.0	True	
fibroblast → Cx3cl1 → Itgav → CD8	Masopust_053_6b:A0307	0.5077153626491935	243.0	True	
fibroblast → Cx3cl1 → Itgav → CD8	Masopust_053_6b:A0308	0.5077153626491935	243.0	True	
fibroblast → Cx3cl1 → Itgav → CD8	Masopust_054_A:A0312	0.5077153626491935	242.0	True	
fibroblast → Cx3cl1 → Itgav → CD8	Masopust_054_B:A0311	0.5098798648136956	241.0	True	
fibroblast → Cx3cl1 → Itgav → CD8	Masopust_054_C:A0311	0.5077153626491935	243.0	True	
fibroblast → Cx3cl1 → Itgav → CD8	Masopust_054_C:A0312	0.5077153626491935	242.0	True	
fibroblast → Cx3cl1 → Itgav → CD8	Masopust_054_C:A0313	0.5077153626491935	243.0	True	
fibroblast → Cx3cl1 → Itgav → CD8	Masopust_054_D:A0311	0.5098798648136956	241.0	True	
fibroblast → Cx3cl1 → Itgav → CD8	Masopust_054_D:A0312	0.5077153626491935	242.0	True	
fibroblast → Cx3cl1 → Itgav → CD8	Masopust_054_D:A0313	0.5098798648136956	242.0	True	
fibroblast → Cx3cl1 → Itgb3 → CD8	Masopust_053_1a:A0307	0.5096657931710527	243.0	True	
fibroblast → Cx3cl1 → Itgb3 → CD8	Masopust_053_1a:A0309	0.5096657931710527	243.0	True	
fibroblast → Cx3cl1 → Itgb3 → CD8	Masopust_053_1a:A0310	0.5096657931710527	243.0	True	
fibroblast → Cx3cl1 → Itgb3 → CD8	Masopust_053_1a:A0311	0.5075012910065504	243.0	True	
fibroblast → Cx3cl1 → Itgb3 → CD8	Masopust_053_1b:A0307	0.5096657931710527	243.0	True	
fibroblast → Cx3cl1 → Itgb3 → CD8	Masopust_053_1b:A0310	0.5096657931710527	243.0	True	
fibroblast → Cx3cl1 → Itgb3 → CD8	Masopust_053_1b:A0311	0.5075012910065504	243.0	True	
fibroblast → Cx3cl1 → Itgb3 → CD8	Masopust_053_2a:A0307	0.5075012910065504	244.0	True	
fibroblast → Cx3cl1 → Itgb3 → CD8	Masopust_053_2a:A0308	0.5075012910065504	244.0	True	
fibroblast → Cx3cl1 → Itgb3 → CD8	Masopust_053_2a:A0309	0.5075012910065504	243.0	True	
fibroblast → Cx3cl1 → Itgb3 → CD8	Masopust_053_2a:A0310	0.5075012910065504	243.0	True	
fibroblast → Cx3cl1 → Itgb3 → CD8	Masopust_053_2a:A0312	0.5075012910065504	243.0	True	
fibroblast → Cx3cl1 → Itgb3 → CD8	Masopust_053_2b:A0307	0.5075012910065504	243.0	True	
fibroblast → Cx3cl1 → Itgb3 → CD8	Masopust_053_2b:A0308	0.5075012910065504	244.0	True	
fibroblast → Cx3cl1 → Itgb3 → CD8	Masopust_053_2b:A0309	0.5075012910065504	243.0	True	
fibroblast → Cx3cl1 → Itgb3 → CD8	Masopust_053_2b:A0310	0.5075012910065504	244.0	True	
fibroblast → Cx3cl1 → Itgb3 → CD8	Masopust_053_2b:A0312	0.5075012910065504	244.0	True	
fibroblast → Cx3cl1 → Itgb3 → CD8	Masopust_053_3a:A0307	0.5075012910065504	244.0	True	
fibroblast → Cx3cl1 → Itgb3 → CD8	Masopust_053_3a:A0308	0.5075012910065504	244.0	True	
fibroblast → Cx3cl1 → Itgb3 → CD8	Masopust_053_3a:A0310	0.5075012910065504	244.0	True	
fibroblast → Cx3cl1 → Itgb3 → CD8	Masopust_053_3a:A0311	0.5075012910065504	243.0	True	
fibroblast → Cx3cl1 → Itgb3 → CD8	Masopust_053_3b:A0307	0.5075012910065504	243.0	True	
fibroblast → Cx3cl1 → Itgb3 → CD8	Masopust_053_3b:A0311	0.5096657931710527	243.0	True	
fibroblast → Cx3cl1 → Itgb3 → CD8	Masopust_053_6a:A0308	0.5075012910065504	244.0	True	
fibroblast → Cx3cl1 → Itgb3 → CD8	Masopust_053_6b:A0307	0.5075012910065504	244.0	True	
fibroblast → Cx3cl1 → Itgb3 → CD8	Masopust_053_6b:A0308	0.5075012910065504	244.0	True	
fibroblast → Cx3cl1 → Itgb3 → CD8	Masopust_054_A:A0312	0.5075012910065504	243.0	True	
fibroblast → Cx3cl1 → Itgb3 → CD8	Masopust_054_B:A0311	0.5096657931710527	243.0	True	
fibroblast → Cx3cl1 → Itgb3 → CD8	Masopust_054_C:A0311	0.5075012910065504	244.0	True	
fibroblast → Cx3cl1 → Itgb3 → CD8	Masopust_054_C:A0312	0.5075012910065504	243.0	True	
fibroblast → Cx3cl1 → Itgb3 → CD8	Masopust_054_C:A0313	0.5075012910065504	244.0	True	
fibroblast → Cx3cl1 → Itgb3 → CD8	Masopust_054_D:A0311	0.5096657931710527	243.0	True	
fibroblast → Cx3cl1 → Itgb3 → CD8	Masopust_054_D:A0312	0.5075012910065504	243.0	True	
fibroblast → Cx3cl1 → Itgb3 → CD8	Masopust_054_D:A0313	0.5096657931710527	243.0	True	
neutrophil → Vegfa → Ret → CD8	Masopust_053_1a:A0310	0.49820671918528964	245.0	True	
neutrophil → Vegfa → Ret → CD8	Masopust_053_1a:A0311	0.49820671918528964	245.0	True	
neutrophil → Vegfa → Ret → CD8	Masopust_053_1b:A0310	0.49820671918528964	246.0	True	
neutrophil → Vegfa → Ret → CD8	Masopust_053_1b:A0311	0.49820671918528964	246.0	True	
neutrophil → Vegfa → Ret → CD8	Masopust_053_2a:A0307	0.4942384652170357	246.0	True	
neutrophil → Vegfa → Ret → CD8	Masopust_053_2a:A0308	0.49820671918528964	246.0	True	
neutrophil → Vegfa → Ret → CD8	Masopust_053_2a:A0310	0.4942384652170357	248.0	True	
neutrophil → Vegfa → Ret → CD8	Masopust_053_2a:A0312	0.4942384652170357	246.0	True	
neutrophil → Vegfa → Ret → CD8	Masopust_053_2b:A0307	0.4942384652170357	246.0	True	
neutrophil → Vegfa → Ret → CD8	Masopust_053_2b:A0310	0.4942384652170357	249.0	True	
neutrophil → Vegfa → Ret → CD8	Masopust_053_2b:A0312	0.4942384652170357	247.0	True	
neutrophil → Vegfa → Ret → CD8	Masopust_053_3a:A0310	0.4942384652170357	247.0	True	
neutrophil → Vegfa → Ret → CD8	Masopust_053_3a:A0311	0.4942384652170357	246.0	True	
neutrophil → Vegfa → Ret → CD8	Masopust_053_3b:A0310	0.4942384652170357	248.0	True	
neutrophil → Vegfa → Ret → CD8	Masopust_053_3b:A0311	0.4942384652170357	249.0	True	
neutrophil → Vegfa → Ret → CD8	Masopust_053_6a:A0308	0.49820671918528964	246.0	True	
neutrophil → Vegfa → Ret → CD8	Masopust_053_6b:A0308	0.49820671918528964	245.0	True	
neutrophil → Vegfa → Ret → CD8	Masopust_054_A:A0312	0.4942384652170357	247.0	True	
neutrophil → Vegfa → Ret → CD8	Masopust_054_D:A0311	0.49820671918528964	246.0	True	
fibroblast → Lama4 → Itga3_Itgb1 → CD4	Masopust_053_1a:A0307	0.4963570245615339	246.0	True	
fibroblast → Lama4 → Itga3_Itgb1 → CD4	Masopust_053_1a:A0309	0.4963570245615339	246.0	True	
fibroblast → Lama4 → Itga3_Itgb1 → CD4	Masopust_053_1a:A0310	0.4963570245615339	247.0	True	
fibroblast → Lama4 → Itga3_Itgb1 → CD4	Masopust_053_1a:A0311	0.49419252239703176	247.0	True	
fibroblast → Lama4 → Itga3_Itgb1 → CD4	Masopust_053_1b:A0307	0.4963570245615339	246.0	True	
fibroblast → Lama4 → Itga3_Itgb1 → CD4	Masopust_053_1b:A0310	0.4963570245615339	247.0	True	
fibroblast → Lama4 → Itga3_Itgb1 → CD4	Masopust_053_1b:A0311	0.4963570245615339	247.0	True	
fibroblast → Lama4 → Itga3_Itgb1 → CD4	Masopust_053_2a:A0307	0.49419252239703176	247.0	True	
fibroblast → Lama4 → Itga3_Itgb1 → CD4	Masopust_053_2a:A0308	0.49419252239703176	247.0	True	
fibroblast → Lama4 → Itga3_Itgb1 → CD4	Masopust_053_2a:A0309	0.4963570245615339	246.0	True	
fibroblast → Lama4 → Itga3_Itgb1 → CD4	Masopust_053_2a:A0310	0.4963570245615339	246.0	True	
fibroblast → Lama4 → Itga3_Itgb1 → CD4	Masopust_053_2a:A0312	0.49419252239703176	247.0	True	
fibroblast → Lama4 → Itga3_Itgb1 → CD4	Masopust_053_2b:A0307	0.49419252239703176	247.0	True	
fibroblast → Lama4 → Itga3_Itgb1 → CD4	Masopust_053_2b:A0308	0.49419252239703176	247.0	True	
fibroblast → Lama4 → Itga3_Itgb1 → CD4	Masopust_053_2b:A0309	0.49419252239703176	247.0	True	
fibroblast → Lama4 → Itga3_Itgb1 → CD4	Masopust_053_2b:A0310	0.4963570245615339	246.0	True	
fibroblast → Lama4 → Itga3_Itgb1 → CD4	Masopust_053_2b:A0312	0.49419252239703176	248.0	True	
fibroblast → Lama4 → Itga3_Itgb1 → CD4	Masopust_053_3a:A0307	0.4963570245615339	246.0	True	
fibroblast → Lama4 → Itga3_Itgb1 → CD4	Masopust_053_3a:A0308	0.49419252239703176	247.0	True	
fibroblast → Lama4 → Itga3_Itgb1 → CD4	Masopust_053_3a:A0310	0.49419252239703176	248.0	True	
fibroblast → Lama4 → Itga3_Itgb1 → CD4	Masopust_053_3a:A0311	0.49419252239703176	247.0	True	
fibroblast → Lama4 → Itga3_Itgb1 → CD4	Masopust_053_3b:A0307	0.4963570245615339	246.0	True	
fibroblast → Lama4 → Itga3_Itgb1 → CD4	Masopust_053_3b:A0311	0.4963570245615339	246.0	True	
fibroblast → Lama4 → Itga3_Itgb1 → CD4	Masopust_053_6a:A0308	0.49419252239703176	247.0	True	
fibroblast → Lama4 → Itga3_Itgb1 → CD4	Masopust_053_6b:A0307	0.49419252239703176	247.0	True	
fibroblast → Lama4 → Itga3_Itgb1 → CD4	Masopust_053_6b:A0308	0.49419252239703176	247.0	True	
fibroblast → Lama4 → Itga3_Itgb1 → CD4	Masopust_054_A:A0312	0.49419252239703176	248.0	True	
fibroblast → Lama4 → Itga3_Itgb1 → CD4	Masopust_054_B:A0311	0.4963570245615339	246.0	True	
fibroblast → Lama4 → Itga3_Itgb1 → CD4	Masopust_054_C:A0311	0.49419252239703176	247.0	True	
fibroblast → Lama4 → Itga3_Itgb1 → CD4	Masopust_054_C:A0312	0.49419252239703176	247.0	True	
fibroblast → Lama4 → Itga3_Itgb1 → CD4	Masopust_054_C:A0313	0.49419252239703176	247.0	True	
fibroblast → Lama4 → Itga3_Itgb1 → CD4	Masopust_054_D:A0311	0.49419252239703176	248.0	True	
fibroblast → Lama4 → Itga3_Itgb1 → CD4	Masopust_054_D:A0312	0.49419252239703176	247.0	True	
fibroblast → Lama4 → Itga3_Itgb1 → CD4	Masopust_054_D:A0313	0.4963570245615339	246.0	True	
fibroblast → Igsf10 → Cd200r4 → CD4	Masopust_053_1a:A0307	0.48746414369584423	257.0	True	
fibroblast → Igsf10 → Cd200r4 → CD4	Masopust_053_1a:A0309	0.48746414369584423	257.0	True	
fibroblast → Igsf10 → Cd200r4 → CD4	Masopust_053_1a:A0310	0.4896286458603464	257.0	True	
fibroblast → Igsf10 → Cd200r4 → CD4	Masopust_053_1a:A0311	0.4896286458603464	257.0	True	
fibroblast → Igsf10 → Cd200r4 → CD4	Masopust_053_1b:A0307	0.4896286458603464	257.0	True	
fibroblast → Igsf10 → Cd200r4 → CD4	Masopust_053_1b:A0310	0.48746414369584423	260.0	True	
fibroblast → Igsf10 → Cd200r4 → CD4	Masopust_053_1b:A0311	0.48746414369584423	261.0	True	
fibroblast → Igsf10 → Cd200r4 → CD4	Masopust_053_2a:A0307	0.4896286458603464	257.0	True	
fibroblast → Igsf10 → Cd200r4 → CD4	Masopust_053_2a:A0308	0.4896286458603464	257.0	True	
fibroblast → Igsf10 → Cd200r4 → CD4	Masopust_053_2a:A0309	0.48746414369584423	257.0	True	
fibroblast → Igsf10 → Cd200r4 → CD4	Masopust_053_2a:A0310	0.48746414369584423	261.0	True	
fibroblast → Igsf10 → Cd200r4 → CD4	Masopust_053_2a:A0312	0.48746414369584423	261.0	True	
fibroblast → Igsf10 → Cd200r4 → CD4	Masopust_053_2b:A0307	0.48746414369584423	261.0	True	
fibroblast → Igsf10 → Cd200r4 → CD4	Masopust_053_2b:A0308	0.4896286458603464	257.0	True	
fibroblast → Igsf10 → Cd200r4 → CD4	Masopust_053_2b:A0309	0.48746414369584423	257.0	True	
fibroblast → Igsf10 → Cd200r4 → CD4	Masopust_053_2b:A0310	0.4896286458603464	257.0	True	
fibroblast → Igsf10 → Cd200r4 → CD4	Masopust_053_2b:A0312	0.4896286458603464	257.0	True	
fibroblast → Igsf10 → Cd200r4 → CD4	Masopust_053_3a:A0307	0.4896286458603464	257.0	True	
fibroblast → Igsf10 → Cd200r4 → CD4	Masopust_053_3a:A0308	0.4896286458603464	257.0	True	
fibroblast → Igsf10 → Cd200r4 → CD4	Masopust_053_3a:A0310	0.48746414369584423	260.0	True	
fibroblast → Igsf10 → Cd200r4 → CD4	Masopust_053_3a:A0311	0.48746414369584423	260.0	True	
fibroblast → Igsf10 → Cd200r4 → CD4	Masopust_053_3b:A0307	0.48746414369584423	257.0	True	
fibroblast → Igsf10 → Cd200r4 → CD4	Masopust_053_3b:A0311	0.48746414369584423	261.0	True	
fibroblast → Igsf10 → Cd200r4 → CD4	Masopust_053_6a:A0308	0.4896286458603464	257.0	True	
fibroblast → Igsf10 → Cd200r4 → CD4	Masopust_053_6b:A0307	0.4896286458603464	257.0	True	
fibroblast → Igsf10 → Cd200r4 → CD4	Masopust_053_6b:A0308	0.4896286458603464	257.0	True	
fibroblast → Igsf10 → Cd200r4 → CD4	Masopust_054_A:A0312	0.48746414369584423	260.0	True	
fibroblast → Igsf10 → Cd200r4 → CD4	Masopust_054_B:A0311	0.4896286458603464	257.0	True	
fibroblast → Igsf10 → Cd200r4 → CD4	Masopust_054_C:A0311	0.4896286458603464	257.0	True	
fibroblast → Igsf10 → Cd200r4 → CD4	Masopust_054_C:A0312	0.4896286458603464	257.0	True	
fibroblast → Igsf10 → Cd200r4 → CD4	Masopust_054_C:A0313	0.48746414369584423	257.0	True	
fibroblast → Igsf10 → Cd200r4 → CD4	Masopust_054_D:A0311	0.4896286458603464	257.0	True	
fibroblast → Igsf10 → Cd200r4 → CD4	Masopust_054_D:A0312	0.48746414369584423	257.0	True	
fibroblast → Igsf10 → Cd200r4 → CD4	Masopust_054_D:A0313	0.48746414369584423	257.0	True	
neutrophil → Ccl25 → Ccr9 → CD8	Masopust_053_1a:A0310	0.48819843416421305	258.0	True	
neutrophil → Ccl25 → Ccr9 → CD8	Masopust_053_1a:A0311	0.48819843416421305	258.0	True	
neutrophil → Ccl25 → Ccr9 → CD8	Masopust_053_1b:A0310	0.48819843416421305	257.0	True	
neutrophil → Ccl25 → Ccr9 → CD8	Masopust_053_1b:A0311	0.48819843416421305	258.0	True	
neutrophil → Ccl25 → Ccr9 → CD8	Masopust_053_2a:A0307	0.48819843416421305	259.0	True	
neutrophil → Ccl25 → Ccr9 → CD8	Masopust_053_2a:A0308	0.48819843416421305	259.0	True	
neutrophil → Ccl25 → Ccr9 → CD8	Masopust_053_2a:A0310	0.48819843416421305	258.0	True	
neutrophil → Ccl25 → Ccr9 → CD8	Masopust_053_2a:A0312	0.48819843416421305	258.0	True	
neutrophil → Ccl25 → Ccr9 → CD8	Masopust_053_2b:A0307	0.48819843416421305	258.0	True	
neutrophil → Ccl25 → Ccr9 → CD8	Masopust_053_2b:A0310	0.48819843416421305	258.0	True	
neutrophil → Ccl25 → Ccr9 → CD8	Masopust_053_2b:A0312	0.48819843416421305	258.0	True	
neutrophil → Ccl25 → Ccr9 → CD8	Masopust_053_3a:A0310	0.48819843416421305	257.0	True	
neutrophil → Ccl25 → Ccr9 → CD8	Masopust_053_3a:A0311	0.48819843416421305	257.0	True	
neutrophil → Ccl25 → Ccr9 → CD8	Masopust_053_3b:A0310	0.48819843416421305	258.0	True	
neutrophil → Ccl25 → Ccr9 → CD8	Masopust_053_3b:A0311	0.48819843416421305	258.0	True	
neutrophil → Ccl25 → Ccr9 → CD8	Masopust_053_6a:A0308	0.48819843416421305	258.0	True	
neutrophil → Ccl25 → Ccr9 → CD8	Masopust_053_6b:A0308	0.48819843416421305	258.0	True	
neutrophil → Ccl25 → Ccr9 → CD8	Masopust_054_A:A0312	0.48819843416421305	257.0	True	
neutrophil → Ccl25 → Ccr9 → CD8	Masopust_054_D:A0311	0.48819843416421305	259.0	True	
neutrophil → Ccl25 → Grm7 → CD8	Masopust_053_1a:A0310	0.48763518923541255	259.0	True	
neutrophil → Ccl25 → Grm7 → CD8	Masopust_053_1a:A0311	0.48763518923541255	259.0	True	
neutrophil → Ccl25 → Grm7 → CD8	Masopust_053_1b:A0310	0.48763518923541255	258.0	True	
neutrophil → Ccl25 → Grm7 → CD8	Masopust_053_1b:A0311	0.48763518923541255	259.0	True	
neutrophil → Ccl25 → Grm7 → CD8	Masopust_053_2a:A0307	0.48763518923541255	260.0	True	
neutrophil → Ccl25 → Grm7 → CD8	Masopust_053_2a:A0308	0.48763518923541255	260.0	True	
neutrophil → Ccl25 → Grm7 → CD8	Masopust_053_2a:A0310	0.48763518923541255	259.0	True	
neutrophil → Ccl25 → Grm7 → CD8	Masopust_053_2a:A0312	0.48763518923541255	259.0	True	
neutrophil → Ccl25 → Grm7 → CD8	Masopust_053_2b:A0307	0.48763518923541255	259.0	True	
neutrophil → Ccl25 → Grm7 → CD8	Masopust_053_2b:A0310	0.48763518923541255	259.0	True	
neutrophil → Ccl25 → Grm7 → CD8	Masopust_053_2b:A0312	0.48763518923541255	259.0	True	
neutrophil → Ccl25 → Grm7 → CD8	Masopust_053_3a:A0310	0.48763518923541255	258.0	True	
neutrophil → Ccl25 → Grm7 → CD8	Masopust_053_3a:A0311	0.48763518923541255	258.0	True	
neutrophil → Ccl25 → Grm7 → CD8	Masopust_053_3b:A0310	0.48763518923541255	259.0	True	
neutrophil → Ccl25 → Grm7 → CD8	Masopust_053_3b:A0311	0.48763518923541255	259.0	True	
neutrophil → Ccl25 → Grm7 → CD8	Masopust_053_6a:A0308	0.48763518923541255	259.0	True	
neutrophil → Ccl25 → Grm7 → CD8	Masopust_053_6b:A0308	0.48763518923541255	259.0	True	
neutrophil → Ccl25 → Grm7 → CD8	Masopust_054_A:A0312	0.48763518923541255	258.0	True	
neutrophil → Ccl25 → Grm7 → CD8	Masopust_054_D:A0311	0.48763518923541255	260.0	True	
neutrophil → Ccl25 → Ackr4 → CD8	Masopust_053_1a:A0310	0.48762955416651727	260.0	True	
neutrophil → Ccl25 → Ackr4 → CD8	Masopust_053_1a:A0311	0.48762955416651727	260.0	True	
neutrophil → Ccl25 → Ackr4 → CD8	Masopust_053_1b:A0310	0.48762955416651727	259.0	True	
neutrophil → Ccl25 → Ackr4 → CD8	Masopust_053_1b:A0311	0.48762955416651727	260.0	True	
neutrophil → Ccl25 → Ackr4 → CD8	Masopust_053_2a:A0307	0.48762955416651727	261.0	True	
neutrophil → Ccl25 → Ackr4 → CD8	Masopust_053_2a:A0308	0.48762955416651727	261.0	True	
neutrophil → Ccl25 → Ackr4 → CD8	Masopust_053_2a:A0310	0.48762955416651727	260.0	True	
neutrophil → Ccl25 → Ackr4 → CD8	Masopust_053_2a:A0312	0.48762955416651727	260.0	True	
neutrophil → Ccl25 → Ackr4 → CD8	Masopust_053_2b:A0307	0.48762955416651727	260.0	True	
neutrophil → Ccl25 → Ackr4 → CD8	Masopust_053_2b:A0310	0.48762955416651727	260.0	True	
neutrophil → Ccl25 → Ackr4 → CD8	Masopust_053_2b:A0312	0.48762955416651727	260.0	True	
neutrophil → Ccl25 → Ackr4 → CD8	Masopust_053_3a:A0310	0.48762955416651727	259.0	True	
neutrophil → Ccl25 → Ackr4 → CD8	Masopust_053_3a:A0311	0.48762955416651727	259.0	True	
neutrophil → Ccl25 → Ackr4 → CD8	Masopust_053_3b:A0310	0.48762955416651727	260.0	True	
neutrophil → Ccl25 → Ackr4 → CD8	Masopust_053_3b:A0311	0.48762955416651727	260.0	True	
neutrophil → Ccl25 → Ackr4 → CD8	Masopust_053_6a:A0308	0.48762955416651727	260.0	True	
neutrophil → Ccl25 → Ackr4 → CD8	Masopust_053_6b:A0308	0.48762955416651727	260.0	True	
neutrophil → Ccl25 → Ackr4 → CD8	Masopust_054_A:A0312	0.48762955416651727	259.0	True	
neutrophil → Ccl25 → Ackr4 → CD8	Masopust_054_D:A0311	0.48762955416651727	261.0	True	
neutrophil → Ccl25 → Ccr10 → CD8	Masopust_053_1a:A0310	0.48737606028259517	261.0	True	
neutrophil → Ccl25 → Ccr10 → CD8	Masopust_053_1a:A0311	0.48737606028259517	261.0	True	
neutrophil → Ccl25 → Ccr10 → CD8	Masopust_053_1b:A0310	0.48737606028259517	261.0	True	
neutrophil → Ccl25 → Ccr10 → CD8	Masopust_053_1b:A0311	0.48737606028259517	262.0	True	
neutrophil → Ccl25 → Ccr10 → CD8	Masopust_053_2a:A0307	0.48737606028259517	262.0	True	
neutrophil → Ccl25 → Ccr10 → CD8	Masopust_053_2a:A0308	0.48737606028259517	262.0	True	
neutrophil → Ccl25 → Ccr10 → CD8	Masopust_053_2a:A0310	0.48737606028259517	262.0	True	
neutrophil → Ccl25 → Ccr10 → CD8	Masopust_053_2a:A0312	0.48737606028259517	262.0	True	
neutrophil → Ccl25 → Ccr10 → CD8	Masopust_053_2b:A0307	0.48737606028259517	262.0	True	
neutrophil → Ccl25 → Ccr10 → CD8	Masopust_053_2b:A0310	0.48737606028259517	261.0	True	
neutrophil → Ccl25 → Ccr10 → CD8	Masopust_053_2b:A0312	0.48737606028259517	261.0	True	
neutrophil → Ccl25 → Ccr10 → CD8	Masopust_053_3a:A0310	0.48737606028259517	261.0	True	
neutrophil → Ccl25 → Ccr10 → CD8	Masopust_053_3a:A0311	0.48737606028259517	261.0	True	
neutrophil → Ccl25 → Ccr10 → CD8	Masopust_053_3b:A0310	0.48737606028259517	261.0	True	
neutrophil → Ccl25 → Ccr10 → CD8	Masopust_053_3b:A0311	0.48737606028259517	262.0	True	
neutrophil → Ccl25 → Ccr10 → CD8	Masopust_053_6a:A0308	0.48737606028259517	261.0	True	
neutrophil → Ccl25 → Ccr10 → CD8	Masopust_053_6b:A0308	0.48737606028259517	261.0	True	
neutrophil → Ccl25 → Ccr10 → CD8	Masopust_054_A:A0312	0.48737606028259517	261.0	True	
neutrophil → Ccl25 → Ccr10 → CD8	Masopust_054_D:A0311	0.48737606028259517	262.0	True	
neutrophil → Pdcd1lg2 → Pdcd2 → CD8	Masopust_053_1a:A0310	0.4911336892374099	256.0	True	
neutrophil → Pdcd1lg2 → Pdcd2 → CD8	Masopust_053_1a:A0311	0.4911336892374099	255.0	True	
neutrophil → Pdcd1lg2 → Pdcd2 → CD8	Masopust_053_1b:A0310	0.4951019432056639	248.0	True	
neutrophil → Pdcd1lg2 → Pdcd2 → CD8	Masopust_053_1b:A0311	0.4911336892374099	256.0	True	
neutrophil → Pdcd1lg2 → Pdcd2 → CD8	Masopust_053_2a:A0307	0.4911336892374099	255.0	True	
neutrophil → Pdcd1lg2 → Pdcd2 → CD8	Masopust_053_2a:A0308	0.4911336892374099	255.0	True	
neutrophil → Pdcd1lg2 → Pdcd2 → CD8	Masopust_053_2a:A0310	0.4911336892374099	256.0	True	
neutrophil → Pdcd1lg2 → Pdcd2 → CD8	Masopust_053_2a:A0312	0.4911336892374099	255.0	True	
neutrophil → Pdcd1lg2 → Pdcd2 → CD8	Masopust_053_2b:A0307	0.4911336892374099	255.0	True	
neutrophil → Pdcd1lg2 → Pdcd2 → CD8	Masopust_053_2b:A0310	0.4951019432056639	247.0	True	
neutrophil → Pdcd1lg2 → Pdcd2 → CD8	Masopust_053_2b:A0312	0.4951019432056639	246.0	True	
neutrophil → Pdcd1lg2 → Pdcd2 → CD8	Masopust_053_3a:A0310	0.4951019432056639	246.0	True	
neutrophil → Pdcd1lg2 → Pdcd2 → CD8	Masopust_053_3a:A0311	0.4911336892374099	255.0	True	
neutrophil → Pdcd1lg2 → Pdcd2 → CD8	Masopust_053_3b:A0310	0.4951019432056639	246.0	True	
neutrophil → Pdcd1lg2 → Pdcd2 → CD8	Masopust_053_3b:A0311	0.4951019432056639	247.0	True	
neutrophil → Pdcd1lg2 → Pdcd2 → CD8	Masopust_053_6a:A0308	0.4911336892374099	255.0	True	
neutrophil → Pdcd1lg2 → Pdcd2 → CD8	Masopust_053_6b:A0308	0.4911336892374099	255.0	True	
neutrophil → Pdcd1lg2 → Pdcd2 → CD8	Masopust_054_A:A0312	0.4951019432056639	246.0	True	
neutrophil → Pdcd1lg2 → Pdcd2 → CD8	Masopust_054_D:A0311	0.4951019432056639	247.0	True	
neutrophil → Ccl25 → Adra2a → CD8	Masopust_053_1a:A0310	0.48713514243353373	262.0	True	
neutrophil → Ccl25 → Adra2a → CD8	Masopust_053_1a:A0311	0.48713514243353373	262.0	True	
neutrophil → Ccl25 → Adra2a → CD8	Masopust_053_1b:A0310	0.48713514243353373	262.0	True	
neutrophil → Ccl25 → Adra2a → CD8	Masopust_053_1b:A0311	0.48713514243353373	265.0	True	
neutrophil → Ccl25 → Adra2a → CD8	Masopust_053_2a:A0307	0.48713514243353373	265.0	True	
neutrophil → Ccl25 → Adra2a → CD8	Masopust_053_2a:A0308	0.48713514243353373	264.0	True	
neutrophil → Ccl25 → Adra2a → CD8	Masopust_053_2a:A0310	0.48713514243353373	264.0	True	
neutrophil → Ccl25 → Adra2a → CD8	Masopust_053_2a:A0312	0.48713514243353373	264.0	True	
neutrophil → Ccl25 → Adra2a → CD8	Masopust_053_2b:A0307	0.48713514243353373	265.0	True	
neutrophil → Ccl25 → Adra2a → CD8	Masopust_053_2b:A0310	0.48713514243353373	262.0	True	
neutrophil → Ccl25 → Adra2a → CD8	Masopust_053_2b:A0312	0.48713514243353373	262.0	True	
neutrophil → Ccl25 → Adra2a → CD8	Masopust_053_3a:A0310	0.48713514243353373	262.0	True	
neutrophil → Ccl25 → Adra2a → CD8	Masopust_053_3a:A0311	0.48713514243353373	262.0	True	
neutrophil → Ccl25 → Adra2a → CD8	Masopust_053_3b:A0310	0.48713514243353373	262.0	True	
neutrophil → Ccl25 → Adra2a → CD8	Masopust_053_3b:A0311	0.48713514243353373	265.0	True	
neutrophil → Ccl25 → Adra2a → CD8	Masopust_053_6a:A0308	0.48713514243353373	262.0	True	
neutrophil → Ccl25 → Adra2a → CD8	Masopust_053_6b:A0308	0.48713514243353373	262.0	True	
neutrophil → Ccl25 → Adra2a → CD8	Masopust_054_A:A0312	0.48713514243353373	262.0	True	
neutrophil → Ccl25 → Adra2a → CD8	Masopust_054_D:A0311	0.48713514243353373	264.0	True	
neutrophil → Ccl25 → Ackr2 → CD8	Masopust_053_1a:A0310	0.48707544462179314	263.0	True	
neutrophil → Ccl25 → Ackr2 → CD8	Masopust_053_1a:A0311	0.48707544462179314	263.0	True	
neutrophil → Ccl25 → Ackr2 → CD8	Masopust_053_1b:A0310	0.48707544462179314	263.0	True	
neutrophil → Ccl25 → Ackr2 → CD8	Masopust_053_1b:A0311	0.48707544462179314	266.0	True	
neutrophil → Ccl25 → Ackr2 → CD8	Masopust_053_2a:A0307	0.48707544462179314	266.0	True	
neutrophil → Ccl25 → Ackr2 → CD8	Masopust_053_2a:A0308	0.48707544462179314	265.0	True	
neutrophil → Ccl25 → Ackr2 → CD8	Masopust_053_2a:A0310	0.48707544462179314	265.0	True	
neutrophil → Ccl25 → Ackr2 → CD8	Masopust_053_2a:A0312	0.48707544462179314	265.0	True	
neutrophil → Ccl25 → Ackr2 → CD8	Masopust_053_2b:A0307	0.48707544462179314	266.0	True	
neutrophil → Ccl25 → Ackr2 → CD8	Masopust_053_2b:A0310	0.48707544462179314	263.0	True	
neutrophil → Ccl25 → Ackr2 → CD8	Masopust_053_2b:A0312	0.48707544462179314	263.0	True	
neutrophil → Ccl25 → Ackr2 → CD8	Masopust_053_3a:A0310	0.48707544462179314	263.0	True	
neutrophil → Ccl25 → Ackr2 → CD8	Masopust_053_3a:A0311	0.48707544462179314	263.0	True	
neutrophil → Ccl25 → Ackr2 → CD8	Masopust_053_3b:A0310	0.48707544462179314	263.0	True	
neutrophil → Ccl25 → Ackr2 → CD8	Masopust_053_3b:A0311	0.48707544462179314	266.0	True	
neutrophil → Ccl25 → Ackr2 → CD8	Masopust_053_6a:A0308	0.48707544462179314	263.0	True	
neutrophil → Ccl25 → Ackr2 → CD8	Masopust_053_6b:A0308	0.48707544462179314	263.0	True	
neutrophil → Ccl25 → Ackr2 → CD8	Masopust_054_A:A0312	0.48707544462179314	263.0	True	
neutrophil → Ccl25 → Ackr2 → CD8	Masopust_054_D:A0311	0.48707544462179314	265.0	True	
neutrophil → Ccl25 → Mtnr1a → CD8	Masopust_053_1a:A0310	0.4870553659491798	264.0	True	
neutrophil → Ccl25 → Mtnr1a → CD8	Masopust_053_1a:A0311	0.4870553659491798	264.0	True	
neutrophil → Ccl25 → Mtnr1a → CD8	Masopust_053_1b:A0310	0.4870553659491798	264.0	True	
neutrophil → Ccl25 → Mtnr1a → CD8	Masopust_053_1b:A0311	0.4870553659491798	267.0	True	
neutrophil → Ccl25 → Mtnr1a → CD8	Masopust_053_2a:A0307	0.4870553659491798	267.0	True	
neutrophil → Ccl25 → Mtnr1a → CD8	Masopust_053_2a:A0308	0.4870553659491798	266.0	True	
neutrophil → Ccl25 → Mtnr1a → CD8	Masopust_053_2a:A0310	0.4870553659491798	266.0	True	
neutrophil → Ccl25 → Mtnr1a → CD8	Masopust_053_2a:A0312	0.4870553659491798	266.0	True	
neutrophil → Ccl25 → Mtnr1a → CD8	Masopust_053_2b:A0307	0.4870553659491798	267.0	True	
neutrophil → Ccl25 → Mtnr1a → CD8	Masopust_053_2b:A0310	0.4870553659491798	264.0	True	
neutrophil → Ccl25 → Mtnr1a → CD8	Masopust_053_2b:A0312	0.4870553659491798	264.0	True	
neutrophil → Ccl25 → Mtnr1a → CD8	Masopust_053_3a:A0310	0.4870553659491798	264.0	True	
neutrophil → Ccl25 → Mtnr1a → CD8	Masopust_053_3a:A0311	0.4870553659491798	264.0	True	
neutrophil → Ccl25 → Mtnr1a → CD8	Masopust_053_3b:A0310	0.4870553659491798	264.0	True	
neutrophil → Ccl25 → Mtnr1a → CD8	Masopust_053_3b:A0311	0.4870553659491798	267.0	True	
neutrophil → Ccl25 → Mtnr1a → CD8	Masopust_053_6a:A0308	0.4870553659491798	264.0	True	
neutrophil → Ccl25 → Mtnr1a → CD8	Masopust_053_6b:A0308	0.4870553659491798	264.0	True	
neutrophil → Ccl25 → Mtnr1a → CD8	Masopust_054_A:A0312	0.4870553659491798	264.0	True	
neutrophil → Ccl25 → Mtnr1a → CD8	Masopust_054_D:A0311	0.4870553659491798	266.0	True	
fibroblast → Lama4 → Cd44 → CD4	Masopust_053_1a:A0307	0.49457309420617496	248.0	True	
fibroblast → Lama4 → Cd44 → CD4	Masopust_053_1a:A0309	0.49457309420617496	248.0	True	
fibroblast → Lama4 → Cd44 → CD4	Masopust_053_1a:A0310	0.49457309420617496	248.0	True	
fibroblast → Lama4 → Cd44 → CD4	Masopust_053_1a:A0311	0.4924085920416728	253.0	True	
fibroblast → Lama4 → Cd44 → CD4	Masopust_053_1b:A0307	0.49457309420617496	248.0	True	
fibroblast → Lama4 → Cd44 → CD4	Masopust_053_1b:A0310	0.49457309420617496	249.0	True	
fibroblast → Lama4 → Cd44 → CD4	Masopust_053_1b:A0311	0.49457309420617496	248.0	True	
fibroblast → Lama4 → Cd44 → CD4	Masopust_053_2a:A0307	0.4924085920416728	253.0	True	
fibroblast → Lama4 → Cd44 → CD4	Masopust_053_2a:A0308	0.4924085920416728	253.0	True	
fibroblast → Lama4 → Cd44 → CD4	Masopust_053_2a:A0309	0.49457309420617496	248.0	True	
fibroblast → Lama4 → Cd44 → CD4	Masopust_053_2a:A0310	0.49457309420617496	247.0	True	
fibroblast → Lama4 → Cd44 → CD4	Masopust_053_2a:A0312	0.4924085920416728	253.0	True	
fibroblast → Lama4 → Cd44 → CD4	Masopust_053_2b:A0307	0.4924085920416728	253.0	True	
fibroblast → Lama4 → Cd44 → CD4	Masopust_053_2b:A0308	0.4924085920416728	249.0	True	
fibroblast → Lama4 → Cd44 → CD4	Masopust_053_2b:A0309	0.4924085920416728	249.0	True	
fibroblast → Lama4 → Cd44 → CD4	Masopust_053_2b:A0310	0.49457309420617496	248.0	True	
fibroblast → Lama4 → Cd44 → CD4	Masopust_053_2b:A0312	0.4924085920416728	254.0	True	
fibroblast → Lama4 → Cd44 → CD4	Masopust_053_3a:A0307	0.49457309420617496	248.0	True	
fibroblast → Lama4 → Cd44 → CD4	Masopust_053_3a:A0308	0.4924085920416728	249.0	True	
fibroblast → Lama4 → Cd44 → CD4	Masopust_053_3a:A0310	0.4924085920416728	254.0	True	
fibroblast → Lama4 → Cd44 → CD4	Masopust_053_3a:A0311	0.4924085920416728	253.0	True	
fibroblast → Lama4 → Cd44 → CD4	Masopust_053_3b:A0307	0.49457309420617496	248.0	True	
fibroblast → Lama4 → Cd44 → CD4	Masopust_053_3b:A0311	0.49457309420617496	248.0	True	
fibroblast → Lama4 → Cd44 → CD4	Masopust_053_6a:A0308	0.4924085920416728	253.0	True	
fibroblast → Lama4 → Cd44 → CD4	Masopust_053_6b:A0307	0.4924085920416728	249.0	True	
fibroblast → Lama4 → Cd44 → CD4	Masopust_053_6b:A0308	0.4924085920416728	253.0	True	
fibroblast → Lama4 → Cd44 → CD4	Masopust_054_A:A0312	0.4924085920416728	254.0	True	
fibroblast → Lama4 → Cd44 → CD4	Masopust_054_B:A0311	0.49457309420617496	248.0	True	
fibroblast → Lama4 → Cd44 → CD4	Masopust_054_C:A0311	0.4924085920416728	249.0	True	
fibroblast → Lama4 → Cd44 → CD4	Masopust_054_C:A0312	0.4924085920416728	249.0	True	
fibroblast → Lama4 → Cd44 → CD4	Masopust_054_C:A0313	0.4924085920416728	249.0	True	
fibroblast → Lama4 → Cd44 → CD4	Masopust_054_D:A0311	0.4924085920416728	254.0	True	
fibroblast → Lama4 → Cd44 → CD4	Masopust_054_D:A0312	0.4924085920416728	249.0	True	
fibroblast → Lama4 → Cd44 → CD4	Masopust_054_D:A0313	0.49457309420617496	248.0	True	
fibroblast → Lama4 → Itgav_Itgb8 → CD4	Masopust_053_1a:A0307	0.49385952206403144	249.0	True	
fibroblast → Lama4 → Itgav_Itgb8 → CD4	Masopust_053_1a:A0309	0.49385952206403144	249.0	True	
fibroblast → Lama4 → Itgav_Itgb8 → CD4	Masopust_053_1a:A0310	0.49385952206403144	249.0	True	
fibroblast → Lama4 → Itgav_Itgb8 → CD4	Masopust_053_1a:A0311	0.49169501989952924	254.0	True	
fibroblast → Lama4 → Itgav_Itgb8 → CD4	Masopust_053_1b:A0307	0.49385952206403144	249.0	True	
fibroblast → Lama4 → Itgav_Itgb8 → CD4	Masopust_053_1b:A0310	0.49385952206403144	250.0	True	
fibroblast → Lama4 → Itgav_Itgb8 → CD4	Masopust_053_1b:A0311	0.49385952206403144	249.0	True	
fibroblast → Lama4 → Itgav_Itgb8 → CD4	Masopust_053_2a:A0307	0.49169501989952924	254.0	True	
fibroblast → Lama4 → Itgav_Itgb8 → CD4	Masopust_053_2a:A0308	0.49169501989952924	254.0	True	
fibroblast → Lama4 → Itgav_Itgb8 → CD4	Masopust_053_2a:A0309	0.49385952206403144	249.0	True	
fibroblast → Lama4 → Itgav_Itgb8 → CD4	Masopust_053_2a:A0310	0.49385952206403144	249.0	True	
fibroblast → Lama4 → Itgav_Itgb8 → CD4	Masopust_053_2a:A0312	0.49169501989952924	254.0	True	
fibroblast → Lama4 → Itgav_Itgb8 → CD4	Masopust_053_2b:A0307	0.49169501989952924	254.0	True	
fibroblast → Lama4 → Itgav_Itgb8 → CD4	Masopust_053_2b:A0308	0.49169501989952924	250.0	True	
fibroblast → Lama4 → Itgav_Itgb8 → CD4	Masopust_053_2b:A0309	0.49169501989952924	250.0	True	
fibroblast → Lama4 → Itgav_Itgb8 → CD4	Masopust_053_2b:A0310	0.49385952206403144	250.0	True	
fibroblast → Lama4 → Itgav_Itgb8 → CD4	Masopust_053_2b:A0312	0.49169501989952924	255.0	True	
fibroblast → Lama4 → Itgav_Itgb8 → CD4	Masopust_053_3a:A0307	0.49385952206403144	249.0	True	
fibroblast → Lama4 → Itgav_Itgb8 → CD4	Masopust_053_3a:A0308	0.49169501989952924	250.0	True	
fibroblast → Lama4 → Itgav_Itgb8 → CD4	Masopust_053_3a:A0310	0.49169501989952924	255.0	True	
fibroblast → Lama4 → Itgav_Itgb8 → CD4	Masopust_053_3a:A0311	0.49169501989952924	254.0	True	
fibroblast → Lama4 → Itgav_Itgb8 → CD4	Masopust_053_3b:A0307	0.49385952206403144	249.0	True	
fibroblast → Lama4 → Itgav_Itgb8 → CD4	Masopust_053_3b:A0311	0.49385952206403144	250.0	True	
fibroblast → Lama4 → Itgav_Itgb8 → CD4	Masopust_053_6a:A0308	0.49169501989952924	254.0	True	
fibroblast → Lama4 → Itgav_Itgb8 → CD4	Masopust_053_6b:A0307	0.49169501989952924	250.0	True	
fibroblast → Lama4 → Itgav_Itgb8 → CD4	Masopust_053_6b:A0308	0.49169501989952924	254.0	True	
fibroblast → Lama4 → Itgav_Itgb8 → CD4	Masopust_054_A:A0312	0.49169501989952924	255.0	True	
fibroblast → Lama4 → Itgav_Itgb8 → CD4	Masopust_054_B:A0311	0.49385952206403144	249.0	True	
fibroblast → Lama4 → Itgav_Itgb8 → CD4	Masopust_054_C:A0311	0.49169501989952924	250.0	True	
fibroblast → Lama4 → Itgav_Itgb8 → CD4	Masopust_054_C:A0312	0.49169501989952924	250.0	True	
fibroblast → Lama4 → Itgav_Itgb8 → CD4	Masopust_054_C:A0313	0.49169501989952924	250.0	True	
fibroblast → Lama4 → Itgav_Itgb8 → CD4	Masopust_054_D:A0311	0.49169501989952924	255.0	True	
fibroblast → Lama4 → Itgav_Itgb8 → CD4	Masopust_054_D:A0312	0.49169501989952924	250.0	True	
fibroblast → Lama4 → Itgav_Itgb8 → CD4	Masopust_054_D:A0313	0.49385952206403144	249.0	True	
neutrophil → Lamb3 → Itga2_Itgb1 → CD4	Masopust_053_1a:A0310	0.4854785642028666	267.0	True	
neutrophil → Lamb3 → Itga2_Itgb1 → CD4	Masopust_053_1a:A0311	0.4854785642028666	267.0	True	
neutrophil → Lamb3 → Itga2_Itgb1 → CD4	Masopust_053_1b:A0310	0.4854785642028666	267.0	True	
neutrophil → Lamb3 → Itga2_Itgb1 → CD4	Masopust_053_1b:A0311	0.4854785642028666	270.0	True	
neutrophil → Lamb3 → Itga2_Itgb1 → CD4	Masopust_053_2a:A0307	0.4854785642028666	268.0	True	
neutrophil → Lamb3 → Itga2_Itgb1 → CD4	Masopust_053_2a:A0308	0.4854785642028666	269.0	True	
neutrophil → Lamb3 → Itga2_Itgb1 → CD4	Masopust_053_2a:A0310	0.4854785642028666	267.0	True	
neutrophil → Lamb3 → Itga2_Itgb1 → CD4	Masopust_053_2a:A0312	0.4854785642028666	267.0	True	
neutrophil → Lamb3 → Itga2_Itgb1 → CD4	Masopust_053_2b:A0307	0.4854785642028666	268.0	True	
neutrophil → Lamb3 → Itga2_Itgb1 → CD4	Masopust_053_2b:A0310	0.4854785642028666	265.0	True	
neutrophil → Lamb3 → Itga2_Itgb1 → CD4	Masopust_053_2b:A0312	0.4854785642028666	265.0	True	
neutrophil → Lamb3 → Itga2_Itgb1 → CD4	Masopust_053_3a:A0310	0.4854785642028666	265.0	True	
neutrophil → Lamb3 → Itga2_Itgb1 → CD4	Masopust_053_3a:A0311	0.4854785642028666	265.0	True	
neutrophil → Lamb3 → Itga2_Itgb1 → CD4	Masopust_053_3b:A0310	0.4854785642028666	266.0	True	
neutrophil → Lamb3 → Itga2_Itgb1 → CD4	Masopust_053_3b:A0311	0.4854785642028666	268.0	True	
neutrophil → Lamb3 → Itga2_Itgb1 → CD4	Masopust_053_6a:A0308	0.4854785642028666	267.0	True	
neutrophil → Lamb3 → Itga2_Itgb1 → CD4	Masopust_053_6b:A0308	0.4854785642028666	267.0	True	
neutrophil → Lamb3 → Itga2_Itgb1 → CD4	Masopust_054_A:A0312	0.4854785642028666	265.0	True	
neutrophil → Lamb3 → Itga2_Itgb1 → CD4	Masopust_054_D:A0311	0.4854785642028666	269.0	True	
fibroblast → Lama4 → Itga6_Itgb1 → CD4	Masopust_053_1a:A0307	0.4924323777797443	251.0	True	
fibroblast → Lama4 → Itga6_Itgb1 → CD4	Masopust_053_1a:A0309	0.4924323777797443	251.0	True	
fibroblast → Lama4 → Itga6_Itgb1 → CD4	Masopust_053_1a:A0310	0.4924323777797443	255.0	True	
fibroblast → Lama4 → Itga6_Itgb1 → CD4	Masopust_053_1a:A0311	0.49026787561524215	256.0	True	
fibroblast → Lama4 → Itga6_Itgb1 → CD4	Masopust_053_1b:A0307	0.4924323777797443	251.0	True	
fibroblast → Lama4 → Itga6_Itgb1 → CD4	Masopust_053_1b:A0310	0.4924323777797443	256.0	True	
fibroblast → Lama4 → Itga6_Itgb1 → CD4	Masopust_053_1b:A0311	0.4924323777797443	255.0	True	
fibroblast → Lama4 → Itga6_Itgb1 → CD4	Masopust_053_2a:A0307	0.49026787561524215	256.0	True	
fibroblast → Lama4 → Itga6_Itgb1 → CD4	Masopust_053_2a:A0308	0.49026787561524215	256.0	True	
fibroblast → Lama4 → Itga6_Itgb1 → CD4	Masopust_053_2a:A0309	0.4924323777797443	251.0	True	
fibroblast → Lama4 → Itga6_Itgb1 → CD4	Masopust_053_2a:A0310	0.4924323777797443	255.0	True	
fibroblast → Lama4 → Itga6_Itgb1 → CD4	Masopust_053_2a:A0312	0.49026787561524215	256.0	True	
fibroblast → Lama4 → Itga6_Itgb1 → CD4	Masopust_053_2b:A0307	0.49026787561524215	256.0	True	
fibroblast → Lama4 → Itga6_Itgb1 → CD4	Masopust_053_2b:A0308	0.49026787561524215	256.0	True	
fibroblast → Lama4 → Itga6_Itgb1 → CD4	Masopust_053_2b:A0309	0.49026787561524215	256.0	True	
fibroblast → Lama4 → Itga6_Itgb1 → CD4	Masopust_053_2b:A0310	0.4924323777797443	256.0	True	
fibroblast → Lama4 → Itga6_Itgb1 → CD4	Masopust_053_2b:A0312	0.49026787561524215	256.0	True	
fibroblast → Lama4 → Itga6_Itgb1 → CD4	Masopust_053_3a:A0307	0.4924323777797443	251.0	True	
fibroblast → Lama4 → Itga6_Itgb1 → CD4	Masopust_053_3a:A0308	0.49026787561524215	256.0	True	
fibroblast → Lama4 → Itga6_Itgb1 → CD4	Masopust_053_3a:A0310	0.49026787561524215	256.0	True	
fibroblast → Lama4 → Itga6_Itgb1 → CD4	Masopust_053_3a:A0311	0.49026787561524215	256.0	True	
fibroblast → Lama4 → Itga6_Itgb1 → CD4	Masopust_053_3b:A0307	0.4924323777797443	251.0	True	
fibroblast → Lama4 → Itga6_Itgb1 → CD4	Masopust_053_3b:A0311	0.4924323777797443	256.0	True	
fibroblast → Lama4 → Itga6_Itgb1 → CD4	Masopust_053_6a:A0308	0.49026787561524215	256.0	True	
fibroblast → Lama4 → Itga6_Itgb1 → CD4	Masopust_053_6b:A0307	0.49026787561524215	256.0	True	
fibroblast → Lama4 → Itga6_Itgb1 → CD4	Masopust_053_6b:A0308	0.49026787561524215	256.0	True	
fibroblast → Lama4 → Itga6_Itgb1 → CD4	Masopust_054_A:A0312	0.49026787561524215	256.0	True	
fibroblast → Lama4 → Itga6_Itgb1 → CD4	Masopust_054_B:A0311	0.4924323777797443	251.0	True	
fibroblast → Lama4 → Itga6_Itgb1 → CD4	Masopust_054_C:A0311	0.49026787561524215	256.0	True	
fibroblast → Lama4 → Itga6_Itgb1 → CD4	Masopust_054_C:A0312	0.49026787561524215	256.0	True	
fibroblast → Lama4 → Itga6_Itgb1 → CD4	Masopust_054_C:A0313	0.49026787561524215	256.0	True	
fibroblast → Lama4 → Itga6_Itgb1 → CD4	Masopust_054_D:A0311	0.49026787561524215	256.0	True	
fibroblast → Lama4 → Itga6_Itgb1 → CD4	Masopust_054_D:A0312	0.49026787561524215	256.0	True	
fibroblast → Lama4 → Itga6_Itgb1 → CD4	Masopust_054_D:A0313	0.4924323777797443	251.0	True	
neutrophil → Lamb3 → Dag1 → CD4	Masopust_053_1a:A0310	0.4821515936372143	271.0	True	
neutrophil → Lamb3 → Dag1 → CD4	Masopust_053_1a:A0311	0.4821515936372143	271.0	True	
neutrophil → Lamb3 → Dag1 → CD4	Masopust_053_1b:A0310	0.4821515936372143	273.0	True	
neutrophil → Lamb3 → Dag1 → CD4	Masopust_053_1b:A0311	0.4821515936372143	274.0	True	
neutrophil → Lamb3 → Dag1 → CD4	Masopust_053_2a:A0307	0.4821515936372143	274.0	True	
neutrophil → Lamb3 → Dag1 → CD4	Masopust_053_2a:A0308	0.4821515936372143	274.0	True	
neutrophil → Lamb3 → Dag1 → CD4	Masopust_053_2a:A0310	0.4821515936372143	272.0	True	
neutrophil → Lamb3 → Dag1 → CD4	Masopust_053_2a:A0312	0.4821515936372143	274.0	True	
neutrophil → Lamb3 → Dag1 → CD4	Masopust_053_2b:A0307	0.4821515936372143	272.0	True	
neutrophil → Lamb3 → Dag1 → CD4	Masopust_053_2b:A0310	0.4821515936372143	271.0	True	
neutrophil → Lamb3 → Dag1 → CD4	Masopust_053_2b:A0312	0.4821515936372143	271.0	True	
neutrophil → Lamb3 → Dag1 → CD4	Masopust_053_3a:A0310	0.4821515936372143	271.0	True	
neutrophil → Lamb3 → Dag1 → CD4	Masopust_053_3a:A0311	0.4821515936372143	273.0	True	
neutrophil → Lamb3 → Dag1 → CD4	Masopust_053_3b:A0310	0.4821515936372143	271.0	True	
neutrophil → Lamb3 → Dag1 → CD4	Masopust_053_3b:A0311	0.4821515936372143	274.0	True	
neutrophil → Lamb3 → Dag1 → CD4	Masopust_053_6a:A0308	0.4821515936372143	273.0	True	
neutrophil → Lamb3 → Dag1 → CD4	Masopust_053_6b:A0308	0.4821515936372143	271.0	True	
neutrophil → Lamb3 → Dag1 → CD4	Masopust_054_A:A0312	0.4821515936372143	271.0	True	
neutrophil → Lamb3 → Dag1 → CD4	Masopust_054_D:A0311	0.4821515936372143	274.0	True	
neutrophil → Vegfa → Gpc1 → CD4	Masopust_053_1a:A0310	0.484581505485223	269.0	True	
neutrophil → Vegfa → Gpc1 → CD4	Masopust_053_1a:A0311	0.484581505485223	269.0	True	
neutrophil → Vegfa → Gpc1 → CD4	Masopust_053_1b:A0310	0.484581505485223	269.0	True	
neutrophil → Vegfa → Gpc1 → CD4	Masopust_053_1b:A0311	0.48854975945347695	257.0	True	
neutrophil → Vegfa → Gpc1 → CD4	Masopust_053_2a:A0307	0.48854975945347695	258.0	True	
neutrophil → Vegfa → Gpc1 → CD4	Masopust_053_2a:A0308	0.48854975945347695	258.0	True	
neutrophil → Vegfa → Gpc1 → CD4	Masopust_053_2a:A0310	0.48854975945347695	257.0	True	
neutrophil → Vegfa → Gpc1 → CD4	Masopust_053_2a:A0312	0.48854975945347695	257.0	True	
neutrophil → Vegfa → Gpc1 → CD4	Masopust_053_2b:A0307	0.48854975945347695	257.0	True	
neutrophil → Vegfa → Gpc1 → CD4	Masopust_053_2b:A0310	0.484581505485223	267.0	True	
neutrophil → Vegfa → Gpc1 → CD4	Masopust_053_2b:A0312	0.484581505485223	267.0	True	
neutrophil → Vegfa → Gpc1 → CD4	Masopust_053_3a:A0310	0.484581505485223	267.0	True	
neutrophil → Vegfa → Gpc1 → CD4	Masopust_053_3a:A0311	0.484581505485223	267.0	True	
neutrophil → Vegfa → Gpc1 → CD4	Masopust_053_3b:A0310	0.484581505485223	267.0	True	
neutrophil → Vegfa → Gpc1 → CD4	Masopust_053_3b:A0311	0.48854975945347695	257.0	True	
neutrophil → Vegfa → Gpc1 → CD4	Masopust_053_6a:A0308	0.484581505485223	269.0	True	
neutrophil → Vegfa → Gpc1 → CD4	Masopust_053_6b:A0308	0.484581505485223	269.0	True	
neutrophil → Vegfa → Gpc1 → CD4	Masopust_054_A:A0312	0.484581505485223	267.0	True	
neutrophil → Vegfa → Gpc1 → CD4	Masopust_054_D:A0311	0.48854975945347695	258.0	True	
fibroblast → Adam10 → Tspan14 → CD8	Masopust_053_1a:A0307	0.4808833534384206	272.0	True	
fibroblast → Adam10 → Tspan14 → CD8	Masopust_053_1a:A0309	0.48304785560292274	271.0	True	
fibroblast → Adam10 → Tspan14 → CD8	Masopust_053_1a:A0310	0.4808833534384206	272.0	True	
fibroblast → Adam10 → Tspan14 → CD8	Masopust_053_1a:A0311	0.4808833534384206	272.0	True	
fibroblast → Adam10 → Tspan14 → CD8	Masopust_053_1b:A0307	0.48304785560292274	271.0	True	
fibroblast → Adam10 → Tspan14 → CD8	Masopust_053_1b:A0310	0.48304785560292274	271.0	True	
fibroblast → Adam10 → Tspan14 → CD8	Masopust_053_1b:A0311	0.48304785560292274	272.0	True	
fibroblast → Adam10 → Tspan14 → CD8	Masopust_053_2a:A0307	0.48304785560292274	270.0	True	
fibroblast → Adam10 → Tspan14 → CD8	Masopust_053_2a:A0308	0.48304785560292274	272.0	True	
fibroblast → Adam10 → Tspan14 → CD8	Masopust_053_2a:A0309	0.4808833534384206	272.0	True	
fibroblast → Adam10 → Tspan14 → CD8	Masopust_053_2a:A0310	0.4808833534384206	273.0	True	
fibroblast → Adam10 → Tspan14 → CD8	Masopust_053_2a:A0312	0.48304785560292274	270.0	True	
fibroblast → Adam10 → Tspan14 → CD8	Masopust_053_2b:A0307	0.4808833534384206	273.0	True	
fibroblast → Adam10 → Tspan14 → CD8	Masopust_053_2b:A0308	0.4808833534384206	272.0	True	
fibroblast → Adam10 → Tspan14 → CD8	Masopust_053_2b:A0309	0.48304785560292274	271.0	True	
fibroblast → Adam10 → Tspan14 → CD8	Masopust_053_2b:A0310	0.4808833534384206	272.0	True	
fibroblast → Adam10 → Tspan14 → CD8	Masopust_053_2b:A0312	0.4808833534384206	272.0	True	
fibroblast → Adam10 → Tspan14 → CD8	Masopust_053_3a:A0307	0.4808833534384206	272.0	True	
fibroblast → Adam10 → Tspan14 → CD8	Masopust_053_3a:A0308	0.4808833534384206	272.0	True	
fibroblast → Adam10 → Tspan14 → CD8	Masopust_053_3a:A0310	0.4808833534384206	272.0	True	
fibroblast → Adam10 → Tspan14 → CD8	Masopust_053_3a:A0311	0.48304785560292274	269.0	True	
fibroblast → Adam10 → Tspan14 → CD8	Masopust_053_3b:A0307	0.48304785560292274	271.0	True	
fibroblast → Adam10 → Tspan14 → CD8	Masopust_053_3b:A0311	0.48304785560292274	270.0	True	
fibroblast → Adam10 → Tspan14 → CD8	Masopust_053_6a:A0308	0.48304785560292274	271.0	True	
fibroblast → Adam10 → Tspan14 → CD8	Masopust_053_6b:A0307	0.48304785560292274	271.0	True	
fibroblast → Adam10 → Tspan14 → CD8	Masopust_053_6b:A0308	0.4808833534384206	272.0	True	
fibroblast → Adam10 → Tspan14 → CD8	Masopust_054_A:A0312	0.4808833534384206	272.0	True	
fibroblast → Adam10 → Tspan14 → CD8	Masopust_054_B:A0311	0.48304785560292274	271.0	True	
fibroblast → Adam10 → Tspan14 → CD8	Masopust_054_C:A0311	0.4808833534384206	272.0	True	
fibroblast → Adam10 → Tspan14 → CD8	Masopust_054_C:A0312	0.4808833534384206	272.0	True	
fibroblast → Adam10 → Tspan14 → CD8	Masopust_054_C:A0313	0.4808833534384206	272.0	True	
fibroblast → Adam10 → Tspan14 → CD8	Masopust_054_D:A0311	0.48304785560292274	272.0	True	
fibroblast → Adam10 → Tspan14 → CD8	Masopust_054_D:A0312	0.4808833534384206	272.0	True	
fibroblast → Adam10 → Tspan14 → CD8	Masopust_054_D:A0313	0.48304785560292274	271.0	True	
neutrophil → Vegfa → Sirpa → CD4	Masopust_053_1a:A0310	0.4833049534744172	270.0	True	
neutrophil → Vegfa → Sirpa → CD4	Masopust_053_1a:A0311	0.4833049534744172	270.0	True	
neutrophil → Vegfa → Sirpa → CD4	Masopust_053_1b:A0310	0.4833049534744172	270.0	True	
neutrophil → Vegfa → Sirpa → CD4	Masopust_053_1b:A0311	0.4872732074426712	263.0	True	
neutrophil → Vegfa → Sirpa → CD4	Masopust_053_2a:A0307	0.4872732074426712	263.0	True	
neutrophil → Vegfa → Sirpa → CD4	Masopust_053_2a:A0308	0.4872732074426712	263.0	True	
neutrophil → Vegfa → Sirpa → CD4	Masopust_053_2a:A0310	0.4872732074426712	263.0	True	
neutrophil → Vegfa → Sirpa → CD4	Masopust_053_2a:A0312	0.4872732074426712	263.0	True	
neutrophil → Vegfa → Sirpa → CD4	Masopust_053_2b:A0307	0.4872732074426712	263.0	True	
neutrophil → Vegfa → Sirpa → CD4	Masopust_053_2b:A0310	0.4833049534744172	268.0	True	
neutrophil → Vegfa → Sirpa → CD4	Masopust_053_2b:A0312	0.4833049534744172	268.0	True	
neutrophil → Vegfa → Sirpa → CD4	Masopust_053_3a:A0310	0.4833049534744172	268.0	True	
neutrophil → Vegfa → Sirpa → CD4	Masopust_053_3a:A0311	0.4833049534744172	268.0	True	
neutrophil → Vegfa → Sirpa → CD4	Masopust_053_3b:A0310	0.4833049534744172	268.0	True	
neutrophil → Vegfa → Sirpa → CD4	Masopust_053_3b:A0311	0.4872732074426712	263.0	True	
neutrophil → Vegfa → Sirpa → CD4	Masopust_053_6a:A0308	0.4833049534744172	270.0	True	
neutrophil → Vegfa → Sirpa → CD4	Masopust_053_6b:A0308	0.4833049534744172	270.0	True	
neutrophil → Vegfa → Sirpa → CD4	Masopust_054_A:A0312	0.4833049534744172	268.0	True	
neutrophil → Vegfa → Sirpa → CD4	Masopust_054_D:A0311	0.4872732074426712	263.0	True	
fibroblast → Adam10 → Notch1 → CD8	Masopust_053_1a:A0307	0.48031249572470575	273.0	True	
fibroblast → Adam10 → Notch1 → CD8	Masopust_053_1a:A0309	0.4824769978892079	272.0	True	
fibroblast → Adam10 → Notch1 → CD8	Masopust_053_1a:A0310	0.48031249572470575	273.0	True	
fibroblast → Adam10 → Notch1 → CD8	Masopust_053_1a:A0311	0.48031249572470575	273.0	True	
fibroblast → Adam10 → Notch1 → CD8	Masopust_053_1b:A0307	0.4824769978892079	272.0	True	
fibroblast → Adam10 → Notch1 → CD8	Masopust_053_1b:A0310	0.4824769978892079	272.0	True	
fibroblast → Adam10 → Notch1 → CD8	Masopust_053_1b:A0311	0.4824769978892079	273.0	True	
fibroblast → Adam10 → Notch1 → CD8	Masopust_053_2a:A0307	0.4824769978892079	273.0	True	
fibroblast → Adam10 → Notch1 → CD8	Masopust_053_2a:A0308	0.4824769978892079	273.0	True	
fibroblast → Adam10 → Notch1 → CD8	Masopust_053_2a:A0309	0.48031249572470575	273.0	True	
fibroblast → Adam10 → Notch1 → CD8	Masopust_053_2a:A0310	0.48031249572470575	274.0	True	
fibroblast → Adam10 → Notch1 → CD8	Masopust_053_2a:A0312	0.4824769978892079	273.0	True	
fibroblast → Adam10 → Notch1 → CD8	Masopust_053_2b:A0307	0.48031249572470575	274.0	True	
fibroblast → Adam10 → Notch1 → CD8	Masopust_053_2b:A0308	0.48031249572470575	273.0	True	
fibroblast → Adam10 → Notch1 → CD8	Masopust_053_2b:A0309	0.4824769978892079	272.0	True	
fibroblast → Adam10 → Notch1 → CD8	Masopust_053_2b:A0310	0.48031249572470575	273.0	True	
fibroblast → Adam10 → Notch1 → CD8	Masopust_053_2b:A0312	0.48031249572470575	273.0	True	
fibroblast → Adam10 → Notch1 → CD8	Masopust_053_3a:A0307	0.48031249572470575	273.0	True	
fibroblast → Adam10 → Notch1 → CD8	Masopust_053_3a:A0308	0.48031249572470575	273.0	True	
fibroblast → Adam10 → Notch1 → CD8	Masopust_053_3a:A0310	0.48031249572470575	273.0	True	
fibroblast → Adam10 → Notch1 → CD8	Masopust_053_3a:A0311	0.4824769978892079	272.0	True	
fibroblast → Adam10 → Notch1 → CD8	Masopust_053_3b:A0307	0.4824769978892079	272.0	True	
fibroblast → Adam10 → Notch1 → CD8	Masopust_053_3b:A0311	0.4824769978892079	273.0	True	
fibroblast → Adam10 → Notch1 → CD8	Masopust_053_6a:A0308	0.4824769978892079	272.0	True	
fibroblast → Adam10 → Notch1 → CD8	Masopust_053_6b:A0307	0.4824769978892079	272.0	True	
fibroblast → Adam10 → Notch1 → CD8	Masopust_053_6b:A0308	0.48031249572470575	273.0	True	
fibroblast → Adam10 → Notch1 → CD8	Masopust_054_A:A0312	0.48031249572470575	273.0	True	
fibroblast → Adam10 → Notch1 → CD8	Masopust_054_B:A0311	0.4824769978892079	272.0	True	
fibroblast → Adam10 → Notch1 → CD8	Masopust_054_C:A0311	0.48031249572470575	273.0	True	
fibroblast → Adam10 → Notch1 → CD8	Masopust_054_C:A0312	0.48031249572470575	273.0	True	
fibroblast → Adam10 → Notch1 → CD8	Masopust_054_C:A0313	0.48031249572470575	273.0	True	
fibroblast → Adam10 → Notch1 → CD8	Masopust_054_D:A0311	0.4824769978892079	273.0	True	
fibroblast → Adam10 → Notch1 → CD8	Masopust_054_D:A0312	0.48031249572470575	273.0	True	
fibroblast → Adam10 → Notch1 → CD8	Masopust_054_D:A0313	0.4824769978892079	272.0	True	
neutrophil → Vegfa → Gpc1 → CD8	Masopust_053_1a:A0310	0.4868639467029748	265.0	True	
neutrophil → Vegfa → Gpc1 → CD8	Masopust_053_1a:A0311	0.4868639467029748	265.0	True	
neutrophil → Vegfa → Gpc1 → CD8	Masopust_053_1b:A0310	0.4868639467029748	265.0	True	
neutrophil → Vegfa → Gpc1 → CD8	Masopust_053_1b:A0311	0.4868639467029748	268.0	True	
neutrophil → Vegfa → Gpc1 → CD8	Masopust_053_2a:A0307	0.48289569273472077	271.0	True	
neutrophil → Vegfa → Gpc1 → CD8	Masopust_053_2a:A0308	0.4868639467029748	267.0	True	
neutrophil → Vegfa → Gpc1 → CD8	Masopust_053_2a:A0310	0.48289569273472077	270.0	True	
neutrophil → Vegfa → Gpc1 → CD8	Masopust_053_2a:A0312	0.48289569273472077	271.0	True	
neutrophil → Vegfa → Gpc1 → CD8	Masopust_053_2b:A0307	0.48289569273472077	270.0	True	
neutrophil → Vegfa → Gpc1 → CD8	Masopust_053_2b:A0310	0.48289569273472077	269.0	True	
neutrophil → Vegfa → Gpc1 → CD8	Masopust_053_2b:A0312	0.48289569273472077	269.0	True	
neutrophil → Vegfa → Gpc1 → CD8	Masopust_053_3a:A0310	0.48289569273472077	269.0	True	
neutrophil → Vegfa → Gpc1 → CD8	Masopust_053_3a:A0311	0.48289569273472077	270.0	True	
neutrophil → Vegfa → Gpc1 → CD8	Masopust_053_3b:A0310	0.48289569273472077	269.0	True	
neutrophil → Vegfa → Gpc1 → CD8	Masopust_053_3b:A0311	0.48289569273472077	271.0	True	
neutrophil → Vegfa → Gpc1 → CD8	Masopust_053_6a:A0308	0.4868639467029748	265.0	True	
neutrophil → Vegfa → Gpc1 → CD8	Masopust_053_6b:A0308	0.4868639467029748	265.0	True	
neutrophil → Vegfa → Gpc1 → CD8	Masopust_054_A:A0312	0.48289569273472077	269.0	True	
neutrophil → Vegfa → Gpc1 → CD8	Masopust_054_D:A0311	0.4868639467029748	267.0	True	
neutrophil → Vegfa → Sirpa → CD8	Masopust_053_1a:A0310	0.4867522371499277	266.0	True	
neutrophil → Vegfa → Sirpa → CD8	Masopust_053_1a:A0311	0.4867522371499277	266.0	True	
neutrophil → Vegfa → Sirpa → CD8	Masopust_053_1b:A0310	0.4867522371499277	266.0	True	
neutrophil → Vegfa → Sirpa → CD8	Masopust_053_1b:A0311	0.4867522371499277	269.0	True	
neutrophil → Vegfa → Sirpa → CD8	Masopust_053_2a:A0307	0.48278398318167376	272.0	True	
neutrophil → Vegfa → Sirpa → CD8	Masopust_053_2a:A0308	0.4867522371499277	268.0	True	
neutrophil → Vegfa → Sirpa → CD8	Masopust_053_2a:A0310	0.48278398318167376	271.0	True	
neutrophil → Vegfa → Sirpa → CD8	Masopust_053_2a:A0312	0.48278398318167376	272.0	True	
neutrophil → Vegfa → Sirpa → CD8	Masopust_053_2b:A0307	0.48278398318167376	271.0	True	
neutrophil → Vegfa → Sirpa → CD8	Masopust_053_2b:A0310	0.48278398318167376	270.0	True	
neutrophil → Vegfa → Sirpa → CD8	Masopust_053_2b:A0312	0.48278398318167376	270.0	True	
neutrophil → Vegfa → Sirpa → CD8	Masopust_053_3a:A0310	0.48278398318167376	270.0	True	
neutrophil → Vegfa → Sirpa → CD8	Masopust_053_3a:A0311	0.48278398318167376	271.0	True	
neutrophil → Vegfa → Sirpa → CD8	Masopust_053_3b:A0310	0.48278398318167376	270.0	True	
neutrophil → Vegfa → Sirpa → CD8	Masopust_053_3b:A0311	0.48278398318167376	272.0	True	
neutrophil → Vegfa → Sirpa → CD8	Masopust_053_6a:A0308	0.4867522371499277	266.0	True	
neutrophil → Vegfa → Sirpa → CD8	Masopust_053_6b:A0308	0.4867522371499277	266.0	True	
neutrophil → Vegfa → Sirpa → CD8	Masopust_054_A:A0312	0.48278398318167376	270.0	True	
neutrophil → Vegfa → Sirpa → CD8	Masopust_054_D:A0311	0.4867522371499277	268.0	True	
fibroblast → Adam10 → Tspan5 → CD8	Masopust_053_1a:A0307	0.47974163801099085	275.0	True	
fibroblast → Adam10 → Tspan5 → CD8	Masopust_053_1a:A0309	0.48190614017549305	273.0	True	
fibroblast → Adam10 → Tspan5 → CD8	Masopust_053_1a:A0310	0.47974163801099085	274.0	True	
fibroblast → Adam10 → Tspan5 → CD8	Masopust_053_1a:A0311	0.47974163801099085	274.0	True	
fibroblast → Adam10 → Tspan5 → CD8	Masopust_053_1b:A0307	0.48190614017549305	273.0	True	
fibroblast → Adam10 → Tspan5 → CD8	Masopust_053_1b:A0310	0.48190614017549305	274.0	True	
fibroblast → Adam10 → Tspan5 → CD8	Masopust_053_1b:A0311	0.48190614017549305	275.0	True	
fibroblast → Adam10 → Tspan5 → CD8	Masopust_053_2a:A0307	0.48190614017549305	275.0	True	
fibroblast → Adam10 → Tspan5 → CD8	Masopust_053_2a:A0308	0.48190614017549305	275.0	True	
fibroblast → Adam10 → Tspan5 → CD8	Masopust_053_2a:A0309	0.47974163801099085	275.0	True	
fibroblast → Adam10 → Tspan5 → CD8	Masopust_053_2a:A0310	0.47974163801099085	275.0	True	
fibroblast → Adam10 → Tspan5 → CD8	Masopust_053_2a:A0312	0.48190614017549305	275.0	True	
fibroblast → Adam10 → Tspan5 → CD8	Masopust_053_2b:A0307	0.47974163801099085	275.0	True	
fibroblast → Adam10 → Tspan5 → CD8	Masopust_053_2b:A0308	0.47974163801099085	275.0	True	
fibroblast → Adam10 → Tspan5 → CD8	Masopust_053_2b:A0309	0.48190614017549305	273.0	True	
fibroblast → Adam10 → Tspan5 → CD8	Masopust_053_2b:A0310	0.47974163801099085	274.0	True	
fibroblast → Adam10 → Tspan5 → CD8	Masopust_053_2b:A0312	0.47974163801099085	274.0	True	
fibroblast → Adam10 → Tspan5 → CD8	Masopust_053_3a:A0307	0.47974163801099085	275.0	True	
fibroblast → Adam10 → Tspan5 → CD8	Masopust_053_3a:A0308	0.47974163801099085	275.0	True	
fibroblast → Adam10 → Tspan5 → CD8	Masopust_053_3a:A0310	0.47974163801099085	274.0	True	
fibroblast → Adam10 → Tspan5 → CD8	Masopust_053_3a:A0311	0.48190614017549305	274.0	True	
fibroblast → Adam10 → Tspan5 → CD8	Masopust_053_3b:A0307	0.48190614017549305	273.0	True	
fibroblast → Adam10 → Tspan5 → CD8	Masopust_053_3b:A0311	0.48190614017549305	275.0	True	
fibroblast → Adam10 → Tspan5 → CD8	Masopust_053_6a:A0308	0.48190614017549305	274.0	True	
fibroblast → Adam10 → Tspan5 → CD8	Masopust_053_6b:A0307	0.48190614017549305	273.0	True	
fibroblast → Adam10 → Tspan5 → CD8	Masopust_053_6b:A0308	0.47974163801099085	274.0	True	
fibroblast → Adam10 → Tspan5 → CD8	Masopust_054_A:A0312	0.47974163801099085	274.0	True	
fibroblast → Adam10 → Tspan5 → CD8	Masopust_054_B:A0311	0.48190614017549305	273.0	True	
fibroblast → Adam10 → Tspan5 → CD8	Masopust_054_C:A0311	0.47974163801099085	275.0	True	
fibroblast → Adam10 → Tspan5 → CD8	Masopust_054_C:A0312	0.47974163801099085	275.0	True	
fibroblast → Adam10 → Tspan5 → CD8	Masopust_054_C:A0313	0.47974163801099085	275.0	True	
fibroblast → Adam10 → Tspan5 → CD8	Masopust_054_D:A0311	0.48190614017549305	275.0	True	
fibroblast → Adam10 → Tspan5 → CD8	Masopust_054_D:A0312	0.47974163801099085	275.0	True	
fibroblast → Adam10 → Tspan5 → CD8	Masopust_054_D:A0313	0.48190614017549305	273.0	True	
neutrophil → Lamb3 → Itga7_Itgb1 → CD4	Masopust_053_1a:A0310	0.47699996701764075	276.0	True	
neutrophil → Lamb3 → Itga7_Itgb1 → CD4	Masopust_053_1a:A0311	0.47699996701764075	276.0	True	
neutrophil → Lamb3 → Itga7_Itgb1 → CD4	Masopust_053_1b:A0310	0.47699996701764075	276.0	True	
neutrophil → Lamb3 → Itga7_Itgb1 → CD4	Masopust_053_1b:A0311	0.47699996701764075	276.0	True	
neutrophil → Lamb3 → Itga7_Itgb1 → CD4	Masopust_053_2a:A0307	0.47699996701764075	276.0	True	
neutrophil → Lamb3 → Itga7_Itgb1 → CD4	Masopust_053_2a:A0308	0.47699996701764075	276.0	True	
neutrophil → Lamb3 → Itga7_Itgb1 → CD4	Masopust_053_2a:A0310	0.47699996701764075	276.0	True	
neutrophil → Lamb3 → Itga7_Itgb1 → CD4	Masopust_053_2a:A0312	0.47699996701764075	276.0	True	
neutrophil → Lamb3 → Itga7_Itgb1 → CD4	Masopust_053_2b:A0307	0.47699996701764075	276.0	True	
neutrophil → Lamb3 → Itga7_Itgb1 → CD4	Masopust_053_2b:A0310	0.47699996701764075	276.0	True	
neutrophil → Lamb3 → Itga7_Itgb1 → CD4	Masopust_053_2b:A0312	0.47699996701764075	276.0	True	
neutrophil → Lamb3 → Itga7_Itgb1 → CD4	Masopust_053_3a:A0310	0.47699996701764075	276.0	True	
neutrophil → Lamb3 → Itga7_Itgb1 → CD4	Masopust_053_3a:A0311	0.47699996701764075	276.0	True	
neutrophil → Lamb3 → Itga7_Itgb1 → CD4	Masopust_053_3b:A0310	0.47699996701764075	276.0	True	
neutrophil → Lamb3 → Itga7_Itgb1 → CD4	Masopust_053_3b:A0311	0.47699996701764075	276.0	True	
neutrophil → Lamb3 → Itga7_Itgb1 → CD4	Masopust_053_6a:A0308	0.47699996701764075	276.0	True	
neutrophil → Lamb3 → Itga7_Itgb1 → CD4	Masopust_053_6b:A0308	0.47699996701764075	276.0	True	
neutrophil → Lamb3 → Itga7_Itgb1 → CD4	Masopust_054_A:A0312	0.47699996701764075	276.0	True	
neutrophil → Lamb3 → Itga7_Itgb1 → CD4	Masopust_054_D:A0311	0.47699996701764075	276.0	True	
neutrophil → Vegfa → Ret → CD4	Masopust_053_1a:A0310	0.4793428988284444	275.0	True	
neutrophil → Vegfa → Ret → CD4	Masopust_053_1a:A0311	0.4793428988284444	275.0	True	
neutrophil → Vegfa → Ret → CD4	Masopust_053_1b:A0310	0.4793428988284444	275.0	True	
neutrophil → Vegfa → Ret → CD4	Masopust_053_1b:A0311	0.4833111527966984	271.0	True	
neutrophil → Vegfa → Ret → CD4	Masopust_053_2a:A0307	0.4833111527966984	269.0	True	
neutrophil → Vegfa → Ret → CD4	Masopust_053_2a:A0308	0.4833111527966984	271.0	True	
neutrophil → Vegfa → Ret → CD4	Masopust_053_2a:A0310	0.4833111527966984	269.0	True	
neutrophil → Vegfa → Ret → CD4	Masopust_053_2a:A0312	0.4833111527966984	269.0	True	
neutrophil → Vegfa → Ret → CD4	Masopust_053_2b:A0307	0.4833111527966984	269.0	True	
neutrophil → Vegfa → Ret → CD4	Masopust_053_2b:A0310	0.4793428988284444	275.0	True	
neutrophil → Vegfa → Ret → CD4	Masopust_053_2b:A0312	0.4793428988284444	275.0	True	
neutrophil → Vegfa → Ret → CD4	Masopust_053_3a:A0310	0.4793428988284444	275.0	True	
neutrophil → Vegfa → Ret → CD4	Masopust_053_3a:A0311	0.4793428988284444	275.0	True	
neutrophil → Vegfa → Ret → CD4	Masopust_053_3b:A0310	0.4793428988284444	275.0	True	
neutrophil → Vegfa → Ret → CD4	Masopust_053_3b:A0311	0.4833111527966984	269.0	True	
neutrophil → Vegfa → Ret → CD4	Masopust_053_6a:A0308	0.4793428988284444	275.0	True	
neutrophil → Vegfa → Ret → CD4	Masopust_053_6b:A0308	0.4793428988284444	275.0	True	
neutrophil → Vegfa → Ret → CD4	Masopust_054_A:A0312	0.4793428988284444	275.0	True	
neutrophil → Vegfa → Ret → CD4	Masopust_054_D:A0311	0.4833111527966984	271.0	True	
fibroblast → Hspg2 → Dag1 → CD8	Masopust_053_1a:A0307	0.4850784872128791	266.0	True	
fibroblast → Hspg2 → Dag1 → CD8	Masopust_053_1a:A0309	0.48724298937738125	258.0	True	
fibroblast → Hspg2 → Dag1 → CD8	Masopust_053_1a:A0310	0.4850784872128791	268.0	True	
fibroblast → Hspg2 → Dag1 → CD8	Masopust_053_1a:A0311	0.4850784872128791	268.0	True	
fibroblast → Hspg2 → Dag1 → CD8	Masopust_053_1b:A0307	0.4850784872128791	266.0	True	
fibroblast → Hspg2 → Dag1 → CD8	Masopust_053_1b:A0310	0.4850784872128791	268.0	True	
fibroblast → Hspg2 → Dag1 → CD8	Masopust_053_1b:A0311	0.48724298937738125	264.0	True	
fibroblast → Hspg2 → Dag1 → CD8	Masopust_053_2a:A0307	0.48724298937738125	264.0	True	
fibroblast → Hspg2 → Dag1 → CD8	Masopust_053_2a:A0308	0.4850784872128791	270.0	True	
fibroblast → Hspg2 → Dag1 → CD8	Masopust_053_2a:A0309	0.48724298937738125	258.0	True	
fibroblast → Hspg2 → Dag1 → CD8	Masopust_053_2a:A0310	0.4850784872128791	268.0	True	
fibroblast → Hspg2 → Dag1 → CD8	Masopust_053_2a:A0312	0.4850784872128791	268.0	True	
fibroblast → Hspg2 → Dag1 → CD8	Masopust_053_2b:A0307	0.48724298937738125	264.0	True	
fibroblast → Hspg2 → Dag1 → CD8	Masopust_053_2b:A0308	0.4850784872128791	266.0	True	
fibroblast → Hspg2 → Dag1 → CD8	Masopust_053_2b:A0309	0.48724298937738125	258.0	True	
fibroblast → Hspg2 → Dag1 → CD8	Masopust_053_2b:A0310	0.4850784872128791	266.0	True	
fibroblast → Hspg2 → Dag1 → CD8	Masopust_053_2b:A0312	0.4850784872128791	266.0	True	
fibroblast → Hspg2 → Dag1 → CD8	Masopust_053_3a:A0307	0.4850784872128791	266.0	True	
fibroblast → Hspg2 → Dag1 → CD8	Masopust_053_3a:A0308	0.4850784872128791	266.0	True	
fibroblast → Hspg2 → Dag1 → CD8	Masopust_053_3a:A0310	0.4850784872128791	266.0	True	
fibroblast → Hspg2 → Dag1 → CD8	Masopust_053_3a:A0311	0.4850784872128791	266.0	True	
fibroblast → Hspg2 → Dag1 → CD8	Masopust_053_3b:A0307	0.4850784872128791	266.0	True	
fibroblast → Hspg2 → Dag1 → CD8	Masopust_053_3b:A0311	0.48724298937738125	264.0	True	
fibroblast → Hspg2 → Dag1 → CD8	Masopust_053_6a:A0308	0.4850784872128791	268.0	True	
fibroblast → Hspg2 → Dag1 → CD8	Masopust_053_6b:A0307	0.4850784872128791	266.0	True	
fibroblast → Hspg2 → Dag1 → CD8	Masopust_053_6b:A0308	0.4850784872128791	268.0	True	
fibroblast → Hspg2 → Dag1 → CD8	Masopust_054_A:A0312	0.4850784872128791	266.0	True	
fibroblast → Hspg2 → Dag1 → CD8	Masopust_054_B:A0311	0.48724298937738125	258.0	True	
fibroblast → Hspg2 → Dag1 → CD8	Masopust_054_C:A0311	0.4850784872128791	266.0	True	
fibroblast → Hspg2 → Dag1 → CD8	Masopust_054_C:A0312	0.48724298937738125	258.0	True	
fibroblast → Hspg2 → Dag1 → CD8	Masopust_054_C:A0313	0.48724298937738125	258.0	True	
fibroblast → Hspg2 → Dag1 → CD8	Masopust_054_D:A0311	0.4850784872128791	270.0	True	
fibroblast → Hspg2 → Dag1 → CD8	Masopust_054_D:A0312	0.4850784872128791	266.0	True	
fibroblast → Hspg2 → Dag1 → CD8	Masopust_054_D:A0313	0.48724298937738125	258.0	True	
Atf3	Masopust_053_1a:A0310	0.7468230527236738	4.0	True	
Atf3	Masopust_053_1a:A0307	0.7468230527236738	4.0	True	
Atf3	Masopust_053_1a:A0309	0.7468230527236738	4.0	True	
Atf3	Masopust_053_1a:A0311	0.7468230527236738	4.0	True	
Atf3	Masopust_053_1a:A0312	0.7468230527236738	4.0	True	
Atf3	Masopust_053_1a:A0308	0.7468230527236738	4.0	True	
Atf3	Masopust_053_1b:A0307	0.7468230527236738	4.0	True	
Atf3	Masopust_053_1b:A0309	0.7468230527236738	4.0	True	
Atf3	Masopust_053_1b:A0312	0.7468230527236738	4.0	True	
Atf3	Masopust_053_1b:A0310	0.7468230527236738	4.0	True	
Atf3	Masopust_053_1b:A0311	0.7468230527236738	4.0	True	
Atf3	Masopust_053_1b:A0308	0.7468230527236738	4.0	True	
Atf3	Masopust_053_2a:A0307	0.7468230527236738	4.0	True	
Atf3	Masopust_053_2a:A0310	0.7468230527236738	4.0	True	
Atf3	Masopust_053_2a:A0308	0.7468230527236738	4.0	True	
Atf3	Masopust_053_2a:A0312	0.7468230527236738	4.0	True	
Atf3	Masopust_053_2a:A0311	0.7468230527236738	4.0	True	
Atf3	Masopust_053_2a:A0309	0.7468230527236738	4.0	True	
Atf3	Masopust_053_2b:A0308	0.7468230527236738	4.0	True	
Atf3	Masopust_053_2b:A0310	0.7468230527236738	4.0	True	
Atf3	Masopust_053_2b:A0307	0.7468230527236738	4.0	True	
Atf3	Masopust_053_2b:A0309	0.7483758477547298	2.0	True	
Atf3	Masopust_053_2b:A0312	0.7468230527236738	4.0	True	
Atf3	Masopust_053_2b:A0311	0.7468230527236738	4.0	True	
Atf3	Masopust_053_3a:A0307	0.7468230527236738	4.0	True	
Atf3	Masopust_053_3a:A0311	0.7468230527236738	4.0	True	
Atf3	Masopust_053_3a:A0310	0.7468230527236738	4.0	True	
Atf3	Masopust_053_3a:A0308	0.7468230527236738	4.0	True	
Atf3	Masopust_053_3a:A0309	0.7468230527236738	4.0	True	
Atf3	Masopust_053_3b:A0308	0.7468230527236738	4.0	True	
Atf3	Masopust_053_3b:A0311	0.7468230527236738	4.0	True	
Atf3	Masopust_053_3b:A0310	0.7468230527236738	4.0	True	
Atf3	Masopust_053_3b:A0309	0.7483758477547298	2.0	True	
Atf3	Masopust_053_3b:A0307	0.7468230527236738	4.0	True	
Atf3	Masopust_053_6a:A0308	0.7468230527236738	4.0	True	
Atf3	Masopust_053_6b:A0308	0.7468230527236738	4.0	True	
Atf3	Masopust_054_A:A0312	0.7468230527236738	4.0	True	
Atf3	Masopust_054_A:A0311	0.7468230527236738	4.0	True	
Atf3	Masopust_054_B:A0311	0.7468230527236738	4.0	True	
Atf3	Masopust_054_B:A0312	0.7468230527236738	4.0	True	
Atf3	Masopust_054_C:A0313	0.7468230527236738	4.0	True	
Atf3	Masopust_054_C:A0312	0.7468230527236738	5.0	True	
Atf3	Masopust_054_C:A0311	0.7468230527236738	4.0	True	
Atf3	Masopust_054_D:A0311	0.7468230527236738	4.0	True	
Atf3	Masopust_054_D:A0312	0.7468230527236738	4.0	True	
Atf3	Masopust_054_D:A0313	0.7468230527236738	4.0	True	
Atf3	Masopust_054_E:A0311	0.7468230527236738	4.0	True	
Bcl2l1	Masopust_053_1a:A0310	0.7468230527236738	4.0	True	
Bcl2l1	Masopust_053_1a:A0307	0.7468230527236738	4.0	True	
Bcl2l1	Masopust_053_1a:A0309	0.7468230527236738	4.0	True	
Bcl2l1	Masopust_053_1a:A0311	0.7468230527236738	4.0	True	
Bcl2l1	Masopust_053_1a:A0312	0.7468230527236738	4.0	True	
Bcl2l1	Masopust_053_1a:A0308	0.7468230527236738	4.0	True	
Bcl2l1	Masopust_053_1b:A0307	0.7468230527236738	4.0	True	
Bcl2l1	Masopust_053_1b:A0309	0.7468230527236738	4.0	True	
Bcl2l1	Masopust_053_1b:A0312	0.7468230527236738	4.0	True	
Bcl2l1	Masopust_053_1b:A0310	0.7468230527236738	4.0	True	
Bcl2l1	Masopust_053_1b:A0311	0.7468230527236738	4.0	True	
Bcl2l1	Masopust_053_1b:A0308	0.7468230527236738	4.0	True	
Bcl2l1	Masopust_053_2a:A0307	0.7468230527236738	4.0	True	
Bcl2l1	Masopust_053_2a:A0310	0.7468230527236738	4.0	True	
Bcl2l1	Masopust_053_2a:A0308	0.7468230527236738	4.0	True	
Bcl2l1	Masopust_053_2a:A0312	0.7468230527236738	4.0	True	
Bcl2l1	Masopust_053_2a:A0311	0.7468230527236738	4.0	True	
Bcl2l1	Masopust_053_2a:A0309	0.7468230527236738	4.0	True	
Bcl2l1	Masopust_053_2b:A0308	0.7468230527236738	4.0	True	
Bcl2l1	Masopust_053_2b:A0310	0.7468230527236738	4.0	True	
Bcl2l1	Masopust_053_2b:A0307	0.7468230527236738	4.0	True	
Bcl2l1	Masopust_053_2b:A0309	0.7468230527236738	5.0	True	
Bcl2l1	Masopust_053_2b:A0312	0.7468230527236738	4.0	True	
Bcl2l1	Masopust_053_2b:A0311	0.7468230527236738	4.0	True	
Bcl2l1	Masopust_053_3a:A0307	0.7468230527236738	4.0	True	
Bcl2l1	Masopust_053_3a:A0311	0.7468230527236738	4.0	True	
Bcl2l1	Masopust_053_3a:A0310	0.7468230527236738	4.0	True	
Bcl2l1	Masopust_053_3a:A0308	0.7468230527236738	4.0	True	
Bcl2l1	Masopust_053_3a:A0309	0.7468230527236738	4.0	True	
Bcl2l1	Masopust_053_3b:A0308	0.7468230527236738	4.0	True	
Bcl2l1	Masopust_053_3b:A0311	0.7468230527236738	4.0	True	
Bcl2l1	Masopust_053_3b:A0310	0.7468230527236738	4.0	True	
Bcl2l1	Masopust_053_3b:A0309	0.7483758477547298	2.0	True	
Bcl2l1	Masopust_053_3b:A0307	0.7468230527236738	4.0	True	
Bcl2l1	Masopust_053_6a:A0308	0.7468230527236738	4.0	True	
Bcl2l1	Masopust_053_6b:A0308	0.7468230527236738	4.0	True	
Bcl2l1	Masopust_054_A:A0312	0.7468230527236738	4.0	True	
Bcl2l1	Masopust_054_A:A0311	0.7468230527236738	4.0	True	
Bcl2l1	Masopust_054_B:A0311	0.7468230527236738	4.0	True	
Bcl2l1	Masopust_054_B:A0312	0.7468230527236738	4.0	True	
Bcl2l1	Masopust_054_C:A0313	0.7468230527236738	4.0	True	
Bcl2l1	Masopust_054_C:A0312	0.7483758477547298	2.0	True	
Bcl2l1	Masopust_054_C:A0311	0.7468230527236738	4.0	True	
Bcl2l1	Masopust_054_D:A0311	0.7468230527236738	4.0	True	
Bcl2l1	Masopust_054_D:A0312	0.7468230527236738	4.0	True	
Bcl2l1	Masopust_054_D:A0313	0.7468230527236738	4.0	True	
Bcl2l1	Masopust_054_E:A0311	0.7468230527236738	4.0	True	
Birc3	Masopust_053_1a:A0310	0.7483758477547298	2.0	True	
Birc3	Masopust_053_1a:A0307	0.7483758477547298	2.0	True	
Birc3	Masopust_053_1a:A0309	0.7483758477547298	2.0	True	
Birc3	Masopust_053_1a:A0311	0.7483758477547298	2.0	True	
Birc3	Masopust_053_1a:A0312	0.7483758477547298	3.0	True	
Birc3	Masopust_053_1a:A0308	0.7483758477547298	2.0	True	
Birc3	Masopust_053_1b:A0307	0.7483758477547298	2.0	True	
Birc3	Masopust_053_1b:A0309	0.7483758477547298	2.0	True	
Birc3	Masopust_053_1b:A0312	0.7499286427857855	1.0	True	
Birc3	Masopust_053_1b:A0310	0.7483758477547298	2.0	True	
Birc3	Masopust_053_1b:A0311	0.7483758477547298	2.0	True	
Birc3	Masopust_053_1b:A0308	0.7483758477547298	2.0	True	
Birc3	Masopust_053_2a:A0307	0.7483758477547298	2.0	True	
Birc3	Masopust_053_2a:A0310	0.7483758477547298	2.0	True	
Birc3	Masopust_053_2a:A0308	0.7483758477547298	2.0	True	
Birc3	Masopust_053_2a:A0312	0.7483758477547298	2.0	True	
Birc3	Masopust_053_2a:A0311	0.7483758477547298	2.0	True	
Birc3	Masopust_053_2a:A0309	0.7483758477547298	2.0	True	
Birc3	Masopust_053_2b:A0308	0.7483758477547298	2.0	True	
Birc3	Masopust_053_2b:A0310	0.7483758477547298	2.0	True	
Birc3	Masopust_053_2b:A0307	0.7483758477547298	2.0	True	
Birc3	Masopust_053_2b:A0309	0.7483758477547298	2.0	True	
Birc3	Masopust_053_2b:A0312	0.7483758477547298	2.0	True	
Birc3	Masopust_053_2b:A0311	0.7483758477547298	2.0	True	
Birc3	Masopust_053_3a:A0307	0.7483758477547298	2.0	True	
Birc3	Masopust_053_3a:A0311	0.7483758477547298	2.0	True	
Birc3	Masopust_053_3a:A0310	0.7483758477547298	2.0	True	
Birc3	Masopust_053_3a:A0308	0.7483758477547298	2.0	True	
Birc3	Masopust_053_3a:A0309	0.7483758477547298	2.0	True	
Birc3	Masopust_053_3b:A0308	0.7483758477547298	2.0	True	
Birc3	Masopust_053_3b:A0311	0.7483758477547298	2.0	True	
Birc3	Masopust_053_3b:A0310	0.7483758477547298	2.0	True	
Birc3	Masopust_053_3b:A0309	0.7483758477547298	2.0	True	
Birc3	Masopust_053_3b:A0307	0.7483758477547298	2.0	True	
Birc3	Masopust_053_6a:A0308	0.7483758477547298	2.0	True	
Birc3	Masopust_053_6b:A0308	0.7483758477547298	2.0	True	
Birc3	Masopust_054_A:A0312	0.7483758477547298	2.0	True	
Birc3	Masopust_054_A:A0311	0.7483758477547298	2.0	True	
Birc3	Masopust_054_B:A0311	0.7483758477547298	2.0	True	
Birc3	Masopust_054_B:A0312	0.7483758477547298	2.0	True	
Birc3	Masopust_054_C:A0313	0.7483758477547298	2.0	True	
Birc3	Masopust_054_C:A0312	0.7483758477547298	2.0	True	
Birc3	Masopust_054_C:A0311	0.7483758477547298	2.0	True	
Birc3	Masopust_054_D:A0311	0.7483758477547298	2.0	True	
Birc3	Masopust_054_D:A0312	0.7483758477547298	2.0	True	
Birc3	Masopust_054_D:A0313	0.7483758477547298	2.0	True	
Birc3	Masopust_054_E:A0311	0.7483758477547298	2.0	True	
Cpm	Masopust_053_1a:A0310	0.7452702576926179	6.0	True	
Cpm	Masopust_053_1a:A0307	0.7452702576926179	6.0	True	
Cpm	Masopust_053_1a:A0309	0.7452702576926179	6.0	True	
Cpm	Masopust_053_1a:A0311	0.7452702576926179	6.0	True	
Cpm	Masopust_053_1a:A0312	0.7452702576926179	6.0	True	
Cpm	Masopust_053_1a:A0308	0.7452702576926179	6.0	True	
Cpm	Masopust_053_1b:A0307	0.7452702576926179	6.0	True	
Cpm	Masopust_053_1b:A0309	0.7452702576926179	6.0	True	
Cpm	Masopust_053_1b:A0312	0.7452702576926179	6.0	True	
Cpm	Masopust_053_1b:A0310	0.7452702576926179	6.0	True	
Cpm	Masopust_053_1b:A0311	0.7452702576926179	6.0	True	
Cpm	Masopust_053_1b:A0308	0.7452702576926179	6.0	True	
Cpm	Masopust_053_2a:A0307	0.7452702576926179	6.0	True	
Cpm	Masopust_053_2a:A0310	0.7452702576926179	6.0	True	
Cpm	Masopust_053_2a:A0308	0.7452702576926179	7.0	True	
Cpm	Masopust_053_2a:A0312	0.7452702576926179	6.0	True	
Cpm	Masopust_053_2a:A0311	0.7468230527236738	4.0	True	
Cpm	Masopust_053_2a:A0309	0.7452702576926179	6.0	True	
Cpm	Masopust_053_2b:A0308	0.7452702576926179	6.0	True	
Cpm	Masopust_053_2b:A0310	0.7452702576926179	6.0	True	
Cpm	Masopust_053_2b:A0307	0.7452702576926179	6.0	True	
Cpm	Masopust_053_2b:A0309	0.7452702576926179	7.0	True	
Cpm	Masopust_053_2b:A0312	0.7452702576926179	6.0	True	
Cpm	Masopust_053_2b:A0311	0.7452702576926179	6.0	True	
Cpm	Masopust_053_3a:A0307	0.7452702576926179	8.0	True	
Cpm	Masopust_053_3a:A0311	0.7452702576926179	6.0	True	
Cpm	Masopust_053_3a:A0310	0.7452702576926179	6.0	True	
Cpm	Masopust_053_3a:A0308	0.7452702576926179	7.0	True	
Cpm	Masopust_053_3a:A0309	0.7452702576926179	7.0	True	
Cpm	Masopust_053_3b:A0308	0.7452702576926179	6.0	True	
Cpm	Masopust_053_3b:A0311	0.7452702576926179	6.0	True	
Cpm	Masopust_053_3b:A0310	0.7452702576926179	6.0	True	
Cpm	Masopust_053_3b:A0309	0.7452702576926179	6.0	True	
Cpm	Masopust_053_3b:A0307	0.7452702576926179	6.0	True	
Cpm	Masopust_053_6a:A0308	0.7452702576926179	6.0	True	
Cpm	Masopust_053_6b:A0308	0.7452702576926179	6.0	True	
Cpm	Masopust_054_A:A0312	0.7452702576926179	6.0	True	
Cpm	Masopust_054_A:A0311	0.7452702576926179	6.0	True	
Cpm	Masopust_054_B:A0311	0.7452702576926179	6.0	True	
Cpm	Masopust_054_B:A0312	0.7468230527236738	4.0	True	
Cpm	Masopust_054_C:A0313	0.7452702576926179	6.0	True	
Cpm	Masopust_054_C:A0312	0.7452702576926179	6.0	True	
Cpm	Masopust_054_C:A0311	0.7468230527236738	4.0	True	
Cpm	Masopust_054_D:A0311	0.7452702576926179	6.0	True	
Cpm	Masopust_054_D:A0312	0.7452702576926179	6.0	True	
Cpm	Masopust_054_D:A0313	0.7452702576926179	6.0	True	
Cpm	Masopust_054_E:A0311	0.7452702576926179	6.0	True	
Dusp1	Masopust_053_1a:A0310	0.7483758477547298	2.0	True	
Dusp1	Masopust_053_1a:A0307	0.7483758477547298	2.0	True	
Dusp1	Masopust_053_1a:A0309	0.7483758477547298	2.0	True	
Dusp1	Masopust_053_1a:A0311	0.7483758477547298	2.0	True	
Dusp1	Masopust_053_1a:A0312	0.7499286427857855	1.0	True	
Dusp1	Masopust_053_1a:A0308	0.7483758477547298	2.0	True	
Dusp1	Masopust_053_1b:A0307	0.7483758477547298	2.0	True	
Dusp1	Masopust_053_1b:A0309	0.7483758477547298	2.0	True	
Dusp1	Masopust_053_1b:A0312	0.7483758477547298	3.0	True	
Dusp1	Masopust_053_1b:A0310	0.7483758477547298	2.0	True	
Dusp1	Masopust_053_1b:A0311	0.7483758477547298	2.0	True	
Dusp1	Masopust_053_1b:A0308	0.7483758477547298	2.0	True	
Dusp1	Masopust_053_2a:A0307	0.7483758477547298	2.0	True	
Dusp1	Masopust_053_2a:A0310	0.7483758477547298	2.0	True	
Dusp1	Masopust_053_2a:A0308	0.7483758477547298	2.0	True	
Dusp1	Masopust_053_2a:A0312	0.7483758477547298	2.0	True	
Dusp1	Masopust_053_2a:A0311	0.7483758477547298	2.0	True	
Dusp1	Masopust_053_2a:A0309	0.7483758477547298	2.0	True	
Dusp1	Masopust_053_2b:A0308	0.7483758477547298	2.0	True	
Dusp1	Masopust_053_2b:A0310	0.7483758477547298	2.0	True	
Dusp1	Masopust_053_2b:A0307	0.7483758477547298	2.0	True	
Dusp1	Masopust_053_2b:A0309	0.7483758477547298	2.0	True	
Dusp1	Masopust_053_2b:A0312	0.7483758477547298	2.0	True	
Dusp1	Masopust_053_2b:A0311	0.7483758477547298	2.0	True	
Dusp1	Masopust_053_3a:A0307	0.7483758477547298	2.0	True	
Dusp1	Masopust_053_3a:A0311	0.7483758477547298	2.0	True	
Dusp1	Masopust_053_3a:A0310	0.7483758477547298	2.0	True	
Dusp1	Masopust_053_3a:A0308	0.7483758477547298	2.0	True	
Dusp1	Masopust_053_3a:A0309	0.7483758477547298	2.0	True	
Dusp1	Masopust_053_3b:A0308	0.7483758477547298	2.0	True	
Dusp1	Masopust_053_3b:A0311	0.7483758477547298	2.0	True	
Dusp1	Masopust_053_3b:A0310	0.7483758477547298	2.0	True	
Dusp1	Masopust_053_3b:A0309	0.7483758477547298	2.0	True	
Dusp1	Masopust_053_3b:A0307	0.7483758477547298	2.0	True	
Dusp1	Masopust_053_6a:A0308	0.7483758477547298	2.0	True	
Dusp1	Masopust_053_6b:A0308	0.7483758477547298	2.0	True	
Dusp1	Masopust_054_A:A0312	0.7483758477547298	2.0	True	
Dusp1	Masopust_054_A:A0311	0.7483758477547298	2.0	True	
Dusp1	Masopust_054_B:A0311	0.7483758477547298	2.0	True	
Dusp1	Masopust_054_B:A0312	0.7483758477547298	2.0	True	
Dusp1	Masopust_054_C:A0313	0.7483758477547298	2.0	True	
Dusp1	Masopust_054_C:A0312	0.7483758477547298	2.0	True	
Dusp1	Masopust_054_C:A0311	0.7483758477547298	2.0	True	
Dusp1	Masopust_054_D:A0311	0.7483758477547298	2.0	True	
Dusp1	Masopust_054_D:A0312	0.7483758477547298	2.0	True	
Dusp1	Masopust_054_D:A0313	0.7483758477547298	2.0	True	
Dusp1	Masopust_054_E:A0311	0.7483758477547298	2.0	True	
Furin	Masopust_053_1a:A0310	0.7447021619495487	7.0	True	
Furin	Masopust_053_1a:A0307	0.7447021619495487	7.0	True	
Furin	Masopust_053_1a:A0311	0.7447021619495487	8.0	True	
Furin	Masopust_053_1a:A0312	0.7447021619495487	7.0	True	
Furin	Masopust_053_1a:A0308	0.7447021619495487	7.0	True	
Furin	Masopust_053_1b:A0307	0.7447021619495487	8.0	True	
Furin	Masopust_053_1b:A0312	0.7447021619495487	8.0	True	
Furin	Masopust_053_1b:A0310	0.7447021619495487	7.0	True	
Furin	Masopust_053_1b:A0311	0.7447021619495487	7.0	True	
Furin	Masopust_053_2a:A0307	0.7447021619495487	7.0	True	
Furin	Masopust_053_2a:A0310	0.7447021619495487	8.0	True	
Furin	Masopust_053_2a:A0308	0.7447021619495487	8.0	True	
Furin	Masopust_053_2a:A0312	0.7447021619495487	7.0	True	
Furin	Masopust_053_2a:A0309	0.7447021619495487	7.0	True	
Furin	Masopust_053_2b:A0308	0.7447021619495487	8.0	True	
Furin	Masopust_053_2b:A0310	0.7447021619495487	7.0	True	
Furin	Masopust_053_2b:A0307	0.7447021619495487	7.0	True	
Furin	Masopust_053_2b:A0309	0.7447021619495487	9.0	True	
Furin	Masopust_053_2b:A0312	0.7447021619495487	8.0	True	
Furin	Masopust_053_3a:A0307	0.7464443222282944	6.0	True	
Furin	Masopust_053_3a:A0311	0.7447021619495487	7.0	True	
Furin	Masopust_053_3a:A0310	0.7447021619495487	7.0	True	
Furin	Masopust_053_3a:A0308	0.7464443222282944	6.0	True	
Furin	Masopust_053_3a:A0309	0.7464443222282944	6.0	True	
Furin	Masopust_053_3b:A0308	0.7447021619495487	7.0	True	
Furin	Masopust_053_3b:A0311	0.7447021619495487	7.0	True	
Furin	Masopust_053_3b:A0310	0.7447021619495487	7.0	True	
Furin	Masopust_053_3b:A0309	0.7447021619495487	7.0	True	
Furin	Masopust_053_3b:A0307	0.7447021619495487	7.0	True	
Furin	Masopust_053_6a:A0308	0.7447021619495487	7.0	True	
Furin	Masopust_053_6b:A0308	0.7447021619495487	7.0	True	
Furin	Masopust_054_A:A0312	0.7447021619495487	7.0	True	
Furin	Masopust_054_A:A0311	0.7447021619495487	7.0	True	
Furin	Masopust_054_B:A0311	0.7447021619495487	7.0	True	
Furin	Masopust_054_B:A0312	0.7447021619495487	7.0	True	
Furin	Masopust_054_C:A0313	0.7447021619495487	7.0	True	
Furin	Masopust_054_C:A0312	0.7447021619495487	7.0	True	
Furin	Masopust_054_C:A0311	0.7447021619495487	7.0	True	
Furin	Masopust_054_D:A0311	0.7447021619495487	8.0	True	
Furin	Masopust_054_D:A0312	0.7447021619495487	7.0	True	
Furin	Masopust_054_D:A0313	0.7447021619495487	8.0	True	
Furin	Masopust_054_E:A0311	0.7447021619495487	8.0	True	
Gadd45b	Masopust_053_1a:A0310	0.7499286427857855	1.0	True	
Gadd45b	Masopust_053_1a:A0307	0.7499286427857855	1.0	True	
Gadd45b	Masopust_053_1a:A0311	0.7499286427857855	1.0	True	
Gadd45b	Masopust_053_1a:A0312	0.7499286427857855	1.0	True	
Gadd45b	Masopust_053_1a:A0308	0.7499286427857855	1.0	True	
Gadd45b	Masopust_053_1b:A0307	0.7499286427857855	1.0	True	
Gadd45b	Masopust_053_1b:A0312	0.7499286427857855	1.0	True	
Gadd45b	Masopust_053_1b:A0310	0.7499286427857855	1.0	True	
Gadd45b	Masopust_053_1b:A0311	0.7499286427857855	1.0	True	
Gadd45b	Masopust_053_2a:A0307	0.7499286427857855	1.0	True	
Gadd45b	Masopust_053_2a:A0310	0.7499286427857855	1.0	True	
Gadd45b	Masopust_053_2a:A0308	0.7499286427857855	1.0	True	
Gadd45b	Masopust_053_2a:A0312	0.7499286427857855	1.0	True	
Gadd45b	Masopust_053_2a:A0309	0.7499286427857855	1.0	True	
Gadd45b	Masopust_053_2b:A0308	0.7499286427857855	1.0	True	
Gadd45b	Masopust_053_2b:A0310	0.7499286427857855	1.0	True	
Gadd45b	Masopust_053_2b:A0307	0.7499286427857855	1.0	True	
Gadd45b	Masopust_053_2b:A0309	0.7499286427857855	1.0	True	
Gadd45b	Masopust_053_2b:A0312	0.7499286427857855	1.0	True	
Gadd45b	Masopust_053_3a:A0307	0.7499286427857855	1.0	True	
Gadd45b	Masopust_053_3a:A0311	0.7499286427857855	1.0	True	
Gadd45b	Masopust_053_3a:A0310	0.7499286427857855	1.0	True	
Gadd45b	Masopust_053_3a:A0308	0.7499286427857855	1.0	True	
Gadd45b	Masopust_053_3a:A0309	0.7499286427857855	1.0	True	
Gadd45b	Masopust_053_3b:A0308	0.7499286427857855	1.0	True	
Gadd45b	Masopust_053_3b:A0311	0.7499286427857855	1.0	True	
Gadd45b	Masopust_053_3b:A0310	0.7499286427857855	1.0	True	
Gadd45b	Masopust_053_3b:A0309	0.7499286427857855	1.0	True	
Gadd45b	Masopust_053_3b:A0307	0.7499286427857855	1.0	True	
Gadd45b	Masopust_053_6a:A0308	0.7499286427857855	1.0	True	
Gadd45b	Masopust_053_6b:A0308	0.7499286427857855	1.0	True	
Gadd45b	Masopust_054_A:A0312	0.7499286427857855	1.0	True	
Gadd45b	Masopust_054_A:A0311	0.7499286427857855	1.0	True	
Gadd45b	Masopust_054_B:A0311	0.7499286427857855	1.0	True	
Gadd45b	Masopust_054_B:A0312	0.7499286427857855	1.0	True	
Gadd45b	Masopust_054_C:A0313	0.7499286427857855	1.0	True	
Gadd45b	Masopust_054_C:A0312	0.7499286427857855	1.0	True	
Gadd45b	Masopust_054_C:A0311	0.7499286427857855	1.0	True	
Gadd45b	Masopust_054_D:A0311	0.7499286427857855	1.0	True	
Gadd45b	Masopust_054_D:A0312	0.7499286427857855	1.0	True	
Gadd45b	Masopust_054_D:A0313	0.7499286427857855	1.0	True	
Gadd45b	Masopust_054_E:A0311	0.7499286427857855	1.0	True	
Gm12840	Masopust_053_1a:A0310	0.7447021619495487	7.0	True	
Gm12840	Masopust_053_1a:A0307	0.7447021619495487	7.0	True	
Gm12840	Masopust_053_1a:A0311	0.7447021619495487	8.0	True	
Gm12840	Masopust_053_1a:A0312	0.7447021619495487	7.0	True	
Gm12840	Masopust_053_1a:A0308	0.7447021619495487	7.0	True	
Gm12840	Masopust_053_1b:A0307	0.7447021619495487	8.0	True	
Gm12840	Masopust_053_1b:A0312	0.7447021619495487	8.0	True	
Gm12840	Masopust_053_1b:A0310	0.7447021619495487	7.0	True	
Gm12840	Masopust_053_1b:A0311	0.7447021619495487	7.0	True	
Gm12840	Masopust_053_2a:A0307	0.7447021619495487	7.0	True	
Gm12840	Masopust_053_2a:A0310	0.7447021619495487	8.0	True	
Gm12840	Masopust_053_2a:A0308	0.7464443222282944	6.0	True	
Gm12840	Masopust_053_2a:A0312	0.7447021619495487	7.0	True	
Gm12840	Masopust_053_2a:A0309	0.7447021619495487	7.0	True	
Gm12840	Masopust_053_2b:A0308	0.7447021619495487	8.0	True	
Gm12840	Masopust_053_2b:A0310	0.7447021619495487	7.0	True	
Gm12840	Masopust_053_2b:A0307	0.7447021619495487	7.0	True	
Gm12840	Masopust_053_2b:A0309	0.7464443222282944	6.0	True	
Gm12840	Masopust_053_2b:A0312	0.7447021619495487	8.0	True	
Gm12840	Masopust_053_3a:A0307	0.7464443222282944	6.0	True	
Gm12840	Masopust_053_3a:A0311	0.7447021619495487	7.0	True	
Gm12840	Masopust_053_3a:A0310	0.7447021619495487	7.0	True	
Gm12840	Masopust_053_3a:A0308	0.7447021619495487	8.0	True	
Gm12840	Masopust_053_3a:A0309	0.7447021619495487	9.0	True	
Gm12840	Masopust_053_3b:A0308	0.7447021619495487	7.0	True	
Gm12840	Masopust_053_3b:A0311	0.7447021619495487	7.0	True	
Gm12840	Masopust_053_3b:A0310	0.7447021619495487	7.0	True	
Gm12840	Masopust_053_3b:A0309	0.7447021619495487	7.0	True	
Gm12840	Masopust_053_3b:A0307	0.7447021619495487	7.0	True	
Gm12840	Masopust_053_6a:A0308	0.7447021619495487	7.0	True	
Gm12840	Masopust_053_6b:A0308	0.7447021619495487	7.0	True	
Gm12840	Masopust_054_A:A0312	0.7447021619495487	7.0	True	
Gm12840	Masopust_054_A:A0311	0.7447021619495487	7.0	True	
Gm12840	Masopust_054_B:A0311	0.7447021619495487	7.0	True	
Gm12840	Masopust_054_B:A0312	0.7447021619495487	7.0	True	
Gm12840	Masopust_054_C:A0313	0.7447021619495487	7.0	True	
Gm12840	Masopust_054_C:A0312	0.7447021619495487	7.0	True	
Gm12840	Masopust_054_C:A0311	0.7447021619495487	7.0	True	
Gm12840	Masopust_054_D:A0311	0.7447021619495487	8.0	True	
Gm12840	Masopust_054_D:A0312	0.7447021619495487	7.0	True	
Gm12840	Masopust_054_D:A0313	0.7447021619495487	8.0	True	
Gm12840	Masopust_054_E:A0311	0.7447021619495487	8.0	True	
Dusp2	Masopust_053_1a:A0310	0.6783341513306669	11.0	True	
Dusp2	Masopust_053_1a:A0307	0.6783341513306669	11.0	True	
Dusp2	Masopust_053_1a:A0311	0.6783341513306669	11.0	True	
Dusp2	Masopust_053_1a:A0312	0.6783341513306669	11.0	True	
Dusp2	Masopust_053_1a:A0308	0.6783341513306669	12.0	True	
Dusp2	Masopust_053_1b:A0307	0.6783341513306669	11.0	True	
Dusp2	Masopust_053_1b:A0312	0.6783341513306669	11.0	True	
Dusp2	Masopust_053_1b:A0310	0.6783341513306669	11.0	True	
Dusp2	Masopust_053_1b:A0311	0.6783341513306669	11.0	True	
Dusp2	Masopust_053_2a:A0307	0.6783341513306669	11.0	True	
Dusp2	Masopust_053_2a:A0310	0.6783341513306669	11.0	True	
Dusp2	Masopust_053_2a:A0308	0.6783341513306669	11.0	True	
Dusp2	Masopust_053_2a:A0312	0.6783341513306669	11.0	True	
Dusp2	Masopust_053_2a:A0309	0.6783341513306669	12.0	True	
Dusp2	Masopust_053_2b:A0308	0.6783341513306669	11.0	True	
Dusp2	Masopust_053_2b:A0310	0.6783341513306669	11.0	True	
Dusp2	Masopust_053_2b:A0307	0.6783341513306669	11.0	True	
Dusp2	Masopust_053_2b:A0309	0.6800763116094126	10.0	True	
Dusp2	Masopust_053_2b:A0312	0.6800763116094126	10.0	True	
Dusp2	Masopust_053_3a:A0307	0.6783341513306669	11.0	True	
Dusp2	Masopust_053_3a:A0311	0.6783341513306669	11.0	True	
Dusp2	Masopust_053_3a:A0310	0.6783341513306669	11.0	True	
Dusp2	Masopust_053_3a:A0308	0.6783341513306669	11.0	True	
Dusp2	Masopust_053_3a:A0309	0.6783341513306669	11.0	True	
Dusp2	Masopust_053_3b:A0308	0.6783341513306669	11.0	True	
Dusp2	Masopust_053_3b:A0311	0.6783341513306669	11.0	True	
Dusp2	Masopust_053_3b:A0310	0.6783341513306669	11.0	True	
Dusp2	Masopust_053_3b:A0309	0.6783341513306669	11.0	True	
Dusp2	Masopust_053_3b:A0307	0.6800763116094126	10.0	True	
Dusp2	Masopust_053_6a:A0308	0.6783341513306669	11.0	True	
Dusp2	Masopust_053_6b:A0308	0.6783341513306669	11.0	True	
Dusp2	Masopust_054_A:A0312	0.6783341513306669	11.0	True	
Dusp2	Masopust_054_A:A0311	0.6800763116094126	10.0	True	
Dusp2	Masopust_054_B:A0311	0.6783341513306669	11.0	True	
Dusp2	Masopust_054_B:A0312	0.6783341513306669	11.0	True	
Dusp2	Masopust_054_C:A0313	0.6783341513306669	11.0	True	
Dusp2	Masopust_054_C:A0312	0.6783341513306669	11.0	True	
Dusp2	Masopust_054_C:A0311	0.6783341513306669	11.0	True	
Dusp2	Masopust_054_D:A0311	0.6783341513306669	11.0	True	
Dusp2	Masopust_054_D:A0312	0.6783341513306669	12.0	True	
Dusp2	Masopust_054_D:A0313	0.6783341513306669	11.0	True	
Dusp2	Masopust_054_E:A0311	0.6783341513306669	11.0	True	
Eif2ak3	Masopust_053_1a:A0310	0.6783341513306669	11.0	True	
Eif2ak3	Masopust_053_1a:A0307	0.6783341513306669	11.0	True	
Eif2ak3	Masopust_053_1a:A0311	0.6783341513306669	11.0	True	
Eif2ak3	Masopust_053_1a:A0312	0.6783341513306669	11.0	True	
Eif2ak3	Masopust_053_1a:A0308	0.6800763116094126	10.0	True	
Eif2ak3	Masopust_053_1b:A0307	0.6783341513306669	11.0	True	
Eif2ak3	Masopust_053_1b:A0312	0.6783341513306669	11.0	True	
Eif2ak3	Masopust_053_1b:A0310	0.6783341513306669	11.0	True	
Eif2ak3	Masopust_053_1b:A0311	0.6783341513306669	11.0	True	
Eif2ak3	Masopust_053_2a:A0307	0.6783341513306669	11.0	True	
Eif2ak3	Masopust_053_2a:A0310	0.6783341513306669	11.0	True	
Eif2ak3	Masopust_053_2a:A0308	0.6783341513306669	11.0	True	
Eif2ak3	Masopust_053_2a:A0312	0.6783341513306669	11.0	True	
Eif2ak3	Masopust_053_2a:A0309	0.6800763116094126	10.0	True	
Eif2ak3	Masopust_053_2b:A0308	0.6783341513306669	11.0	True	
Eif2ak3	Masopust_053_2b:A0310	0.6783341513306669	11.0	True	
Eif2ak3	Masopust_053_2b:A0307	0.6783341513306669	11.0	True	
Eif2ak3	Masopust_053_2b:A0309	0.6783341513306669	12.0	True	
Eif2ak3	Masopust_053_2b:A0312	0.6800763116094126	10.0	True	
Eif2ak3	Masopust_053_3a:A0307	0.6783341513306669	11.0	True	
Eif2ak3	Masopust_053_3a:A0311	0.6783341513306669	11.0	True	
Eif2ak3	Masopust_053_3a:A0310	0.6783341513306669	11.0	True	
Eif2ak3	Masopust_053_3a:A0308	0.6783341513306669	11.0	True	
Eif2ak3	Masopust_053_3a:A0309	0.6783341513306669	11.0	True	
Eif2ak3	Masopust_053_3b:A0308	0.6783341513306669	11.0	True	
Eif2ak3	Masopust_053_3b:A0311	0.6783341513306669	11.0	True	
Eif2ak3	Masopust_053_3b:A0310	0.6783341513306669	11.0	True	
Eif2ak3	Masopust_053_3b:A0309	0.6783341513306669	11.0	True	
Eif2ak3	Masopust_053_3b:A0307	0.6783341513306669	12.0	True	
Eif2ak3	Masopust_053_6a:A0308	0.6783341513306669	11.0	True	
Eif2ak3	Masopust_053_6b:A0308	0.6783341513306669	11.0	True	
Eif2ak3	Masopust_054_A:A0312	0.6783341513306669	11.0	True	
Eif2ak3	Masopust_054_A:A0311	0.6783341513306669	12.0	True	
Eif2ak3	Masopust_054_B:A0311	0.6783341513306669	11.0	True	
Eif2ak3	Masopust_054_B:A0312	0.6783341513306669	11.0	True	
Eif2ak3	Masopust_054_C:A0313	0.6783341513306669	11.0	True	
Eif2ak3	Masopust_054_C:A0312	0.6783341513306669	11.0	True	
Eif2ak3	Masopust_054_C:A0311	0.6783341513306669	11.0	True	
Eif2ak3	Masopust_054_D:A0311	0.6783341513306669	11.0	True	
Eif2ak3	Masopust_054_D:A0312	0.6800763116094126	10.0	True	
Eif2ak3	Masopust_054_D:A0313	0.6783341513306669	11.0	True	
Eif2ak3	Masopust_054_E:A0311	0.6783341513306669	11.0	True	
Gata3	Masopust_053_1a:A0310	0.6783679185886137	10.0	True	
Gata3	Masopust_053_1a:A0307	0.6783679185886137	10.0	True	
Gata3	Masopust_053_1a:A0309	0.6783679185886137	12.0	True	
Gata3	Masopust_053_1a:A0311	0.6783679185886137	10.0	True	
Gata3	Masopust_053_1a:A0312	0.6783679185886137	10.0	True	
Gata3	Masopust_053_1a:A0308	0.6783679185886137	11.0	True	
Gata3	Masopust_053_1b:A0307	0.6783679185886137	10.0	True	
Gata3	Masopust_053_1b:A0309	0.6783679185886137	12.0	True	
Gata3	Masopust_053_1b:A0312	0.6783679185886137	10.0	True	
Gata3	Masopust_053_1b:A0310	0.6783679185886137	10.0	True	
Gata3	Masopust_053_1b:A0311	0.6783679185886137	10.0	True	
Gata3	Masopust_053_1b:A0308	0.6799207136196695	10.0	True	
Gata3	Masopust_053_2a:A0307	0.6783679185886137	10.0	True	
Gata3	Masopust_053_2a:A0310	0.6783679185886137	10.0	True	
Gata3	Masopust_053_2a:A0308	0.6783679185886137	10.0	True	
Gata3	Masopust_053_2a:A0312	0.6783679185886137	10.0	True	
Gata3	Masopust_053_2a:A0311	0.6783679185886137	12.0	True	
Gata3	Masopust_053_2a:A0309	0.6783679185886137	11.0	True	
Gata3	Masopust_053_2b:A0308	0.6783679185886137	10.0	True	
Gata3	Masopust_053_2b:A0310	0.6783679185886137	10.0	True	
Gata3	Masopust_053_2b:A0307	0.6783679185886137	10.0	True	
Gata3	Masopust_053_2b:A0309	0.6783679185886137	11.0	True	
Gata3	Masopust_053_2b:A0312	0.6783679185886137	12.0	True	
Gata3	Masopust_053_2b:A0311	0.6783679185886137	12.0	True	
Gata3	Masopust_053_3a:A0307	0.6783679185886137	10.0	True	
Gata3	Masopust_053_3a:A0311	0.6783679185886137	10.0	True	
Gata3	Masopust_053_3a:A0310	0.6783679185886137	10.0	True	
Gata3	Masopust_053_3a:A0308	0.6783679185886137	10.0	True	
Gata3	Masopust_053_3a:A0309	0.6783679185886137	10.0	True	
Gata3	Masopust_053_3b:A0308	0.6783679185886137	10.0	True	
Gata3	Masopust_053_3b:A0311	0.6799207136196695	10.0	True	
Gata3	Masopust_053_3b:A0310	0.6783679185886137	10.0	True	
Gata3	Masopust_053_3b:A0309	0.6783679185886137	10.0	True	
Gata3	Masopust_053_3b:A0307	0.6783679185886137	11.0	True	
Gata3	Masopust_053_6a:A0308	0.6783679185886137	10.0	True	
Gata3	Masopust_053_6b:A0308	0.6783679185886137	10.0	True	
Gata3	Masopust_054_A:A0312	0.6783679185886137	10.0	True	
Gata3	Masopust_054_A:A0311	0.6799207136196695	11.0	True	
Gata3	Masopust_054_B:A0311	0.6783679185886137	10.0	True	
Gata3	Masopust_054_B:A0312	0.6799207136196695	10.0	True	
Gata3	Masopust_054_C:A0313	0.6783679185886137	10.0	True	
Gata3	Masopust_054_C:A0312	0.6783679185886137	10.0	True	
Gata3	Masopust_054_C:A0311	0.6783679185886137	10.0	True	
Gata3	Masopust_054_D:A0311	0.6783679185886137	10.0	True	
Gata3	Masopust_054_D:A0312	0.6783679185886137	11.0	True	
Gata3	Masopust_054_D:A0313	0.6783679185886137	10.0	True	
Gata3	Masopust_054_E:A0311	0.6783679185886137	10.0	True	
Acsbg1	Masopust_053_1a:A0310	0.664562789127249	27.0	True	
Acsbg1	Masopust_053_1a:A0307	0.664562789127249	26.0	True	
Acsbg1	Masopust_053_1a:A0311	0.664562789127249	27.0	True	
Acsbg1	Masopust_053_1a:A0312	0.664562789127249	26.0	True	
Acsbg1	Masopust_053_1a:A0308	0.6663049494059947	22.0	True	
Acsbg1	Masopust_053_1b:A0307	0.664562789127249	25.0	True	
Acsbg1	Masopust_053_1b:A0312	0.664562789127249	29.0	True	
Acsbg1	Masopust_053_1b:A0310	0.664562789127249	25.0	True	
Acsbg1	Masopust_053_1b:A0311	0.664562789127249	26.0	True	
Acsbg1	Masopust_053_2a:A0307	0.664562789127249	25.0	True	
Acsbg1	Masopust_053_2a:A0310	0.664562789127249	28.0	True	
Acsbg1	Masopust_053_2a:A0308	0.664562789127249	25.0	True	
Acsbg1	Masopust_053_2a:A0312	0.664562789127249	27.0	True	
Acsbg1	Masopust_053_2a:A0309	0.6663049494059947	22.0	True	
Acsbg1	Masopust_053_2b:A0308	0.664562789127249	26.0	True	
Acsbg1	Masopust_053_2b:A0310	0.6663049494059947	22.0	True	
Acsbg1	Masopust_053_2b:A0307	0.664562789127249	26.0	True	
Acsbg1	Masopust_053_2b:A0309	0.664562789127249	26.0	True	
Acsbg1	Masopust_053_2b:A0312	0.6663049494059947	24.0	True	
Acsbg1	Masopust_053_3a:A0307	0.664562789127249	27.0	True	
Acsbg1	Masopust_053_3a:A0311	0.664562789127249	27.0	True	
Acsbg1	Masopust_053_3a:A0310	0.664562789127249	25.0	True	
Acsbg1	Masopust_053_3a:A0308	0.6663049494059947	22.0	True	
Acsbg1	Masopust_053_3a:A0309	0.664562789127249	28.0	True	
Acsbg1	Masopust_053_3b:A0308	0.664562789127249	27.0	True	
Acsbg1	Masopust_053_3b:A0311	0.664562789127249	25.0	True	
Acsbg1	Masopust_053_3b:A0310	0.664562789127249	26.0	True	
Acsbg1	Masopust_053_3b:A0309	0.664562789127249	28.0	True	
Acsbg1	Masopust_053_3b:A0307	0.6663049494059947	24.0	True	
Acsbg1	Masopust_053_6a:A0308	0.664562789127249	26.0	True	
Acsbg1	Masopust_053_6b:A0308	0.664562789127249	27.0	True	
Acsbg1	Masopust_054_A:A0312	0.664562789127249	26.0	True	
Acsbg1	Masopust_054_A:A0311	0.6663049494059947	23.0	True	
Acsbg1	Masopust_054_B:A0311	0.6663049494059947	22.0	True	
Acsbg1	Masopust_054_B:A0312	0.664562789127249	26.0	True	
Acsbg1	Masopust_054_C:A0313	0.664562789127249	25.0	True	
Acsbg1	Masopust_054_C:A0312	0.664562789127249	29.0	True	
Acsbg1	Masopust_054_C:A0311	0.664562789127249	30.0	True	
Acsbg1	Masopust_054_D:A0311	0.664562789127249	27.0	True	
Acsbg1	Masopust_054_D:A0312	0.664562789127249	27.0	True	
Acsbg1	Masopust_054_D:A0313	0.664562789127249	27.0	True	
Acsbg1	Masopust_054_E:A0311	0.664562789127249	25.0	True	
Adgre5	Masopust_053_1a:A0310	0.6707360962019348	14.0	True	
Adgre5	Masopust_053_1a:A0307	0.6707360962019348	14.0	True	
Adgre5	Masopust_053_1a:A0309	0.6707360962019348	14.0	True	
Adgre5	Masopust_053_1a:A0311	0.6707360962019348	16.0	True	
Adgre5	Masopust_053_1a:A0312	0.6707360962019348	15.0	True	
Adgre5	Masopust_053_1a:A0308	0.6707360962019348	14.0	True	
Adgre5	Masopust_053_1b:A0307	0.6707360962019348	14.0	True	
Adgre5	Masopust_053_1b:A0309	0.6707360962019348	15.0	True	
Adgre5	Masopust_053_1b:A0312	0.6707360962019348	16.0	True	
Adgre5	Masopust_053_1b:A0310	0.6707360962019348	15.0	True	
Adgre5	Masopust_053_1b:A0311	0.6707360962019348	14.0	True	
Adgre5	Masopust_053_1b:A0308	0.6707360962019348	16.0	True	
Adgre5	Masopust_053_2a:A0307	0.6722888912329906	14.0	True	
Adgre5	Masopust_053_2a:A0310	0.6707360962019348	14.0	True	
Adgre5	Masopust_053_2a:A0308	0.6707360962019348	15.0	True	
Adgre5	Masopust_053_2a:A0312	0.6707360962019348	14.0	True	
Adgre5	Masopust_053_2a:A0311	0.6707360962019348	15.0	True	
Adgre5	Masopust_053_2a:A0309	0.6707360962019348	15.0	True	
Adgre5	Masopust_053_2b:A0308	0.6722888912329906	14.0	True	
Adgre5	Masopust_053_2b:A0310	0.6707360962019348	15.0	True	
Adgre5	Masopust_053_2b:A0307	0.6722888912329906	14.0	True	
Adgre5	Masopust_053_2b:A0309	0.6707360962019348	14.0	True	
Adgre5	Masopust_053_2b:A0312	0.6707360962019348	15.0	True	
Adgre5	Masopust_053_2b:A0311	0.6722888912329906	14.0	True	
Adgre5	Masopust_053_3a:A0307	0.6722888912329906	14.0	True	
Adgre5	Masopust_053_3a:A0311	0.6707360962019348	14.0	True	
Adgre5	Masopust_053_3a:A0310	0.6707360962019348	14.0	True	
Adgre5	Masopust_053_3a:A0308	0.6707360962019348	14.0	True	
Adgre5	Masopust_053_3a:A0309	0.6707360962019348	15.0	True	
Adgre5	Masopust_053_3b:A0308	0.6707360962019348	14.0	True	
Adgre5	Masopust_053_3b:A0311	0.6707360962019348	14.0	True	
Adgre5	Masopust_053_3b:A0310	0.6707360962019348	15.0	True	
Adgre5	Masopust_053_3b:A0309	0.6707360962019348	16.0	True	
Adgre5	Masopust_053_3b:A0307	0.6707360962019348	15.0	True	
Adgre5	Masopust_053_6a:A0308	0.6707360962019348	14.0	True	
Adgre5	Masopust_053_6b:A0308	0.6707360962019348	14.0	True	
Adgre5	Masopust_054_A:A0312	0.6707360962019348	14.0	True	
Adgre5	Masopust_054_A:A0311	0.6707360962019348	15.0	True	
Adgre5	Masopust_054_B:A0311	0.6707360962019348	14.0	True	
Adgre5	Masopust_054_B:A0312	0.6707360962019348	15.0	True	
Adgre5	Masopust_054_C:A0313	0.6707360962019348	14.0	True	
Adgre5	Masopust_054_C:A0312	0.6707360962019348	15.0	True	
Adgre5	Masopust_054_C:A0311	0.6707360962019348	15.0	True	
Adgre5	Masopust_054_D:A0311	0.6707360962019348	14.0	True	
Adgre5	Masopust_054_D:A0312	0.6707360962019348	14.0	True	
Adgre5	Masopust_054_D:A0313	0.6707360962019348	15.0	True	
Adgre5	Masopust_054_E:A0311	0.6707360962019348	15.0	True	
Aff1	Masopust_053_1a:A0310	0.6707360962019348	14.0	True	
Aff1	Masopust_053_1a:A0307	0.6707360962019348	14.0	True	
Aff1	Masopust_053_1a:A0309	0.6707360962019348	14.0	True	
Aff1	Masopust_053_1a:A0311	0.6707360962019348	16.0	True	
Aff1	Masopust_053_1a:A0312	0.6722888912329906	14.0	True	
Aff1	Masopust_053_1a:A0308	0.6707360962019348	14.0	True	
Aff1	Masopust_053_1b:A0307	0.6707360962019348	14.0	True	
Aff1	Masopust_053_1b:A0309	0.6707360962019348	15.0	True	
Aff1	Masopust_053_1b:A0312	0.6722888912329906	14.0	True	
Aff1	Masopust_053_1b:A0310	0.6707360962019348	15.0	True	
Aff1	Masopust_053_1b:A0311	0.6707360962019348	14.0	True	
Aff1	Masopust_053_1b:A0308	0.6722888912329906	14.0	True	
Aff1	Masopust_053_2a:A0307	0.6707360962019348	15.0	True	
Aff1	Masopust_053_2a:A0310	0.6707360962019348	14.0	True	
Aff1	Masopust_053_2a:A0308	0.6707360962019348	15.0	True	
Aff1	Masopust_053_2a:A0312	0.6707360962019348	14.0	True	
Aff1	Masopust_053_2a:A0311	0.6722888912329906	14.0	True	
Aff1	Masopust_053_2a:A0309	0.6707360962019348	15.0	True	
Aff1	Masopust_053_2b:A0308	0.6707360962019348	15.0	True	
Aff1	Masopust_053_2b:A0310	0.6707360962019348	15.0	True	
Aff1	Masopust_053_2b:A0307	0.6707360962019348	15.0	True	
Aff1	Masopust_053_2b:A0309	0.6707360962019348	14.0	True	
Aff1	Masopust_053_2b:A0312	0.6707360962019348	15.0	True	
Aff1	Masopust_053_2b:A0311	0.6707360962019348	15.0	True	
Aff1	Masopust_053_3a:A0307	0.6707360962019348	15.0	True	
Aff1	Masopust_053_3a:A0311	0.6707360962019348	14.0	True	
Aff1	Masopust_053_3a:A0310	0.6707360962019348	14.0	True	
Aff1	Masopust_053_3a:A0308	0.6707360962019348	14.0	True	
Aff1	Masopust_053_3a:A0309	0.6707360962019348	15.0	True	
Aff1	Masopust_053_3b:A0308	0.6707360962019348	14.0	True	
Aff1	Masopust_053_3b:A0311	0.6707360962019348	14.0	True	
Aff1	Masopust_053_3b:A0310	0.6707360962019348	15.0	True	
Aff1	Masopust_053_3b:A0309	0.6707360962019348	16.0	True	
Aff1	Masopust_053_3b:A0307	0.6707360962019348	15.0	True	
Aff1	Masopust_053_6a:A0308	0.6707360962019348	14.0	True	
Aff1	Masopust_053_6b:A0308	0.6707360962019348	14.0	True	
Aff1	Masopust_054_A:A0312	0.6707360962019348	14.0	True	
Aff1	Masopust_054_A:A0311	0.6707360962019348	15.0	True	
Aff1	Masopust_054_B:A0311	0.6707360962019348	14.0	True	
Aff1	Masopust_054_B:A0312	0.6707360962019348	15.0	True	
Aff1	Masopust_054_C:A0313	0.6707360962019348	14.0	True	
Aff1	Masopust_054_C:A0312	0.6722888912329906	14.0	True	
Aff1	Masopust_054_C:A0311	0.6707360962019348	15.0	True	
Aff1	Masopust_054_D:A0311	0.6707360962019348	14.0	True	
Aff1	Masopust_054_D:A0312	0.6707360962019348	14.0	True	
Aff1	Masopust_054_D:A0313	0.6707360962019348	15.0	True	
Aff1	Masopust_054_E:A0311	0.6707360962019348	15.0	True	
Aff3	Masopust_053_1a:A0310	0.664524916077711	32.0	True	
Aff3	Masopust_053_1a:A0307	0.664524916077711	31.0	True	
Aff3	Masopust_053_1a:A0309	0.664524916077711	32.0	True	
Aff3	Masopust_053_1a:A0311	0.664524916077711	32.0	True	
Aff3	Masopust_053_1a:A0312	0.666077711108767	24.0	True	
Aff3	Masopust_053_1a:A0308	0.664524916077711	32.0	True	
Aff3	Masopust_053_1b:A0307	0.664524916077711	31.0	True	
Aff3	Masopust_053_1b:A0309	0.664524916077711	32.0	True	
Aff3	Masopust_053_1b:A0312	0.664524916077711	34.0	True	
Aff3	Masopust_053_1b:A0310	0.664524916077711	31.0	True	
Aff3	Masopust_053_1b:A0311	0.664524916077711	33.0	True	
Aff3	Masopust_053_1b:A0308	0.664524916077711	32.0	True	
Aff3	Masopust_053_2a:A0307	0.664524916077711	31.0	True	
Aff3	Masopust_053_2a:A0310	0.666077711108767	26.0	True	
Aff3	Masopust_053_2a:A0308	0.664524916077711	31.0	True	
Aff3	Masopust_053_2a:A0312	0.664524916077711	31.0	True	
Aff3	Masopust_053_2a:A0311	0.664524916077711	32.0	True	
Aff3	Masopust_053_2a:A0309	0.666077711108767	26.0	True	
Aff3	Masopust_053_2b:A0308	0.666077711108767	24.0	True	
Aff3	Masopust_053_2b:A0310	0.664524916077711	32.0	True	
Aff3	Masopust_053_2b:A0307	0.664524916077711	31.0	True	
Aff3	Masopust_053_2b:A0309	0.664524916077711	32.0	True	
Aff3	Masopust_053_2b:A0312	0.664524916077711	33.0	True	
Aff3	Masopust_053_2b:A0311	0.664524916077711	32.0	True	
Aff3	Masopust_053_3a:A0307	0.664524916077711	33.0	True	
Aff3	Masopust_053_3a:A0311	0.664524916077711	33.0	True	
Aff3	Masopust_053_3a:A0310	0.664524916077711	31.0	True	
Aff3	Masopust_053_3a:A0308	0.666077711108767	25.0	True	
Aff3	Masopust_053_3a:A0309	0.664524916077711	32.0	True	
Aff3	Masopust_053_3b:A0308	0.666077711108767	24.0	True	
Aff3	Masopust_053_3b:A0311	0.664524916077711	32.0	True	
Aff3	Masopust_053_3b:A0310	0.664524916077711	32.0	True	
Aff3	Masopust_053_3b:A0309	0.664524916077711	32.0	True	
Aff3	Masopust_053_3b:A0307	0.664524916077711	31.0	True	
Aff3	Masopust_053_6a:A0308	0.664524916077711	32.0	True	
Aff3	Masopust_053_6b:A0308	0.666077711108767	24.0	True	
Aff3	Masopust_054_A:A0312	0.664524916077711	32.0	True	
Aff3	Masopust_054_A:A0311	0.664524916077711	32.0	True	
Aff3	Masopust_054_B:A0311	0.664524916077711	31.0	True	
Aff3	Masopust_054_B:A0312	0.664524916077711	33.0	True	
Aff3	Masopust_054_C:A0313	0.664524916077711	31.0	True	
Aff3	Masopust_054_C:A0312	0.666077711108767	25.0	True	
Aff3	Masopust_054_C:A0311	0.666077711108767	25.0	True	
Aff3	Masopust_054_D:A0311	0.664524916077711	33.0	True	
Aff3	Masopust_054_D:A0312	0.664524916077711	31.0	True	
Aff3	Masopust_054_D:A0313	0.664524916077711	31.0	True	
Aff3	Masopust_054_E:A0311	0.664524916077711	31.0	True	
Alcam	Masopust_053_1a:A0310	0.664562789127249	27.0	True	
Alcam	Masopust_053_1a:A0307	0.664562789127249	26.0	True	
Alcam	Masopust_053_1a:A0311	0.664562789127249	27.0	True	
Alcam	Masopust_053_1a:A0312	0.664562789127249	26.0	True	
Alcam	Masopust_053_1a:A0308	0.664562789127249	28.0	True	
Alcam	Masopust_053_1b:A0307	0.664562789127249	25.0	True	
Alcam	Masopust_053_1b:A0312	0.664562789127249	29.0	True	
Alcam	Masopust_053_1b:A0310	0.664562789127249	25.0	True	
Alcam	Masopust_053_1b:A0311	0.664562789127249	26.0	True	
Alcam	Masopust_053_2a:A0307	0.664562789127249	25.0	True	
Alcam	Masopust_053_2a:A0310	0.6663049494059947	22.0	True	
Alcam	Masopust_053_2a:A0308	0.664562789127249	25.0	True	
Alcam	Masopust_053_2a:A0312	0.664562789127249	27.0	True	
Alcam	Masopust_053_2a:A0309	0.664562789127249	29.0	True	
Alcam	Masopust_053_2b:A0308	0.664562789127249	26.0	True	
Alcam	Masopust_053_2b:A0310	0.6663049494059947	22.0	True	
Alcam	Masopust_053_2b:A0307	0.664562789127249	26.0	True	
Alcam	Masopust_053_2b:A0309	0.664562789127249	26.0	True	
Alcam	Masopust_053_2b:A0312	0.6663049494059947	24.0	True	
Alcam	Masopust_053_3a:A0307	0.664562789127249	27.0	True	
Alcam	Masopust_053_3a:A0311	0.664562789127249	27.0	True	
Alcam	Masopust_053_3a:A0310	0.664562789127249	25.0	True	
Alcam	Masopust_053_3a:A0308	0.664562789127249	28.0	True	
Alcam	Masopust_053_3a:A0309	0.664562789127249	28.0	True	
Alcam	Masopust_053_3b:A0308	0.664562789127249	27.0	True	
Alcam	Masopust_053_3b:A0311	0.664562789127249	25.0	True	
Alcam	Masopust_053_3b:A0310	0.664562789127249	26.0	True	
Alcam	Masopust_053_3b:A0309	0.6663049494059947	23.0	True	
Alcam	Masopust_053_3b:A0307	0.6663049494059947	24.0	True	
Alcam	Masopust_053_6a:A0308	0.664562789127249	26.0	True	
Alcam	Masopust_053_6b:A0308	0.664562789127249	27.0	True	
Alcam	Masopust_054_A:A0312	0.664562789127249	26.0	True	
Alcam	Masopust_054_A:A0311	0.664562789127249	27.0	True	
Alcam	Masopust_054_B:A0311	0.6663049494059947	22.0	True	
Alcam	Masopust_054_B:A0312	0.664562789127249	26.0	True	
Alcam	Masopust_054_C:A0313	0.664562789127249	25.0	True	
Alcam	Masopust_054_C:A0312	0.664562789127249	29.0	True	
Alcam	Masopust_054_C:A0311	0.664562789127249	30.0	True	
Alcam	Masopust_054_D:A0311	0.664562789127249	27.0	True	
Alcam	Masopust_054_D:A0312	0.6663049494059947	22.0	True	
Alcam	Masopust_054_D:A0313	0.6663049494059947	22.0	True	
Alcam	Masopust_054_E:A0311	0.664562789127249	25.0	True	
Apaf1	Masopust_053_1a:A0310	0.667630506139823	22.0	True	
Apaf1	Masopust_053_1a:A0307	0.667630506139823	22.0	True	
Apaf1	Masopust_053_1a:A0309	0.6691833011708788	20.0	True	
Apaf1	Masopust_053_1a:A0311	0.667630506139823	23.0	True	
Apaf1	Masopust_053_1a:A0312	0.667630506139823	21.0	True	
Apaf1	Masopust_053_1a:A0308	0.667630506139823	21.0	True	
Apaf1	Masopust_053_1b:A0307	0.667630506139823	22.0	True	
Apaf1	Masopust_053_1b:A0309	0.667630506139823	21.0	True	
Apaf1	Masopust_053_1b:A0312	0.667630506139823	21.0	True	
Apaf1	Masopust_053_1b:A0310	0.667630506139823	21.0	True	
Apaf1	Masopust_053_1b:A0311	0.667630506139823	22.0	True	
Apaf1	Masopust_053_1b:A0308	0.6691833011708788	20.0	True	
Apaf1	Masopust_053_2a:A0307	0.667630506139823	21.0	True	
Apaf1	Masopust_053_2a:A0310	0.667630506139823	21.0	True	
Apaf1	Masopust_053_2a:A0308	0.667630506139823	21.0	True	
Apaf1	Masopust_053_2a:A0312	0.667630506139823	21.0	True	
Apaf1	Masopust_053_2a:A0311	0.6691833011708788	20.0	True	
Apaf1	Masopust_053_2a:A0309	0.667630506139823	21.0	True	
Apaf1	Masopust_053_2b:A0308	0.667630506139823	21.0	True	
Apaf1	Masopust_053_2b:A0310	0.667630506139823	21.0	True	
Apaf1	Masopust_053_2b:A0307	0.667630506139823	21.0	True	
Apaf1	Masopust_053_2b:A0309	0.667630506139823	21.0	True	
Apaf1	Masopust_053_2b:A0312	0.667630506139823	22.0	True	
Apaf1	Masopust_053_2b:A0311	0.667630506139823	21.0	True	
Apaf1	Masopust_053_3a:A0307	0.667630506139823	22.0	True	
Apaf1	Masopust_053_3a:A0311	0.6691833011708788	20.0	True	
Apaf1	Masopust_053_3a:A0310	0.667630506139823	21.0	True	
Apaf1	Masopust_053_3a:A0308	0.667630506139823	21.0	True	
Apaf1	Masopust_053_3a:A0309	0.667630506139823	22.0	True	
Apaf1	Masopust_053_3b:A0308	0.667630506139823	22.0	True	
Apaf1	Masopust_053_3b:A0311	0.6691833011708788	20.0	True	
Apaf1	Masopust_053_3b:A0310	0.6691833011708788	20.0	True	
Apaf1	Masopust_053_3b:A0309	0.667630506139823	22.0	True	
Apaf1	Masopust_053_3b:A0307	0.667630506139823	22.0	True	
Apaf1	Masopust_053_6a:A0308	0.667630506139823	21.0	True	
Apaf1	Masopust_053_6b:A0308	0.667630506139823	21.0	True	
Apaf1	Masopust_054_A:A0312	0.667630506139823	22.0	True	
Apaf1	Masopust_054_A:A0311	0.6691833011708788	21.0	True	
Apaf1	Masopust_054_B:A0311	0.667630506139823	21.0	True	
Apaf1	Masopust_054_B:A0312	0.667630506139823	21.0	True	
Apaf1	Masopust_054_C:A0313	0.667630506139823	21.0	True	
Apaf1	Masopust_054_C:A0312	0.667630506139823	21.0	True	
Apaf1	Masopust_054_C:A0311	0.667630506139823	21.0	True	
Apaf1	Masopust_054_D:A0311	0.667630506139823	21.0	True	
Apaf1	Masopust_054_D:A0312	0.667630506139823	21.0	True	
Apaf1	Masopust_054_D:A0313	0.667630506139823	21.0	True	
Apaf1	Masopust_054_E:A0311	0.667630506139823	21.0	True	
Arhgap18	Masopust_053_1a:A0310	0.6663049494059947	23.0	True	
Arhgap18	Masopust_053_1a:A0307	0.6680471096847403	21.0	True	
Arhgap18	Masopust_053_1a:A0311	0.6680471096847403	21.0	True	
Arhgap18	Masopust_053_1a:A0312	0.6663049494059947	22.0	True	
Arhgap18	Masopust_053_1a:A0308	0.6663049494059947	22.0	True	
Arhgap18	Masopust_053_1b:A0307	0.6680471096847403	21.0	True	
Arhgap18	Masopust_053_1b:A0312	0.6663049494059947	22.0	True	
Arhgap18	Masopust_053_1b:A0310	0.6663049494059947	22.0	True	
Arhgap18	Masopust_053_1b:A0311	0.6663049494059947	23.0	True	
Arhgap18	Masopust_053_2a:A0307	0.6663049494059947	22.0	True	
Arhgap18	Masopust_053_2a:A0310	0.6663049494059947	22.0	True	
Arhgap18	Masopust_053_2a:A0308	0.6663049494059947	22.0	True	
Arhgap18	Masopust_053_2a:A0312	0.6663049494059947	22.0	True	
Arhgap18	Masopust_053_2a:A0309	0.6663049494059947	22.0	True	
Arhgap18	Masopust_053_2b:A0308	0.6663049494059947	22.0	True	
Arhgap18	Masopust_053_2b:A0310	0.6663049494059947	22.0	True	
Arhgap18	Masopust_053_2b:A0307	0.6663049494059947	23.0	True	
Arhgap18	Masopust_053_2b:A0309	0.6663049494059947	22.0	True	
Arhgap18	Masopust_053_2b:A0312	0.6680471096847403	21.0	True	
Arhgap18	Masopust_053_3a:A0307	0.6680471096847403	21.0	True	
Arhgap18	Masopust_053_3a:A0311	0.6663049494059947	23.0	True	
Arhgap18	Masopust_053_3a:A0310	0.6663049494059947	22.0	True	
Arhgap18	Masopust_053_3a:A0308	0.6663049494059947	22.0	True	
Arhgap18	Masopust_053_3a:A0309	0.6663049494059947	23.0	True	
Arhgap18	Masopust_053_3b:A0308	0.6680471096847403	21.0	True	
Arhgap18	Masopust_053_3b:A0311	0.6663049494059947	22.0	True	
Arhgap18	Masopust_053_3b:A0310	0.6663049494059947	22.0	True	
Arhgap18	Masopust_053_3b:A0309	0.6663049494059947	23.0	True	
Arhgap18	Masopust_053_3b:A0307	0.6680471096847403	21.0	True	
Arhgap18	Masopust_053_6a:A0308	0.6663049494059947	22.0	True	
Arhgap18	Masopust_053_6b:A0308	0.6663049494059947	22.0	True	
Arhgap18	Masopust_054_A:A0312	0.6663049494059947	24.0	True	
Arhgap18	Masopust_054_A:A0311	0.6663049494059947	23.0	True	
Arhgap18	Masopust_054_B:A0311	0.6663049494059947	22.0	True	
Arhgap18	Masopust_054_B:A0312	0.6663049494059947	22.0	True	
Arhgap18	Masopust_054_C:A0313	0.6663049494059947	22.0	True	
Arhgap18	Masopust_054_C:A0312	0.6663049494059947	22.0	True	
Arhgap18	Masopust_054_C:A0311	0.6663049494059947	22.0	True	
Arhgap18	Masopust_054_D:A0311	0.6663049494059947	22.0	True	
Arhgap18	Masopust_054_D:A0312	0.6663049494059947	22.0	True	
Arhgap18	Masopust_054_D:A0313	0.6663049494059947	22.0	True	
Arhgap18	Masopust_054_E:A0311	0.6663049494059947	22.0	True	
Arhgap31	Masopust_053_1a:A0310	0.664524916077711	32.0	True	
Arhgap31	Masopust_053_1a:A0307	0.664524916077711	31.0	True	
Arhgap31	Masopust_053_1a:A0309	0.666077711108767	25.0	True	
Arhgap31	Masopust_053_1a:A0311	0.664524916077711	32.0	True	
Arhgap31	Masopust_053_1a:A0312	0.664524916077711	33.0	True	
Arhgap31	Masopust_053_1a:A0308	0.664524916077711	32.0	True	
Arhgap31	Masopust_053_1b:A0307	0.664524916077711	31.0	True	
Arhgap31	Masopust_053_1b:A0309	0.666077711108767	25.0	True	
Arhgap31	Masopust_053_1b:A0312	0.666077711108767	26.0	True	
Arhgap31	Masopust_053_1b:A0310	0.664524916077711	31.0	True	
Arhgap31	Masopust_053_1b:A0311	0.664524916077711	33.0	True	
Arhgap31	Masopust_053_1b:A0308	0.664524916077711	32.0	True	
Arhgap31	Masopust_053_2a:A0307	0.664524916077711	31.0	True	
Arhgap31	Masopust_053_2a:A0310	0.664524916077711	33.0	True	
Arhgap31	Masopust_053_2a:A0308	0.664524916077711	31.0	True	
Arhgap31	Masopust_053_2a:A0312	0.664524916077711	31.0	True	
Arhgap31	Masopust_053_2a:A0311	0.664524916077711	32.0	True	
Arhgap31	Masopust_053_2a:A0309	0.664524916077711	33.0	True	
Arhgap31	Masopust_053_2b:A0308	0.664524916077711	32.0	True	
Arhgap31	Masopust_053_2b:A0310	0.664524916077711	32.0	True	
Arhgap31	Masopust_053_2b:A0307	0.664524916077711	31.0	True	
Arhgap31	Masopust_053_2b:A0309	0.664524916077711	32.0	True	
Arhgap31	Masopust_053_2b:A0312	0.666077711108767	31.0	True	
Arhgap31	Masopust_053_2b:A0311	0.666077711108767	24.0	True	
Arhgap31	Masopust_053_3a:A0307	0.664524916077711	33.0	True	
Arhgap31	Masopust_053_3a:A0311	0.664524916077711	33.0	True	
Arhgap31	Masopust_053_3a:A0310	0.664524916077711	31.0	True	
Arhgap31	Masopust_053_3a:A0308	0.664524916077711	33.0	True	
Arhgap31	Masopust_053_3a:A0309	0.664524916077711	32.0	True	
Arhgap31	Masopust_053_3b:A0308	0.664524916077711	33.0	True	
Arhgap31	Masopust_053_3b:A0311	0.664524916077711	32.0	True	
Arhgap31	Masopust_053_3b:A0310	0.664524916077711	32.0	True	
Arhgap31	Masopust_053_3b:A0309	0.664524916077711	32.0	True	
Arhgap31	Masopust_053_3b:A0307	0.664524916077711	31.0	True	
Arhgap31	Masopust_053_6a:A0308	0.664524916077711	32.0	True	
Arhgap31	Masopust_053_6b:A0308	0.664524916077711	33.0	True	
Arhgap31	Masopust_054_A:A0312	0.664524916077711	32.0	True	
Arhgap31	Masopust_054_A:A0311	0.666077711108767	25.0	True	
Arhgap31	Masopust_054_B:A0311	0.664524916077711	31.0	True	
Arhgap31	Masopust_054_B:A0312	0.664524916077711	33.0	True	
Arhgap31	Masopust_054_C:A0313	0.664524916077711	31.0	True	
Arhgap31	Masopust_054_C:A0312	0.666077711108767	25.0	True	
Arhgap31	Masopust_054_C:A0311	0.666077711108767	25.0	True	
Arhgap31	Masopust_054_D:A0311	0.666077711108767	25.0	True	
Arhgap31	Masopust_054_D:A0312	0.664524916077711	31.0	True	
Arhgap31	Masopust_054_D:A0313	0.664524916077711	31.0	True	
Arhgap31	Masopust_054_E:A0311	0.664524916077711	31.0	True	
Atp10a	Masopust_053_1a:A0310	0.6628206288485033	39.0	True	
Atp10a	Masopust_053_1a:A0307	0.6628206288485033	39.0	True	
Atp10a	Masopust_053_1a:A0311	0.6628206288485033	40.0	True	
Atp10a	Masopust_053_1a:A0312	0.6628206288485033	40.0	True	
Atp10a	Masopust_053_1a:A0308	0.6628206288485033	41.0	True	
Atp10a	Masopust_053_1b:A0307	0.6628206288485033	38.0	True	
Atp10a	Masopust_053_1b:A0312	0.6628206288485033	40.0	True	
Atp10a	Masopust_053_1b:A0310	0.6628206288485033	38.0	True	
Atp10a	Masopust_053_1b:A0311	0.664562789127249	26.0	True	
Atp10a	Masopust_053_2a:A0307	0.6628206288485033	38.0	True	
Atp10a	Masopust_053_2a:A0310	0.664562789127249	28.0	True	
Atp10a	Masopust_053_2a:A0308	0.6628206288485033	39.0	True	
Atp10a	Masopust_053_2a:A0312	0.6628206288485033	39.0	True	
Atp10a	Masopust_053_2a:A0309	0.6628206288485033	38.0	True	
Atp10a	Masopust_053_2b:A0308	0.6628206288485033	40.0	True	
Atp10a	Masopust_053_2b:A0310	0.664562789127249	28.0	True	
Atp10a	Masopust_053_2b:A0307	0.6628206288485033	40.0	True	
Atp10a	Masopust_053_2b:A0309	0.6628206288485033	39.0	True	
Atp10a	Masopust_053_2b:A0312	0.664562789127249	32.0	True	
Atp10a	Masopust_053_3a:A0307	0.6628206288485033	40.0	True	
Atp10a	Masopust_053_3a:A0311	0.6628206288485033	39.0	True	
Atp10a	Masopust_053_3a:A0310	0.6628206288485033	38.0	True	
Atp10a	Masopust_053_3a:A0308	0.6628206288485033	38.0	True	
Atp10a	Masopust_053_3a:A0309	0.6628206288485033	38.0	True	
Atp10a	Masopust_053_3b:A0308	0.6628206288485033	39.0	True	
Atp10a	Masopust_053_3b:A0311	0.6628206288485033	40.0	True	
Atp10a	Masopust_053_3b:A0310	0.6628206288485033	38.0	True	
Atp10a	Masopust_053_3b:A0309	0.664562789127249	28.0	True	
Atp10a	Masopust_053_3b:A0307	0.6628206288485033	39.0	True	
Atp10a	Masopust_053_6a:A0308	0.6628206288485033	38.0	True	
Atp10a	Masopust_053_6b:A0308	0.6628206288485033	38.0	True	
Atp10a	Masopust_054_A:A0312	0.6628206288485033	40.0	True	
Atp10a	Masopust_054_A:A0311	0.6628206288485033	39.0	True	
Atp10a	Masopust_054_B:A0311	0.6628206288485033	38.0	True	
Atp10a	Masopust_054_B:A0312	0.664562789127249	26.0	True	
Atp10a	Masopust_054_C:A0313	0.6628206288485033	38.0	True	
Atp10a	Masopust_054_C:A0312	0.664562789127249	29.0	True	
Atp10a	Masopust_054_C:A0311	0.664562789127249	30.0	True	
Atp10a	Masopust_054_D:A0311	0.664562789127249	27.0	True	
Atp10a	Masopust_054_D:A0312	0.6628206288485033	38.0	True	
Atp10a	Masopust_054_D:A0313	0.6628206288485033	39.0	True	
Atp10a	Masopust_054_E:A0311	0.6628206288485033	40.0	True	
Bach2	Masopust_053_1a:A0310	0.6663049494059947	23.0	True	
Bach2	Masopust_053_1a:A0307	0.664562789127249	26.0	True	
Bach2	Masopust_053_1a:A0311	0.6663049494059947	24.0	True	
Bach2	Masopust_053_1a:A0312	0.664562789127249	26.0	True	
Bach2	Masopust_053_1a:A0308	0.664562789127249	28.0	True	
Bach2	Masopust_053_1b:A0307	0.664562789127249	25.0	True	
Bach2	Masopust_053_1b:A0312	0.6663049494059947	22.0	True	
Bach2	Masopust_053_1b:A0310	0.664562789127249	25.0	True	
Bach2	Masopust_053_1b:A0311	0.6663049494059947	23.0	True	
Bach2	Masopust_053_2a:A0307	0.664562789127249	25.0	True	
Bach2	Masopust_053_2a:A0310	0.664562789127249	28.0	True	
Bach2	Masopust_053_2a:A0308	0.664562789127249	25.0	True	
Bach2	Masopust_053_2a:A0312	0.664562789127249	27.0	True	
Bach2	Masopust_053_2a:A0309	0.664562789127249	29.0	True	
Bach2	Masopust_053_2b:A0308	0.664562789127249	26.0	True	
Bach2	Masopust_053_2b:A0310	0.664562789127249	28.0	True	
Bach2	Masopust_053_2b:A0307	0.664562789127249	26.0	True	
Bach2	Masopust_053_2b:A0309	0.664562789127249	26.0	True	
Bach2	Masopust_053_2b:A0312	0.6663049494059947	24.0	True	
Bach2	Masopust_053_3a:A0307	0.6663049494059947	24.0	True	
Bach2	Masopust_053_3a:A0311	0.664562789127249	27.0	True	
Bach2	Masopust_053_3a:A0310	0.664562789127249	25.0	True	
Bach2	Masopust_053_3a:A0308	0.664562789127249	28.0	True	
Bach2	Masopust_053_3a:A0309	0.6663049494059947	23.0	True	
Bach2	Masopust_053_3b:A0308	0.664562789127249	27.0	True	
Bach2	Masopust_053_3b:A0311	0.664562789127249	25.0	True	
Bach2	Masopust_053_3b:A0310	0.664562789127249	26.0	True	
Bach2	Masopust_053_3b:A0309	0.664562789127249	28.0	True	
Bach2	Masopust_053_3b:A0307	0.664562789127249	28.0	True	
Bach2	Masopust_053_6a:A0308	0.664562789127249	26.0	True	
Bach2	Masopust_053_6b:A0308	0.664562789127249	27.0	True	
Bach2	Masopust_054_A:A0312	0.6663049494059947	24.0	True	
Bach2	Masopust_054_A:A0311	0.664562789127249	27.0	True	
Bach2	Masopust_054_B:A0311	0.664562789127249	27.0	True	
Bach2	Masopust_054_B:A0312	0.664562789127249	26.0	True	
Bach2	Masopust_054_C:A0313	0.664562789127249	25.0	True	
Bach2	Masopust_054_C:A0312	0.664562789127249	29.0	True	
Bach2	Masopust_054_C:A0311	0.664562789127249	30.0	True	
Bach2	Masopust_054_D:A0311	0.664562789127249	27.0	True	
Bach2	Masopust_054_D:A0312	0.664562789127249	27.0	True	
Bach2	Masopust_054_D:A0313	0.664562789127249	27.0	True	
Bach2	Masopust_054_E:A0311	0.664562789127249	25.0	True	
Bhlhe40	Masopust_053_1a:A0310	0.6707360962019348	14.0	True	
Bhlhe40	Masopust_053_1a:A0307	0.6707360962019348	14.0	True	
Bhlhe40	Masopust_053_1a:A0309	0.6707360962019348	14.0	True	
Bhlhe40	Masopust_053_1a:A0311	0.6722888912329906	14.0	True	
Bhlhe40	Masopust_053_1a:A0312	0.6707360962019348	15.0	True	
Bhlhe40	Masopust_053_1a:A0308	0.6707360962019348	14.0	True	
Bhlhe40	Masopust_053_1b:A0307	0.6707360962019348	14.0	True	
Bhlhe40	Masopust_053_1b:A0309	0.6707360962019348	15.0	True	
Bhlhe40	Masopust_053_1b:A0312	0.6707360962019348	16.0	True	
Bhlhe40	Masopust_053_1b:A0310	0.6722888912329906	14.0	True	
Bhlhe40	Masopust_053_1b:A0311	0.6707360962019348	14.0	True	
Bhlhe40	Masopust_053_1b:A0308	0.6707360962019348	16.0	True	
Bhlhe40	Masopust_053_2a:A0307	0.6707360962019348	15.0	True	
Bhlhe40	Masopust_053_2a:A0310	0.6707360962019348	14.0	True	
Bhlhe40	Masopust_053_2a:A0308	0.6707360962019348	15.0	True	
Bhlhe40	Masopust_053_2a:A0312	0.6707360962019348	14.0	True	
Bhlhe40	Masopust_053_2a:A0311	0.6707360962019348	15.0	True	
Bhlhe40	Masopust_053_2a:A0309	0.6722888912329906	14.0	True	
Bhlhe40	Masopust_053_2b:A0308	0.6707360962019348	15.0	True	
Bhlhe40	Masopust_053_2b:A0310	0.6707360962019348	15.0	True	
Bhlhe40	Masopust_053_2b:A0307	0.6707360962019348	15.0	True	
Bhlhe40	Masopust_053_2b:A0309	0.6707360962019348	14.0	True	
Bhlhe40	Masopust_053_2b:A0312	0.6707360962019348	15.0	True	
Bhlhe40	Masopust_053_2b:A0311	0.6707360962019348	15.0	True	
Bhlhe40	Masopust_053_3a:A0307	0.6707360962019348	15.0	True	
Bhlhe40	Masopust_053_3a:A0311	0.6707360962019348	14.0	True	
Bhlhe40	Masopust_053_3a:A0310	0.6707360962019348	14.0	True	
Bhlhe40	Masopust_053_3a:A0308	0.6707360962019348	14.0	True	
Bhlhe40	Masopust_053_3a:A0309	0.6722888912329906	14.0	True	
Bhlhe40	Masopust_053_3b:A0308	0.6707360962019348	14.0	True	
Bhlhe40	Masopust_053_3b:A0311	0.6707360962019348	14.0	True	
Bhlhe40	Masopust_053_3b:A0310	0.6707360962019348	15.0	True	
Bhlhe40	Masopust_053_3b:A0309	0.6707360962019348	16.0	True	
Bhlhe40	Masopust_053_3b:A0307	0.6707360962019348	15.0	True	
Bhlhe40	Masopust_053_6a:A0308	0.6707360962019348	14.0	True	
Bhlhe40	Masopust_053_6b:A0308	0.6707360962019348	14.0	True	
Bhlhe40	Masopust_054_A:A0312	0.6707360962019348	14.0	True	
Bhlhe40	Masopust_054_A:A0311	0.6707360962019348	15.0	True	
Bhlhe40	Masopust_054_B:A0311	0.6707360962019348	14.0	True	
Bhlhe40	Masopust_054_B:A0312	0.6722888912329906	14.0	True	
Bhlhe40	Masopust_054_C:A0313	0.6707360962019348	14.0	True	
Bhlhe40	Masopust_054_C:A0312	0.6707360962019348	15.0	True	
Bhlhe40	Masopust_054_C:A0311	0.6707360962019348	15.0	True	
Bhlhe40	Masopust_054_D:A0311	0.6707360962019348	14.0	True	
Bhlhe40	Masopust_054_D:A0312	0.6707360962019348	14.0	True	
Bhlhe40	Masopust_054_D:A0313	0.6707360962019348	15.0	True	
Bhlhe40	Masopust_054_E:A0311	0.6707360962019348	15.0	True	
Birc5	Masopust_053_1a:A0310	0.6583137359534875	55.0	True	
Birc5	Masopust_053_1a:A0307	0.6583137359534875	55.0	True	
Birc5	Masopust_053_1a:A0309	0.6598665309845434	48.0	True	
Birc5	Masopust_053_1a:A0311	0.6598665309845434	50.0	True	
Birc5	Masopust_053_1a:A0312	0.6583137359534875	55.0	True	
Birc5	Masopust_053_1a:A0308	0.6583137359534875	56.0	True	
Birc5	Masopust_053_1b:A0307	0.6583137359534875	55.0	True	
Birc5	Masopust_053_1b:A0309	0.6583137359534875	57.0	True	
Birc5	Masopust_053_1b:A0312	0.6598665309845434	50.0	True	
Birc5	Masopust_053_1b:A0310	0.6583137359534875	56.0	True	
Birc5	Masopust_053_1b:A0311	0.6583137359534875	55.0	True	
Birc5	Masopust_053_1b:A0308	0.6598665309845434	48.0	True	
Birc5	Masopust_053_2a:A0307	0.6583137359534875	56.0	True	
Birc5	Masopust_053_2a:A0310	0.6583137359534875	56.0	True	
Birc5	Masopust_053_2a:A0308	0.6583137359534875	55.0	True	
Birc5	Masopust_053_2a:A0312	0.6598665309845434	51.0	True	
Birc5	Masopust_053_2a:A0311	0.6598665309845434	50.0	True	
Birc5	Masopust_053_2a:A0309	0.6583137359534875	56.0	True	
Birc5	Masopust_053_2b:A0308	0.6583137359534875	55.0	True	
Birc5	Masopust_053_2b:A0310	0.6583137359534875	55.0	True	
Birc5	Masopust_053_2b:A0307	0.6583137359534875	55.0	True	
Birc5	Masopust_053_2b:A0309	0.6583137359534875	57.0	True	
Birc5	Masopust_053_2b:A0312	0.6583137359534875	55.0	True	
Birc5	Masopust_053_2b:A0311	0.6583137359534875	56.0	True	
Birc5	Masopust_053_3a:A0307	0.6598665309845434	48.0	True	
Birc5	Masopust_053_3a:A0311	0.6583137359534875	57.0	True	
Birc5	Masopust_053_3a:A0310	0.6598665309845434	47.0	True	
Birc5	Masopust_053_3a:A0308	0.6583137359534875	57.0	True	
Birc5	Masopust_053_3a:A0309	0.6583137359534875	58.0	True	
Birc5	Masopust_053_3b:A0308	0.6583137359534875	57.0	True	
Birc5	Masopust_053_3b:A0311	0.6583137359534875	56.0	True	
Birc5	Masopust_053_3b:A0310	0.6583137359534875	57.0	True	
Birc5	Masopust_053_3b:A0309	0.6583137359534875	56.0	True	
Birc5	Masopust_053_3b:A0307	0.6598665309845434	48.0	True	
Birc5	Masopust_053_6a:A0308	0.6583137359534875	59.0	True	
Birc5	Masopust_053_6b:A0308	0.6583137359534875	56.0	True	
Birc5	Masopust_054_A:A0312	0.6598665309845434	48.0	True	
Birc5	Masopust_054_A:A0311	0.6598665309845434	50.0	True	
Birc5	Masopust_054_B:A0311	0.6583137359534875	55.0	True	
Birc5	Masopust_054_B:A0312	0.6583137359534875	57.0	True	
Birc5	Masopust_054_C:A0313	0.6583137359534875	55.0	True	
Birc5	Masopust_054_C:A0312	0.6583137359534875	56.0	True	
Birc5	Masopust_054_C:A0311	0.6598665309845434	52.0	True	
Birc5	Masopust_054_D:A0311	0.6583137359534875	56.0	True	
Birc5	Masopust_054_D:A0312	0.6583137359534875	56.0	True	
Birc5	Masopust_054_D:A0313	0.6583137359534875	57.0	True	
Birc5	Masopust_054_E:A0311	0.6598665309845434	47.0	True	
Btg2	Masopust_053_1a:A0310	0.6691833011708788	20.0	True	
Btg2	Masopust_053_1a:A0307	0.6691833011708788	20.0	True	
Btg2	Masopust_053_1a:A0309	0.6691833011708788	20.0	True	
Btg2	Masopust_053_1a:A0311	0.6707360962019348	16.0	True	
Btg2	Masopust_053_1a:A0312	0.6691833011708788	20.0	True	
Btg2	Masopust_053_1a:A0308	0.6691833011708788	20.0	True	
Btg2	Masopust_053_1b:A0307	0.6691833011708788	20.0	True	
Btg2	Masopust_053_1b:A0309	0.6691833011708788	20.0	True	
Btg2	Masopust_053_1b:A0312	0.6691833011708788	20.0	True	
Btg2	Masopust_053_1b:A0310	0.6707360962019348	15.0	True	
Btg2	Masopust_053_1b:A0311	0.6691833011708788	20.0	True	
Btg2	Masopust_053_1b:A0308	0.6691833011708788	20.0	True	
Btg2	Masopust_053_2a:A0307	0.6707360962019348	15.0	True	
Btg2	Masopust_053_2a:A0310	0.6691833011708788	20.0	True	
Btg2	Masopust_053_2a:A0308	0.6691833011708788	20.0	True	
Btg2	Masopust_053_2a:A0312	0.6691833011708788	20.0	True	
Btg2	Masopust_053_2a:A0311	0.6691833011708788	20.0	True	
Btg2	Masopust_053_2a:A0309	0.6691833011708788	20.0	True	
Btg2	Masopust_053_2b:A0308	0.6691833011708788	20.0	True	
Btg2	Masopust_053_2b:A0310	0.6691833011708788	20.0	True	
Btg2	Masopust_053_2b:A0307	0.6707360962019348	15.0	True	
Btg2	Masopust_053_2b:A0309	0.6691833011708788	20.0	True	
Btg2	Masopust_053_2b:A0312	0.6691833011708788	20.0	True	
Btg2	Masopust_053_2b:A0311	0.6691833011708788	20.0	True	
Btg2	Masopust_053_3a:A0307	0.6691833011708788	20.0	True	
Btg2	Masopust_053_3a:A0311	0.6691833011708788	20.0	True	
Btg2	Masopust_053_3a:A0310	0.6691833011708788	20.0	True	
Btg2	Masopust_053_3a:A0308	0.6691833011708788	20.0	True	
Btg2	Masopust_053_3a:A0309	0.6691833011708788	20.0	True	
Btg2	Masopust_053_3b:A0308	0.6691833011708788	20.0	True	
Btg2	Masopust_053_3b:A0311	0.6691833011708788	20.0	True	
Btg2	Masopust_053_3b:A0310	0.6691833011708788	20.0	True	
Btg2	Masopust_053_3b:A0309	0.6691833011708788	20.0	True	
Btg2	Masopust_053_3b:A0307	0.6691833011708788	20.0	True	
Btg2	Masopust_053_6a:A0308	0.6691833011708788	20.0	True	
Btg2	Masopust_053_6b:A0308	0.6691833011708788	20.0	True	
Btg2	Masopust_054_A:A0312	0.6691833011708788	20.0	True	
Btg2	Masopust_054_A:A0311	0.6707360962019348	15.0	True	
Btg2	Masopust_054_B:A0311	0.6691833011708788	20.0	True	
Btg2	Masopust_054_B:A0312	0.6691833011708788	20.0	True	
Btg2	Masopust_054_C:A0313	0.6691833011708788	20.0	True	
Btg2	Masopust_054_C:A0312	0.6691833011708788	20.0	True	
Btg2	Masopust_054_C:A0311	0.6691833011708788	20.0	True	
Btg2	Masopust_054_D:A0311	0.6691833011708788	20.0	True	
Btg2	Masopust_054_D:A0312	0.6707360962019348	14.0	True	
Btg2	Masopust_054_D:A0313	0.6691833011708788	20.0	True	
Btg2	Masopust_054_E:A0311	0.6691833011708788	20.0	True	
Ccl1	Masopust_053_1a:A0310	0.6663049494059947	23.0	True	
Ccl1	Masopust_053_1a:A0307	0.664562789127249	26.0	True	
Ccl1	Masopust_053_1a:A0311	0.6663049494059947	24.0	True	
Ccl1	Masopust_053_1a:A0312	0.664562789127249	26.0	True	
Ccl1	Masopust_053_1a:A0308	0.664562789127249	28.0	True	
Ccl1	Masopust_053_1b:A0307	0.664562789127249	25.0	True	
Ccl1	Masopust_053_1b:A0312	0.6663049494059947	22.0	True	
Ccl1	Masopust_053_1b:A0310	0.664562789127249	25.0	True	
Ccl1	Masopust_053_1b:A0311	0.664562789127249	26.0	True	
Ccl1	Masopust_053_2a:A0307	0.664562789127249	25.0	True	
Ccl1	Masopust_053_2a:A0310	0.664562789127249	28.0	True	
Ccl1	Masopust_053_2a:A0308	0.664562789127249	25.0	True	
Ccl1	Masopust_053_2a:A0312	0.664562789127249	27.0	True	
Ccl1	Masopust_053_2a:A0309	0.664562789127249	29.0	True	
Ccl1	Masopust_053_2b:A0308	0.664562789127249	26.0	True	
Ccl1	Masopust_053_2b:A0310	0.664562789127249	28.0	True	
Ccl1	Masopust_053_2b:A0307	0.664562789127249	26.0	True	
Ccl1	Masopust_053_2b:A0309	0.664562789127249	26.0	True	
Ccl1	Masopust_053_2b:A0312	0.6663049494059947	24.0	True	
Ccl1	Masopust_053_3a:A0307	0.664562789127249	27.0	True	
Ccl1	Masopust_053_3a:A0311	0.664562789127249	27.0	True	
Ccl1	Masopust_053_3a:A0310	0.664562789127249	25.0	True	
Ccl1	Masopust_053_3a:A0308	0.664562789127249	28.0	True	
Ccl1	Masopust_053_3a:A0309	0.6663049494059947	23.0	True	
Ccl1	Masopust_053_3b:A0308	0.664562789127249	27.0	True	
Ccl1	Masopust_053_3b:A0311	0.664562789127249	25.0	True	
Ccl1	Masopust_053_3b:A0310	0.664562789127249	26.0	True	
Ccl1	Masopust_053_3b:A0309	0.6663049494059947	23.0	True	
Ccl1	Masopust_053_3b:A0307	0.664562789127249	28.0	True	
Ccl1	Masopust_053_6a:A0308	0.664562789127249	26.0	True	
Ccl1	Masopust_053_6b:A0308	0.664562789127249	27.0	True	
Ccl1	Masopust_054_A:A0312	0.664562789127249	26.0	True	
Ccl1	Masopust_054_A:A0311	0.664562789127249	27.0	True	
Ccl1	Masopust_054_B:A0311	0.664562789127249	27.0	True	
Ccl1	Masopust_054_B:A0312	0.664562789127249	26.0	True	
Ccl1	Masopust_054_C:A0313	0.664562789127249	25.0	True	
Ccl1	Masopust_054_C:A0312	0.664562789127249	29.0	True	
Ccl1	Masopust_054_C:A0311	0.664562789127249	30.0	True	
Ccl1	Masopust_054_D:A0311	0.6663049494059947	22.0	True	
Ccl1	Masopust_054_D:A0312	0.6663049494059947	22.0	True	
Ccl1	Masopust_054_D:A0313	0.664562789127249	27.0	True	
Ccl1	Masopust_054_E:A0311	0.664562789127249	25.0	True	
Ccl9	Masopust_053_1a:A0310	0.6593363082910121	52.0	True	
Ccl9	Masopust_053_1a:A0307	0.6593363082910121	52.0	True	
Ccl9	Masopust_053_1a:A0311	0.6593363082910121	55.0	True	
Ccl9	Masopust_053_1a:A0312	0.6593363082910121	54.0	True	
Ccl9	Masopust_053_1a:A0308	0.6610784685697578	47.0	True	
Ccl9	Masopust_053_1b:A0307	0.6610784685697578	45.0	True	
Ccl9	Masopust_053_1b:A0312	0.6593363082910121	56.0	True	
Ccl9	Masopust_053_1b:A0310	0.6593363082910121	53.0	True	
Ccl9	Masopust_053_1b:A0311	0.6593363082910121	52.0	True	
Ccl9	Masopust_053_2a:A0307	0.6593363082910121	53.0	True	
Ccl9	Masopust_053_2a:A0310	0.6593363082910121	54.0	True	
Ccl9	Masopust_053_2a:A0308	0.6593363082910121	52.0	True	
Ccl9	Masopust_053_2a:A0312	0.6593363082910121	57.0	True	
Ccl9	Masopust_053_2a:A0309	0.6593363082910121	53.0	True	
Ccl9	Masopust_053_2b:A0308	0.6593363082910121	52.0	True	
Ccl9	Masopust_053_2b:A0310	0.6593363082910121	53.0	True	
Ccl9	Masopust_053_2b:A0307	0.6610784685697578	46.0	True	
Ccl9	Masopust_053_2b:A0309	0.6593363082910121	54.0	True	
Ccl9	Masopust_053_2b:A0312	0.6593363082910121	53.0	True	
Ccl9	Masopust_053_3a:A0307	0.6593363082910121	53.0	True	
Ccl9	Masopust_053_3a:A0311	0.6593363082910121	54.0	True	
Ccl9	Masopust_053_3a:A0310	0.6593363082910121	54.0	True	
Ccl9	Masopust_053_3a:A0308	0.6610784685697578	46.0	True	
Ccl9	Masopust_053_3a:A0309	0.6593363082910121	55.0	True	
Ccl9	Masopust_053_3b:A0308	0.6593363082910121	55.0	True	
Ccl9	Masopust_053_3b:A0311	0.6593363082910121	54.0	True	
Ccl9	Masopust_053_3b:A0310	0.6593363082910121	54.0	True	
Ccl9	Masopust_053_3b:A0309	0.6610784685697578	48.0	True	
Ccl9	Masopust_053_3b:A0307	0.6593363082910121	53.0	True	
Ccl9	Masopust_053_6a:A0308	0.6593363082910121	56.0	True	
Ccl9	Masopust_053_6b:A0308	0.6593363082910121	53.0	True	
Ccl9	Masopust_054_A:A0312	0.6593363082910121	54.0	True	
Ccl9	Masopust_054_A:A0311	0.6593363082910121	55.0	True	
Ccl9	Masopust_054_B:A0311	0.6610784685697578	45.0	True	
Ccl9	Masopust_054_B:A0312	0.6593363082910121	54.0	True	
Ccl9	Masopust_054_C:A0313	0.6610784685697578	46.0	True	
Ccl9	Masopust_054_C:A0312	0.6610784685697578	48.0	True	
Ccl9	Masopust_054_C:A0311	0.6610784685697578	48.0	True	
Ccl9	Masopust_054_D:A0311	0.6610784685697578	48.0	True	
Ccl9	Masopust_054_D:A0312	0.6610784685697578	47.0	True	
Ccl9	Masopust_054_D:A0313	0.6593363082910121	54.0	True	
Ccl9	Masopust_054_E:A0311	0.6593363082910121	55.0	True	
Ccr2	Masopust_053_1a:A0310	0.664524916077711	32.0	True	
Ccr2	Masopust_053_1a:A0307	0.664524916077711	31.0	True	
Ccr2	Masopust_053_1a:A0309	0.664524916077711	32.0	True	
Ccr2	Masopust_053_1a:A0311	0.664524916077711	32.0	True	
Ccr2	Masopust_053_1a:A0312	0.664524916077711	33.0	True	
Ccr2	Masopust_053_1a:A0308	0.666077711108767	26.0	True	
Ccr2	Masopust_053_1b:A0307	0.664524916077711	31.0	True	
Ccr2	Masopust_053_1b:A0309	0.664524916077711	32.0	True	
Ccr2	Masopust_053_1b:A0312	0.666077711108767	26.0	True	
Ccr2	Masopust_053_1b:A0310	0.664524916077711	31.0	True	
Ccr2	Masopust_053_1b:A0311	0.664524916077711	33.0	True	
Ccr2	Masopust_053_1b:A0308	0.664524916077711	32.0	True	
Ccr2	Masopust_053_2a:A0307	0.664524916077711	31.0	True	
Ccr2	Masopust_053_2a:A0310	0.664524916077711	33.0	True	
Ccr2	Masopust_053_2a:A0308	0.664524916077711	31.0	True	
Ccr2	Masopust_053_2a:A0312	0.664524916077711	31.0	True	
Ccr2	Masopust_053_2a:A0311	0.664524916077711	32.0	True	
Ccr2	Masopust_053_2a:A0309	0.666077711108767	26.0	True	
Ccr2	Masopust_053_2b:A0308	0.664524916077711	32.0	True	
Ccr2	Masopust_053_2b:A0310	0.664524916077711	32.0	True	
Ccr2	Masopust_053_2b:A0307	0.664524916077711	31.0	True	
Ccr2	Masopust_053_2b:A0309	0.666077711108767	24.0	True	
Ccr2	Masopust_053_2b:A0312	0.664524916077711	33.0	True	
Ccr2	Masopust_053_2b:A0311	0.664524916077711	32.0	True	
Ccr2	Masopust_053_3a:A0307	0.664524916077711	33.0	True	
Ccr2	Masopust_053_3a:A0311	0.664524916077711	33.0	True	
Ccr2	Masopust_053_3a:A0310	0.664524916077711	31.0	True	
Ccr2	Masopust_053_3a:A0308	0.666077711108767	25.0	True	
Ccr2	Masopust_053_3a:A0309	0.664524916077711	32.0	True	
Ccr2	Masopust_053_3b:A0308	0.666077711108767	24.0	True	
Ccr2	Masopust_053_3b:A0311	0.664524916077711	32.0	True	
Ccr2	Masopust_053_3b:A0310	0.666077711108767	24.0	True	
Ccr2	Masopust_053_3b:A0309	0.664524916077711	32.0	True	
Ccr2	Masopust_053_3b:A0307	0.664524916077711	31.0	True	
Ccr2	Masopust_053_6a:A0308	0.666077711108767	24.0	True	
Ccr2	Masopust_053_6b:A0308	0.664524916077711	33.0	True	
Ccr2	Masopust_054_A:A0312	0.664524916077711	32.0	True	
Ccr2	Masopust_054_A:A0311	0.664524916077711	32.0	True	
Ccr2	Masopust_054_B:A0311	0.664524916077711	31.0	True	
Ccr2	Masopust_054_B:A0312	0.664524916077711	33.0	True	
Ccr2	Masopust_054_C:A0313	0.664524916077711	31.0	True	
Ccr2	Masopust_054_C:A0312	0.664524916077711	35.0	True	
Ccr2	Masopust_054_C:A0311	0.666077711108767	25.0	True	
Ccr2	Masopust_054_D:A0311	0.664524916077711	33.0	True	
Ccr2	Masopust_054_D:A0312	0.664524916077711	31.0	True	
Ccr2	Masopust_054_D:A0313	0.664524916077711	31.0	True	
Ccr2	Masopust_054_E:A0311	0.664524916077711	31.0	True	
Cdh23	Masopust_053_1a:A0310	0.6629721210466553	36.0	True	
Cdh23	Masopust_053_1a:A0307	0.6629721210466553	35.0	True	
Cdh23	Masopust_053_1a:A0309	0.6629721210466553	38.0	True	
Cdh23	Masopust_053_1a:A0311	0.6629721210466553	37.0	True	
Cdh23	Masopust_053_1a:A0312	0.6629721210466553	37.0	True	
Cdh23	Masopust_053_1a:A0308	0.6629721210466553	37.0	True	
Cdh23	Masopust_053_1b:A0307	0.6629721210466553	35.0	True	
Cdh23	Masopust_053_1b:A0309	0.6629721210466553	39.0	True	
Cdh23	Masopust_053_1b:A0312	0.6629721210466553	36.0	True	
Cdh23	Masopust_053_1b:A0310	0.6629721210466553	35.0	True	
Cdh23	Masopust_053_1b:A0311	0.6629721210466553	38.0	True	
Cdh23	Masopust_053_1b:A0308	0.6629721210466553	39.0	True	
Cdh23	Masopust_053_2a:A0307	0.6629721210466553	35.0	True	
Cdh23	Masopust_053_2a:A0310	0.6629721210466553	36.0	True	
Cdh23	Masopust_053_2a:A0308	0.6629721210466553	35.0	True	
Cdh23	Masopust_053_2a:A0312	0.6629721210466553	37.0	True	
Cdh23	Masopust_053_2a:A0311	0.664524916077711	32.0	True	
Cdh23	Masopust_053_2a:A0309	0.6629721210466553	36.0	True	
Cdh23	Masopust_053_2b:A0308	0.664524916077711	32.0	True	
Cdh23	Masopust_053_2b:A0310	0.6629721210466553	36.0	True	
Cdh23	Masopust_053_2b:A0307	0.664524916077711	31.0	True	
Cdh23	Masopust_053_2b:A0309	0.6629721210466553	36.0	True	
Cdh23	Masopust_053_2b:A0312	0.664524916077711	33.0	True	
Cdh23	Masopust_053_2b:A0311	0.6629721210466553	39.0	True	
Cdh23	Masopust_053_3a:A0307	0.6629721210466553	38.0	True	
Cdh23	Masopust_053_3a:A0311	0.6629721210466553	36.0	True	
Cdh23	Masopust_053_3a:A0310	0.6629721210466553	35.0	True	
Cdh23	Masopust_053_3a:A0308	0.6629721210466553	36.0	True	
Cdh23	Masopust_053_3a:A0309	0.6629721210466553	35.0	True	
Cdh23	Masopust_053_3b:A0308	0.6629721210466553	36.0	True	
Cdh23	Masopust_053_3b:A0311	0.6629721210466553	36.0	True	
Cdh23	Masopust_053_3b:A0310	0.6629721210466553	35.0	True	
Cdh23	Masopust_053_3b:A0309	0.664524916077711	32.0	True	
Cdh23	Masopust_053_3b:A0307	0.664524916077711	31.0	True	
Cdh23	Masopust_053_6a:A0308	0.6629721210466553	36.0	True	
Cdh23	Masopust_053_6b:A0308	0.6629721210466553	35.0	True	
Cdh23	Masopust_054_A:A0312	0.6629721210466553	36.0	True	
Cdh23	Masopust_054_A:A0311	0.6629721210466553	35.0	True	
Cdh23	Masopust_054_B:A0311	0.6629721210466553	35.0	True	
Cdh23	Masopust_054_B:A0312	0.664524916077711	33.0	True	
Cdh23	Masopust_054_C:A0313	0.6629721210466553	35.0	True	
Cdh23	Masopust_054_C:A0312	0.6629721210466553	37.0	True	
Cdh23	Masopust_054_C:A0311	0.664524916077711	36.0	True	
Cdh23	Masopust_054_D:A0311	0.664524916077711	33.0	True	
Cdh23	Masopust_054_D:A0312	0.664524916077711	31.0	True	
Cdh23	Masopust_054_D:A0313	0.6629721210466553	36.0	True	
Cdh23	Masopust_054_E:A0311	0.6629721210466553	36.0	True	
Clcn5	Masopust_053_1a:A0310	0.6707360962019348	14.0	True	
Clcn5	Masopust_053_1a:A0307	0.6707360962019348	14.0	True	
Clcn5	Masopust_053_1a:A0309	0.6707360962019348	14.0	True	
Clcn5	Masopust_053_1a:A0311	0.6722888912329906	14.0	True	
Clcn5	Masopust_053_1a:A0312	0.6707360962019348	15.0	True	
Clcn5	Masopust_053_1a:A0308	0.6707360962019348	14.0	True	
Clcn5	Masopust_053_1b:A0307	0.6707360962019348	14.0	True	
Clcn5	Masopust_053_1b:A0309	0.6707360962019348	15.0	True	
Clcn5	Masopust_053_1b:A0312	0.6707360962019348	16.0	True	
Clcn5	Masopust_053_1b:A0310	0.6707360962019348	15.0	True	
Clcn5	Masopust_053_1b:A0311	0.6707360962019348	14.0	True	
Clcn5	Masopust_053_1b:A0308	0.6722888912329906	14.0	True	
Clcn5	Masopust_053_2a:A0307	0.6707360962019348	15.0	True	
Clcn5	Masopust_053_2a:A0310	0.6707360962019348	14.0	True	
Clcn5	Masopust_053_2a:A0308	0.6722888912329906	14.0	True	
Clcn5	Masopust_053_2a:A0312	0.6707360962019348	14.0	True	
Clcn5	Masopust_053_2a:A0311	0.6707360962019348	15.0	True	
Clcn5	Masopust_053_2a:A0309	0.6707360962019348	15.0	True	
Clcn5	Masopust_053_2b:A0308	0.6707360962019348	15.0	True	
Clcn5	Masopust_053_2b:A0310	0.6707360962019348	15.0	True	
Clcn5	Masopust_053_2b:A0307	0.6707360962019348	15.0	True	
Clcn5	Masopust_053_2b:A0309	0.6707360962019348	14.0	True	
Clcn5	Masopust_053_2b:A0312	0.6707360962019348	15.0	True	
Clcn5	Masopust_053_2b:A0311	0.6707360962019348	15.0	True	
Clcn5	Masopust_053_3a:A0307	0.6707360962019348	15.0	True	
Clcn5	Masopust_053_3a:A0311	0.6707360962019348	14.0	True	
Clcn5	Masopust_053_3a:A0310	0.6707360962019348	14.0	True	
Clcn5	Masopust_053_3a:A0308	0.6707360962019348	14.0	True	
Clcn5	Masopust_053_3a:A0309	0.6707360962019348	15.0	True	
Clcn5	Masopust_053_3b:A0308	0.6707360962019348	14.0	True	
Clcn5	Masopust_053_3b:A0311	0.6707360962019348	14.0	True	
Clcn5	Masopust_053_3b:A0310	0.6707360962019348	15.0	True	
Clcn5	Masopust_053_3b:A0309	0.6722888912329906	14.0	True	
Clcn5	Masopust_053_3b:A0307	0.6707360962019348	15.0	True	
Clcn5	Masopust_053_6a:A0308	0.6707360962019348	14.0	True	
Clcn5	Masopust_053_6b:A0308	0.6707360962019348	14.0	True	
Clcn5	Masopust_054_A:A0312	0.6707360962019348	14.0	True	
Clcn5	Masopust_054_A:A0311	0.6707360962019348	15.0	True	
Clcn5	Masopust_054_B:A0311	0.6707360962019348	14.0	True	
Clcn5	Masopust_054_B:A0312	0.6707360962019348	15.0	True	
Clcn5	Masopust_054_C:A0313	0.6707360962019348	14.0	True	
Clcn5	Masopust_054_C:A0312	0.6707360962019348	15.0	True	
Clcn5	Masopust_054_C:A0311	0.6707360962019348	15.0	True	
Clcn5	Masopust_054_D:A0311	0.6707360962019348	14.0	True	
Clcn5	Masopust_054_D:A0312	0.6707360962019348	14.0	True	
Clcn5	Masopust_054_D:A0313	0.6707360962019348	15.0	True	
Clcn5	Masopust_054_E:A0311	0.6722888912329906	14.0	True	
Coro2a	Masopust_053_1a:A0310	0.6629721210466553	36.0	True	
Coro2a	Masopust_053_1a:A0307	0.6629721210466553	35.0	True	
Coro2a	Masopust_053_1a:A0309	0.6629721210466553	38.0	True	
Coro2a	Masopust_053_1a:A0311	0.6629721210466553	37.0	True	
Coro2a	Masopust_053_1a:A0312	0.664524916077711	33.0	True	
Coro2a	Masopust_053_1a:A0308	0.664524916077711	32.0	True	
Coro2a	Masopust_053_1b:A0307	0.6629721210466553	35.0	True	
Coro2a	Masopust_053_1b:A0309	0.6629721210466553	39.0	True	
Coro2a	Masopust_053_1b:A0312	0.6629721210466553	36.0	True	
Coro2a	Masopust_053_1b:A0310	0.6629721210466553	35.0	True	
Coro2a	Masopust_053_1b:A0311	0.6629721210466553	38.0	True	
Coro2a	Masopust_053_1b:A0308	0.6629721210466553	39.0	True	
Coro2a	Masopust_053_2a:A0307	0.6629721210466553	35.0	True	
Coro2a	Masopust_053_2a:A0310	0.6629721210466553	36.0	True	
Coro2a	Masopust_053_2a:A0308	0.6629721210466553	35.0	True	
Coro2a	Masopust_053_2a:A0312	0.664524916077711	31.0	True	
Coro2a	Masopust_053_2a:A0311	0.664524916077711	32.0	True	
Coro2a	Masopust_053_2a:A0309	0.664524916077711	33.0	True	
Coro2a	Masopust_053_2b:A0308	0.6629721210466553	36.0	True	
Coro2a	Masopust_053_2b:A0310	0.6629721210466553	36.0	True	
Coro2a	Masopust_053_2b:A0307	0.6629721210466553	37.0	True	
Coro2a	Masopust_053_2b:A0309	0.6629721210466553	36.0	True	
Coro2a	Masopust_053_2b:A0312	0.6629721210466553	38.0	True	
Coro2a	Masopust_053_2b:A0311	0.664524916077711	32.0	True	
Coro2a	Masopust_053_3a:A0307	0.664524916077711	33.0	True	
Coro2a	Masopust_053_3a:A0311	0.6629721210466553	36.0	True	
Coro2a	Masopust_053_3a:A0310	0.6629721210466553	35.0	True	
Coro2a	Masopust_053_3a:A0308	0.664524916077711	33.0	True	
Coro2a	Masopust_053_3a:A0309	0.6629721210466553	35.0	True	
Coro2a	Masopust_053_3b:A0308	0.6629721210466553	36.0	True	
Coro2a	Masopust_053_3b:A0311	0.6629721210466553	36.0	True	
Coro2a	Masopust_053_3b:A0310	0.6629721210466553	35.0	True	
Coro2a	Masopust_053_3b:A0309	0.6629721210466553	37.0	True	
Coro2a	Masopust_053_3b:A0307	0.6629721210466553	36.0	True	
Coro2a	Masopust_053_6a:A0308	0.6629721210466553	36.0	True	
Coro2a	Masopust_053_6b:A0308	0.6629721210466553	35.0	True	
Coro2a	Masopust_054_A:A0312	0.6629721210466553	36.0	True	
Coro2a	Masopust_054_A:A0311	0.6629721210466553	35.0	True	
Coro2a	Masopust_054_B:A0311	0.6629721210466553	35.0	True	
Coro2a	Masopust_054_B:A0312	0.6629721210466553	38.0	True	
Coro2a	Masopust_054_C:A0313	0.6629721210466553	35.0	True	
Coro2a	Masopust_054_C:A0312	0.6629721210466553	37.0	True	
Coro2a	Masopust_054_C:A0311	0.6629721210466553	38.0	True	
Coro2a	Masopust_054_D:A0311	0.6629721210466553	38.0	True	
Coro2a	Masopust_054_D:A0312	0.664524916077711	31.0	True	
Coro2a	Masopust_054_D:A0313	0.664524916077711	31.0	True	
Coro2a	Masopust_054_E:A0311	0.6629721210466553	36.0	True	
Crabp2	Masopust_053_1a:A0310	0.634946064388573	72.0	True	
Crabp2	Masopust_053_1a:A0307	0.6366882246673187	72.0	True	
Crabp2	Masopust_053_1a:A0311	0.634946064388573	72.0	True	
Crabp2	Masopust_053_1a:A0312	0.634946064388573	72.0	True	
Crabp2	Masopust_053_1a:A0308	0.6366882246673187	72.0	True	
Crabp2	Masopust_053_1b:A0307	0.6366882246673187	72.0	True	
Crabp2	Masopust_053_1b:A0312	0.634946064388573	72.0	True	
Crabp2	Masopust_053_1b:A0310	0.634946064388573	72.0	True	
Crabp2	Masopust_053_1b:A0311	0.634946064388573	72.0	True	
Crabp2	Masopust_053_2a:A0307	0.6366882246673187	72.0	True	
Crabp2	Masopust_053_2a:A0310	0.6366882246673187	72.0	True	
Crabp2	Masopust_053_2a:A0308	0.634946064388573	72.0	True	
Crabp2	Masopust_053_2a:A0312	0.6366882246673187	72.0	True	
Crabp2	Masopust_053_2a:A0309	0.6366882246673187	72.0	True	
Crabp2	Masopust_053_2b:A0308	0.634946064388573	72.0	True	
Crabp2	Masopust_053_2b:A0310	0.6366882246673187	72.0	True	
Crabp2	Masopust_053_2b:A0307	0.634946064388573	72.0	True	
Crabp2	Masopust_053_2b:A0309	0.6366882246673187	72.0	True	
Crabp2	Masopust_053_2b:A0312	0.6366882246673187	72.0	True	
Crabp2	Masopust_053_3a:A0307	0.6366882246673187	72.0	True	
Crabp2	Masopust_053_3a:A0311	0.634946064388573	72.0	True	
Crabp2	Masopust_053_3a:A0310	0.634946064388573	72.0	True	
Crabp2	Masopust_053_3a:A0308	0.634946064388573	72.0	True	
Crabp2	Masopust_053_3a:A0309	0.6366882246673187	72.0	True	
Crabp2	Masopust_053_3b:A0308	0.6366882246673187	72.0	True	
Crabp2	Masopust_053_3b:A0311	0.634946064388573	72.0	True	
Crabp2	Masopust_053_3b:A0310	0.634946064388573	72.0	True	
Crabp2	Masopust_053_3b:A0309	0.6366882246673187	72.0	True	
Crabp2	Masopust_053_3b:A0307	0.6366882246673187	72.0	True	
Crabp2	Masopust_053_6a:A0308	0.6366882246673187	72.0	True	
Crabp2	Masopust_053_6b:A0308	0.634946064388573	72.0	True	
Crabp2	Masopust_054_A:A0312	0.634946064388573	72.0	True	
Crabp2	Masopust_054_A:A0311	0.634946064388573	72.0	True	
Crabp2	Masopust_054_B:A0311	0.6366882246673187	72.0	True	
Crabp2	Masopust_054_B:A0312	0.6366882246673187	72.0	True	
Crabp2	Masopust_054_C:A0313	0.6366882246673187	72.0	True	
Crabp2	Masopust_054_C:A0312	0.6366882246673187	72.0	True	
Crabp2	Masopust_054_C:A0311	0.6366882246673187	72.0	True	
Crabp2	Masopust_054_D:A0311	0.6366882246673187	72.0	True	
Crabp2	Masopust_054_D:A0312	0.6366882246673187	72.0	True	
Crabp2	Masopust_054_D:A0313	0.6366882246673187	72.0	True	
Crabp2	Masopust_054_E:A0311	0.6366882246673187	72.0	True	
Crem	Masopust_053_1a:A0310	0.664562789127249	27.0	True	
Crem	Masopust_053_1a:A0307	0.6628206288485033	39.0	True	
Crem	Masopust_053_1a:A0311	0.664562789127249	27.0	True	
Crem	Masopust_053_1a:A0312	0.664562789127249	26.0	True	
Crem	Masopust_053_1a:A0308	0.6628206288485033	41.0	True	
Crem	Masopust_053_1b:A0307	0.6628206288485033	38.0	True	
Crem	Masopust_053_1b:A0312	0.664562789127249	29.0	True	
Crem	Masopust_053_1b:A0310	0.6628206288485033	38.0	True	
Crem	Masopust_053_1b:A0311	0.664562789127249	26.0	True	
Crem	Masopust_053_2a:A0307	0.6628206288485033	38.0	True	
Crem	Masopust_053_2a:A0310	0.6628206288485033	39.0	True	
Crem	Masopust_053_2a:A0308	0.6628206288485033	39.0	True	
Crem	Masopust_053_2a:A0312	0.6628206288485033	39.0	True	
Crem	Masopust_053_2a:A0309	0.6628206288485033	38.0	True	
Crem	Masopust_053_2b:A0308	0.6628206288485033	40.0	True	
Crem	Masopust_053_2b:A0310	0.6628206288485033	40.0	True	
Crem	Masopust_053_2b:A0307	0.6628206288485033	40.0	True	
Crem	Masopust_053_2b:A0309	0.6628206288485033	39.0	True	
Crem	Masopust_053_2b:A0312	0.6628206288485033	41.0	True	
Crem	Masopust_053_3a:A0307	0.664562789127249	27.0	True	
Crem	Masopust_053_3a:A0311	0.664562789127249	27.0	True	
Crem	Masopust_053_3a:A0310	0.6628206288485033	38.0	True	
Crem	Masopust_053_3a:A0308	0.6628206288485033	38.0	True	
Crem	Masopust_053_3a:A0309	0.6628206288485033	38.0	True	
Crem	Masopust_053_3b:A0308	0.6628206288485033	39.0	True	
Crem	Masopust_053_3b:A0311	0.664562789127249	25.0	True	
Crem	Masopust_053_3b:A0310	0.6628206288485033	38.0	True	
Crem	Masopust_053_3b:A0309	0.6628206288485033	41.0	True	
Crem	Masopust_053_3b:A0307	0.6628206288485033	39.0	True	
Crem	Masopust_053_6a:A0308	0.6628206288485033	38.0	True	
Crem	Masopust_053_6b:A0308	0.6628206288485033	38.0	True	
Crem	Masopust_054_A:A0312	0.664562789127249	26.0	True	
Crem	Masopust_054_A:A0311	0.6628206288485033	39.0	True	
Crem	Masopust_054_B:A0311	0.6628206288485033	38.0	True	
Crem	Masopust_054_B:A0312	0.6628206288485033	40.0	True	
Crem	Masopust_054_C:A0313	0.6628206288485033	38.0	True	
Crem	Masopust_054_C:A0312	0.6628206288485033	41.0	True	
Crem	Masopust_054_C:A0311	0.6628206288485033	41.0	True	
Crem	Masopust_054_D:A0311	0.6628206288485033	41.0	True	
Crem	Masopust_054_D:A0312	0.6628206288485033	38.0	True	
Crem	Masopust_054_D:A0313	0.6628206288485033	39.0	True	
Crem	Masopust_054_E:A0311	0.6628206288485033	40.0	True	
Cxcr4	Masopust_053_1a:A0310	0.6614193260155993	42.0	True	
Cxcr4	Masopust_053_1a:A0307	0.6614193260155993	43.0	True	
Cxcr4	Masopust_053_1a:A0309	0.6614193260155993	44.0	True	
Cxcr4	Masopust_053_1a:A0311	0.6614193260155993	42.0	True	
Cxcr4	Masopust_053_1a:A0312	0.6614193260155993	43.0	True	
Cxcr4	Masopust_053_1a:A0308	0.6629721210466553	37.0	True	
Cxcr4	Masopust_053_1b:A0307	0.6614193260155993	41.0	True	
Cxcr4	Masopust_053_1b:A0309	0.6629721210466553	39.0	True	
Cxcr4	Masopust_053_1b:A0312	0.6629721210466553	36.0	True	
Cxcr4	Masopust_053_1b:A0310	0.6614193260155993	41.0	True	
Cxcr4	Masopust_053_1b:A0311	0.6614193260155993	42.0	True	
Cxcr4	Masopust_053_1b:A0308	0.6614193260155993	44.0	True	
Cxcr4	Masopust_053_2a:A0307	0.6614193260155993	42.0	True	
Cxcr4	Masopust_053_2a:A0310	0.6614193260155993	41.0	True	
Cxcr4	Masopust_053_2a:A0308	0.6614193260155993	43.0	True	
Cxcr4	Masopust_053_2a:A0312	0.6614193260155993	45.0	True	
Cxcr4	Masopust_053_2a:A0311	0.6629721210466553	41.0	True	
Cxcr4	Masopust_053_2a:A0309	0.6614193260155993	42.0	True	
Cxcr4	Masopust_053_2b:A0308	0.6614193260155993	43.0	True	
Cxcr4	Masopust_053_2b:A0310	0.6614193260155993	43.0	True	
Cxcr4	Masopust_053_2b:A0307	0.6629721210466553	37.0	True	
Cxcr4	Masopust_053_2b:A0309	0.6614193260155993	42.0	True	
Cxcr4	Masopust_053_2b:A0312	0.6614193260155993	44.0	True	
Cxcr4	Masopust_053_2b:A0311	0.6629721210466553	39.0	True	
Cxcr4	Masopust_053_3a:A0307	0.6614193260155993	42.0	True	
Cxcr4	Masopust_053_3a:A0311	0.6614193260155993	41.0	True	
Cxcr4	Masopust_053_3a:A0310	0.6614193260155993	41.0	True	
Cxcr4	Masopust_053_3a:A0308	0.6614193260155993	41.0	True	
Cxcr4	Masopust_053_3a:A0309	0.6614193260155993	43.0	True	
Cxcr4	Masopust_053_3b:A0308	0.6614193260155993	41.0	True	
Cxcr4	Masopust_053_3b:A0311	0.6614193260155993	42.0	True	
Cxcr4	Masopust_053_3b:A0310	0.6614193260155993	41.0	True	
Cxcr4	Masopust_053_3b:A0309	0.6629721210466553	37.0	True	
Cxcr4	Masopust_053_3b:A0307	0.6629721210466553	36.0	True	
Cxcr4	Masopust_053_6a:A0308	0.6614193260155993	41.0	True	
Cxcr4	Masopust_053_6b:A0308	0.6614193260155993	41.0	True	
Cxcr4	Masopust_054_A:A0312	0.6614193260155993	42.0	True	
Cxcr4	Masopust_054_A:A0311	0.6629721210466553	35.0	True	
Cxcr4	Masopust_054_B:A0311	0.6614193260155993	41.0	True	
Cxcr4	Masopust_054_B:A0312	0.6614193260155993	41.0	True	
Cxcr4	Masopust_054_C:A0313	0.6614193260155993	42.0	True	
Cxcr4	Masopust_054_C:A0312	0.6614193260155993	44.0	True	
Cxcr4	Masopust_054_C:A0311	0.6614193260155993	42.0	True	
Cxcr4	Masopust_054_D:A0311	0.6629721210466553	38.0	True	
Cxcr4	Masopust_054_D:A0312	0.6614193260155993	42.0	True	
Cxcr4	Masopust_054_D:A0313	0.6629721210466553	36.0	True	
Cxcr4	Masopust_054_E:A0311	0.6614193260155993	43.0	True	
Dpp4	Masopust_053_1a:A0310	0.664562789127249	27.0	True	
Dpp4	Masopust_053_1a:A0307	0.6663049494059947	23.0	True	
Dpp4	Masopust_053_1a:A0311	0.664562789127249	27.0	True	
Dpp4	Masopust_053_1a:A0312	0.664562789127249	26.0	True	
Dpp4	Masopust_053_1a:A0308	0.6663049494059947	22.0	True	
Dpp4	Masopust_053_1b:A0307	0.664562789127249	25.0	True	
Dpp4	Masopust_053_1b:A0312	0.664562789127249	29.0	True	
Dpp4	Masopust_053_1b:A0310	0.664562789127249	25.0	True	
Dpp4	Masopust_053_1b:A0311	0.664562789127249	26.0	True	
Dpp4	Masopust_053_2a:A0307	0.664562789127249	25.0	True	
Dpp4	Masopust_053_2a:A0310	0.664562789127249	28.0	True	
Dpp4	Masopust_053_2a:A0308	0.664562789127249	25.0	True	
Dpp4	Masopust_053_2a:A0312	0.6663049494059947	22.0	True	
Dpp4	Masopust_053_2a:A0309	0.664562789127249	29.0	True	
Dpp4	Masopust_053_2b:A0308	0.664562789127249	26.0	True	
Dpp4	Masopust_053_2b:A0310	0.6663049494059947	22.0	True	
Dpp4	Masopust_053_2b:A0307	0.6663049494059947	23.0	True	
Dpp4	Masopust_053_2b:A0309	0.664562789127249	26.0	True	
Dpp4	Masopust_053_2b:A0312	0.6663049494059947	24.0	True	
Dpp4	Masopust_053_3a:A0307	0.664562789127249	27.0	True	
Dpp4	Masopust_053_3a:A0311	0.6663049494059947	23.0	True	
Dpp4	Masopust_053_3a:A0310	0.664562789127249	25.0	True	
Dpp4	Masopust_053_3a:A0308	0.664562789127249	28.0	True	
Dpp4	Masopust_053_3a:A0309	0.664562789127249	28.0	True	
Dpp4	Masopust_053_3b:A0308	0.664562789127249	27.0	True	
Dpp4	Masopust_053_3b:A0311	0.664562789127249	25.0	True	
Dpp4	Masopust_053_3b:A0310	0.664562789127249	26.0	True	
Dpp4	Masopust_053_3b:A0309	0.664562789127249	28.0	True	
Dpp4	Masopust_053_3b:A0307	0.6663049494059947	24.0	True	
Dpp4	Masopust_053_6a:A0308	0.664562789127249	26.0	True	
Dpp4	Masopust_053_6b:A0308	0.664562789127249	27.0	True	
Dpp4	Masopust_054_A:A0312	0.664562789127249	26.0	True	
Dpp4	Masopust_054_A:A0311	0.664562789127249	27.0	True	
Dpp4	Masopust_054_B:A0311	0.664562789127249	27.0	True	
Dpp4	Masopust_054_B:A0312	0.664562789127249	26.0	True	
Dpp4	Masopust_054_C:A0313	0.664562789127249	25.0	True	
Dpp4	Masopust_054_C:A0312	0.664562789127249	29.0	True	
Dpp4	Masopust_054_C:A0311	0.664562789127249	30.0	True	
Dpp4	Masopust_054_D:A0311	0.664562789127249	27.0	True	
Dpp4	Masopust_054_D:A0312	0.664562789127249	27.0	True	
Dpp4	Masopust_054_D:A0313	0.664562789127249	27.0	True	
Dpp4	Masopust_054_E:A0311	0.664562789127249	25.0	True	
Dusp10	Masopust_053_1a:A0310	0.6598665309845434	48.0	True	
Dusp10	Masopust_053_1a:A0307	0.6614193260155993	43.0	True	
Dusp10	Masopust_053_1a:A0309	0.6598665309845434	48.0	True	
Dusp10	Masopust_053_1a:A0311	0.6614193260155993	42.0	True	
Dusp10	Masopust_053_1a:A0312	0.6598665309845434	49.0	True	
Dusp10	Masopust_053_1a:A0308	0.6614193260155993	45.0	True	
Dusp10	Masopust_053_1b:A0307	0.6614193260155993	41.0	True	
Dusp10	Masopust_053_1b:A0309	0.6598665309845434	48.0	True	
Dusp10	Masopust_053_1b:A0312	0.6598665309845434	50.0	True	
Dusp10	Masopust_053_1b:A0310	0.6598665309845434	48.0	True	
Dusp10	Masopust_053_1b:A0311	0.6598665309845434	47.0	True	
Dusp10	Masopust_053_1b:A0308	0.6614193260155993	44.0	True	
Dusp10	Masopust_053_2a:A0307	0.6614193260155993	42.0	True	
Dusp10	Masopust_053_2a:A0310	0.6598665309845434	50.0	True	
Dusp10	Masopust_053_2a:A0308	0.6598665309845434	48.0	True	
Dusp10	Masopust_053_2a:A0312	0.6598665309845434	51.0	True	
Dusp10	Masopust_053_2a:A0311	0.6598665309845434	50.0	True	
Dusp10	Masopust_053_2a:A0309	0.6598665309845434	51.0	True	
Dusp10	Masopust_053_2b:A0308	0.6598665309845434	48.0	True	
Dusp10	Masopust_053_2b:A0310	0.6598665309845434	49.0	True	
Dusp10	Masopust_053_2b:A0307	0.6614193260155993	42.0	True	
Dusp10	Masopust_053_2b:A0309	0.6598665309845434	49.0	True	
Dusp10	Masopust_053_2b:A0312	0.6598665309845434	48.0	True	
Dusp10	Masopust_053_2b:A0311	0.6598665309845434	48.0	True	
Dusp10	Masopust_053_3a:A0307	0.6598665309845434	48.0	True	
Dusp10	Masopust_053_3a:A0311	0.6598665309845434	47.0	True	
Dusp10	Masopust_053_3a:A0310	0.6598665309845434	47.0	True	
Dusp10	Masopust_053_3a:A0308	0.6598665309845434	51.0	True	
Dusp10	Masopust_053_3a:A0309	0.6598665309845434	48.0	True	
Dusp10	Masopust_053_3b:A0308	0.6598665309845434	49.0	True	
Dusp10	Masopust_053_3b:A0311	0.6598665309845434	48.0	True	
Dusp10	Masopust_053_3b:A0310	0.6614193260155993	41.0	True	
Dusp10	Masopust_053_3b:A0309	0.6598665309845434	51.0	True	
Dusp10	Masopust_053_3b:A0307	0.6598665309845434	48.0	True	
Dusp10	Masopust_053_6a:A0308	0.6598665309845434	49.0	True	
Dusp10	Masopust_053_6b:A0308	0.6598665309845434	47.0	True	
Dusp10	Masopust_054_A:A0312	0.6614193260155993	42.0	True	
Dusp10	Masopust_054_A:A0311	0.6614193260155993	42.0	True	
Dusp10	Masopust_054_B:A0311	0.6598665309845434	50.0	True	
Dusp10	Masopust_054_B:A0312	0.6614193260155993	41.0	True	
Dusp10	Masopust_054_C:A0313	0.6598665309845434	49.0	True	
Dusp10	Masopust_054_C:A0312	0.6598665309845434	50.0	True	
Dusp10	Masopust_054_C:A0311	0.6614193260155993	42.0	True	
Dusp10	Masopust_054_D:A0311	0.6598665309845434	52.0	True	
Dusp10	Masopust_054_D:A0312	0.6598665309845434	51.0	True	
Dusp10	Masopust_054_D:A0313	0.6598665309845434	47.0	True	
Dusp10	Masopust_054_E:A0311	0.6598665309845434	47.0	True	
Dusp5	Masopust_053_1a:A0310	0.6707360962019348	14.0	True	
Dusp5	Masopust_053_1a:A0307	0.6707360962019348	14.0	True	
Dusp5	Masopust_053_1a:A0309	0.6707360962019348	14.0	True	
Dusp5	Masopust_053_1a:A0311	0.6707360962019348	16.0	True	
Dusp5	Masopust_053_1a:A0312	0.6707360962019348	15.0	True	
Dusp5	Masopust_053_1a:A0308	0.6707360962019348	14.0	True	
Dusp5	Masopust_053_1b:A0307	0.6707360962019348	14.0	True	
Dusp5	Masopust_053_1b:A0309	0.6722888912329906	14.0	True	
Dusp5	Masopust_053_1b:A0312	0.6722888912329906	14.0	True	
Dusp5	Masopust_053_1b:A0310	0.6707360962019348	15.0	True	
Dusp5	Masopust_053_1b:A0311	0.6707360962019348	14.0	True	
Dusp5	Masopust_053_1b:A0308	0.6707360962019348	16.0	True	
Dusp5	Masopust_053_2a:A0307	0.6707360962019348	15.0	True	
Dusp5	Masopust_053_2a:A0310	0.6707360962019348	14.0	True	
Dusp5	Masopust_053_2a:A0308	0.6707360962019348	15.0	True	
Dusp5	Masopust_053_2a:A0312	0.6707360962019348	14.0	True	
Dusp5	Masopust_053_2a:A0311	0.6707360962019348	15.0	True	
Dusp5	Masopust_053_2a:A0309	0.6707360962019348	15.0	True	
Dusp5	Masopust_053_2b:A0308	0.6707360962019348	15.0	True	
Dusp5	Masopust_053_2b:A0310	0.6707360962019348	15.0	True	
Dusp5	Masopust_053_2b:A0307	0.6707360962019348	15.0	True	
Dusp5	Masopust_053_2b:A0309	0.6707360962019348	14.0	True	
Dusp5	Masopust_053_2b:A0312	0.6707360962019348	15.0	True	
Dusp5	Masopust_053_2b:A0311	0.6707360962019348	15.0	True	
Dusp5	Masopust_053_3a:A0307	0.6707360962019348	15.0	True	
Dusp5	Masopust_053_3a:A0311	0.6707360962019348	14.0	True	
Dusp5	Masopust_053_3a:A0310	0.6707360962019348	14.0	True	
Dusp5	Masopust_053_3a:A0308	0.6707360962019348	14.0	True	
Dusp5	Masopust_053_3a:A0309	0.6707360962019348	15.0	True	
Dusp5	Masopust_053_3b:A0308	0.6707360962019348	14.0	True	
Dusp5	Masopust_053_3b:A0311	0.6707360962019348	14.0	True	
Dusp5	Masopust_053_3b:A0310	0.6722888912329906	14.0	True	
Dusp5	Masopust_053_3b:A0309	0.6707360962019348	16.0	True	
Dusp5	Masopust_053_3b:A0307	0.6722888912329906	14.0	True	
Dusp5	Masopust_053_6a:A0308	0.6707360962019348	14.0	True	
Dusp5	Masopust_053_6b:A0308	0.6707360962019348	14.0	True	
Dusp5	Masopust_054_A:A0312	0.6707360962019348	14.0	True	
Dusp5	Masopust_054_A:A0311	0.6722888912329906	14.0	True	
Dusp5	Masopust_054_B:A0311	0.6707360962019348	14.0	True	
Dusp5	Masopust_054_B:A0312	0.6707360962019348	15.0	True	
Dusp5	Masopust_054_C:A0313	0.6707360962019348	14.0	True	
Dusp5	Masopust_054_C:A0312	0.6707360962019348	15.0	True	
Dusp5	Masopust_054_C:A0311	0.6707360962019348	15.0	True	
Dusp5	Masopust_054_D:A0311	0.6707360962019348	14.0	True	
Dusp5	Masopust_054_D:A0312	0.6707360962019348	14.0	True	
Dusp5	Masopust_054_D:A0313	0.6707360962019348	15.0	True	
Dusp5	Masopust_054_E:A0311	0.6707360962019348	15.0	True	
Eea1	Masopust_053_1a:A0310	0.664562789127249	27.0	True	
Eea1	Masopust_053_1a:A0307	0.664562789127249	26.0	True	
Eea1	Masopust_053_1a:A0311	0.664562789127249	27.0	True	
Eea1	Masopust_053_1a:A0312	0.664562789127249	26.0	True	
Eea1	Masopust_053_1a:A0308	0.664562789127249	28.0	True	
Eea1	Masopust_053_1b:A0307	0.664562789127249	25.0	True	
Eea1	Masopust_053_1b:A0312	0.664562789127249	29.0	True	
Eea1	Masopust_053_1b:A0310	0.664562789127249	25.0	True	
Eea1	Masopust_053_1b:A0311	0.664562789127249	26.0	True	
Eea1	Masopust_053_2a:A0307	0.664562789127249	25.0	True	
Eea1	Masopust_053_2a:A0310	0.6663049494059947	22.0	True	
Eea1	Masopust_053_2a:A0308	0.664562789127249	25.0	True	
Eea1	Masopust_053_2a:A0312	0.6663049494059947	22.0	True	
Eea1	Masopust_053_2a:A0309	0.6663049494059947	22.0	True	
Eea1	Masopust_053_2b:A0308	0.664562789127249	26.0	True	
Eea1	Masopust_053_2b:A0310	0.664562789127249	28.0	True	
Eea1	Masopust_053_2b:A0307	0.664562789127249	26.0	True	
Eea1	Masopust_053_2b:A0309	0.664562789127249	26.0	True	
Eea1	Masopust_053_2b:A0312	0.6663049494059947	24.0	True	
Eea1	Masopust_053_3a:A0307	0.664562789127249	27.0	True	
Eea1	Masopust_053_3a:A0311	0.664562789127249	27.0	True	
Eea1	Masopust_053_3a:A0310	0.664562789127249	25.0	True	
Eea1	Masopust_053_3a:A0308	0.664562789127249	28.0	True	
Eea1	Masopust_053_3a:A0309	0.664562789127249	28.0	True	
Eea1	Masopust_053_3b:A0308	0.664562789127249	27.0	True	
Eea1	Masopust_053_3b:A0311	0.664562789127249	25.0	True	
Eea1	Masopust_053_3b:A0310	0.664562789127249	26.0	True	
Eea1	Masopust_053_3b:A0309	0.6663049494059947	23.0	True	
Eea1	Masopust_053_3b:A0307	0.664562789127249	28.0	True	
Eea1	Masopust_053_6a:A0308	0.664562789127249	26.0	True	
Eea1	Masopust_053_6b:A0308	0.664562789127249	27.0	True	
Eea1	Masopust_054_A:A0312	0.664562789127249	26.0	True	
Eea1	Masopust_054_A:A0311	0.664562789127249	27.0	True	
Eea1	Masopust_054_B:A0311	0.664562789127249	27.0	True	
Eea1	Masopust_054_B:A0312	0.664562789127249	26.0	True	
Eea1	Masopust_054_C:A0313	0.664562789127249	25.0	True	
Eea1	Masopust_054_C:A0312	0.6663049494059947	22.0	True	
Eea1	Masopust_054_C:A0311	0.6663049494059947	22.0	True	
Eea1	Masopust_054_D:A0311	0.664562789127249	27.0	True	
Eea1	Masopust_054_D:A0312	0.664562789127249	27.0	True	
Eea1	Masopust_054_D:A0313	0.6663049494059947	22.0	True	
Eea1	Masopust_054_E:A0311	0.664562789127249	25.0	True	
Elovl5	Masopust_053_1a:A0310	0.6680471096847403	21.0	True	
Elovl5	Masopust_053_1a:A0307	0.6663049494059947	23.0	True	
Elovl5	Masopust_053_1a:A0311	0.6680471096847403	21.0	True	
Elovl5	Masopust_053_1a:A0312	0.6663049494059947	22.0	True	
Elovl5	Masopust_053_1a:A0308	0.6663049494059947	22.0	True	
Elovl5	Masopust_053_1b:A0307	0.6663049494059947	23.0	True	
Elovl5	Masopust_053_1b:A0312	0.6663049494059947	22.0	True	
Elovl5	Masopust_053_1b:A0310	0.6663049494059947	22.0	True	
Elovl5	Masopust_053_1b:A0311	0.6680471096847403	21.0	True	
Elovl5	Masopust_053_2a:A0307	0.6663049494059947	22.0	True	
Elovl5	Masopust_053_2a:A0310	0.6663049494059947	22.0	True	
Elovl5	Masopust_053_2a:A0308	0.6663049494059947	22.0	True	
Elovl5	Masopust_053_2a:A0312	0.6663049494059947	22.0	True	
Elovl5	Masopust_053_2a:A0309	0.6663049494059947	22.0	True	
Elovl5	Masopust_053_2b:A0308	0.6663049494059947	22.0	True	
Elovl5	Masopust_053_2b:A0310	0.6663049494059947	22.0	True	
Elovl5	Masopust_053_2b:A0307	0.6663049494059947	23.0	True	
Elovl5	Masopust_053_2b:A0309	0.6663049494059947	22.0	True	
Elovl5	Masopust_053_2b:A0312	0.6663049494059947	24.0	True	
Elovl5	Masopust_053_3a:A0307	0.6663049494059947	24.0	True	
Elovl5	Masopust_053_3a:A0311	0.6663049494059947	23.0	True	
Elovl5	Masopust_053_3a:A0310	0.6663049494059947	22.0	True	
Elovl5	Masopust_053_3a:A0308	0.6663049494059947	22.0	True	
Elovl5	Masopust_053_3a:A0309	0.6680471096847403	21.0	True	
Elovl5	Masopust_053_3b:A0308	0.6663049494059947	23.0	True	
Elovl5	Masopust_053_3b:A0311	0.6663049494059947	22.0	True	
Elovl5	Masopust_053_3b:A0310	0.6663049494059947	22.0	True	
Elovl5	Masopust_053_3b:A0309	0.6680471096847403	21.0	True	
Elovl5	Masopust_053_3b:A0307	0.6663049494059947	24.0	True	
Elovl5	Masopust_053_6a:A0308	0.6663049494059947	22.0	True	
Elovl5	Masopust_053_6b:A0308	0.6663049494059947	22.0	True	
Elovl5	Masopust_054_A:A0312	0.6680471096847403	21.0	True	
Elovl5	Masopust_054_A:A0311	0.6680471096847403	22.0	True	
Elovl5	Masopust_054_B:A0311	0.6663049494059947	22.0	True	
Elovl5	Masopust_054_B:A0312	0.6663049494059947	22.0	True	
Elovl5	Masopust_054_C:A0313	0.6663049494059947	22.0	True	
Elovl5	Masopust_054_C:A0312	0.6663049494059947	22.0	True	
Elovl5	Masopust_054_C:A0311	0.6663049494059947	22.0	True	
Elovl5	Masopust_054_D:A0311	0.6663049494059947	22.0	True	
Elovl5	Masopust_054_D:A0312	0.6663049494059947	22.0	True	
Elovl5	Masopust_054_D:A0313	0.6663049494059947	22.0	True	
Elovl5	Masopust_054_E:A0311	0.6663049494059947	22.0	True	
Fam69a	Masopust_053_1a:A0310	0.664524916077711	32.0	True	
Fam69a	Masopust_053_1a:A0307	0.664524916077711	31.0	True	
Fam69a	Masopust_053_1a:A0309	0.664524916077711	32.0	True	
Fam69a	Masopust_053_1a:A0311	0.664524916077711	32.0	True	
Fam69a	Masopust_053_1a:A0312	0.664524916077711	33.0	True	
Fam69a	Masopust_053_1a:A0308	0.664524916077711	32.0	True	
Fam69a	Masopust_053_1b:A0307	0.664524916077711	31.0	True	
Fam69a	Masopust_053_1b:A0309	0.664524916077711	32.0	True	
Fam69a	Masopust_053_1b:A0312	0.664524916077711	34.0	True	
Fam69a	Masopust_053_1b:A0310	0.664524916077711	31.0	True	
Fam69a	Masopust_053_1b:A0311	0.664524916077711	33.0	True	
Fam69a	Masopust_053_1b:A0308	0.666077711108767	24.0	True	
Fam69a	Masopust_053_2a:A0307	0.664524916077711	31.0	True	
Fam69a	Masopust_053_2a:A0310	0.664524916077711	33.0	True	
Fam69a	Masopust_053_2a:A0308	0.664524916077711	31.0	True	
Fam69a	Masopust_053_2a:A0312	0.664524916077711	31.0	True	
Fam69a	Masopust_053_2a:A0311	0.666077711108767	24.0	True	
Fam69a	Masopust_053_2a:A0309	0.664524916077711	33.0	True	
Fam69a	Masopust_053_2b:A0308	0.664524916077711	32.0	True	
Fam69a	Masopust_053_2b:A0310	0.664524916077711	32.0	True	
Fam69a	Masopust_053_2b:A0307	0.664524916077711	31.0	True	
Fam69a	Masopust_053_2b:A0309	0.664524916077711	32.0	True	
Fam69a	Masopust_053_2b:A0312	0.664524916077711	33.0	True	
Fam69a	Masopust_053_2b:A0311	0.664524916077711	32.0	True	
Fam69a	Masopust_053_3a:A0307	0.666077711108767	26.0	True	
Fam69a	Masopust_053_3a:A0311	0.666077711108767	26.0	True	
Fam69a	Masopust_053_3a:A0310	0.664524916077711	31.0	True	
Fam69a	Masopust_053_3a:A0308	0.664524916077711	33.0	True	
Fam69a	Masopust_053_3a:A0309	0.666077711108767	26.0	True	
Fam69a	Masopust_053_3b:A0308	0.664524916077711	33.0	True	
Fam69a	Masopust_053_3b:A0311	0.664524916077711	32.0	True	
Fam69a	Masopust_053_3b:A0310	0.664524916077711	32.0	True	
Fam69a	Masopust_053_3b:A0309	0.664524916077711	32.0	True	
Fam69a	Masopust_053_3b:A0307	0.664524916077711	31.0	True	
Fam69a	Masopust_053_6a:A0308	0.664524916077711	32.0	True	
Fam69a	Masopust_053_6b:A0308	0.666077711108767	24.0	True	
Fam69a	Masopust_054_A:A0312	0.664524916077711	32.0	True	
Fam69a	Masopust_054_A:A0311	0.664524916077711	32.0	True	
Fam69a	Masopust_054_B:A0311	0.664524916077711	31.0	True	
Fam69a	Masopust_054_B:A0312	0.666077711108767	24.0	True	
Fam69a	Masopust_054_C:A0313	0.664524916077711	31.0	True	
Fam69a	Masopust_054_C:A0312	0.666077711108767	25.0	True	
Fam69a	Masopust_054_C:A0311	0.666077711108767	25.0	True	
Fam69a	Masopust_054_D:A0311	0.664524916077711	33.0	True	
Fam69a	Masopust_054_D:A0312	0.664524916077711	31.0	True	
Fam69a	Masopust_054_D:A0313	0.664524916077711	31.0	True	
Fam69a	Masopust_054_E:A0311	0.664524916077711	31.0	True	
Fbxl20	Masopust_053_1a:A0310	0.6610784685697578	46.0	True	
Fbxl20	Masopust_053_1a:A0307	0.6628206288485033	39.0	True	
Fbxl20	Masopust_053_1a:A0311	0.6610784685697578	46.0	True	
Fbxl20	Masopust_053_1a:A0312	0.6610784685697578	45.0	True	
Fbxl20	Masopust_053_1a:A0308	0.6628206288485033	41.0	True	
Fbxl20	Masopust_053_1b:A0307	0.6610784685697578	45.0	True	
Fbxl20	Masopust_053_1b:A0312	0.6610784685697578	47.0	True	
Fbxl20	Masopust_053_1b:A0310	0.6610784685697578	45.0	True	
Fbxl20	Masopust_053_1b:A0311	0.6628206288485033	40.0	True	
Fbxl20	Masopust_053_2a:A0307	0.6628206288485033	38.0	True	
Fbxl20	Masopust_053_2a:A0310	0.6610784685697578	46.0	True	
Fbxl20	Masopust_053_2a:A0308	0.6610784685697578	46.0	True	
Fbxl20	Masopust_053_2a:A0312	0.6628206288485033	39.0	True	
Fbxl20	Masopust_053_2a:A0309	0.6610784685697578	49.0	True	
Fbxl20	Masopust_053_2b:A0308	0.6610784685697578	45.0	True	
Fbxl20	Masopust_053_2b:A0310	0.6628206288485033	40.0	True	
Fbxl20	Masopust_053_2b:A0307	0.6610784685697578	46.0	True	
Fbxl20	Masopust_053_2b:A0309	0.6610784685697578	47.0	True	
Fbxl20	Masopust_053_2b:A0312	0.6628206288485033	41.0	True	
Fbxl20	Masopust_053_3a:A0307	0.6610784685697578	46.0	True	
Fbxl20	Masopust_053_3a:A0311	0.6610784685697578	44.0	True	
Fbxl20	Masopust_053_3a:A0310	0.6610784685697578	44.0	True	
Fbxl20	Masopust_053_3a:A0308	0.6610784685697578	46.0	True	
Fbxl20	Masopust_053_3a:A0309	0.6628206288485033	38.0	True	
Fbxl20	Masopust_053_3b:A0308	0.6610784685697578	45.0	True	
Fbxl20	Masopust_053_3b:A0311	0.6610784685697578	44.0	True	
Fbxl20	Masopust_053_3b:A0310	0.6610784685697578	46.0	True	
Fbxl20	Masopust_053_3b:A0309	0.6628206288485033	41.0	True	
Fbxl20	Masopust_053_3b:A0307	0.6610784685697578	45.0	True	
Fbxl20	Masopust_053_6a:A0308	0.6610784685697578	46.0	True	
Fbxl20	Masopust_053_6b:A0308	0.6610784685697578	44.0	True	
Fbxl20	Masopust_054_A:A0312	0.6610784685697578	45.0	True	
Fbxl20	Masopust_054_A:A0311	0.6610784685697578	45.0	True	
Fbxl20	Masopust_054_B:A0311	0.6610784685697578	45.0	True	
Fbxl20	Masopust_054_B:A0312	0.6610784685697578	46.0	True	
Fbxl20	Masopust_054_C:A0313	0.6628206288485033	38.0	True	
Fbxl20	Masopust_054_C:A0312	0.6610784685697578	48.0	True	
Fbxl20	Masopust_054_C:A0311	0.6610784685697578	48.0	True	
Fbxl20	Masopust_054_D:A0311	0.6610784685697578	48.0	True	
Fbxl20	Masopust_054_D:A0312	0.6610784685697578	47.0	True	
Fbxl20	Masopust_054_D:A0313	0.6610784685697578	45.0	True	
Fbxl20	Masopust_054_E:A0311	0.6610784685697578	44.0	True	
Gm26740	Masopust_053_1a:A0310	0.666077711108767	26.0	True	
Gm26740	Masopust_053_1a:A0307	0.666077711108767	25.0	True	
Gm26740	Masopust_053_1a:A0309	0.667630506139823	22.0	True	
Gm26740	Masopust_053_1a:A0311	0.666077711108767	26.0	True	
Gm26740	Masopust_053_1a:A0312	0.666077711108767	24.0	True	
Gm26740	Masopust_053_1a:A0308	0.666077711108767	26.0	True	
Gm26740	Masopust_053_1b:A0307	0.666077711108767	24.0	True	
Gm26740	Masopust_053_1b:A0309	0.667630506139823	21.0	True	
Gm26740	Masopust_053_1b:A0312	0.666077711108767	26.0	True	
Gm26740	Masopust_053_1b:A0310	0.666077711108767	24.0	True	
Gm26740	Masopust_053_1b:A0311	0.666077711108767	25.0	True	
Gm26740	Masopust_053_1b:A0308	0.666077711108767	24.0	True	
Gm26740	Masopust_053_2a:A0307	0.666077711108767	24.0	True	
Gm26740	Masopust_053_2a:A0310	0.666077711108767	26.0	True	
Gm26740	Masopust_053_2a:A0308	0.666077711108767	24.0	True	
Gm26740	Masopust_053_2a:A0312	0.666077711108767	26.0	True	
Gm26740	Masopust_053_2a:A0311	0.666077711108767	24.0	True	
Gm26740	Masopust_053_2a:A0309	0.666077711108767	26.0	True	
Gm26740	Masopust_053_2b:A0308	0.666077711108767	24.0	True	
Gm26740	Masopust_053_2b:A0310	0.666077711108767	27.0	True	
Gm26740	Masopust_053_2b:A0307	0.667630506139823	21.0	True	
Gm26740	Masopust_053_2b:A0309	0.666077711108767	24.0	True	
Gm26740	Masopust_053_2b:A0312	0.667630506139823	22.0	True	
Gm26740	Masopust_053_2b:A0311	0.666077711108767	24.0	True	
Gm26740	Masopust_053_3a:A0307	0.667630506139823	22.0	True	
Gm26740	Masopust_053_3a:A0311	0.667630506139823	22.0	True	
Gm26740	Masopust_053_3a:A0310	0.666077711108767	24.0	True	
Gm26740	Masopust_053_3a:A0308	0.666077711108767	25.0	True	
Gm26740	Masopust_053_3a:A0309	0.666077711108767	26.0	True	
Gm26740	Masopust_053_3b:A0308	0.666077711108767	24.0	True	
Gm26740	Masopust_053_3b:A0311	0.666077711108767	24.0	True	
Gm26740	Masopust_053_3b:A0310	0.666077711108767	24.0	True	
Gm26740	Masopust_053_3b:A0309	0.666077711108767	27.0	True	
Gm26740	Masopust_053_3b:A0307	0.667630506139823	22.0	True	
Gm26740	Masopust_053_6a:A0308	0.666077711108767	24.0	True	
Gm26740	Masopust_053_6b:A0308	0.666077711108767	24.0	True	
Gm26740	Masopust_054_A:A0312	0.667630506139823	22.0	True	
Gm26740	Masopust_054_A:A0311	0.666077711108767	25.0	True	
Gm26740	Masopust_054_B:A0311	0.666077711108767	26.0	True	
Gm26740	Masopust_054_B:A0312	0.666077711108767	24.0	True	
Gm26740	Masopust_054_C:A0313	0.666077711108767	24.0	True	
Gm26740	Masopust_054_C:A0312	0.666077711108767	25.0	True	
Gm26740	Masopust_054_C:A0311	0.666077711108767	25.0	True	
Gm26740	Masopust_054_D:A0311	0.666077711108767	25.0	True	
Gm26740	Masopust_054_D:A0312	0.666077711108767	26.0	True	
Gm26740	Masopust_054_D:A0313	0.666077711108767	26.0	True	
Gm26740	Masopust_054_E:A0311	0.666077711108767	24.0	True	
Gm4070	Masopust_053_1a:A0310	0.6614193260155993	42.0	True	
Gm4070	Masopust_053_1a:A0307	0.6629721210466553	35.0	True	
Gm4070	Masopust_053_1a:A0309	0.6614193260155993	44.0	True	
Gm4070	Masopust_053_1a:A0311	0.6614193260155993	42.0	True	
Gm4070	Masopust_053_1a:A0312	0.6629721210466553	37.0	True	
Gm4070	Masopust_053_1a:A0308	0.6614193260155993	45.0	True	
Gm4070	Masopust_053_1b:A0307	0.6614193260155993	41.0	True	
Gm4070	Masopust_053_1b:A0309	0.6629721210466553	39.0	True	
Gm4070	Masopust_053_1b:A0312	0.6614193260155993	44.0	True	
Gm4070	Masopust_053_1b:A0310	0.6614193260155993	41.0	True	
Gm4070	Masopust_053_1b:A0311	0.6614193260155993	42.0	True	
Gm4070	Masopust_053_1b:A0308	0.6614193260155993	44.0	True	
Gm4070	Masopust_053_2a:A0307	0.6614193260155993	42.0	True	
Gm4070	Masopust_053_2a:A0310	0.6614193260155993	41.0	True	
Gm4070	Masopust_053_2a:A0308	0.6629721210466553	35.0	True	
Gm4070	Masopust_053_2a:A0312	0.6614193260155993	45.0	True	
Gm4070	Masopust_053_2a:A0311	0.6614193260155993	44.0	True	
Gm4070	Masopust_053_2a:A0309	0.6614193260155993	42.0	True	
Gm4070	Masopust_053_2b:A0308	0.6629721210466553	36.0	True	
Gm4070	Masopust_053_2b:A0310	0.6614193260155993	43.0	True	
Gm4070	Masopust_053_2b:A0307	0.6614193260155993	42.0	True	
Gm4070	Masopust_053_2b:A0309	0.6614193260155993	42.0	True	
Gm4070	Masopust_053_2b:A0312	0.6614193260155993	44.0	True	
Gm4070	Masopust_053_2b:A0311	0.6629721210466553	39.0	True	
Gm4070	Masopust_053_3a:A0307	0.6614193260155993	42.0	True	
Gm4070	Masopust_053_3a:A0311	0.6614193260155993	41.0	True	
Gm4070	Masopust_053_3a:A0310	0.6614193260155993	41.0	True	
Gm4070	Masopust_053_3a:A0308	0.6614193260155993	41.0	True	
Gm4070	Masopust_053_3a:A0309	0.6614193260155993	43.0	True	
Gm4070	Masopust_053_3b:A0308	0.6614193260155993	41.0	True	
Gm4070	Masopust_053_3b:A0311	0.6614193260155993	42.0	True	
Gm4070	Masopust_053_3b:A0310	0.6614193260155993	41.0	True	
Gm4070	Masopust_053_3b:A0309	0.6614193260155993	45.0	True	
Gm4070	Masopust_053_3b:A0307	0.6614193260155993	42.0	True	
Gm4070	Masopust_053_6a:A0308	0.6614193260155993	41.0	True	
Gm4070	Masopust_053_6b:A0308	0.6614193260155993	41.0	True	
Gm4070	Masopust_054_A:A0312	0.6629721210466553	36.0	True	
Gm4070	Masopust_054_A:A0311	0.6614193260155993	42.0	True	
Gm4070	Masopust_054_B:A0311	0.6614193260155993	41.0	True	
Gm4070	Masopust_054_B:A0312	0.6614193260155993	41.0	True	
Gm4070	Masopust_054_C:A0313	0.6614193260155993	42.0	True	
Gm4070	Masopust_054_C:A0312	0.6629721210466553	37.0	True	
Gm4070	Masopust_054_C:A0311	0.6629721210466553	38.0	True	
Gm4070	Masopust_054_D:A0311	0.6629721210466553	38.0	True	
Gm4070	Masopust_054_D:A0312	0.6614193260155993	42.0	True	
Gm4070	Masopust_054_D:A0313	0.6614193260155993	43.0	True	
Gm4070	Masopust_054_E:A0311	0.6629721210466553	36.0	True	
Irf8	Masopust_053_1a:A0310	0.669789269963486	19.0	True	
Irf8	Masopust_053_1a:A0307	0.669789269963486	19.0	True	
Irf8	Masopust_053_1a:A0311	0.669789269963486	20.0	True	
Irf8	Masopust_053_1a:A0312	0.669789269963486	19.0	True	
Irf8	Masopust_053_1a:A0308	0.669789269963486	19.0	True	
Irf8	Masopust_053_1b:A0307	0.669789269963486	19.0	True	
Irf8	Masopust_053_1b:A0312	0.669789269963486	19.0	True	
Irf8	Masopust_053_1b:A0310	0.669789269963486	20.0	True	
Irf8	Masopust_053_1b:A0311	0.669789269963486	19.0	True	
Irf8	Masopust_053_2a:A0307	0.669789269963486	20.0	True	
Irf8	Masopust_053_2a:A0310	0.669789269963486	19.0	True	
Irf8	Masopust_053_2a:A0308	0.669789269963486	19.0	True	
Irf8	Masopust_053_2a:A0312	0.669789269963486	19.0	True	
Irf8	Masopust_053_2a:A0309	0.669789269963486	19.0	True	
Irf8	Masopust_053_2b:A0308	0.669789269963486	19.0	True	
Irf8	Masopust_053_2b:A0310	0.6715314302422316	14.0	True	
Irf8	Masopust_053_2b:A0307	0.669789269963486	20.0	True	
Irf8	Masopust_053_2b:A0309	0.669789269963486	19.0	True	
Irf8	Masopust_053_2b:A0312	0.6715314302422316	14.0	True	
Irf8	Masopust_053_3a:A0307	0.669789269963486	19.0	True	
Irf8	Masopust_053_3a:A0311	0.669789269963486	19.0	True	
Irf8	Masopust_053_3a:A0310	0.669789269963486	19.0	True	
Irf8	Masopust_053_3a:A0308	0.669789269963486	19.0	True	
Irf8	Masopust_053_3a:A0309	0.669789269963486	19.0	True	
Irf8	Masopust_053_3b:A0308	0.669789269963486	19.0	True	
Irf8	Masopust_053_3b:A0311	0.669789269963486	19.0	True	
Irf8	Masopust_053_3b:A0310	0.669789269963486	19.0	True	
Irf8	Masopust_053_3b:A0309	0.6715314302422316	15.0	True	
Irf8	Masopust_053_3b:A0307	0.669789269963486	19.0	True	
Irf8	Masopust_053_6a:A0308	0.669789269963486	19.0	True	
Irf8	Masopust_053_6b:A0308	0.669789269963486	19.0	True	
Irf8	Masopust_054_A:A0312	0.669789269963486	19.0	True	
Irf8	Masopust_054_A:A0311	0.669789269963486	20.0	True	
Irf8	Masopust_054_B:A0311	0.669789269963486	19.0	True	
Irf8	Masopust_054_B:A0312	0.669789269963486	19.0	True	
Irf8	Masopust_054_C:A0313	0.669789269963486	19.0	True	
Irf8	Masopust_054_C:A0312	0.669789269963486	19.0	True	
Irf8	Masopust_054_C:A0311	0.6715314302422316	14.0	True	
Irf8	Masopust_054_D:A0311	0.669789269963486	19.0	True	
Irf8	Masopust_054_D:A0312	0.669789269963486	20.0	True	
Irf8	Masopust_054_D:A0313	0.6715314302422316	14.0	True	
Irf8	Masopust_054_E:A0311	0.669789269963486	19.0	True	
Abtb2	Masopust_053_1a:A0310	0.662749271634289	40.0	True	
Abtb2	Masopust_053_1a:A0307	0.6610071113555434	46.0	True	
Abtb2	Masopust_053_1a:A0311	0.6610071113555434	47.0	True	
Abtb2	Masopust_053_1a:A0312	0.6610071113555434	46.0	True	
Abtb2	Masopust_053_1a:A0308	0.662749271634289	44.0	True	
Abtb2	Masopust_053_1b:A0307	0.6610071113555434	47.0	True	
Abtb2	Masopust_053_1b:A0312	0.662749271634289	41.0	True	
Abtb2	Masopust_053_1b:A0310	0.6610071113555434	46.0	True	
Abtb2	Masopust_053_1b:A0311	0.6610071113555434	45.0	True	
Abtb2	Masopust_053_2a:A0307	0.6610071113555434	47.0	True	
Abtb2	Masopust_053_2a:A0310	0.6610071113555434	47.0	True	
Abtb2	Masopust_053_2a:A0308	0.662749271634289	41.0	True	
Abtb2	Masopust_053_2a:A0312	0.662749271634289	42.0	True	
Abtb2	Masopust_053_2a:A0309	0.6610071113555434	50.0	True	
Abtb2	Masopust_053_2b:A0308	0.6610071113555434	46.0	True	
Abtb2	Masopust_053_2b:A0310	0.6610071113555434	46.0	True	
Abtb2	Masopust_053_2b:A0307	0.6610071113555434	48.0	True	
Abtb2	Masopust_053_2b:A0309	0.6610071113555434	48.0	True	
Abtb2	Masopust_053_2b:A0312	0.6610071113555434	46.0	True	
Abtb2	Masopust_053_3a:A0307	0.662749271634289	41.0	True	
Abtb2	Masopust_053_3a:A0311	0.6610071113555434	45.0	True	
Abtb2	Masopust_053_3a:A0310	0.6610071113555434	45.0	True	
Abtb2	Masopust_053_3a:A0308	0.6610071113555434	48.0	True	
Abtb2	Masopust_053_3a:A0309	0.6610071113555434	47.0	True	
Abtb2	Masopust_053_3b:A0308	0.6610071113555434	46.0	True	
Abtb2	Masopust_053_3b:A0311	0.6610071113555434	45.0	True	
Abtb2	Masopust_053_3b:A0310	0.6610071113555434	47.0	True	
Abtb2	Masopust_053_3b:A0309	0.6610071113555434	49.0	True	
Abtb2	Masopust_053_3b:A0307	0.6610071113555434	46.0	True	
Abtb2	Masopust_053_6a:A0308	0.6610071113555434	47.0	True	
Abtb2	Masopust_053_6b:A0308	0.6610071113555434	45.0	True	
Abtb2	Masopust_054_A:A0312	0.6610071113555434	46.0	True	
Abtb2	Masopust_054_A:A0311	0.6610071113555434	46.0	True	
Abtb2	Masopust_054_B:A0311	0.6610071113555434	47.0	True	
Abtb2	Masopust_054_B:A0312	0.6610071113555434	47.0	True	
Abtb2	Masopust_054_C:A0313	0.6610071113555434	47.0	True	
Abtb2	Masopust_054_C:A0312	0.662749271634289	42.0	True	
Abtb2	Masopust_054_C:A0311	0.6610071113555434	50.0	True	
Abtb2	Masopust_054_D:A0311	0.662749271634289	42.0	True	
Abtb2	Masopust_054_D:A0312	0.662749271634289	40.0	True	
Abtb2	Masopust_054_D:A0313	0.662749271634289	41.0	True	
Abtb2	Masopust_054_E:A0311	0.6610071113555434	45.0	True	
Capg	Masopust_053_1a:A0310	0.6597951737703289	49.0	True	
Capg	Masopust_053_1a:A0307	0.6597951737703289	48.0	True	
Capg	Masopust_053_1a:A0309	0.661347968801385	47.0	True	
Capg	Masopust_053_1a:A0311	0.6597951737703289	51.0	True	
Capg	Masopust_053_1a:A0312	0.6597951737703289	50.0	True	
Capg	Masopust_053_1a:A0308	0.6597951737703289	51.0	True	
Capg	Masopust_053_1b:A0307	0.6597951737703289	49.0	True	
Capg	Masopust_053_1b:A0309	0.6597951737703289	49.0	True	
Capg	Masopust_053_1b:A0312	0.6597951737703289	52.0	True	
Capg	Masopust_053_1b:A0310	0.6597951737703289	49.0	True	
Capg	Masopust_053_1b:A0311	0.6597951737703289	48.0	True	
Capg	Masopust_053_1b:A0308	0.6597951737703289	49.0	True	
Capg	Masopust_053_2a:A0307	0.6597951737703289	49.0	True	
Capg	Masopust_053_2a:A0310	0.661347968801385	43.0	True	
Capg	Masopust_053_2a:A0308	0.6597951737703289	49.0	True	
Capg	Masopust_053_2a:A0312	0.661347968801385	47.0	True	
Capg	Masopust_053_2a:A0311	0.6597951737703289	52.0	True	
Capg	Masopust_053_2a:A0309	0.661347968801385	44.0	True	
Capg	Masopust_053_2b:A0308	0.6597951737703289	49.0	True	
Capg	Masopust_053_2b:A0310	0.661347968801385	45.0	True	
Capg	Masopust_053_2b:A0307	0.6597951737703289	50.0	True	
Capg	Masopust_053_2b:A0309	0.661347968801385	44.0	True	
Capg	Masopust_053_2b:A0312	0.6597951737703289	49.0	True	
Capg	Masopust_053_2b:A0311	0.6597951737703289	49.0	True	
Capg	Masopust_053_3a:A0307	0.6597951737703289	50.0	True	
Capg	Masopust_053_3a:A0311	0.6597951737703289	48.0	True	
Capg	Masopust_053_3a:A0310	0.6597951737703289	49.0	True	
Capg	Masopust_053_3a:A0308	0.661347968801385	43.0	True	
Capg	Masopust_053_3a:A0309	0.661347968801385	45.0	True	
Capg	Masopust_053_3b:A0308	0.6597951737703289	50.0	True	
Capg	Masopust_053_3b:A0311	0.6597951737703289	49.0	True	
Capg	Masopust_053_3b:A0310	0.6597951737703289	49.0	True	
Capg	Masopust_053_3b:A0309	0.6597951737703289	52.0	True	
Capg	Masopust_053_3b:A0307	0.6597951737703289	50.0	True	
Capg	Masopust_053_6a:A0308	0.661347968801385	43.0	True	
Capg	Masopust_053_6b:A0308	0.6597951737703289	48.0	True	
Capg	Masopust_054_A:A0312	0.6597951737703289	49.0	True	
Capg	Masopust_054_A:A0311	0.6597951737703289	51.0	True	
Capg	Masopust_054_B:A0311	0.6597951737703289	51.0	True	
Capg	Masopust_054_B:A0312	0.6597951737703289	49.0	True	
Capg	Masopust_054_C:A0313	0.6597951737703289	50.0	True	
Capg	Masopust_054_C:A0312	0.661347968801385	45.0	True	
Capg	Masopust_054_C:A0311	0.661347968801385	44.0	True	
Capg	Masopust_054_D:A0311	0.661347968801385	45.0	True	
Capg	Masopust_054_D:A0312	0.6597951737703289	52.0	True	
Capg	Masopust_054_D:A0313	0.6597951737703289	48.0	True	
Capg	Masopust_054_E:A0311	0.6597951737703289	49.0	True	
Cdk19	Masopust_053_1a:A0310	0.661347968801385	44.0	True	
Cdk19	Masopust_053_1a:A0307	0.661347968801385	45.0	True	
Cdk19	Masopust_053_1a:A0309	0.6629007638324408	40.0	True	
Cdk19	Masopust_053_1a:A0311	0.6629007638324408	39.0	True	
Cdk19	Masopust_053_1a:A0312	0.661347968801385	44.0	True	
Cdk19	Masopust_053_1a:A0308	0.6629007638324408	39.0	True	
Cdk19	Masopust_053_1b:A0307	0.661347968801385	44.0	True	
Cdk19	Masopust_053_1b:A0309	0.661347968801385	46.0	True	
Cdk19	Masopust_053_1b:A0312	0.661347968801385	45.0	True	
Cdk19	Masopust_053_1b:A0310	0.661347968801385	43.0	True	
Cdk19	Masopust_053_1b:A0311	0.661347968801385	44.0	True	
Cdk19	Masopust_053_1b:A0308	0.6629007638324408	41.0	True	
Cdk19	Masopust_053_2a:A0307	0.661347968801385	45.0	True	
Cdk19	Masopust_053_2a:A0310	0.661347968801385	43.0	True	
Cdk19	Masopust_053_2a:A0308	0.661347968801385	44.0	True	
Cdk19	Masopust_053_2a:A0312	0.6629007638324408	38.0	True	
Cdk19	Masopust_053_2a:A0311	0.661347968801385	46.0	True	
Cdk19	Masopust_053_2a:A0309	0.661347968801385	44.0	True	
Cdk19	Masopust_053_2b:A0308	0.6629007638324408	38.0	True	
Cdk19	Masopust_053_2b:A0310	0.6629007638324408	38.0	True	
Cdk19	Masopust_053_2b:A0307	0.661347968801385	44.0	True	
Cdk19	Masopust_053_2b:A0309	0.661347968801385	44.0	True	
Cdk19	Masopust_053_2b:A0312	0.6629007638324408	39.0	True	
Cdk19	Masopust_053_2b:A0311	0.661347968801385	46.0	True	
Cdk19	Masopust_053_3a:A0307	0.661347968801385	44.0	True	
Cdk19	Masopust_053_3a:A0311	0.661347968801385	43.0	True	
Cdk19	Masopust_053_3a:A0310	0.661347968801385	43.0	True	
Cdk19	Masopust_053_3a:A0308	0.661347968801385	43.0	True	
Cdk19	Masopust_053_3a:A0309	0.661347968801385	45.0	True	
Cdk19	Masopust_053_3b:A0308	0.661347968801385	43.0	True	
Cdk19	Masopust_053_3b:A0311	0.6629007638324408	38.0	True	
Cdk19	Masopust_053_3b:A0310	0.661347968801385	44.0	True	
Cdk19	Masopust_053_3b:A0309	0.6629007638324408	39.0	True	
Cdk19	Masopust_053_3b:A0307	0.661347968801385	43.0	True	
Cdk19	Masopust_053_6a:A0308	0.661347968801385	43.0	True	
Cdk19	Masopust_053_6b:A0308	0.661347968801385	43.0	True	
Cdk19	Masopust_054_A:A0312	0.661347968801385	44.0	True	
Cdk19	Masopust_054_A:A0311	0.661347968801385	44.0	True	
Cdk19	Masopust_054_B:A0311	0.661347968801385	43.0	True	
Cdk19	Masopust_054_B:A0312	0.661347968801385	44.0	True	
Cdk19	Masopust_054_C:A0313	0.661347968801385	44.0	True	
Cdk19	Masopust_054_C:A0312	0.661347968801385	45.0	True	
Cdk19	Masopust_054_C:A0311	0.661347968801385	44.0	True	
Cdk19	Masopust_054_D:A0311	0.661347968801385	45.0	True	
Cdk19	Masopust_054_D:A0312	0.661347968801385	44.0	True	
Cdk19	Masopust_054_D:A0313	0.661347968801385	44.0	True	
Cdk19	Masopust_054_E:A0311	0.6629007638324408	39.0	True	
Dennd4c	Masopust_053_1a:A0310	0.6629007638324408	38.0	True	
Dennd4c	Masopust_053_1a:A0307	0.6629007638324408	38.0	True	
Dennd4c	Masopust_053_1a:A0309	0.6629007638324408	40.0	True	
Dennd4c	Masopust_053_1a:A0311	0.6644535588634968	36.0	True	
Dennd4c	Masopust_053_1a:A0312	0.6629007638324408	39.0	True	
Dennd4c	Masopust_053_1a:A0308	0.6629007638324408	39.0	True	
Dennd4c	Masopust_053_1b:A0307	0.6629007638324408	37.0	True	
Dennd4c	Masopust_053_1b:A0309	0.6644535588634968	35.0	True	
Dennd4c	Masopust_053_1b:A0312	0.6629007638324408	39.0	True	
Dennd4c	Masopust_053_1b:A0310	0.6629007638324408	37.0	True	
Dennd4c	Masopust_053_1b:A0311	0.6644535588634968	37.0	True	
Dennd4c	Masopust_053_1b:A0308	0.6644535588634968	35.0	True	
Dennd4c	Masopust_053_2a:A0307	0.6629007638324408	37.0	True	
Dennd4c	Masopust_053_2a:A0310	0.6629007638324408	38.0	True	
Dennd4c	Masopust_053_2a:A0308	0.6629007638324408	38.0	True	
Dennd4c	Masopust_053_2a:A0312	0.6644535588634968	36.0	True	
Dennd4c	Masopust_053_2a:A0311	0.6644535588634968	37.0	True	
Dennd4c	Masopust_053_2a:A0309	0.6629007638324408	37.0	True	
Dennd4c	Masopust_053_2b:A0308	0.6629007638324408	38.0	True	
Dennd4c	Masopust_053_2b:A0310	0.6629007638324408	38.0	True	
Dennd4c	Masopust_053_2b:A0307	0.6629007638324408	39.0	True	
Dennd4c	Masopust_053_2b:A0309	0.6629007638324408	38.0	True	
Dennd4c	Masopust_053_2b:A0312	0.6629007638324408	39.0	True	
Dennd4c	Masopust_053_2b:A0311	0.6629007638324408	42.0	True	
Dennd4c	Masopust_053_3a:A0307	0.6629007638324408	39.0	True	
Dennd4c	Masopust_053_3a:A0311	0.6629007638324408	38.0	True	
Dennd4c	Masopust_053_3a:A0310	0.6629007638324408	37.0	True	
Dennd4c	Masopust_053_3a:A0308	0.6629007638324408	37.0	True	
Dennd4c	Masopust_053_3a:A0309	0.6629007638324408	37.0	True	
Dennd4c	Masopust_053_3b:A0308	0.6629007638324408	38.0	True	
Dennd4c	Masopust_053_3b:A0311	0.6629007638324408	38.0	True	
Dennd4c	Masopust_053_3b:A0310	0.6629007638324408	37.0	True	
Dennd4c	Masopust_053_3b:A0309	0.6629007638324408	39.0	True	
Dennd4c	Masopust_053_3b:A0307	0.6629007638324408	38.0	True	
Dennd4c	Masopust_053_6a:A0308	0.6644535588634968	35.0	True	
Dennd4c	Masopust_053_6b:A0308	0.6629007638324408	37.0	True	
Dennd4c	Masopust_054_A:A0312	0.6629007638324408	39.0	True	
Dennd4c	Masopust_054_A:A0311	0.6629007638324408	38.0	True	
Dennd4c	Masopust_054_B:A0311	0.6629007638324408	37.0	True	
Dennd4c	Masopust_054_B:A0312	0.6629007638324408	39.0	True	
Dennd4c	Masopust_054_C:A0313	0.6629007638324408	37.0	True	
Dennd4c	Masopust_054_C:A0312	0.6629007638324408	40.0	True	
Dennd4c	Masopust_054_C:A0311	0.6629007638324408	40.0	True	
Dennd4c	Masopust_054_D:A0311	0.6644535588634968	37.0	True	
Dennd4c	Masopust_054_D:A0312	0.6644535588634968	37.0	True	
Dennd4c	Masopust_054_D:A0313	0.6629007638324408	38.0	True	
Dennd4c	Masopust_054_E:A0311	0.6644535588634968	35.0	True	
Ccr7	Masopust_053_1a:A0310	0.6609357541413291	47.0	True	
Ccr7	Masopust_053_1a:A0307	0.6609357541413291	47.0	True	
Ccr7	Masopust_053_1a:A0311	0.6609357541413291	48.0	True	
Ccr7	Masopust_053_1a:A0312	0.6626779144200746	41.0	True	
Ccr7	Masopust_053_1a:A0308	0.6609357541413291	48.0	True	
Ccr7	Masopust_053_1b:A0307	0.6609357541413291	48.0	True	
Ccr7	Masopust_053_1b:A0312	0.6626779144200746	42.0	True	
Ccr7	Masopust_053_1b:A0310	0.6609357541413291	47.0	True	
Ccr7	Masopust_053_1b:A0311	0.6609357541413291	46.0	True	
Ccr7	Masopust_053_2a:A0307	0.6609357541413291	48.0	True	
Ccr7	Masopust_053_2a:A0310	0.6609357541413291	48.0	True	
Ccr7	Masopust_053_2a:A0308	0.6609357541413291	47.0	True	
Ccr7	Masopust_053_2a:A0312	0.6626779144200746	43.0	True	
Ccr7	Masopust_053_2a:A0309	0.6626779144200746	40.0	True	
Ccr7	Masopust_053_2b:A0308	0.6609357541413291	47.0	True	
Ccr7	Masopust_053_2b:A0310	0.6609357541413291	47.0	True	
Ccr7	Masopust_053_2b:A0307	0.6609357541413291	49.0	True	
Ccr7	Masopust_053_2b:A0309	0.6626779144200746	41.0	True	
Ccr7	Masopust_053_2b:A0312	0.6626779144200746	43.0	True	
Ccr7	Masopust_053_3a:A0307	0.6609357541413291	47.0	True	
Ccr7	Masopust_053_3a:A0311	0.6609357541413291	46.0	True	
Ccr7	Masopust_053_3a:A0310	0.6609357541413291	46.0	True	
Ccr7	Masopust_053_3a:A0308	0.6609357541413291	49.0	True	
Ccr7	Masopust_053_3a:A0309	0.6626779144200746	41.0	True	
Ccr7	Masopust_053_3b:A0308	0.6609357541413291	47.0	True	
Ccr7	Masopust_053_3b:A0311	0.6609357541413291	46.0	True	
Ccr7	Masopust_053_3b:A0310	0.6609357541413291	48.0	True	
Ccr7	Masopust_053_3b:A0309	0.6626779144200746	43.0	True	
Ccr7	Masopust_053_3b:A0307	0.6609357541413291	47.0	True	
Ccr7	Masopust_053_6a:A0308	0.6609357541413291	48.0	True	
Ccr7	Masopust_053_6b:A0308	0.6609357541413291	46.0	True	
Ccr7	Masopust_054_A:A0312	0.6609357541413291	47.0	True	
Ccr7	Masopust_054_A:A0311	0.6609357541413291	47.0	True	
Ccr7	Masopust_054_B:A0311	0.6609357541413291	48.0	True	
Ccr7	Masopust_054_B:A0312	0.6609357541413291	48.0	True	
Ccr7	Masopust_054_C:A0313	0.6609357541413291	48.0	True	
Ccr7	Masopust_054_C:A0312	0.6626779144200746	43.0	True	
Ccr7	Masopust_054_C:A0311	0.6609357541413291	51.0	True	
Ccr7	Masopust_054_D:A0311	0.6626779144200746	43.0	True	
Ccr7	Masopust_054_D:A0312	0.6609357541413291	49.0	True	
Ccr7	Masopust_054_D:A0313	0.6609357541413291	46.0	True	
Ccr7	Masopust_054_E:A0311	0.6609357541413291	46.0	True	
Cmah	Masopust_053_1a:A0310	0.6612766115871705	45.0	True	
Cmah	Masopust_053_1a:A0307	0.6597238165561147	49.0	True	
Cmah	Masopust_053_1a:A0309	0.6597238165561147	51.0	True	
Cmah	Masopust_053_1a:A0311	0.6597238165561147	52.0	True	
Cmah	Masopust_053_1a:A0312	0.6597238165561147	51.0	True	
Cmah	Masopust_053_1a:A0308	0.6597238165561147	52.0	True	
Cmah	Masopust_053_1b:A0307	0.6597238165561147	50.0	True	
Cmah	Masopust_053_1b:A0309	0.6597238165561147	51.0	True	
Cmah	Masopust_053_1b:A0312	0.6612766115871705	46.0	True	
Cmah	Masopust_053_1b:A0310	0.6597238165561147	50.0	True	
Cmah	Masopust_053_1b:A0311	0.6597238165561147	49.0	True	
Cmah	Masopust_053_1b:A0308	0.6597238165561147	51.0	True	
Cmah	Masopust_053_2a:A0307	0.6597238165561147	50.0	True	
Cmah	Masopust_053_2a:A0310	0.6597238165561147	51.0	True	
Cmah	Masopust_053_2a:A0308	0.6612766115871705	45.0	True	
Cmah	Masopust_053_2a:A0312	0.6597238165561147	53.0	True	
Cmah	Masopust_053_2a:A0311	0.6612766115871705	47.0	True	
Cmah	Masopust_053_2a:A0309	0.6612766115871705	46.0	True	
Cmah	Masopust_053_2b:A0308	0.6612766115871705	44.0	True	
Cmah	Masopust_053_2b:A0310	0.6597238165561147	50.0	True	
Cmah	Masopust_053_2b:A0307	0.6597238165561147	51.0	True	
Cmah	Masopust_053_2b:A0309	0.6597238165561147	50.0	True	
Cmah	Masopust_053_2b:A0312	0.6597238165561147	50.0	True	
Cmah	Masopust_053_2b:A0311	0.6597238165561147	51.0	True	
Cmah	Masopust_053_3a:A0307	0.6612766115871705	45.0	True	
Cmah	Masopust_053_3a:A0311	0.6597238165561147	49.0	True	
Cmah	Masopust_053_3a:A0310	0.6597238165561147	50.0	True	
Cmah	Masopust_053_3a:A0308	0.6597238165561147	52.0	True	
Cmah	Masopust_053_3a:A0309	0.6597238165561147	49.0	True	
Cmah	Masopust_053_3b:A0308	0.6597238165561147	51.0	True	
Cmah	Masopust_053_3b:A0311	0.6597238165561147	50.0	True	
Cmah	Masopust_053_3b:A0310	0.6597238165561147	50.0	True	
Cmah	Masopust_053_3b:A0309	0.6597238165561147	53.0	True	
Cmah	Masopust_053_3b:A0307	0.6612766115871705	44.0	True	
Cmah	Masopust_053_6a:A0308	0.6612766115871705	45.0	True	
Cmah	Masopust_053_6b:A0308	0.6597238165561147	49.0	True	
Cmah	Masopust_054_A:A0312	0.6597238165561147	50.0	True	
Cmah	Masopust_054_A:A0311	0.6597238165561147	52.0	True	
Cmah	Masopust_054_B:A0311	0.6612766115871705	44.0	True	
Cmah	Masopust_054_B:A0312	0.6612766115871705	45.0	True	
Cmah	Masopust_054_C:A0313	0.6597238165561147	51.0	True	
Cmah	Masopust_054_C:A0312	0.6597238165561147	51.0	True	
Cmah	Masopust_054_C:A0311	0.6597238165561147	53.0	True	
Cmah	Masopust_054_D:A0311	0.6597238165561147	53.0	True	
Cmah	Masopust_054_D:A0312	0.6612766115871705	45.0	True	
Cmah	Masopust_054_D:A0313	0.6597238165561147	49.0	True	
Cmah	Masopust_054_E:A0311	0.6597238165561147	50.0	True	
Ece1	Masopust_053_1a:A0310	0.6591935938625834	53.0	True	
Ece1	Masopust_053_1a:A0307	0.6591935938625834	53.0	True	
Ece1	Masopust_053_1a:A0311	0.6591935938625834	56.0	True	
Ece1	Masopust_053_1a:A0312	0.6609357541413291	47.0	True	
Ece1	Masopust_053_1a:A0308	0.6609357541413291	48.0	True	
Ece1	Masopust_053_1b:A0307	0.6591935938625834	53.0	True	
Ece1	Masopust_053_1b:A0312	0.6609357541413291	48.0	True	
Ece1	Masopust_053_1b:A0310	0.6591935938625834	54.0	True	
Ece1	Masopust_053_1b:A0311	0.6591935938625834	53.0	True	
Ece1	Masopust_053_2a:A0307	0.6591935938625834	54.0	True	
Ece1	Masopust_053_2a:A0310	0.6609357541413291	48.0	True	
Ece1	Masopust_053_2a:A0308	0.6591935938625834	53.0	True	
Ece1	Masopust_053_2a:A0312	0.6609357541413291	49.0	True	
Ece1	Masopust_053_2a:A0309	0.6591935938625834	54.0	True	
Ece1	Masopust_053_2b:A0308	0.6591935938625834	53.0	True	
Ece1	Masopust_053_2b:A0310	0.6609357541413291	47.0	True	
Ece1	Masopust_053_2b:A0307	0.6591935938625834	53.0	True	
Ece1	Masopust_053_2b:A0309	0.6591935938625834	55.0	True	
Ece1	Masopust_053_2b:A0312	0.6609357541413291	47.0	True	
Ece1	Masopust_053_3a:A0307	0.6591935938625834	54.0	True	
Ece1	Masopust_053_3a:A0311	0.6591935938625834	55.0	True	
Ece1	Masopust_053_3a:A0310	0.6591935938625834	55.0	True	
Ece1	Masopust_053_3a:A0308	0.6609357541413291	49.0	True	
Ece1	Masopust_053_3a:A0309	0.6591935938625834	56.0	True	
Ece1	Masopust_053_3b:A0308	0.6591935938625834	56.0	True	
Ece1	Masopust_053_3b:A0311	0.6591935938625834	55.0	True	
Ece1	Masopust_053_3b:A0310	0.6591935938625834	55.0	True	
Ece1	Masopust_053_3b:A0309	0.6591935938625834	55.0	True	
Ece1	Masopust_053_3b:A0307	0.6591935938625834	54.0	True	
Ece1	Masopust_053_6a:A0308	0.6591935938625834	57.0	True	
Ece1	Masopust_053_6b:A0308	0.6591935938625834	54.0	True	
Ece1	Masopust_054_A:A0312	0.6591935938625834	55.0	True	
Ece1	Masopust_054_A:A0311	0.6609357541413291	47.0	True	
Ece1	Masopust_054_B:A0311	0.6609357541413291	48.0	True	
Ece1	Masopust_054_B:A0312	0.6591935938625834	55.0	True	
Ece1	Masopust_054_C:A0313	0.6591935938625834	53.0	True	
Ece1	Masopust_054_C:A0312	0.6591935938625834	54.0	True	
Ece1	Masopust_054_C:A0311	0.6591935938625834	56.0	True	
Ece1	Masopust_054_D:A0311	0.6609357541413291	50.0	True	
Ece1	Masopust_054_D:A0312	0.6591935938625834	55.0	True	
Ece1	Masopust_054_D:A0313	0.6591935938625834	55.0	True	
Ece1	Masopust_054_E:A0311	0.6591935938625834	56.0	True	
Fam49a	Masopust_053_1a:A0310	0.6597238165561147	50.0	True	
Fam49a	Masopust_053_1a:A0307	0.6597238165561147	49.0	True	
Fam49a	Masopust_053_1a:A0309	0.6597238165561147	51.0	True	
Fam49a	Masopust_053_1a:A0311	0.6597238165561147	52.0	True	
Fam49a	Masopust_053_1a:A0312	0.6597238165561147	51.0	True	
Fam49a	Masopust_053_1a:A0308	0.6597238165561147	52.0	True	
Fam49a	Masopust_053_1b:A0307	0.6597238165561147	50.0	True	
Fam49a	Masopust_053_1b:A0309	0.6612766115871705	47.0	True	
Fam49a	Masopust_053_1b:A0312	0.6597238165561147	53.0	True	
Fam49a	Masopust_053_1b:A0310	0.6597238165561147	50.0	True	
Fam49a	Masopust_053_1b:A0311	0.6597238165561147	49.0	True	
Fam49a	Masopust_053_1b:A0308	0.6597238165561147	51.0	True	
Fam49a	Masopust_053_2a:A0307	0.6612766115871705	46.0	True	
Fam49a	Masopust_053_2a:A0310	0.6612766115871705	45.0	True	
Fam49a	Masopust_053_2a:A0308	0.6597238165561147	50.0	True	
Fam49a	Masopust_053_2a:A0312	0.6597238165561147	53.0	True	
Fam49a	Masopust_053_2a:A0311	0.6612766115871705	47.0	True	
Fam49a	Masopust_053_2a:A0309	0.6612766115871705	46.0	True	
Fam49a	Masopust_053_2b:A0308	0.6597238165561147	50.0	True	
Fam49a	Masopust_053_2b:A0310	0.6597238165561147	50.0	True	
Fam49a	Masopust_053_2b:A0307	0.6597238165561147	51.0	True	
Fam49a	Masopust_053_2b:A0309	0.6612766115871705	46.0	True	
Fam49a	Masopust_053_2b:A0312	0.6597238165561147	50.0	True	
Fam49a	Masopust_053_2b:A0311	0.6612766115871705	47.0	True	
Fam49a	Masopust_053_3a:A0307	0.6597238165561147	51.0	True	
Fam49a	Masopust_053_3a:A0311	0.6597238165561147	49.0	True	
Fam49a	Masopust_053_3a:A0310	0.6597238165561147	50.0	True	
Fam49a	Masopust_053_3a:A0308	0.6612766115871705	45.0	True	
Fam49a	Masopust_053_3a:A0309	0.6597238165561147	49.0	True	
Fam49a	Masopust_053_3b:A0308	0.6612766115871705	44.0	True	
Fam49a	Masopust_053_3b:A0311	0.6597238165561147	50.0	True	
Fam49a	Masopust_053_3b:A0310	0.6597238165561147	50.0	True	
Fam49a	Masopust_053_3b:A0309	0.6612766115871705	46.0	True	
Fam49a	Masopust_053_3b:A0307	0.6597238165561147	51.0	True	
Fam49a	Masopust_053_6a:A0308	0.6597238165561147	50.0	True	
Fam49a	Masopust_053_6b:A0308	0.6597238165561147	49.0	True	
Fam49a	Masopust_054_A:A0312	0.6597238165561147	50.0	True	
Fam49a	Masopust_054_A:A0311	0.6597238165561147	52.0	True	
Fam49a	Masopust_054_B:A0311	0.6597238165561147	52.0	True	
Fam49a	Masopust_054_B:A0312	0.6597238165561147	50.0	True	
Fam49a	Masopust_054_C:A0313	0.6597238165561147	51.0	True	
Fam49a	Masopust_054_C:A0312	0.6597238165561147	51.0	True	
Fam49a	Masopust_054_C:A0311	0.6612766115871705	46.0	True	
Fam49a	Masopust_054_D:A0311	0.6597238165561147	53.0	True	
Fam49a	Masopust_054_D:A0312	0.6612766115871705	45.0	True	
Fam49a	Masopust_054_D:A0313	0.6597238165561147	49.0	True	
Fam49a	Masopust_054_E:A0311	0.6597238165561147	50.0	True	
Gm30054	Masopust_053_1a:A0310	0.6626779144200746	41.0	True	
Gm30054	Masopust_053_1a:A0307	0.6626779144200746	42.0	True	
Gm30054	Masopust_053_1a:A0311	0.6626779144200746	41.0	True	
Gm30054	Masopust_053_1a:A0312	0.6626779144200746	41.0	True	
Gm30054	Masopust_053_1a:A0308	0.6644200746988204	36.0	True	
Gm30054	Masopust_053_1b:A0307	0.6626779144200746	40.0	True	
Gm30054	Masopust_053_1b:A0312	0.6626779144200746	42.0	True	
Gm30054	Masopust_053_1b:A0310	0.6626779144200746	40.0	True	
Gm30054	Masopust_053_1b:A0311	0.6626779144200746	41.0	True	
Gm30054	Masopust_053_2a:A0307	0.6626779144200746	41.0	True	
Gm30054	Masopust_053_2a:A0310	0.6626779144200746	40.0	True	
Gm30054	Masopust_053_2a:A0308	0.6626779144200746	42.0	True	
Gm30054	Masopust_053_2a:A0312	0.6626779144200746	43.0	True	
Gm30054	Masopust_053_2a:A0309	0.6626779144200746	40.0	True	
Gm30054	Masopust_053_2b:A0308	0.6626779144200746	42.0	True	
Gm30054	Masopust_053_2b:A0310	0.6626779144200746	42.0	True	
Gm30054	Masopust_053_2b:A0307	0.6644200746988204	36.0	True	
Gm30054	Masopust_053_2b:A0309	0.6644200746988204	35.0	True	
Gm30054	Masopust_053_2b:A0312	0.6644200746988204	37.0	True	
Gm30054	Masopust_053_3a:A0307	0.6644200746988204	37.0	True	
Gm30054	Masopust_053_3a:A0311	0.6626779144200746	40.0	True	
Gm30054	Masopust_053_3a:A0310	0.6626779144200746	40.0	True	
Gm30054	Masopust_053_3a:A0308	0.6626779144200746	40.0	True	
Gm30054	Masopust_053_3a:A0309	0.6626779144200746	41.0	True	
Gm30054	Masopust_053_3b:A0308	0.6644200746988204	35.0	True	
Gm30054	Masopust_053_3b:A0311	0.6626779144200746	41.0	True	
Gm30054	Masopust_053_3b:A0310	0.6626779144200746	40.0	True	
Gm30054	Masopust_053_3b:A0309	0.6626779144200746	43.0	True	
Gm30054	Masopust_053_3b:A0307	0.6626779144200746	41.0	True	
Gm30054	Masopust_053_6a:A0308	0.6626779144200746	40.0	True	
Gm30054	Masopust_053_6b:A0308	0.6626779144200746	40.0	True	
Gm30054	Masopust_054_A:A0312	0.6626779144200746	41.0	True	
Gm30054	Masopust_054_A:A0311	0.6626779144200746	41.0	True	
Gm30054	Masopust_054_B:A0311	0.6626779144200746	40.0	True	
Gm30054	Masopust_054_B:A0312	0.6644200746988204	37.0	True	
Gm30054	Masopust_054_C:A0313	0.6626779144200746	41.0	True	
Gm30054	Masopust_054_C:A0312	0.6644200746988204	36.0	True	
Gm30054	Masopust_054_C:A0311	0.6644200746988204	37.0	True	
Gm30054	Masopust_054_D:A0311	0.6626779144200746	43.0	True	
Gm30054	Masopust_054_D:A0312	0.6626779144200746	41.0	True	
Gm30054	Masopust_054_D:A0313	0.6626779144200746	42.0	True	
Gm30054	Masopust_054_E:A0311	0.6626779144200746	42.0	True	
9930111J21Rik2	Masopust_053_1a:A0310	0.6580996643108444	56.0	True	
9930111J21Rik2	Masopust_053_1a:A0307	0.6580996643108444	56.0	True	
9930111J21Rik2	Masopust_053_1a:A0309	0.6580996643108444	56.0	True	
9930111J21Rik2	Masopust_053_1a:A0311	0.6596524593419003	54.0	True	
9930111J21Rik2	Masopust_053_1a:A0312	0.6580996643108444	56.0	True	
9930111J21Rik2	Masopust_053_1a:A0308	0.6580996643108444	57.0	True	
9930111J21Rik2	Masopust_053_1b:A0307	0.6580996643108444	56.0	True	
9930111J21Rik2	Masopust_053_1b:A0309	0.6580996643108444	58.0	True	
9930111J21Rik2	Masopust_053_1b:A0312	0.6596524593419003	54.0	True	
9930111J21Rik2	Masopust_053_1b:A0310	0.6580996643108444	57.0	True	
9930111J21Rik2	Masopust_053_1b:A0311	0.6580996643108444	56.0	True	
9930111J21Rik2	Masopust_053_1b:A0308	0.6580996643108444	59.0	True	
9930111J21Rik2	Masopust_053_2a:A0307	0.6580996643108444	57.0	True	
9930111J21Rik2	Masopust_053_2a:A0310	0.6580996643108444	57.0	True	
9930111J21Rik2	Masopust_053_2a:A0308	0.6580996643108444	56.0	True	
9930111J21Rik2	Masopust_053_2a:A0312	0.6596524593419003	55.0	True	
9930111J21Rik2	Masopust_053_2a:A0311	0.6596524593419003	54.0	True	
9930111J21Rik2	Masopust_053_2a:A0309	0.6580996643108444	57.0	True	
9930111J21Rik2	Masopust_053_2b:A0308	0.6580996643108444	56.0	True	
9930111J21Rik2	Masopust_053_2b:A0310	0.6580996643108444	56.0	True	
9930111J21Rik2	Masopust_053_2b:A0307	0.6580996643108444	56.0	True	
9930111J21Rik2	Masopust_053_2b:A0309	0.6580996643108444	58.0	True	
9930111J21Rik2	Masopust_053_2b:A0312	0.6580996643108444	56.0	True	
9930111J21Rik2	Masopust_053_2b:A0311	0.6580996643108444	57.0	True	
9930111J21Rik2	Masopust_053_3a:A0307	0.6580996643108444	56.0	True	
9930111J21Rik2	Masopust_053_3a:A0311	0.6596524593419003	51.0	True	
9930111J21Rik2	Masopust_053_3a:A0310	0.6580996643108444	57.0	True	
9930111J21Rik2	Masopust_053_3a:A0308	0.6580996643108444	58.0	True	
9930111J21Rik2	Masopust_053_3a:A0309	0.6596524593419003	51.0	True	
9930111J21Rik2	Masopust_053_3b:A0308	0.6580996643108444	58.0	True	
9930111J21Rik2	Masopust_053_3b:A0311	0.6596524593419003	52.0	True	
9930111J21Rik2	Masopust_053_3b:A0310	0.6580996643108444	58.0	True	
9930111J21Rik2	Masopust_053_3b:A0309	0.6596524593419003	54.0	True	
9930111J21Rik2	Masopust_053_3b:A0307	0.6580996643108444	56.0	True	
9930111J21Rik2	Masopust_053_6a:A0308	0.6596524593419003	51.0	True	
9930111J21Rik2	Masopust_053_6b:A0308	0.6580996643108444	57.0	True	
9930111J21Rik2	Masopust_054_A:A0312	0.6596524593419003	52.0	True	
9930111J21Rik2	Masopust_054_A:A0311	0.6580996643108444	56.0	True	
9930111J21Rik2	Masopust_054_B:A0311	0.6580996643108444	56.0	True	
9930111J21Rik2	Masopust_054_B:A0312	0.6596524593419003	51.0	True	
9930111J21Rik2	Masopust_054_C:A0313	0.6580996643108444	56.0	True	
9930111J21Rik2	Masopust_054_C:A0312	0.6580996643108444	57.0	True	
9930111J21Rik2	Masopust_054_C:A0311	0.6580996643108444	58.0	True	
9930111J21Rik2	Masopust_054_D:A0311	0.6580996643108444	57.0	True	
9930111J21Rik2	Masopust_054_D:A0312	0.6580996643108444	57.0	True	
9930111J21Rik2	Masopust_054_D:A0313	0.6596524593419003	51.0	True	
9930111J21Rik2	Masopust_054_E:A0311	0.6596524593419003	52.0	True	
Cdk6	Masopust_053_1a:A0310	0.6596524593419003	51.0	True	
Cdk6	Masopust_053_1a:A0307	0.6596524593419003	51.0	True	
Cdk6	Masopust_053_1a:A0309	0.6596524593419003	53.0	True	
Cdk6	Masopust_053_1a:A0311	0.6612052543729562	45.0	True	
Cdk6	Masopust_053_1a:A0312	0.6596524593419003	53.0	True	
Cdk6	Masopust_053_1a:A0308	0.6596524593419003	54.0	True	
Cdk6	Masopust_053_1b:A0307	0.6596524593419003	52.0	True	
Cdk6	Masopust_053_1b:A0309	0.6596524593419003	52.0	True	
Cdk6	Masopust_053_1b:A0312	0.6596524593419003	54.0	True	
Cdk6	Masopust_053_1b:A0310	0.6612052543729562	44.0	True	
Cdk6	Masopust_053_1b:A0311	0.6596524593419003	51.0	True	
Cdk6	Masopust_053_1b:A0308	0.6596524593419003	53.0	True	
Cdk6	Masopust_053_2a:A0307	0.6596524593419003	51.0	True	
Cdk6	Masopust_053_2a:A0310	0.6596524593419003	52.0	True	
Cdk6	Masopust_053_2a:A0308	0.6596524593419003	51.0	True	
Cdk6	Masopust_053_2a:A0312	0.6612052543729562	48.0	True	
Cdk6	Masopust_053_2a:A0311	0.6612052543729562	49.0	True	
Cdk6	Masopust_053_2a:A0309	0.6612052543729562	48.0	True	
Cdk6	Masopust_053_2b:A0308	0.6596524593419003	51.0	True	
Cdk6	Masopust_053_2b:A0310	0.6596524593419003	52.0	True	
Cdk6	Masopust_053_2b:A0307	0.6612052543729562	45.0	True	
Cdk6	Masopust_053_2b:A0309	0.6596524593419003	51.0	True	
Cdk6	Masopust_053_2b:A0312	0.6596524593419003	52.0	True	
Cdk6	Masopust_053_2b:A0311	0.6596524593419003	52.0	True	
Cdk6	Masopust_053_3a:A0307	0.6596524593419003	52.0	True	
Cdk6	Masopust_053_3a:A0311	0.6596524593419003	51.0	True	
Cdk6	Masopust_053_3a:A0310	0.6596524593419003	52.0	True	
Cdk6	Masopust_053_3a:A0308	0.6596524593419003	53.0	True	
Cdk6	Masopust_053_3a:A0309	0.6596524593419003	51.0	True	
Cdk6	Masopust_053_3b:A0308	0.6596524593419003	52.0	True	
Cdk6	Masopust_053_3b:A0311	0.6596524593419003	52.0	True	
Cdk6	Masopust_053_3b:A0310	0.6612052543729562	45.0	True	
Cdk6	Masopust_053_3b:A0309	0.6612052543729562	47.0	True	
Cdk6	Masopust_053_3b:A0307	0.6596524593419003	52.0	True	
Cdk6	Masopust_053_6a:A0308	0.6596524593419003	51.0	True	
Cdk6	Masopust_053_6b:A0308	0.6596524593419003	51.0	True	
Cdk6	Masopust_054_A:A0312	0.6596524593419003	52.0	True	
Cdk6	Masopust_054_A:A0311	0.6596524593419003	54.0	True	
Cdk6	Masopust_054_B:A0311	0.6596524593419003	53.0	True	
Cdk6	Masopust_054_B:A0312	0.6596524593419003	51.0	True	
Cdk6	Masopust_054_C:A0313	0.6612052543729562	45.0	True	
Cdk6	Masopust_054_C:A0312	0.6612052543729562	47.0	True	
Cdk6	Masopust_054_C:A0311	0.6612052543729562	47.0	True	
Cdk6	Masopust_054_D:A0311	0.6612052543729562	47.0	True	
Cdk6	Masopust_054_D:A0312	0.6596524593419003	53.0	True	
Cdk6	Masopust_054_D:A0313	0.6596524593419003	51.0	True	
Cdk6	Masopust_054_E:A0311	0.6596524593419003	52.0	True	
Ero1l	Masopust_053_1a:A0310	0.6580996643108444	56.0	True	
Ero1l	Masopust_053_1a:A0307	0.6580996643108444	56.0	True	
Ero1l	Masopust_053_1a:A0309	0.6580996643108444	56.0	True	
Ero1l	Masopust_053_1a:A0311	0.6580996643108444	57.0	True	
Ero1l	Masopust_053_1a:A0312	0.6580996643108444	56.0	True	
Ero1l	Masopust_053_1a:A0308	0.6580996643108444	57.0	True	
Ero1l	Masopust_053_1b:A0307	0.6580996643108444	56.0	True	
Ero1l	Masopust_053_1b:A0309	0.6596524593419003	52.0	True	
Ero1l	Masopust_053_1b:A0312	0.6580996643108444	57.0	True	
Ero1l	Masopust_053_1b:A0310	0.6596524593419003	52.0	True	
Ero1l	Masopust_053_1b:A0311	0.6580996643108444	56.0	True	
Ero1l	Masopust_053_1b:A0308	0.6596524593419003	53.0	True	
Ero1l	Masopust_053_2a:A0307	0.6596524593419003	51.0	True	
Ero1l	Masopust_053_2a:A0310	0.6580996643108444	57.0	True	
Ero1l	Masopust_053_2a:A0308	0.6580996643108444	56.0	True	
Ero1l	Masopust_053_2a:A0312	0.6580996643108444	58.0	True	
Ero1l	Masopust_053_2a:A0311	0.6596524593419003	54.0	True	
Ero1l	Masopust_053_2a:A0309	0.6580996643108444	57.0	True	
Ero1l	Masopust_053_2b:A0308	0.6580996643108444	56.0	True	
Ero1l	Masopust_053_2b:A0310	0.6580996643108444	56.0	True	
Ero1l	Masopust_053_2b:A0307	0.6580996643108444	56.0	True	
Ero1l	Masopust_053_2b:A0309	0.6596524593419003	51.0	True	
Ero1l	Masopust_053_2b:A0312	0.6580996643108444	56.0	True	
Ero1l	Masopust_053_2b:A0311	0.6580996643108444	57.0	True	
Ero1l	Masopust_053_3a:A0307	0.6580996643108444	56.0	True	
Ero1l	Masopust_053_3a:A0311	0.6580996643108444	58.0	True	
Ero1l	Masopust_053_3a:A0310	0.6596524593419003	52.0	True	
Ero1l	Masopust_053_3a:A0308	0.6580996643108444	58.0	True	
Ero1l	Masopust_053_3a:A0309	0.6596524593419003	51.0	True	
Ero1l	Masopust_053_3b:A0308	0.6580996643108444	58.0	True	
Ero1l	Masopust_053_3b:A0311	0.6580996643108444	57.0	True	
Ero1l	Masopust_053_3b:A0310	0.6580996643108444	58.0	True	
Ero1l	Masopust_053_3b:A0309	0.6580996643108444	57.0	True	
Ero1l	Masopust_053_3b:A0307	0.6580996643108444	56.0	True	
Ero1l	Masopust_053_6a:A0308	0.6596524593419003	51.0	True	
Ero1l	Masopust_053_6b:A0308	0.6580996643108444	57.0	True	
Ero1l	Masopust_054_A:A0312	0.6580996643108444	57.0	True	
Ero1l	Masopust_054_A:A0311	0.6580996643108444	56.0	True	
Ero1l	Masopust_054_B:A0311	0.6580996643108444	56.0	True	
Ero1l	Masopust_054_B:A0312	0.6596524593419003	51.0	True	
Ero1l	Masopust_054_C:A0313	0.6580996643108444	56.0	True	
Ero1l	Masopust_054_C:A0312	0.6580996643108444	57.0	True	
Ero1l	Masopust_054_C:A0311	0.6596524593419003	54.0	True	
Ero1l	Masopust_054_D:A0311	0.6580996643108444	57.0	True	
Ero1l	Masopust_054_D:A0312	0.6596524593419003	53.0	True	
Ero1l	Masopust_054_D:A0313	0.6596524593419003	51.0	True	
Ero1l	Masopust_054_E:A0311	0.6580996643108444	58.0	True	
Gm2682	Masopust_053_1a:A0310	0.6580996643108444	56.0	True	
Gm2682	Masopust_053_1a:A0307	0.6580996643108444	56.0	True	
Gm2682	Masopust_053_1a:A0309	0.6580996643108444	56.0	True	
Gm2682	Masopust_053_1a:A0311	0.6580996643108444	57.0	True	
Gm2682	Masopust_053_1a:A0312	0.6580996643108444	56.0	True	
Gm2682	Masopust_053_1a:A0308	0.6580996643108444	57.0	True	
Gm2682	Masopust_053_1b:A0307	0.6580996643108444	56.0	True	
Gm2682	Masopust_053_1b:A0309	0.6596524593419003	52.0	True	
Gm2682	Masopust_053_1b:A0312	0.6580996643108444	57.0	True	
Gm2682	Masopust_053_1b:A0310	0.6580996643108444	57.0	True	
Gm2682	Masopust_053_1b:A0311	0.6580996643108444	56.0	True	
Gm2682	Masopust_053_1b:A0308	0.6596524593419003	53.0	True	
Gm2682	Masopust_053_2a:A0307	0.6580996643108444	57.0	True	
Gm2682	Masopust_053_2a:A0310	0.6596524593419003	52.0	True	
Gm2682	Masopust_053_2a:A0308	0.6580996643108444	56.0	True	
Gm2682	Masopust_053_2a:A0312	0.6580996643108444	58.0	True	
Gm2682	Masopust_053_2a:A0311	0.6596524593419003	54.0	True	
Gm2682	Masopust_053_2a:A0309	0.6596524593419003	52.0	True	
Gm2682	Masopust_053_2b:A0308	0.6580996643108444	56.0	True	
Gm2682	Masopust_053_2b:A0310	0.6580996643108444	56.0	True	
Gm2682	Masopust_053_2b:A0307	0.6580996643108444	56.0	True	
Gm2682	Masopust_053_2b:A0309	0.6596524593419003	51.0	True	
Gm2682	Masopust_053_2b:A0312	0.6580996643108444	56.0	True	
Gm2682	Masopust_053_2b:A0311	0.6580996643108444	57.0	True	
Gm2682	Masopust_053_3a:A0307	0.6580996643108444	56.0	True	
Gm2682	Masopust_053_3a:A0311	0.6580996643108444	58.0	True	
Gm2682	Masopust_053_3a:A0310	0.6580996643108444	57.0	True	
Gm2682	Masopust_053_3a:A0308	0.6596524593419003	53.0	True	
Gm2682	Masopust_053_3a:A0309	0.6596524593419003	51.0	True	
Gm2682	Masopust_053_3b:A0308	0.6596524593419003	52.0	True	
Gm2682	Masopust_053_3b:A0311	0.6580996643108444	57.0	True	
Gm2682	Masopust_053_3b:A0310	0.6596524593419003	52.0	True	
Gm2682	Masopust_053_3b:A0309	0.6580996643108444	57.0	True	
Gm2682	Masopust_053_3b:A0307	0.6580996643108444	56.0	True	
Gm2682	Masopust_053_6a:A0308	0.6596524593419003	51.0	True	
Gm2682	Masopust_053_6b:A0308	0.6596524593419003	51.0	True	
Gm2682	Masopust_054_A:A0312	0.6580996643108444	57.0	True	
Gm2682	Masopust_054_A:A0311	0.6580996643108444	56.0	True	
Gm2682	Masopust_054_B:A0311	0.6580996643108444	56.0	True	
Gm2682	Masopust_054_B:A0312	0.6580996643108444	58.0	True	
Gm2682	Masopust_054_C:A0313	0.6580996643108444	56.0	True	
Gm2682	Masopust_054_C:A0312	0.6580996643108444	57.0	True	
Gm2682	Masopust_054_C:A0311	0.6580996643108444	58.0	True	
Gm2682	Masopust_054_D:A0311	0.6580996643108444	57.0	True	
Gm2682	Masopust_054_D:A0312	0.6580996643108444	57.0	True	
Gm2682	Masopust_054_D:A0313	0.6580996643108444	58.0	True	
Gm2682	Masopust_054_E:A0311	0.6596524593419003	52.0	True	
Gm11290	Masopust_053_1a:A0310	0.6590508794341547	54.0	True	
Gm11290	Masopust_053_1a:A0307	0.6590508794341547	54.0	True	
Gm11290	Masopust_053_1a:A0311	0.6607930397129004	49.0	True	
Gm11290	Masopust_053_1a:A0312	0.6607930397129004	48.0	True	
Gm11290	Masopust_053_1a:A0308	0.6607930397129004	50.0	True	
Gm11290	Masopust_053_1b:A0307	0.6590508794341547	54.0	True	
Gm11290	Masopust_053_1b:A0312	0.6607930397129004	49.0	True	
Gm11290	Masopust_053_1b:A0310	0.6590508794341547	55.0	True	
Gm11290	Masopust_053_1b:A0311	0.6590508794341547	54.0	True	
Gm11290	Masopust_053_2a:A0307	0.6590508794341547	55.0	True	
Gm11290	Masopust_053_2a:A0310	0.6590508794341547	55.0	True	
Gm11290	Masopust_053_2a:A0308	0.6590508794341547	54.0	True	
Gm11290	Masopust_053_2a:A0312	0.6607930397129004	50.0	True	
Gm11290	Masopust_053_2a:A0309	0.6590508794341547	55.0	True	
Gm11290	Masopust_053_2b:A0308	0.6590508794341547	54.0	True	
Gm11290	Masopust_053_2b:A0310	0.6590508794341547	54.0	True	
Gm11290	Masopust_053_2b:A0307	0.6590508794341547	54.0	True	
Gm11290	Masopust_053_2b:A0309	0.6590508794341547	56.0	True	
Gm11290	Masopust_053_2b:A0312	0.6590508794341547	54.0	True	
Gm11290	Masopust_053_3a:A0307	0.6590508794341547	55.0	True	
Gm11290	Masopust_053_3a:A0311	0.6590508794341547	56.0	True	
Gm11290	Masopust_053_3a:A0310	0.6590508794341547	56.0	True	
Gm11290	Masopust_053_3a:A0308	0.6590508794341547	56.0	True	
Gm11290	Masopust_053_3a:A0309	0.6590508794341547	57.0	True	
Gm11290	Masopust_053_3b:A0308	0.6607930397129004	48.0	True	
Gm11290	Masopust_053_3b:A0311	0.6607930397129004	47.0	True	
Gm11290	Masopust_053_3b:A0310	0.6590508794341547	56.0	True	
Gm11290	Masopust_053_3b:A0309	0.6607930397129004	50.0	True	
Gm11290	Masopust_053_3b:A0307	0.6590508794341547	55.0	True	
Gm11290	Masopust_053_6a:A0308	0.6590508794341547	58.0	True	
Gm11290	Masopust_053_6b:A0308	0.6590508794341547	55.0	True	
Gm11290	Masopust_054_A:A0312	0.6590508794341547	56.0	True	
Gm11290	Masopust_054_A:A0311	0.6607930397129004	49.0	True	
Gm11290	Masopust_054_B:A0311	0.6590508794341547	54.0	True	
Gm11290	Masopust_054_B:A0312	0.6590508794341547	56.0	True	
Gm11290	Masopust_054_C:A0313	0.6590508794341547	54.0	True	
Gm11290	Masopust_054_C:A0312	0.6590508794341547	55.0	True	
Gm11290	Masopust_054_C:A0311	0.6590508794341547	57.0	True	
Gm11290	Masopust_054_D:A0311	0.6607930397129004	51.0	True	
Gm11290	Masopust_054_D:A0312	0.6607930397129004	50.0	True	
Gm11290	Masopust_054_D:A0313	0.6590508794341547	56.0	True	
Gm11290	Masopust_054_E:A0311	0.6590508794341547	57.0	True	
Ctla4	Masopust_053_1a:A0310	0.6578855926682013	59.0	True	
Ctla4	Masopust_053_1a:A0307	0.6578855926682013	59.0	True	
Ctla4	Masopust_053_1a:A0309	0.6578855926682013	59.0	True	
Ctla4	Masopust_053_1a:A0311	0.6578855926682013	59.0	True	
Ctla4	Masopust_053_1a:A0312	0.6578855926682013	59.0	True	
Ctla4	Masopust_053_1a:A0308	0.6594383876992573	55.0	True	
Ctla4	Masopust_053_1b:A0307	0.6578855926682013	59.0	True	
Ctla4	Masopust_053_1b:A0309	0.6578855926682013	59.0	True	
Ctla4	Masopust_053_1b:A0312	0.6578855926682013	59.0	True	
Ctla4	Masopust_053_1b:A0310	0.6578855926682013	59.0	True	
Ctla4	Masopust_053_1b:A0311	0.6578855926682013	59.0	True	
Ctla4	Masopust_053_1b:A0308	0.6594383876992573	58.0	True	
Ctla4	Masopust_053_2a:A0307	0.6578855926682013	59.0	True	
Ctla4	Masopust_053_2a:A0310	0.6578855926682013	59.0	True	
Ctla4	Masopust_053_2a:A0308	0.6578855926682013	59.0	True	
Ctla4	Masopust_053_2a:A0312	0.6594383876992573	56.0	True	
Ctla4	Masopust_053_2a:A0311	0.6594383876992573	59.0	True	
Ctla4	Masopust_053_2a:A0309	0.6578855926682013	59.0	True	
Ctla4	Masopust_053_2b:A0308	0.6578855926682013	59.0	True	
Ctla4	Masopust_053_2b:A0310	0.6578855926682013	59.0	True	
Ctla4	Masopust_053_2b:A0307	0.6578855926682013	59.0	True	
Ctla4	Masopust_053_2b:A0309	0.6578855926682013	59.0	True	
Ctla4	Masopust_053_2b:A0312	0.6578855926682013	59.0	True	
Ctla4	Masopust_053_2b:A0311	0.6594383876992573	55.0	True	
Ctla4	Masopust_053_3a:A0307	0.6578855926682013	59.0	True	
Ctla4	Masopust_053_3a:A0311	0.6594383876992573	53.0	True	
Ctla4	Masopust_053_3a:A0310	0.6578855926682013	59.0	True	
Ctla4	Masopust_053_3a:A0308	0.6594383876992573	55.0	True	
Ctla4	Masopust_053_3a:A0309	0.6578855926682013	59.0	True	
Ctla4	Masopust_053_3b:A0308	0.6594383876992573	54.0	True	
Ctla4	Masopust_053_3b:A0311	0.6578855926682013	59.0	True	
Ctla4	Masopust_053_3b:A0310	0.6594383876992573	53.0	True	
Ctla4	Masopust_053_3b:A0309	0.6578855926682013	59.0	True	
Ctla4	Masopust_053_3b:A0307	0.6578855926682013	59.0	True	
Ctla4	Masopust_053_6a:A0308	0.6594383876992573	55.0	True	
Ctla4	Masopust_053_6b:A0308	0.6578855926682013	59.0	True	
Ctla4	Masopust_054_A:A0312	0.6578855926682013	59.0	True	
Ctla4	Masopust_054_A:A0311	0.6578855926682013	59.0	True	
Ctla4	Masopust_054_B:A0311	0.6578855926682013	59.0	True	
Ctla4	Masopust_054_B:A0312	0.6578855926682013	59.0	True	
Ctla4	Masopust_054_C:A0313	0.6578855926682013	59.0	True	
Ctla4	Masopust_054_C:A0312	0.6594383876992573	53.0	True	
Ctla4	Masopust_054_C:A0311	0.6594383876992573	55.0	True	
Ctla4	Masopust_054_D:A0311	0.6594383876992573	55.0	True	
Ctla4	Masopust_054_D:A0312	0.6578855926682013	59.0	True	
Ctla4	Masopust_054_D:A0313	0.6578855926682013	59.0	True	
Ctla4	Masopust_054_E:A0311	0.6578855926682013	59.0	True	
Baz2b	Masopust_053_1a:A0310	0.6561900832087167	60.0	True	
Baz2b	Masopust_053_1a:A0307	0.6577428782397726	60.0	True	
Baz2b	Masopust_053_1a:A0309	0.6577428782397726	60.0	True	
Baz2b	Masopust_053_1a:A0311	0.6561900832087167	61.0	True	
Baz2b	Masopust_053_1a:A0312	0.6561900832087167	61.0	True	
Baz2b	Masopust_053_1a:A0308	0.6561900832087167	60.0	True	
Baz2b	Masopust_053_1b:A0307	0.6561900832087167	61.0	True	
Baz2b	Masopust_053_1b:A0309	0.6561900832087167	60.0	True	
Baz2b	Masopust_053_1b:A0312	0.6577428782397726	60.0	True	
Baz2b	Masopust_053_1b:A0310	0.6561900832087167	61.0	True	
Baz2b	Masopust_053_1b:A0311	0.6561900832087167	60.0	True	
Baz2b	Masopust_053_1b:A0308	0.6577428782397726	60.0	True	
Baz2b	Masopust_053_2a:A0307	0.6561900832087167	60.0	True	
Baz2b	Masopust_053_2a:A0310	0.6577428782397726	60.0	True	
Baz2b	Masopust_053_2a:A0308	0.6577428782397726	60.0	True	
Baz2b	Masopust_053_2a:A0312	0.6561900832087167	61.0	True	
Baz2b	Masopust_053_2a:A0311	0.6561900832087167	62.0	True	
Baz2b	Masopust_053_2a:A0309	0.6577428782397726	60.0	True	
Baz2b	Masopust_053_2b:A0308	0.6561900832087167	60.0	True	
Baz2b	Masopust_053_2b:A0310	0.6577428782397726	60.0	True	
Baz2b	Masopust_053_2b:A0307	0.6561900832087167	60.0	True	
Baz2b	Masopust_053_2b:A0309	0.6561900832087167	61.0	True	
Baz2b	Masopust_053_2b:A0312	0.6561900832087167	60.0	True	
Baz2b	Masopust_053_2b:A0311	0.6561900832087167	61.0	True	
Baz2b	Masopust_053_3a:A0307	0.6561900832087167	60.0	True	
Baz2b	Masopust_053_3a:A0311	0.6561900832087167	62.0	True	
Baz2b	Masopust_053_3a:A0310	0.6561900832087167	61.0	True	
Baz2b	Masopust_053_3a:A0308	0.6577428782397726	60.0	True	
Baz2b	Masopust_053_3a:A0309	0.6577428782397726	60.0	True	
Baz2b	Masopust_053_3b:A0308	0.6577428782397726	60.0	True	
Baz2b	Masopust_053_3b:A0311	0.6561900832087167	62.0	True	
Baz2b	Masopust_053_3b:A0310	0.6561900832087167	61.0	True	
Baz2b	Masopust_053_3b:A0309	0.6561900832087167	62.0	True	
Baz2b	Masopust_053_3b:A0307	0.6561900832087167	62.0	True	
Baz2b	Masopust_053_6a:A0308	0.6561900832087167	61.0	True	
Baz2b	Masopust_053_6b:A0308	0.6561900832087167	62.0	True	
Baz2b	Masopust_054_A:A0312	0.6561900832087167	61.0	True	
Baz2b	Masopust_054_A:A0311	0.6561900832087167	60.0	True	
Baz2b	Masopust_054_B:A0311	0.6561900832087167	60.0	True	
Baz2b	Masopust_054_B:A0312	0.6577428782397726	60.0	True	
Baz2b	Masopust_054_C:A0313	0.6561900832087167	60.0	True	
Baz2b	Masopust_054_C:A0312	0.6577428782397726	60.0	True	
Baz2b	Masopust_054_C:A0311	0.6577428782397726	60.0	True	
Baz2b	Masopust_054_D:A0311	0.6561900832087167	61.0	True	
Baz2b	Masopust_054_D:A0312	0.6561900832087167	60.0	True	
Baz2b	Masopust_054_D:A0313	0.6561900832087167	61.0	True	
Baz2b	Masopust_054_E:A0311	0.6561900832087167	60.0	True	
Fgl2	Masopust_053_1a:A0310	0.6545659309634465	65.0	True	
Fgl2	Masopust_053_1a:A0307	0.6545659309634465	65.0	True	
Fgl2	Masopust_053_1a:A0309	0.6561187259945024	61.0	True	
Fgl2	Masopust_053_1a:A0311	0.6545659309634465	65.0	True	
Fgl2	Masopust_053_1a:A0312	0.6545659309634465	66.0	True	
Fgl2	Masopust_053_1a:A0308	0.6561187259945024	61.0	True	
Fgl2	Masopust_053_1b:A0307	0.6545659309634465	66.0	True	
Fgl2	Masopust_053_1b:A0309	0.6545659309634465	65.0	True	
Fgl2	Masopust_053_1b:A0312	0.6545659309634465	64.0	True	
Fgl2	Masopust_053_1b:A0310	0.6545659309634465	64.0	True	
Fgl2	Masopust_053_1b:A0311	0.6545659309634465	64.0	True	
Fgl2	Masopust_053_1b:A0308	0.6545659309634465	66.0	True	
Fgl2	Masopust_053_2a:A0307	0.6545659309634465	65.0	True	
Fgl2	Masopust_053_2a:A0310	0.6545659309634465	66.0	True	
Fgl2	Masopust_053_2a:A0308	0.6545659309634465	65.0	True	
Fgl2	Masopust_053_2a:A0312	0.6545659309634465	66.0	True	
Fgl2	Masopust_053_2a:A0311	0.6561187259945024	63.0	True	
Fgl2	Masopust_053_2a:A0309	0.6545659309634465	65.0	True	
Fgl2	Masopust_053_2b:A0308	0.6545659309634465	65.0	True	
Fgl2	Masopust_053_2b:A0310	0.6561187259945024	63.0	True	
Fgl2	Masopust_053_2b:A0307	0.6545659309634465	65.0	True	
Fgl2	Masopust_053_2b:A0309	0.6561187259945024	62.0	True	
Fgl2	Masopust_053_2b:A0312	0.6545659309634465	65.0	True	
Fgl2	Masopust_053_2b:A0311	0.6561187259945024	62.0	True	
Fgl2	Masopust_053_3a:A0307	0.6545659309634465	65.0	True	
Fgl2	Masopust_053_3a:A0311	0.6545659309634465	64.0	True	
Fgl2	Masopust_053_3a:A0310	0.6545659309634465	64.0	True	
Fgl2	Masopust_053_3a:A0308	0.6561187259945024	61.0	True	
Fgl2	Masopust_053_3a:A0309	0.6561187259945024	63.0	True	
Fgl2	Masopust_053_3b:A0308	0.6561187259945024	63.0	True	
Fgl2	Masopust_053_3b:A0311	0.6545659309634465	64.0	True	
Fgl2	Masopust_053_3b:A0310	0.6561187259945024	62.0	True	
Fgl2	Masopust_053_3b:A0309	0.6545659309634465	65.0	True	
Fgl2	Masopust_053_3b:A0307	0.6545659309634465	64.0	True	
Fgl2	Masopust_053_6a:A0308	0.6561187259945024	62.0	True	
Fgl2	Masopust_053_6b:A0308	0.6561187259945024	63.0	True	
Fgl2	Masopust_054_A:A0312	0.6545659309634465	64.0	True	
Fgl2	Masopust_054_A:A0311	0.6561187259945024	61.0	True	
Fgl2	Masopust_054_B:A0311	0.6545659309634465	65.0	True	
Fgl2	Masopust_054_B:A0312	0.6545659309634465	65.0	True	
Fgl2	Masopust_054_C:A0313	0.6545659309634465	64.0	True	
Fgl2	Masopust_054_C:A0312	0.6545659309634465	65.0	True	
Fgl2	Masopust_054_C:A0311	0.6561187259945024	63.0	True	
Fgl2	Masopust_054_D:A0311	0.6545659309634465	65.0	True	
Fgl2	Masopust_054_D:A0312	0.6545659309634465	67.0	True	
Fgl2	Masopust_054_D:A0313	0.6561187259945024	62.0	True	
Fgl2	Masopust_054_E:A0311	0.6545659309634465	64.0	True	
Stat5a	Masopust_053_1a:A0310	0.6561187259945024	61.0	True	
Stat5a	Masopust_053_1a:A0307	0.6561187259945024	62.0	True	
Stat5a	Masopust_053_1a:A0309	0.6561187259945024	61.0	True	
Stat5a	Masopust_053_1a:A0311	0.6576715210255583	60.0	True	
Stat5a	Masopust_053_1a:A0312	0.6576715210255583	60.0	True	
Stat5a	Masopust_053_1a:A0308	0.6561187259945024	61.0	True	
Stat5a	Masopust_053_1b:A0307	0.6561187259945024	62.0	True	
Stat5a	Masopust_053_1b:A0309	0.6561187259945024	61.0	True	
Stat5a	Masopust_053_1b:A0312	0.6561187259945024	61.0	True	
Stat5a	Masopust_053_1b:A0310	0.6561187259945024	62.0	True	
Stat5a	Masopust_053_1b:A0311	0.6561187259945024	61.0	True	
Stat5a	Masopust_053_1b:A0308	0.6561187259945024	62.0	True	
Stat5a	Masopust_053_2a:A0307	0.6561187259945024	61.0	True	
Stat5a	Masopust_053_2a:A0310	0.6561187259945024	63.0	True	
Stat5a	Masopust_053_2a:A0308	0.6561187259945024	61.0	True	
Stat5a	Masopust_053_2a:A0312	0.6561187259945024	62.0	True	
Stat5a	Masopust_053_2a:A0311	0.6576715210255583	60.0	True	
Stat5a	Masopust_053_2a:A0309	0.6576715210255583	61.0	True	
Stat5a	Masopust_053_2b:A0308	0.6561187259945024	61.0	True	
Stat5a	Masopust_053_2b:A0310	0.6576715210255583	61.0	True	
Stat5a	Masopust_053_2b:A0307	0.6561187259945024	61.0	True	
Stat5a	Masopust_053_2b:A0309	0.6561187259945024	62.0	True	
Stat5a	Masopust_053_2b:A0312	0.6561187259945024	61.0	True	
Stat5a	Masopust_053_2b:A0311	0.6576715210255583	60.0	True	
Stat5a	Masopust_053_3a:A0307	0.6561187259945024	61.0	True	
Stat5a	Masopust_053_3a:A0311	0.6576715210255583	60.0	True	
Stat5a	Masopust_053_3a:A0310	0.6576715210255583	60.0	True	
Stat5a	Masopust_053_3a:A0308	0.6561187259945024	61.0	True	
Stat5a	Masopust_053_3a:A0309	0.6576715210255583	61.0	True	
Stat5a	Masopust_053_3b:A0308	0.6561187259945024	63.0	True	
Stat5a	Masopust_053_3b:A0311	0.6576715210255583	60.0	True	
Stat5a	Masopust_053_3b:A0310	0.6576715210255583	60.0	True	
Stat5a	Masopust_053_3b:A0309	0.6561187259945024	63.0	True	
Stat5a	Masopust_053_3b:A0307	0.6576715210255583	60.0	True	
Stat5a	Masopust_053_6a:A0308	0.6561187259945024	62.0	True	
Stat5a	Masopust_053_6b:A0308	0.6561187259945024	63.0	True	
Stat5a	Masopust_054_A:A0312	0.6576715210255583	60.0	True	
Stat5a	Masopust_054_A:A0311	0.6561187259945024	61.0	True	
Stat5a	Masopust_054_B:A0311	0.6561187259945024	61.0	True	
Stat5a	Masopust_054_B:A0312	0.6561187259945024	62.0	True	
Stat5a	Masopust_054_C:A0313	0.6561187259945024	61.0	True	
Stat5a	Masopust_054_C:A0312	0.6561187259945024	62.0	True	
Stat5a	Masopust_054_C:A0311	0.6561187259945024	63.0	True	
Stat5a	Masopust_054_D:A0311	0.6576715210255583	60.0	True	
Stat5a	Masopust_054_D:A0312	0.6561187259945024	61.0	True	
Stat5a	Masopust_054_D:A0313	0.6561187259945024	62.0	True	
Stat5a	Masopust_054_E:A0311	0.6561187259945024	61.0	True	
Ctse	Masopust_053_1a:A0310	0.656047368780288	62.0	True	
Ctse	Masopust_053_1a:A0307	0.656047368780288	63.0	True	
Ctse	Masopust_053_1a:A0309	0.656047368780288	63.0	True	
Ctse	Masopust_053_1a:A0311	0.656047368780288	62.0	True	
Ctse	Masopust_053_1a:A0312	0.656047368780288	62.0	True	
Ctse	Masopust_053_1a:A0308	0.656047368780288	63.0	True	
Ctse	Masopust_053_1b:A0307	0.656047368780288	63.0	True	
Ctse	Masopust_053_1b:A0309	0.656047368780288	62.0	True	
Ctse	Masopust_053_1b:A0312	0.656047368780288	62.0	True	
Ctse	Masopust_053_1b:A0310	0.656047368780288	63.0	True	
Ctse	Masopust_053_1b:A0311	0.656047368780288	62.0	True	
Ctse	Masopust_053_1b:A0308	0.6576001638113439	61.0	True	
Ctse	Masopust_053_2a:A0307	0.656047368780288	62.0	True	
Ctse	Masopust_053_2a:A0310	0.6576001638113439	61.0	True	
Ctse	Masopust_053_2a:A0308	0.656047368780288	62.0	True	
Ctse	Masopust_053_2a:A0312	0.656047368780288	63.0	True	
Ctse	Masopust_053_2a:A0311	0.6576001638113439	61.0	True	
Ctse	Masopust_053_2a:A0309	0.6576001638113439	62.0	True	
Ctse	Masopust_053_2b:A0308	0.656047368780288	62.0	True	
Ctse	Masopust_053_2b:A0310	0.656047368780288	64.0	True	
Ctse	Masopust_053_2b:A0307	0.656047368780288	62.0	True	
Ctse	Masopust_053_2b:A0309	0.6576001638113439	60.0	True	
Ctse	Masopust_053_2b:A0312	0.656047368780288	62.0	True	
Ctse	Masopust_053_2b:A0311	0.656047368780288	63.0	True	
Ctse	Masopust_053_3a:A0307	0.656047368780288	62.0	True	
Ctse	Masopust_053_3a:A0311	0.6576001638113439	61.0	True	
Ctse	Masopust_053_3a:A0310	0.656047368780288	62.0	True	
Ctse	Masopust_053_3a:A0308	0.656047368780288	63.0	True	
Ctse	Masopust_053_3a:A0309	0.6576001638113439	62.0	True	
Ctse	Masopust_053_3b:A0308	0.6576001638113439	61.0	True	
Ctse	Masopust_053_3b:A0311	0.6576001638113439	61.0	True	
Ctse	Masopust_053_3b:A0310	0.656047368780288	63.0	True	
Ctse	Masopust_053_3b:A0309	0.6576001638113439	60.0	True	
Ctse	Masopust_053_3b:A0307	0.6576001638113439	61.0	True	
Ctse	Masopust_053_6a:A0308	0.656047368780288	64.0	True	
Ctse	Masopust_053_6b:A0308	0.6576001638113439	60.0	True	
Ctse	Masopust_054_A:A0312	0.656047368780288	62.0	True	
Ctse	Masopust_054_A:A0311	0.656047368780288	63.0	True	
Ctse	Masopust_054_B:A0311	0.656047368780288	62.0	True	
Ctse	Masopust_054_B:A0312	0.6576001638113439	61.0	True	
Ctse	Masopust_054_C:A0313	0.656047368780288	62.0	True	
Ctse	Masopust_054_C:A0312	0.656047368780288	63.0	True	
Ctse	Masopust_054_C:A0311	0.6576001638113439	61.0	True	
Ctse	Masopust_054_D:A0311	0.656047368780288	62.0	True	
Ctse	Masopust_054_D:A0312	0.656047368780288	62.0	True	
Ctse	Masopust_054_D:A0313	0.656047368780288	64.0	True	
Ctse	Masopust_054_E:A0311	0.656047368780288	62.0	True	
Eya2	Masopust_053_1a:A0310	0.6547816295203054	64.0	True	
Eya2	Masopust_053_1a:A0307	0.656523789799051	61.0	True	
Eya2	Masopust_053_1a:A0311	0.6547816295203054	64.0	True	
Eya2	Masopust_053_1a:A0312	0.6547816295203054	65.0	True	
Eya2	Masopust_053_1a:A0308	0.6547816295203054	65.0	True	
Eya2	Masopust_053_1b:A0307	0.656523789799051	60.0	True	
Eya2	Masopust_053_1b:A0312	0.6547816295203054	63.0	True	
Eya2	Masopust_053_1b:A0310	0.656523789799051	60.0	True	
Eya2	Masopust_053_1b:A0311	0.6547816295203054	63.0	True	
Eya2	Masopust_053_2a:A0307	0.6547816295203054	64.0	True	
Eya2	Masopust_053_2a:A0310	0.656523789799051	62.0	True	
Eya2	Masopust_053_2a:A0308	0.6547816295203054	64.0	True	
Eya2	Masopust_053_2a:A0312	0.656523789799051	60.0	True	
Eya2	Masopust_053_2a:A0309	0.6547816295203054	64.0	True	
Eya2	Masopust_053_2b:A0308	0.6547816295203054	64.0	True	
Eya2	Masopust_053_2b:A0310	0.656523789799051	62.0	True	
Eya2	Masopust_053_2b:A0307	0.6547816295203054	64.0	True	
Eya2	Masopust_053_2b:A0309	0.6547816295203054	65.0	True	
Eya2	Masopust_053_2b:A0312	0.6547816295203054	64.0	True	
Eya2	Masopust_053_3a:A0307	0.6547816295203054	64.0	True	
Eya2	Masopust_053_3a:A0311	0.6547816295203054	63.0	True	
Eya2	Masopust_053_3a:A0310	0.6547816295203054	63.0	True	
Eya2	Masopust_053_3a:A0308	0.6547816295203054	66.0	True	
Eya2	Masopust_053_3a:A0309	0.6547816295203054	65.0	True	
Eya2	Masopust_053_3b:A0308	0.656523789799051	62.0	True	
Eya2	Masopust_053_3b:A0311	0.6547816295203054	63.0	True	
Eya2	Masopust_053_3b:A0310	0.6547816295203054	64.0	True	
Eya2	Masopust_053_3b:A0309	0.656523789799051	61.0	True	
Eya2	Masopust_053_3b:A0307	0.6547816295203054	63.0	True	
Eya2	Masopust_053_6a:A0308	0.656523789799051	60.0	True	
Eya2	Masopust_053_6b:A0308	0.656523789799051	61.0	True	
Eya2	Masopust_054_A:A0312	0.6547816295203054	63.0	True	
Eya2	Masopust_054_A:A0311	0.6547816295203054	64.0	True	
Eya2	Masopust_054_B:A0311	0.6547816295203054	64.0	True	
Eya2	Masopust_054_B:A0312	0.6547816295203054	64.0	True	
Eya2	Masopust_054_C:A0313	0.6547816295203054	63.0	True	
Eya2	Masopust_054_C:A0312	0.656523789799051	61.0	True	
Eya2	Masopust_054_C:A0311	0.656523789799051	62.0	True	
Eya2	Masopust_054_D:A0311	0.6547816295203054	64.0	True	
Eya2	Masopust_054_D:A0312	0.6547816295203054	66.0	True	
Eya2	Masopust_054_D:A0313	0.656523789799051	60.0	True	
Eya2	Masopust_054_E:A0311	0.6547816295203054	63.0	True	
Gm2245	Masopust_053_1a:A0310	0.6554051538523588	63.0	True	
Gm2245	Masopust_053_1a:A0307	0.6538523588213029	66.0	True	
Gm2245	Masopust_053_1a:A0309	0.6538523588213029	66.0	True	
Gm2245	Masopust_053_1a:A0311	0.6554051538523588	63.0	True	
Gm2245	Masopust_053_1a:A0312	0.6554051538523588	63.0	True	
Gm2245	Masopust_053_1a:A0308	0.6538523588213029	66.0	True	
Gm2245	Masopust_053_1b:A0307	0.6554051538523588	65.0	True	
Gm2245	Masopust_053_1b:A0309	0.6554051538523588	63.0	True	
Gm2245	Masopust_053_1b:A0312	0.6538523588213029	66.0	True	
Gm2245	Masopust_053_1b:A0310	0.6538523588213029	66.0	True	
Gm2245	Masopust_053_1b:A0311	0.6538523588213029	66.0	True	
Gm2245	Masopust_053_1b:A0308	0.6554051538523588	63.0	True	
Gm2245	Masopust_053_2a:A0307	0.6554051538523588	63.0	True	
Gm2245	Masopust_053_2a:A0310	0.6554051538523588	64.0	True	
Gm2245	Masopust_053_2a:A0308	0.6554051538523588	63.0	True	
Gm2245	Masopust_053_2a:A0312	0.6538523588213029	67.0	True	
Gm2245	Masopust_053_2a:A0311	0.6538523588213029	66.0	True	
Gm2245	Masopust_053_2a:A0309	0.6538523588213029	67.0	True	
Gm2245	Masopust_053_2b:A0308	0.6538523588213029	67.0	True	
Gm2245	Masopust_053_2b:A0310	0.6538523588213029	66.0	True	
Gm2245	Masopust_053_2b:A0307	0.6538523588213029	66.0	True	
Gm2245	Masopust_053_2b:A0309	0.6538523588213029	67.0	True	
Gm2245	Masopust_053_2b:A0312	0.6538523588213029	66.0	True	
Gm2245	Masopust_053_2b:A0311	0.6538523588213029	66.0	True	
Gm2245	Masopust_053_3a:A0307	0.6554051538523588	63.0	True	
Gm2245	Masopust_053_3a:A0311	0.6538523588213029	66.0	True	
Gm2245	Masopust_053_3a:A0310	0.6538523588213029	66.0	True	
Gm2245	Masopust_053_3a:A0308	0.6554051538523588	64.0	True	
Gm2245	Masopust_053_3a:A0309	0.6538523588213029	67.0	True	
Gm2245	Masopust_053_3b:A0308	0.6538523588213029	67.0	True	
Gm2245	Masopust_053_3b:A0311	0.6538523588213029	66.0	True	
Gm2245	Masopust_053_3b:A0310	0.6538523588213029	66.0	True	
Gm2245	Masopust_053_3b:A0309	0.6538523588213029	66.0	True	
Gm2245	Masopust_053_3b:A0307	0.6538523588213029	66.0	True	
Gm2245	Masopust_053_6a:A0308	0.6554051538523588	65.0	True	
Gm2245	Masopust_053_6b:A0308	0.6538523588213029	67.0	True	
Gm2245	Masopust_054_A:A0312	0.6538523588213029	66.0	True	
Gm2245	Masopust_054_A:A0311	0.6538523588213029	66.0	True	
Gm2245	Masopust_054_B:A0311	0.6538523588213029	66.0	True	
Gm2245	Masopust_054_B:A0312	0.6538523588213029	66.0	True	
Gm2245	Masopust_054_C:A0313	0.6538523588213029	66.0	True	
Gm2245	Masopust_054_C:A0312	0.6538523588213029	66.0	True	
Gm2245	Masopust_054_C:A0311	0.6538523588213029	67.0	True	
Gm2245	Masopust_054_D:A0311	0.6554051538523588	63.0	True	
Gm2245	Masopust_054_D:A0312	0.6554051538523588	64.0	True	
Gm2245	Masopust_054_D:A0313	0.6554051538523588	65.0	True	
Gm2245	Masopust_054_E:A0311	0.6538523588213029	66.0	True	
1700025G04Rik	Masopust_053_1a:A0310	0.6534955727502311	67.0	True	
1700025G04Rik	Masopust_053_1a:A0307	0.6534955727502311	67.0	True	
1700025G04Rik	Masopust_053_1a:A0309	0.6534955727502311	67.0	True	
1700025G04Rik	Masopust_053_1a:A0311	0.6534955727502311	67.0	True	
1700025G04Rik	Masopust_053_1a:A0312	0.655048367781287	64.0	True	
1700025G04Rik	Masopust_053_1a:A0308	0.6534955727502311	67.0	True	
1700025G04Rik	Masopust_053_1b:A0307	0.6534955727502311	67.0	True	
1700025G04Rik	Masopust_053_1b:A0309	0.6534955727502311	67.0	True	
1700025G04Rik	Masopust_053_1b:A0312	0.6534955727502311	67.0	True	
1700025G04Rik	Masopust_053_1b:A0310	0.6534955727502311	67.0	True	
1700025G04Rik	Masopust_053_1b:A0311	0.6534955727502311	67.0	True	
1700025G04Rik	Masopust_053_1b:A0308	0.655048367781287	65.0	True	
1700025G04Rik	Masopust_053_2a:A0307	0.6534955727502311	67.0	True	
1700025G04Rik	Masopust_053_2a:A0310	0.655048367781287	65.0	True	
1700025G04Rik	Masopust_053_2a:A0308	0.6534955727502311	67.0	True	
1700025G04Rik	Masopust_053_2a:A0312	0.655048367781287	65.0	True	
1700025G04Rik	Masopust_053_2a:A0311	0.6534955727502311	67.0	True	
1700025G04Rik	Masopust_053_2a:A0309	0.655048367781287	63.0	True	
1700025G04Rik	Masopust_053_2b:A0308	0.655048367781287	63.0	True	
1700025G04Rik	Masopust_053_2b:A0310	0.6534955727502311	67.0	True	
1700025G04Rik	Masopust_053_2b:A0307	0.6534955727502311	67.0	True	
1700025G04Rik	Masopust_053_2b:A0309	0.655048367781287	64.0	True	
1700025G04Rik	Masopust_053_2b:A0312	0.6534955727502311	67.0	True	
1700025G04Rik	Masopust_053_2b:A0311	0.6534955727502311	67.0	True	
1700025G04Rik	Masopust_053_3a:A0307	0.6534955727502311	67.0	True	
1700025G04Rik	Masopust_053_3a:A0311	0.6534955727502311	67.0	True	
1700025G04Rik	Masopust_053_3a:A0310	0.6534955727502311	67.0	True	
1700025G04Rik	Masopust_053_3a:A0308	0.655048367781287	65.0	True	
1700025G04Rik	Masopust_053_3a:A0309	0.655048367781287	64.0	True	
1700025G04Rik	Masopust_053_3b:A0308	0.655048367781287	66.0	True	
1700025G04Rik	Masopust_053_3b:A0311	0.6534955727502311	67.0	True	
1700025G04Rik	Masopust_053_3b:A0310	0.6534955727502311	67.0	True	
1700025G04Rik	Masopust_053_3b:A0309	0.6534955727502311	67.0	True	
1700025G04Rik	Masopust_053_3b:A0307	0.6534955727502311	67.0	True	
1700025G04Rik	Masopust_053_6a:A0308	0.655048367781287	66.0	True	
1700025G04Rik	Masopust_053_6b:A0308	0.655048367781287	65.0	True	
1700025G04Rik	Masopust_054_A:A0312	0.6534955727502311	67.0	True	
1700025G04Rik	Masopust_054_A:A0311	0.6534955727502311	67.0	True	
1700025G04Rik	Masopust_054_B:A0311	0.6534955727502311	67.0	True	
1700025G04Rik	Masopust_054_B:A0312	0.6534955727502311	67.0	True	
1700025G04Rik	Masopust_054_C:A0313	0.6534955727502311	67.0	True	
1700025G04Rik	Masopust_054_C:A0312	0.6534955727502311	67.0	True	
1700025G04Rik	Masopust_054_C:A0311	0.655048367781287	65.0	True	
1700025G04Rik	Masopust_054_D:A0311	0.6534955727502311	67.0	True	
1700025G04Rik	Masopust_054_D:A0312	0.655048367781287	65.0	True	
1700025G04Rik	Masopust_054_D:A0313	0.655048367781287	66.0	True	
1700025G04Rik	Masopust_054_E:A0311	0.6534955727502311	67.0	True	
Gab3	Masopust_053_1a:A0310	0.6538539857355189	66.0	True	
Gab3	Masopust_053_1a:A0307	0.6555961460142645	64.0	True	
Gab3	Masopust_053_1a:A0311	0.6538539857355189	66.0	True	
Gab3	Masopust_053_1a:A0312	0.6538539857355189	67.0	True	
Gab3	Masopust_053_1a:A0308	0.6555961460142645	64.0	True	
Gab3	Masopust_053_1b:A0307	0.6555961460142645	64.0	True	
Gab3	Masopust_053_1b:A0312	0.6538539857355189	65.0	True	
Gab3	Masopust_053_1b:A0310	0.6538539857355189	65.0	True	
Gab3	Masopust_053_1b:A0311	0.6538539857355189	65.0	True	
Gab3	Masopust_053_2a:A0307	0.6538539857355189	66.0	True	
Gab3	Masopust_053_2a:A0310	0.6538539857355189	67.0	True	
Gab3	Masopust_053_2a:A0308	0.6538539857355189	66.0	True	
Gab3	Masopust_053_2a:A0312	0.6555961460142645	64.0	True	
Gab3	Masopust_053_2a:A0309	0.6538539857355189	66.0	True	
Gab3	Masopust_053_2b:A0308	0.6538539857355189	66.0	True	
Gab3	Masopust_053_2b:A0310	0.6555961460142645	65.0	True	
Gab3	Masopust_053_2b:A0307	0.6555961460142645	63.0	True	
Gab3	Masopust_053_2b:A0309	0.6538539857355189	66.0	True	
Gab3	Masopust_053_2b:A0312	0.6555961460142645	63.0	True	
Gab3	Masopust_053_3a:A0307	0.6538539857355189	66.0	True	
Gab3	Masopust_053_3a:A0311	0.6538539857355189	65.0	True	
Gab3	Masopust_053_3a:A0310	0.6538539857355189	65.0	True	
Gab3	Masopust_053_3a:A0308	0.6538539857355189	67.0	True	
Gab3	Masopust_053_3a:A0309	0.6538539857355189	66.0	True	
Gab3	Masopust_053_3b:A0308	0.6555961460142645	65.0	True	
Gab3	Masopust_053_3b:A0311	0.6538539857355189	65.0	True	
Gab3	Masopust_053_3b:A0310	0.6538539857355189	65.0	True	
Gab3	Masopust_053_3b:A0309	0.6555961460142645	64.0	True	
Gab3	Masopust_053_3b:A0307	0.6538539857355189	65.0	True	
Gab3	Masopust_053_6a:A0308	0.6538539857355189	67.0	True	
Gab3	Masopust_053_6b:A0308	0.6538539857355189	66.0	True	
Gab3	Masopust_054_A:A0312	0.6538539857355189	65.0	True	
Gab3	Masopust_054_A:A0311	0.6538539857355189	65.0	True	
Gab3	Masopust_054_B:A0311	0.6555961460142645	63.0	True	
Gab3	Masopust_054_B:A0312	0.6555961460142645	63.0	True	
Gab3	Masopust_054_C:A0313	0.6538539857355189	65.0	True	
Gab3	Masopust_054_C:A0312	0.6555961460142645	64.0	True	
Gab3	Masopust_054_C:A0311	0.6538539857355189	66.0	True	
Gab3	Masopust_054_D:A0311	0.6538539857355189	66.0	True	
Gab3	Masopust_054_D:A0312	0.6555961460142645	63.0	True	
Gab3	Masopust_054_D:A0313	0.6538539857355189	67.0	True	
Gab3	Masopust_054_E:A0311	0.6538539857355189	65.0	True	
A430078G23Rik	Masopust_053_1a:A0310	0.6511841816719866	68.0	True	
A430078G23Rik	Masopust_053_1a:A0307	0.6511841816719866	68.0	True	
A430078G23Rik	Masopust_053_1a:A0311	0.6529263419507323	68.0	True	
A430078G23Rik	Masopust_053_1a:A0312	0.6529263419507323	68.0	True	
A430078G23Rik	Masopust_053_1a:A0308	0.6511841816719866	68.0	True	
A430078G23Rik	Masopust_053_1b:A0307	0.6529263419507323	68.0	True	
A430078G23Rik	Masopust_053_1b:A0312	0.6511841816719866	70.0	True	
A430078G23Rik	Masopust_053_1b:A0310	0.6511841816719866	69.0	True	
A430078G23Rik	Masopust_053_1b:A0311	0.6511841816719866	69.0	True	
A430078G23Rik	Masopust_053_2a:A0307	0.6511841816719866	69.0	True	
A430078G23Rik	Masopust_053_2a:A0310	0.6511841816719866	69.0	True	
A430078G23Rik	Masopust_053_2a:A0308	0.6511841816719866	69.0	True	
A430078G23Rik	Masopust_053_2a:A0312	0.6529263419507323	68.0	True	
A430078G23Rik	Masopust_053_2a:A0309	0.6529263419507323	68.0	True	
A430078G23Rik	Masopust_053_2b:A0308	0.6511841816719866	69.0	True	
A430078G23Rik	Masopust_053_2b:A0310	0.6529263419507323	68.0	True	
A430078G23Rik	Masopust_053_2b:A0307	0.6529263419507323	68.0	True	
A430078G23Rik	Masopust_053_2b:A0309	0.6529263419507323	68.0	True	
A430078G23Rik	Masopust_053_2b:A0312	0.6511841816719866	70.0	True	
A430078G23Rik	Masopust_053_3a:A0307	0.6511841816719866	70.0	True	
A430078G23Rik	Masopust_053_3a:A0311	0.6511841816719866	68.0	True	
A430078G23Rik	Masopust_053_3a:A0310	0.6511841816719866	68.0	True	
A430078G23Rik	Masopust_053_3a:A0308	0.6511841816719866	68.0	True	
A430078G23Rik	Masopust_053_3a:A0309	0.6511841816719866	68.0	True	
A430078G23Rik	Masopust_053_3b:A0308	0.6529263419507323	68.0	True	
A430078G23Rik	Masopust_053_3b:A0311	0.6511841816719866	68.0	True	
A430078G23Rik	Masopust_053_3b:A0310	0.6511841816719866	69.0	True	
A430078G23Rik	Masopust_053_3b:A0309	0.6511841816719866	68.0	True	
A430078G23Rik	Masopust_053_3b:A0307	0.6511841816719866	70.0	True	
A430078G23Rik	Masopust_053_6a:A0308	0.6511841816719866	68.0	True	
A430078G23Rik	Masopust_053_6b:A0308	0.6529263419507323	68.0	True	
A430078G23Rik	Masopust_054_A:A0312	0.6511841816719866	69.0	True	
A430078G23Rik	Masopust_054_A:A0311	0.6511841816719866	68.0	True	
A430078G23Rik	Masopust_054_B:A0311	0.6529263419507323	68.0	True	
A430078G23Rik	Masopust_054_B:A0312	0.6529263419507323	68.0	True	
A430078G23Rik	Masopust_054_C:A0313	0.6529263419507323	68.0	True	
A430078G23Rik	Masopust_054_C:A0312	0.6511841816719866	69.0	True	
A430078G23Rik	Masopust_054_C:A0311	0.6529263419507323	68.0	True	
A430078G23Rik	Masopust_054_D:A0311	0.6511841816719866	69.0	True	
A430078G23Rik	Masopust_054_D:A0312	0.6511841816719866	68.0	True	
A430078G23Rik	Masopust_054_D:A0313	0.6511841816719866	69.0	True	
A430078G23Rik	Masopust_054_E:A0311	0.6511841816719866	68.0	True	
Fchsd2	Masopust_053_1a:A0310	0.6505869906491025	69.0	True	
Fchsd2	Masopust_053_1a:A0307	0.6505869906491025	69.0	True	
Fchsd2	Masopust_053_1a:A0309	0.6505869906491025	70.0	True	
Fchsd2	Masopust_053_1a:A0311	0.6505869906491025	70.0	True	
Fchsd2	Masopust_053_1a:A0312	0.6505869906491025	70.0	True	
Fchsd2	Masopust_053_1a:A0308	0.6505869906491025	69.0	True	
Fchsd2	Masopust_053_1b:A0307	0.6521397856801584	69.0	True	
Fchsd2	Masopust_053_1b:A0309	0.6505869906491025	69.0	True	
Fchsd2	Masopust_053_1b:A0312	0.6521397856801584	68.0	True	
Fchsd2	Masopust_053_1b:A0310	0.6521397856801584	68.0	True	
Fchsd2	Masopust_053_1b:A0311	0.6521397856801584	68.0	True	
Fchsd2	Masopust_053_1b:A0308	0.6521397856801584	68.0	True	
Fchsd2	Masopust_053_2a:A0307	0.6521397856801584	68.0	True	
Fchsd2	Masopust_053_2a:A0310	0.6521397856801584	68.0	True	
Fchsd2	Masopust_053_2a:A0308	0.6521397856801584	68.0	True	
Fchsd2	Masopust_053_2a:A0312	0.6505869906491025	69.0	True	
Fchsd2	Masopust_053_2a:A0311	0.6505869906491025	70.0	True	
Fchsd2	Masopust_053_2a:A0309	0.6505869906491025	69.0	True	
Fchsd2	Masopust_053_2b:A0308	0.6505869906491025	70.0	True	
Fchsd2	Masopust_053_2b:A0310	0.6505869906491025	69.0	True	
Fchsd2	Masopust_053_2b:A0307	0.6505869906491025	70.0	True	
Fchsd2	Masopust_053_2b:A0309	0.6521397856801584	69.0	True	
Fchsd2	Masopust_053_2b:A0312	0.6521397856801584	68.0	True	
Fchsd2	Masopust_053_2b:A0311	0.6521397856801584	68.0	True	
Fchsd2	Masopust_053_3a:A0307	0.6521397856801584	68.0	True	
Fchsd2	Masopust_053_3a:A0311	0.6505869906491025	69.0	True	
Fchsd2	Masopust_053_3a:A0310	0.6505869906491025	69.0	True	
Fchsd2	Masopust_053_3a:A0308	0.6505869906491025	69.0	True	
Fchsd2	Masopust_053_3a:A0309	0.6505869906491025	69.0	True	
Fchsd2	Masopust_053_3b:A0308	0.6505869906491025	69.0	True	
Fchsd2	Masopust_053_3b:A0311	0.6505869906491025	69.0	True	
Fchsd2	Masopust_053_3b:A0310	0.6505869906491025	70.0	True	
Fchsd2	Masopust_053_3b:A0309	0.6505869906491025	69.0	True	
Fchsd2	Masopust_053_3b:A0307	0.6521397856801584	68.0	True	
Fchsd2	Masopust_053_6a:A0308	0.6505869906491025	69.0	True	
Fchsd2	Masopust_053_6b:A0308	0.6505869906491025	69.0	True	
Fchsd2	Masopust_054_A:A0312	0.6505869906491025	70.0	True	
Fchsd2	Masopust_054_A:A0311	0.6505869906491025	69.0	True	
Fchsd2	Masopust_054_B:A0311	0.6505869906491025	69.0	True	
Fchsd2	Masopust_054_B:A0312	0.6505869906491025	69.0	True	
Fchsd2	Masopust_054_C:A0313	0.6521397856801584	69.0	True	
Fchsd2	Masopust_054_C:A0312	0.6505869906491025	70.0	True	
Fchsd2	Masopust_054_C:A0311	0.6505869906491025	70.0	True	
Fchsd2	Masopust_054_D:A0311	0.6521397856801584	68.0	True	
Fchsd2	Masopust_054_D:A0312	0.6505869906491025	69.0	True	
Fchsd2	Masopust_054_D:A0313	0.6521397856801584	68.0	True	
Fchsd2	Masopust_054_E:A0311	0.6505869906491025	69.0	True	
Cenpa	Masopust_053_1a:A0310	0.6504442762206738	70.0	True	
Cenpa	Masopust_053_1a:A0307	0.6504442762206738	70.0	True	
Cenpa	Masopust_053_1a:A0309	0.6519970712517296	68.0	True	
Cenpa	Masopust_053_1a:A0311	0.6519970712517296	69.0	True	
Cenpa	Masopust_053_1a:A0312	0.6519970712517296	69.0	True	
Cenpa	Masopust_053_1a:A0308	0.6504442762206738	70.0	True	
Cenpa	Masopust_053_1b:A0307	0.6504442762206738	70.0	True	
Cenpa	Masopust_053_1b:A0309	0.6504442762206738	70.0	True	
Cenpa	Masopust_053_1b:A0312	0.6519970712517296	69.0	True	
Cenpa	Masopust_053_1b:A0310	0.6504442762206738	70.0	True	
Cenpa	Masopust_053_1b:A0311	0.6504442762206738	70.0	True	
Cenpa	Masopust_053_1b:A0308	0.6504442762206738	70.0	True	
Cenpa	Masopust_053_2a:A0307	0.6504442762206738	70.0	True	
Cenpa	Masopust_053_2a:A0310	0.6504442762206738	70.0	True	
Cenpa	Masopust_053_2a:A0308	0.6504442762206738	70.0	True	
Cenpa	Masopust_053_2a:A0312	0.6504442762206738	70.0	True	
Cenpa	Masopust_053_2a:A0311	0.6519970712517296	68.0	True	
Cenpa	Masopust_053_2a:A0309	0.6504442762206738	70.0	True	
Cenpa	Masopust_053_2b:A0308	0.6519970712517296	68.0	True	
Cenpa	Masopust_053_2b:A0310	0.6504442762206738	70.0	True	
Cenpa	Masopust_053_2b:A0307	0.6519970712517296	69.0	True	
Cenpa	Masopust_053_2b:A0309	0.6519970712517296	70.0	True	
Cenpa	Masopust_053_2b:A0312	0.6519970712517296	69.0	True	
Cenpa	Masopust_053_2b:A0311	0.6519970712517296	69.0	True	
Cenpa	Masopust_053_3a:A0307	0.6519970712517296	69.0	True	
Cenpa	Masopust_053_3a:A0311	0.6504442762206738	70.0	True	
Cenpa	Masopust_053_3a:A0310	0.6504442762206738	70.0	True	
Cenpa	Masopust_053_3a:A0308	0.6504442762206738	70.0	True	
Cenpa	Masopust_053_3a:A0309	0.6504442762206738	70.0	True	
Cenpa	Masopust_053_3b:A0308	0.6504442762206738	70.0	True	
Cenpa	Masopust_053_3b:A0311	0.6504442762206738	70.0	True	
Cenpa	Masopust_053_3b:A0310	0.6519970712517296	68.0	True	
Cenpa	Masopust_053_3b:A0309	0.6504442762206738	70.0	True	
Cenpa	Masopust_053_3b:A0307	0.6519970712517296	69.0	True	
Cenpa	Masopust_053_6a:A0308	0.6504442762206738	70.0	True	
Cenpa	Masopust_053_6b:A0308	0.6504442762206738	70.0	True	
Cenpa	Masopust_054_A:A0312	0.6519970712517296	68.0	True	
Cenpa	Masopust_054_A:A0311	0.6504442762206738	70.0	True	
Cenpa	Masopust_054_B:A0311	0.6504442762206738	70.0	True	
Cenpa	Masopust_054_B:A0312	0.6504442762206738	70.0	True	
Cenpa	Masopust_054_C:A0313	0.6504442762206738	70.0	True	
Cenpa	Masopust_054_C:A0312	0.6519970712517296	68.0	True	
Cenpa	Masopust_054_C:A0311	0.6519970712517296	69.0	True	
Cenpa	Masopust_054_D:A0311	0.6504442762206738	70.0	True	
Cenpa	Masopust_054_D:A0312	0.6504442762206738	70.0	True	
Cenpa	Masopust_054_D:A0313	0.6504442762206738	70.0	True	
Cenpa	Masopust_054_E:A0311	0.6504442762206738	70.0	True	
Arhgef18	Masopust_053_1a:A0310	0.6458231209784004	71.0	True	
Arhgef18	Masopust_053_1a:A0307	0.6458231209784004	71.0	True	
Arhgef18	Masopust_053_1a:A0309	0.6458231209784004	71.0	True	
Arhgef18	Masopust_053_1a:A0311	0.6458231209784004	71.0	True	
Arhgef18	Masopust_053_1a:A0312	0.6473759160094564	71.0	True	
Arhgef18	Masopust_053_1a:A0308	0.6458231209784004	71.0	True	
Arhgef18	Masopust_053_1b:A0307	0.6458231209784004	71.0	True	
Arhgef18	Masopust_053_1b:A0309	0.6458231209784004	71.0	True	
Arhgef18	Masopust_053_1b:A0312	0.6458231209784004	71.0	True	
Arhgef18	Masopust_053_1b:A0310	0.6458231209784004	71.0	True	
Arhgef18	Masopust_053_1b:A0311	0.6458231209784004	71.0	True	
Arhgef18	Masopust_053_1b:A0308	0.6458231209784004	71.0	True	
Arhgef18	Masopust_053_2a:A0307	0.6458231209784004	71.0	True	
Arhgef18	Masopust_053_2a:A0310	0.6458231209784004	71.0	True	
Arhgef18	Masopust_053_2a:A0308	0.6473759160094564	71.0	True	
Arhgef18	Masopust_053_2a:A0312	0.6458231209784004	71.0	True	
Arhgef18	Masopust_053_2a:A0311	0.6458231209784004	71.0	True	
Arhgef18	Masopust_053_2a:A0309	0.6458231209784004	71.0	True	
Arhgef18	Masopust_053_2b:A0308	0.6473759160094564	71.0	True	
Arhgef18	Masopust_053_2b:A0310	0.6473759160094564	71.0	True	
Arhgef18	Masopust_053_2b:A0307	0.6458231209784004	71.0	True	
Arhgef18	Masopust_053_2b:A0309	0.6473759160094564	71.0	True	
Arhgef18	Masopust_053_2b:A0312	0.6458231209784004	71.0	True	
Arhgef18	Masopust_053_2b:A0311	0.6473759160094564	71.0	True	
Arhgef18	Masopust_053_3a:A0307	0.6473759160094564	71.0	True	
Arhgef18	Masopust_053_3a:A0311	0.6458231209784004	71.0	True	
Arhgef18	Masopust_053_3a:A0310	0.6473759160094564	71.0	True	
Arhgef18	Masopust_053_3a:A0308	0.6473759160094564	71.0	True	
Arhgef18	Masopust_053_3a:A0309	0.6473759160094564	71.0	True	
Arhgef18	Masopust_053_3b:A0308	0.6473759160094564	71.0	True	
Arhgef18	Masopust_053_3b:A0311	0.6473759160094564	71.0	True	
Arhgef18	Masopust_053_3b:A0310	0.6458231209784004	71.0	True	
Arhgef18	Masopust_053_3b:A0309	0.6473759160094564	71.0	True	
Arhgef18	Masopust_053_3b:A0307	0.6458231209784004	71.0	True	
Arhgef18	Masopust_053_6a:A0308	0.6458231209784004	71.0	True	
Arhgef18	Masopust_053_6b:A0308	0.6473759160094564	71.0	True	
Arhgef18	Masopust_054_A:A0312	0.6458231209784004	71.0	True	
Arhgef18	Masopust_054_A:A0311	0.6458231209784004	71.0	True	
Arhgef18	Masopust_054_B:A0311	0.6473759160094564	71.0	True	
Arhgef18	Masopust_054_B:A0312	0.6458231209784004	71.0	True	
Arhgef18	Masopust_054_C:A0313	0.6458231209784004	71.0	True	
Arhgef18	Masopust_054_C:A0312	0.6458231209784004	71.0	True	
Arhgef18	Masopust_054_C:A0311	0.6473759160094564	71.0	True	
Arhgef18	Masopust_054_D:A0311	0.6458231209784004	71.0	True	
Arhgef18	Masopust_054_D:A0312	0.6458231209784004	71.0	True	
Arhgef18	Masopust_054_D:A0313	0.6473759160094564	71.0	True	
Arhgef18	Masopust_054_E:A0311	0.6458231209784004	71.0	True	
Satb1	Masopust_053_1a:A0310	0.6285379225717425	73.0	True	
Satb1	Masopust_053_1a:A0307	0.6267957622929969	73.0	True	
Satb1	Masopust_053_1a:A0311	0.6285379225717425	73.0	True	
Satb1	Masopust_053_1a:A0312	0.6267957622929969	73.0	True	
Satb1	Masopust_053_1a:A0308	0.6267957622929969	73.0	True	
Satb1	Masopust_053_1b:A0307	0.6267957622929969	73.0	True	
Satb1	Masopust_053_1b:A0312	0.6285379225717425	73.0	True	
Satb1	Masopust_053_1b:A0310	0.6267957622929969	73.0	True	
Satb1	Masopust_053_1b:A0311	0.6267957622929969	73.0	True	
Satb1	Masopust_053_2a:A0307	0.6267957622929969	73.0	True	
Satb1	Masopust_053_2a:A0310	0.6267957622929969	73.0	True	
Satb1	Masopust_053_2a:A0308	0.6267957622929969	73.0	True	
Satb1	Masopust_053_2a:A0312	0.6285379225717425	73.0	True	
Satb1	Masopust_053_2a:A0309	0.6267957622929969	73.0	True	
Satb1	Masopust_053_2b:A0308	0.6267957622929969	73.0	True	
Satb1	Masopust_053_2b:A0310	0.6267957622929969	73.0	True	
Satb1	Masopust_053_2b:A0307	0.6267957622929969	73.0	True	
Satb1	Masopust_053_2b:A0309	0.6267957622929969	73.0	True	
Satb1	Masopust_053_2b:A0312	0.6285379225717425	73.0	True	
Satb1	Masopust_053_3a:A0307	0.6285379225717425	73.0	True	
Satb1	Masopust_053_3a:A0311	0.6267957622929969	73.0	True	
Satb1	Masopust_053_3a:A0310	0.6285379225717425	73.0	True	
Satb1	Masopust_053_3a:A0308	0.6267957622929969	73.0	True	
Satb1	Masopust_053_3a:A0309	0.6267957622929969	73.0	True	
Satb1	Masopust_053_3b:A0308	0.6267957622929969	73.0	True	
Satb1	Masopust_053_3b:A0311	0.6285379225717425	73.0	True	
Satb1	Masopust_053_3b:A0310	0.6267957622929969	73.0	True	
Satb1	Masopust_053_3b:A0309	0.6267957622929969	73.0	True	
Satb1	Masopust_053_3b:A0307	0.6285379225717425	73.0	True	
Satb1	Masopust_053_6a:A0308	0.6267957622929969	73.0	True	
Satb1	Masopust_053_6b:A0308	0.6267957622929969	73.0	True	
Satb1	Masopust_054_A:A0312	0.6285379225717425	73.0	True	
Satb1	Masopust_054_A:A0311	0.6267957622929969	73.0	True	
Satb1	Masopust_054_B:A0311	0.6267957622929969	73.0	True	
Satb1	Masopust_054_B:A0312	0.6267957622929969	73.0	True	
Satb1	Masopust_054_C:A0313	0.6267957622929969	73.0	True	
Satb1	Masopust_054_C:A0312	0.6267957622929969	73.0	True	
Satb1	Masopust_054_C:A0311	0.6267957622929969	73.0	True	
Satb1	Masopust_054_D:A0311	0.6267957622929969	73.0	True	
Satb1	Masopust_054_D:A0312	0.6267957622929969	73.0	True	
Satb1	Masopust_054_D:A0313	0.6267957622929969	73.0	True	
Satb1	Masopust_054_E:A0311	0.6267957622929969	73.0	True	
Stat4	Masopust_053_1a:A0310	0.5566548725212066	140.0	True	
Stat4	Masopust_053_1a:A0307	0.554912712242461	142.0	True	
Stat4	Masopust_053_1a:A0311	0.5566548725212066	140.0	True	
Stat4	Masopust_053_1a:A0312	0.5566548725212066	140.0	True	
Stat4	Masopust_053_1a:A0308	0.554912712242461	142.0	True	
Stat4	Masopust_053_1b:A0307	0.554912712242461	144.0	True	
Stat4	Masopust_053_1b:A0312	0.554912712242461	143.0	True	
Stat4	Masopust_053_1b:A0310	0.5566548725212066	140.0	True	
Stat4	Masopust_053_1b:A0311	0.5566548725212066	140.0	True	
Stat4	Masopust_053_2a:A0307	0.554912712242461	142.0	True	
Stat4	Masopust_053_2a:A0310	0.554912712242461	143.0	True	
Stat4	Masopust_053_2a:A0308	0.554912712242461	143.0	True	
Stat4	Masopust_053_2a:A0312	0.554912712242461	143.0	True	
Stat4	Masopust_053_2a:A0309	0.554912712242461	142.0	True	
Stat4	Masopust_053_2b:A0308	0.554912712242461	142.0	True	
Stat4	Masopust_053_2b:A0310	0.554912712242461	143.0	True	
Stat4	Masopust_053_2b:A0307	0.554912712242461	143.0	True	
Stat4	Masopust_053_2b:A0309	0.554912712242461	142.0	True	
Stat4	Masopust_053_2b:A0312	0.554912712242461	142.0	True	
Stat4	Masopust_053_3a:A0307	0.554912712242461	142.0	True	
Stat4	Masopust_053_3a:A0311	0.554912712242461	143.0	True	
Stat4	Masopust_053_3a:A0310	0.554912712242461	142.0	True	
Stat4	Masopust_053_3a:A0308	0.554912712242461	143.0	True	
Stat4	Masopust_053_3a:A0309	0.554912712242461	142.0	True	
Stat4	Masopust_053_3b:A0308	0.554912712242461	142.0	True	
Stat4	Masopust_053_3b:A0311	0.5566548725212066	142.0	True	
Stat4	Masopust_053_3b:A0310	0.554912712242461	142.0	True	
Stat4	Masopust_053_3b:A0309	0.5566548725212066	140.0	True	
Stat4	Masopust_053_3b:A0307	0.554912712242461	143.0	True	
Stat4	Masopust_053_6a:A0308	0.554912712242461	143.0	True	
Stat4	Masopust_053_6b:A0308	0.554912712242461	143.0	True	
Stat4	Masopust_054_A:A0312	0.554912712242461	142.0	True	
Stat4	Masopust_054_A:A0311	0.554912712242461	143.0	True	
Stat4	Masopust_054_B:A0311	0.554912712242461	143.0	True	
Stat4	Masopust_054_B:A0312	0.554912712242461	142.0	True	
Stat4	Masopust_054_C:A0313	0.554912712242461	142.0	True	
Stat4	Masopust_054_C:A0312	0.554912712242461	142.0	True	
Stat4	Masopust_054_C:A0311	0.554912712242461	143.0	True	
Stat4	Masopust_054_D:A0311	0.554912712242461	143.0	True	
Stat4	Masopust_054_D:A0312	0.554912712242461	143.0	True	
Stat4	Masopust_054_D:A0313	0.554912712242461	144.0	True	
Stat4	Masopust_054_E:A0311	0.554912712242461	143.0	True	
Atf6	Masopust_053_1a:A0310	0.5479440711274784	173.0	True	
Atf6	Masopust_053_1a:A0307	0.5479440711274784	173.0	True	
Atf6	Masopust_053_1a:A0311	0.5496862314062241	165.0	True	
Atf6	Masopust_053_1a:A0312	0.5479440711274784	173.0	True	
Atf6	Masopust_053_1a:A0308	0.5479440711274784	173.0	True	
Atf6	Masopust_053_1b:A0307	0.5479440711274784	173.0	True	
Atf6	Masopust_053_1b:A0312	0.5496862314062241	170.0	True	
Atf6	Masopust_053_1b:A0310	0.5496862314062241	169.0	True	
Atf6	Masopust_053_1b:A0311	0.5496862314062241	169.0	True	
Atf6	Masopust_053_2a:A0307	0.5479440711274784	171.0	True	
Atf6	Masopust_053_2a:A0310	0.5479440711274784	170.0	True	
Atf6	Masopust_053_2a:A0308	0.5479440711274784	172.0	True	
Atf6	Masopust_053_2a:A0312	0.5496862314062241	167.0	True	
Atf6	Masopust_053_2a:A0309	0.5479440711274784	174.0	True	
Atf6	Masopust_053_2b:A0308	0.5479440711274784	174.0	True	
Atf6	Masopust_053_2b:A0310	0.5479440711274784	171.0	True	
Atf6	Masopust_053_2b:A0307	0.5479440711274784	170.0	True	
Atf6	Masopust_053_2b:A0309	0.5479440711274784	174.0	True	
Atf6	Masopust_053_2b:A0312	0.5479440711274784	172.0	True	
Atf6	Masopust_053_3a:A0307	0.5496862314062241	168.0	True	
Atf6	Masopust_053_3a:A0311	0.5479440711274784	171.0	True	
Atf6	Masopust_053_3a:A0310	0.5479440711274784	172.0	True	
Atf6	Masopust_053_3a:A0308	0.5496862314062241	170.0	True	
Atf6	Masopust_053_3a:A0309	0.5479440711274784	173.0	True	
Atf6	Masopust_053_3b:A0308	0.5479440711274784	174.0	True	
Atf6	Masopust_053_3b:A0311	0.5479440711274784	171.0	True	
Atf6	Masopust_053_3b:A0310	0.5479440711274784	172.0	True	
Atf6	Masopust_053_3b:A0309	0.5496862314062241	170.0	True	
Atf6	Masopust_053_3b:A0307	0.5479440711274784	174.0	True	
Atf6	Masopust_053_6a:A0308	0.5479440711274784	173.0	True	
Atf6	Masopust_053_6b:A0308	0.5479440711274784	173.0	True	
Atf6	Masopust_054_A:A0312	0.5479440711274784	171.0	True	
Atf6	Masopust_054_A:A0311	0.5479440711274784	173.0	True	
Atf6	Masopust_054_B:A0311	0.5479440711274784	174.0	True	
Atf6	Masopust_054_B:A0312	0.5479440711274784	174.0	True	
Atf6	Masopust_054_C:A0313	0.5496862314062241	168.0	True	
Atf6	Masopust_054_C:A0312	0.5479440711274784	173.0	True	
Atf6	Masopust_054_C:A0311	0.5479440711274784	173.0	True	
Atf6	Masopust_054_D:A0311	0.5496862314062241	171.0	True	
Atf6	Masopust_054_D:A0312	0.5496862314062241	170.0	True	
Atf6	Masopust_054_D:A0313	0.5479440711274784	173.0	True	
Atf6	Masopust_054_E:A0311	0.5479440711274784	174.0	True	
Fli1	Masopust_053_1a:A0310	0.5368468325648801	191.0	True	
Fli1	Masopust_053_1a:A0307	0.5368468325648801	188.0	True	
Fli1	Masopust_053_1a:A0311	0.5368468325648801	190.0	True	
Fli1	Masopust_053_1a:A0312	0.5368468325648801	188.0	True	
Fli1	Masopust_053_1a:A0308	0.5368468325648801	190.0	True	
Fli1	Masopust_053_1b:A0307	0.5368468325648801	188.0	True	
Fli1	Masopust_053_1b:A0312	0.5368468325648801	188.0	True	
Fli1	Masopust_053_1b:A0310	0.5368468325648801	189.0	True	
Fli1	Masopust_053_1b:A0311	0.5368468325648801	196.0	True	
Fli1	Masopust_053_2a:A0307	0.5368468325648801	193.0	True	
Fli1	Masopust_053_2a:A0310	0.5385889928436257	185.0	True	
Fli1	Masopust_053_2a:A0308	0.5368468325648801	193.0	True	
Fli1	Masopust_053_2a:A0312	0.5368468325648801	191.0	True	
Fli1	Masopust_053_2a:A0309	0.5368468325648801	189.0	True	
Fli1	Masopust_053_2b:A0308	0.5368468325648801	189.0	True	
Fli1	Masopust_053_2b:A0310	0.5385889928436257	184.0	True	
Fli1	Masopust_053_2b:A0307	0.5368468325648801	193.0	True	
Fli1	Masopust_053_2b:A0309	0.5368468325648801	190.0	True	
Fli1	Masopust_053_2b:A0312	0.5385889928436257	185.0	True	
Fli1	Masopust_053_3a:A0307	0.5385889928436257	185.0	True	
Fli1	Masopust_053_3a:A0311	0.5368468325648801	188.0	True	
Fli1	Masopust_053_3a:A0310	0.5368468325648801	188.0	True	
Fli1	Masopust_053_3a:A0308	0.5368468325648801	188.0	True	
Fli1	Masopust_053_3a:A0309	0.5385889928436257	184.0	True	
Fli1	Masopust_053_3b:A0308	0.5368468325648801	189.0	True	
Fli1	Masopust_053_3b:A0311	0.5368468325648801	194.0	True	
Fli1	Masopust_053_3b:A0310	0.5368468325648801	188.0	True	
Fli1	Masopust_053_3b:A0309	0.5385889928436257	184.0	True	
Fli1	Masopust_053_3b:A0307	0.5368468325648801	188.0	True	
Fli1	Masopust_053_6a:A0308	0.5368468325648801	189.0	True	
Fli1	Masopust_053_6b:A0308	0.5368468325648801	189.0	True	
Fli1	Masopust_054_A:A0312	0.5368468325648801	188.0	True	
Fli1	Masopust_054_A:A0311	0.5368468325648801	188.0	True	
Fli1	Masopust_054_B:A0311	0.5385889928436257	185.0	True	
Fli1	Masopust_054_B:A0312	0.5368468325648801	188.0	True	
Fli1	Masopust_054_C:A0313	0.5368468325648801	191.0	True	
Fli1	Masopust_054_C:A0312	0.5385889928436257	183.0	True	
Fli1	Masopust_054_C:A0311	0.5368468325648801	190.0	True	
Fli1	Masopust_054_D:A0311	0.5368468325648801	194.0	True	
Fli1	Masopust_054_D:A0312	0.5385889928436257	184.0	True	
Fli1	Masopust_054_D:A0313	0.5368468325648801	190.0	True	
Fli1	Masopust_054_E:A0311	0.5368468325648801	190.0	True	
Klf4	Masopust_053_1a:A0310	0.6213085468337244	74.0	True	
Klf4	Masopust_053_1a:A0307	0.6213085468337244	74.0	True	
Klf4	Masopust_053_1a:A0309	0.6213085468337244	74.0	True	
Klf4	Masopust_053_1a:A0311	0.6213085468337244	74.0	True	
Klf4	Masopust_053_1a:A0312	0.6213085468337244	74.0	True	
Klf4	Masopust_053_1a:A0308	0.6213085468337244	74.0	True	
Klf4	Masopust_053_1b:A0307	0.6213085468337244	74.0	True	
Klf4	Masopust_053_1b:A0309	0.6213085468337244	74.0	True	
Klf4	Masopust_053_1b:A0312	0.6213085468337244	74.0	True	
Klf4	Masopust_053_1b:A0310	0.6213085468337244	74.0	True	
Klf4	Masopust_053_1b:A0311	0.6213085468337244	74.0	True	
Klf4	Masopust_053_1b:A0308	0.6213085468337244	74.0	True	
Klf4	Masopust_053_2a:A0307	0.6213085468337244	74.0	True	
Klf4	Masopust_053_2a:A0310	0.6213085468337244	74.0	True	
Klf4	Masopust_053_2a:A0308	0.6213085468337244	74.0	True	
Klf4	Masopust_053_2a:A0312	0.6213085468337244	74.0	True	
Klf4	Masopust_053_2a:A0311	0.6213085468337244	74.0	True	
Klf4	Masopust_053_2a:A0309	0.6213085468337244	74.0	True	
Klf4	Masopust_053_2b:A0308	0.6213085468337244	74.0	True	
Klf4	Masopust_053_2b:A0310	0.6213085468337244	74.0	True	
Klf4	Masopust_053_2b:A0307	0.6213085468337244	74.0	True	
Klf4	Masopust_053_2b:A0309	0.6213085468337244	74.0	True	
Klf4	Masopust_053_2b:A0312	0.6213085468337244	74.0	True	
Klf4	Masopust_053_2b:A0311	0.6213085468337244	74.0	True	
Klf4	Masopust_053_3a:A0307	0.6213085468337244	74.0	True	
Klf4	Masopust_053_3a:A0311	0.6213085468337244	74.0	True	
Klf4	Masopust_053_3a:A0310	0.6213085468337244	74.0	True	
Klf4	Masopust_053_3a:A0308	0.6213085468337244	74.0	True	
Klf4	Masopust_053_3a:A0309	0.6213085468337244	74.0	True	
Klf4	Masopust_053_3b:A0308	0.6213085468337244	74.0	True	
Klf4	Masopust_053_3b:A0311	0.6213085468337244	74.0	True	
Klf4	Masopust_053_3b:A0310	0.6213085468337244	74.0	True	
Klf4	Masopust_053_3b:A0309	0.6213085468337244	74.0	True	
Klf4	Masopust_053_3b:A0307	0.6213085468337244	74.0	True	
Klf4	Masopust_053_6a:A0308	0.6213085468337244	74.0	True	
Klf4	Masopust_053_6b:A0308	0.6213085468337244	74.0	True	
Klf4	Masopust_054_A:A0312	0.6213085468337244	74.0	True	
Klf4	Masopust_054_A:A0311	0.6213085468337244	74.0	True	
Klf4	Masopust_054_B:A0311	0.6213085468337244	74.0	True	
Klf4	Masopust_054_B:A0312	0.6213085468337244	74.0	True	
Klf4	Masopust_054_C:A0313	0.6213085468337244	74.0	True	
Klf4	Masopust_054_C:A0312	0.6213085468337244	74.0	True	
Klf4	Masopust_054_C:A0311	0.6213085468337244	74.0	True	
Klf4	Masopust_054_D:A0311	0.6213085468337244	74.0	True	
Klf4	Masopust_054_D:A0312	0.6213085468337244	74.0	True	
Klf4	Masopust_054_D:A0313	0.6213085468337244	74.0	True	
Klf4	Masopust_054_E:A0311	0.6213085468337244	74.0	True	
Maff	Masopust_053_1a:A0310	0.5380941441204813	185.0	True	
Maff	Masopust_053_1a:A0307	0.5380941441204813	186.0	True	
Maff	Masopust_053_1a:A0311	0.5380941441204813	186.0	True	
Maff	Masopust_053_1a:A0312	0.5380941441204813	185.0	True	
Maff	Masopust_053_1a:A0308	0.5380941441204813	185.0	True	
Maff	Masopust_053_1b:A0307	0.5380941441204813	186.0	True	
Maff	Masopust_053_1b:A0312	0.5380941441204813	185.0	True	
Maff	Masopust_053_1b:A0310	0.5380941441204813	185.0	True	
Maff	Masopust_053_1b:A0311	0.5380941441204813	187.0	True	
Maff	Masopust_053_2a:A0307	0.5380941441204813	186.0	True	
Maff	Masopust_053_2a:A0310	0.5380941441204813	187.0	True	
Maff	Masopust_053_2a:A0308	0.5380941441204813	186.0	True	
Maff	Masopust_053_2a:A0312	0.5380941441204813	187.0	True	
Maff	Masopust_053_2a:A0309	0.5380941441204813	184.0	True	
Maff	Masopust_053_2b:A0308	0.5380941441204813	185.0	True	
Maff	Masopust_053_2b:A0310	0.5380941441204813	186.0	True	
Maff	Masopust_053_2b:A0307	0.5380941441204813	186.0	True	
Maff	Masopust_053_2b:A0309	0.5380941441204813	185.0	True	
Maff	Masopust_053_2b:A0312	0.5380941441204813	186.0	True	
Maff	Masopust_053_3a:A0307	0.5380941441204813	186.0	True	
Maff	Masopust_053_3a:A0311	0.5380941441204813	184.0	True	
Maff	Masopust_053_3a:A0310	0.5380941441204813	184.0	True	
Maff	Masopust_053_3a:A0308	0.5380941441204813	185.0	True	
Maff	Masopust_053_3a:A0309	0.5398363043992269	182.0	True	
Maff	Masopust_053_3b:A0308	0.5380941441204813	185.0	True	
Maff	Masopust_053_3b:A0311	0.5380941441204813	187.0	True	
Maff	Masopust_053_3b:A0310	0.5380941441204813	184.0	True	
Maff	Masopust_053_3b:A0309	0.5380941441204813	185.0	True	
Maff	Masopust_053_3b:A0307	0.5380941441204813	185.0	True	
Maff	Masopust_053_6a:A0308	0.5380941441204813	185.0	True	
Maff	Masopust_053_6b:A0308	0.5380941441204813	185.0	True	
Maff	Masopust_054_A:A0312	0.5380941441204813	184.0	True	
Maff	Masopust_054_A:A0311	0.5380941441204813	185.0	True	
Maff	Masopust_054_B:A0311	0.5380941441204813	186.0	True	
Maff	Masopust_054_B:A0312	0.5380941441204813	185.0	True	
Maff	Masopust_054_C:A0313	0.5380941441204813	184.0	True	
Maff	Masopust_054_C:A0312	0.5380941441204813	186.0	True	
Maff	Masopust_054_C:A0311	0.5380941441204813	184.0	True	
Maff	Masopust_054_D:A0311	0.5380941441204813	188.0	True	
Maff	Masopust_054_D:A0312	0.5380941441204813	187.0	True	
Maff	Masopust_054_D:A0313	0.5380941441204813	186.0	True	
Maff	Masopust_054_E:A0311	0.5380941441204813	186.0	True	
NK → Tnfsf4 → Tnfrsf4 → CD8	Masopust_053_1a:A0307	0.7430434667252663	9.0	True	
NK → Tnfsf4 → Tnfrsf4 → CD8	Masopust_053_1a:A0308	0.7430434667252663	9.0	True	
NK → Tnfsf4 → Tnfrsf4 → CD8	Masopust_053_1a:A0309	0.7430434667252663	9.0	True	
NK → Tnfsf4 → Tnfrsf4 → CD8	Masopust_053_1a:A0310	0.7430434667252663	9.0	True	
NK → Tnfsf4 → Tnfrsf4 → CD8	Masopust_053_1a:A0311	0.7447441469973751	7.0	True	
NK → Tnfsf4 → Tnfrsf4 → CD8	Masopust_053_1a:A0312	0.7430434667252663	9.0	True	
NK → Tnfsf4 → Tnfrsf4 → CD8	Masopust_053_1b:A0307	0.7447441469973751	7.0	True	
NK → Tnfsf4 → Tnfrsf4 → CD8	Masopust_053_1b:A0308	0.7447441469973751	9.0	True	
NK → Tnfsf4 → Tnfrsf4 → CD8	Masopust_053_1b:A0309	0.7430434667252663	9.0	True	
NK → Tnfsf4 → Tnfrsf4 → CD8	Masopust_053_1b:A0310	0.7430434667252663	9.0	True	
NK → Tnfsf4 → Tnfrsf4 → CD8	Masopust_053_1b:A0311	0.7430434667252663	9.0	True	
NK → Tnfsf4 → Tnfrsf4 → CD8	Masopust_053_1b:A0312	0.7447441469973751	7.0	True	
NK → Tnfsf4 → Tnfrsf4 → CD8	Masopust_053_2a:A0307	0.7430434667252663	9.0	True	
NK → Tnfsf4 → Tnfrsf4 → CD8	Masopust_053_2a:A0308	0.7430434667252663	9.0	True	
NK → Tnfsf4 → Tnfrsf4 → CD8	Masopust_053_2a:A0309	0.7430434667252663	9.0	True	
NK → Tnfsf4 → Tnfrsf4 → CD8	Masopust_053_2a:A0310	0.7447441469973751	7.0	True	
NK → Tnfsf4 → Tnfrsf4 → CD8	Masopust_053_2a:A0312	0.7430434667252663	9.0	True	
NK → Tnfsf4 → Tnfrsf4 → CD8	Masopust_053_2b:A0307	0.7430434667252663	9.0	True	
NK → Tnfsf4 → Tnfrsf4 → CD8	Masopust_053_2b:A0308	0.7447441469973751	7.0	True	
NK → Tnfsf4 → Tnfrsf4 → CD8	Masopust_053_2b:A0309	0.7447441469973751	8.0	True	
NK → Tnfsf4 → Tnfrsf4 → CD8	Masopust_053_2b:A0310	0.7430434667252663	9.0	True	
NK → Tnfsf4 → Tnfrsf4 → CD8	Masopust_053_2b:A0312	0.7447441469973751	7.0	True	
NK → Tnfsf4 → Tnfrsf4 → CD8	Masopust_053_3a:A0307	0.7430434667252663	9.0	True	
NK → Tnfsf4 → Tnfrsf4 → CD8	Masopust_053_3a:A0308	0.7430434667252663	9.0	True	
NK → Tnfsf4 → Tnfrsf4 → CD8	Masopust_053_3a:A0309	0.7447441469973751	8.0	True	
NK → Tnfsf4 → Tnfrsf4 → CD8	Masopust_053_3a:A0310	0.7430434667252663	9.0	True	
NK → Tnfsf4 → Tnfrsf4 → CD8	Masopust_053_3a:A0311	0.7430434667252663	9.0	True	
NK → Tnfsf4 → Tnfrsf4 → CD8	Masopust_053_3b:A0307	0.7430434667252663	9.0	True	
NK → Tnfsf4 → Tnfrsf4 → CD8	Masopust_053_3b:A0308	0.7430434667252663	9.0	True	
NK → Tnfsf4 → Tnfrsf4 → CD8	Masopust_053_3b:A0309	0.7430434667252663	9.0	True	
NK → Tnfsf4 → Tnfrsf4 → CD8	Masopust_053_3b:A0310	0.7430434667252663	9.0	True	
NK → Tnfsf4 → Tnfrsf4 → CD8	Masopust_053_3b:A0311	0.7430434667252663	9.0	True	
NK → Tnfsf4 → Tnfrsf4 → CD8	Masopust_053_6a:A0308	0.7430434667252663	9.0	True	
NK → Tnfsf4 → Tnfrsf4 → CD8	Masopust_053_6b:A0308	0.7430434667252663	9.0	True	
NK → Tnfsf4 → Tnfrsf4 → CD8	Masopust_054_A:A0311	0.7430434667252663	9.0	True	
NK → Tnfsf4 → Tnfrsf4 → CD8	Masopust_054_A:A0312	0.7430434667252663	9.0	True	
NK → Tnfsf4 → Tnfrsf4 → CD8	Masopust_054_B:A0311	0.7430434667252663	9.0	True	
NK → Tnfsf4 → Tnfrsf4 → CD8	Masopust_054_B:A0312	0.7430434667252663	9.0	True	
NK → Tnfsf4 → Tnfrsf4 → CD8	Masopust_054_C:A0311	0.7430434667252663	9.0	True	
NK → Tnfsf4 → Tnfrsf4 → CD8	Masopust_054_C:A0313	0.7430434667252663	9.0	True	
NK → Tnfsf4 → Tnfrsf4 → CD8	Masopust_054_D:A0311	0.7447441469973751	7.0	True	
NK → Tnfsf4 → Tnfrsf4 → CD8	Masopust_054_D:A0313	0.7447441469973751	7.0	True	
NK → Tnfsf4 → Tnfrsf4 → CD8	Masopust_054_E:A0311	0.7447441469973751	7.0	True	
T_cell → Pkm → Cd44 → CD8	Masopust_053_1a:A0307	0.674641339036368	13.0	True	
T_cell → Pkm → Cd44 → CD8	Masopust_053_1a:A0308	0.674641339036368	13.0	True	
T_cell → Pkm → Cd44 → CD8	Masopust_053_1a:A0309	0.674641339036368	13.0	True	
T_cell → Pkm → Cd44 → CD8	Masopust_053_1a:A0310	0.674641339036368	13.0	True	
T_cell → Pkm → Cd44 → CD8	Masopust_053_1a:A0311	0.6761941340674239	13.0	True	
T_cell → Pkm → Cd44 → CD8	Masopust_053_1a:A0312	0.674641339036368	13.0	True	
T_cell → Pkm → Cd44 → CD8	Masopust_053_1b:A0307	0.6761941340674239	13.0	True	
T_cell → Pkm → Cd44 → CD8	Masopust_053_1b:A0308	0.674641339036368	13.0	True	
T_cell → Pkm → Cd44 → CD8	Masopust_053_1b:A0309	0.674641339036368	13.0	True	
T_cell → Pkm → Cd44 → CD8	Masopust_053_1b:A0310	0.674641339036368	13.0	True	
T_cell → Pkm → Cd44 → CD8	Masopust_053_1b:A0311	0.674641339036368	13.0	True	
T_cell → Pkm → Cd44 → CD8	Masopust_053_1b:A0312	0.6761941340674239	13.0	True	
T_cell → Pkm → Cd44 → CD8	Masopust_053_2a:A0307	0.6761941340674239	13.0	True	
T_cell → Pkm → Cd44 → CD8	Masopust_053_2a:A0308	0.674641339036368	13.0	True	
T_cell → Pkm → Cd44 → CD8	Masopust_053_2a:A0309	0.6761941340674239	13.0	True	
T_cell → Pkm → Cd44 → CD8	Masopust_053_2a:A0310	0.674641339036368	13.0	True	
T_cell → Pkm → Cd44 → CD8	Masopust_053_2a:A0311	0.674641339036368	13.0	True	
T_cell → Pkm → Cd44 → CD8	Masopust_053_2a:A0312	0.674641339036368	13.0	True	
T_cell → Pkm → Cd44 → CD8	Masopust_053_2b:A0307	0.674641339036368	13.0	True	
T_cell → Pkm → Cd44 → CD8	Masopust_053_2b:A0308	0.674641339036368	13.0	True	
T_cell → Pkm → Cd44 → CD8	Masopust_053_2b:A0309	0.6761941340674239	13.0	True	
T_cell → Pkm → Cd44 → CD8	Masopust_053_2b:A0310	0.674641339036368	13.0	True	
T_cell → Pkm → Cd44 → CD8	Masopust_053_2b:A0311	0.6761941340674239	13.0	True	
T_cell → Pkm → Cd44 → CD8	Masopust_053_2b:A0312	0.674641339036368	13.0	True	
T_cell → Pkm → Cd44 → CD8	Masopust_053_3a:A0307	0.674641339036368	13.0	True	
T_cell → Pkm → Cd44 → CD8	Masopust_053_3a:A0308	0.674641339036368	13.0	True	
T_cell → Pkm → Cd44 → CD8	Masopust_053_3a:A0309	0.6761941340674239	13.0	True	
T_cell → Pkm → Cd44 → CD8	Masopust_053_3a:A0310	0.674641339036368	13.0	True	
T_cell → Pkm → Cd44 → CD8	Masopust_053_3a:A0311	0.674641339036368	13.0	True	
T_cell → Pkm → Cd44 → CD8	Masopust_053_3b:A0307	0.674641339036368	13.0	True	
T_cell → Pkm → Cd44 → CD8	Masopust_053_3b:A0308	0.674641339036368	13.0	True	
T_cell → Pkm → Cd44 → CD8	Masopust_053_3b:A0309	0.674641339036368	13.0	True	
T_cell → Pkm → Cd44 → CD8	Masopust_053_3b:A0310	0.674641339036368	13.0	True	
T_cell → Pkm → Cd44 → CD8	Masopust_053_3b:A0311	0.674641339036368	13.0	True	
T_cell → Pkm → Cd44 → CD8	Masopust_053_6a:A0308	0.674641339036368	13.0	True	
T_cell → Pkm → Cd44 → CD8	Masopust_053_6b:A0308	0.674641339036368	13.0	True	
T_cell → Pkm → Cd44 → CD8	Masopust_054_A:A0311	0.6761941340674239	13.0	True	
T_cell → Pkm → Cd44 → CD8	Masopust_054_A:A0312	0.674641339036368	13.0	True	
T_cell → Pkm → Cd44 → CD8	Masopust_054_B:A0311	0.674641339036368	13.0	True	
T_cell → Pkm → Cd44 → CD8	Masopust_054_B:A0312	0.674641339036368	13.0	True	
T_cell → Pkm → Cd44 → CD8	Masopust_054_C:A0311	0.674641339036368	13.0	True	
T_cell → Pkm → Cd44 → CD8	Masopust_054_C:A0312	0.674641339036368	13.0	True	
T_cell → Pkm → Cd44 → CD8	Masopust_054_C:A0313	0.674641339036368	13.0	True	
T_cell → Pkm → Cd44 → CD8	Masopust_054_D:A0311	0.6761941340674239	13.0	True	
T_cell → Pkm → Cd44 → CD8	Masopust_054_D:A0312	0.674641339036368	13.0	True	
T_cell → Pkm → Cd44 → CD8	Masopust_054_D:A0313	0.6761941340674239	13.0	True	
T_cell → Pkm → Cd44 → CD8	Masopust_054_E:A0311	0.6761941340674239	13.0	True	
NK → Tnfsf4 → Traf2 → CD8	Masopust_053_1a:A0307	0.6092792889612431	75.0	True	
NK → Tnfsf4 → Traf2 → CD8	Masopust_053_1a:A0308	0.6092792889612431	75.0	True	
NK → Tnfsf4 → Traf2 → CD8	Masopust_053_1a:A0309	0.6092792889612431	75.0	True	
NK → Tnfsf4 → Traf2 → CD8	Masopust_053_1a:A0310	0.6092792889612431	75.0	True	
NK → Tnfsf4 → Traf2 → CD8	Masopust_053_1a:A0311	0.6109799692333518	75.0	True	
NK → Tnfsf4 → Traf2 → CD8	Masopust_053_1a:A0312	0.6092792889612431	75.0	True	
NK → Tnfsf4 → Traf2 → CD8	Masopust_053_1b:A0307	0.6109799692333518	75.0	True	
NK → Tnfsf4 → Traf2 → CD8	Masopust_053_1b:A0308	0.6109799692333518	75.0	True	
NK → Tnfsf4 → Traf2 → CD8	Masopust_053_1b:A0309	0.6092792889612431	75.0	True	
NK → Tnfsf4 → Traf2 → CD8	Masopust_053_1b:A0310	0.6092792889612431	75.0	True	
NK → Tnfsf4 → Traf2 → CD8	Masopust_053_1b:A0311	0.6092792889612431	75.0	True	
NK → Tnfsf4 → Traf2 → CD8	Masopust_053_1b:A0312	0.6109799692333518	75.0	True	
NK → Tnfsf4 → Traf2 → CD8	Masopust_053_2a:A0307	0.6092792889612431	75.0	True	
NK → Tnfsf4 → Traf2 → CD8	Masopust_053_2a:A0308	0.6092792889612431	75.0	True	
NK → Tnfsf4 → Traf2 → CD8	Masopust_053_2a:A0309	0.6092792889612431	75.0	True	
NK → Tnfsf4 → Traf2 → CD8	Masopust_053_2a:A0310	0.6109799692333518	75.0	True	
NK → Tnfsf4 → Traf2 → CD8	Masopust_053_2a:A0312	0.6092792889612431	75.0	True	
NK → Tnfsf4 → Traf2 → CD8	Masopust_053_2b:A0307	0.6092792889612431	75.0	True	
NK → Tnfsf4 → Traf2 → CD8	Masopust_053_2b:A0308	0.6109799692333518	75.0	True	
NK → Tnfsf4 → Traf2 → CD8	Masopust_053_2b:A0309	0.6109799692333518	75.0	True	
NK → Tnfsf4 → Traf2 → CD8	Masopust_053_2b:A0310	0.6092792889612431	75.0	True	
NK → Tnfsf4 → Traf2 → CD8	Masopust_053_2b:A0312	0.6109799692333518	75.0	True	
NK → Tnfsf4 → Traf2 → CD8	Masopust_053_3a:A0307	0.6092792889612431	75.0	True	
NK → Tnfsf4 → Traf2 → CD8	Masopust_053_3a:A0308	0.6092792889612431	75.0	True	
NK → Tnfsf4 → Traf2 → CD8	Masopust_053_3a:A0309	0.6109799692333518	75.0	True	
NK → Tnfsf4 → Traf2 → CD8	Masopust_053_3a:A0310	0.6092792889612431	75.0	True	
NK → Tnfsf4 → Traf2 → CD8	Masopust_053_3a:A0311	0.6092792889612431	75.0	True	
NK → Tnfsf4 → Traf2 → CD8	Masopust_053_3b:A0307	0.6092792889612431	75.0	True	
NK → Tnfsf4 → Traf2 → CD8	Masopust_053_3b:A0308	0.6092792889612431	75.0	True	
NK → Tnfsf4 → Traf2 → CD8	Masopust_053_3b:A0309	0.6092792889612431	75.0	True	
NK → Tnfsf4 → Traf2 → CD8	Masopust_053_3b:A0310	0.6092792889612431	75.0	True	
NK → Tnfsf4 → Traf2 → CD8	Masopust_053_3b:A0311	0.6092792889612431	75.0	True	
NK → Tnfsf4 → Traf2 → CD8	Masopust_053_6a:A0308	0.6092792889612431	75.0	True	
NK → Tnfsf4 → Traf2 → CD8	Masopust_053_6b:A0308	0.6092792889612431	75.0	True	
NK → Tnfsf4 → Traf2 → CD8	Masopust_054_A:A0311	0.6092792889612431	75.0	True	
NK → Tnfsf4 → Traf2 → CD8	Masopust_054_A:A0312	0.6092792889612431	75.0	True	
NK → Tnfsf4 → Traf2 → CD8	Masopust_054_B:A0311	0.6092792889612431	75.0	True	
NK → Tnfsf4 → Traf2 → CD8	Masopust_054_B:A0312	0.6092792889612431	75.0	True	
NK → Tnfsf4 → Traf2 → CD8	Masopust_054_C:A0311	0.6092792889612431	75.0	True	
NK → Tnfsf4 → Traf2 → CD8	Masopust_054_C:A0313	0.6092792889612431	75.0	True	
NK → Tnfsf4 → Traf2 → CD8	Masopust_054_D:A0311	0.6109799692333518	75.0	True	
NK → Tnfsf4 → Traf2 → CD8	Masopust_054_D:A0313	0.6109799692333518	75.0	True	
NK → Tnfsf4 → Traf2 → CD8	Masopust_054_E:A0311	0.6109799692333518	75.0	True	
NK → Spp1 → Cd44 → CD8	Masopust_053_1a:A0307	0.5976464594352315	78.0	True	
NK → Spp1 → Cd44 → CD8	Masopust_053_1a:A0308	0.5976464594352315	78.0	True	
NK → Spp1 → Cd44 → CD8	Masopust_053_1a:A0309	0.5993471397073404	78.0	True	
NK → Spp1 → Cd44 → CD8	Masopust_053_1a:A0310	0.5993471397073404	78.0	True	
NK → Spp1 → Cd44 → CD8	Masopust_053_1a:A0311	0.5976464594352315	78.0	True	
NK → Spp1 → Cd44 → CD8	Masopust_053_1a:A0312	0.5976464594352315	78.0	True	
NK → Spp1 → Cd44 → CD8	Masopust_053_1b:A0307	0.5993471397073404	78.0	True	
NK → Spp1 → Cd44 → CD8	Masopust_053_1b:A0308	0.5976464594352315	78.0	True	
NK → Spp1 → Cd44 → CD8	Masopust_053_1b:A0309	0.5976464594352315	78.0	True	
NK → Spp1 → Cd44 → CD8	Masopust_053_1b:A0310	0.5976464594352315	78.0	True	
NK → Spp1 → Cd44 → CD8	Masopust_053_1b:A0311	0.5993471397073404	78.0	True	
NK → Spp1 → Cd44 → CD8	Masopust_053_1b:A0312	0.5976464594352315	78.0	True	
NK → Spp1 → Cd44 → CD8	Masopust_053_2a:A0307	0.5976464594352315	78.0	True	
NK → Spp1 → Cd44 → CD8	Masopust_053_2a:A0308	0.5976464594352315	78.0	True	
NK → Spp1 → Cd44 → CD8	Masopust_053_2a:A0309	0.5976464594352315	78.0	True	
NK → Spp1 → Cd44 → CD8	Masopust_053_2a:A0310	0.5993471397073404	78.0	True	
NK → Spp1 → Cd44 → CD8	Masopust_053_2a:A0312	0.5993471397073404	78.0	True	
NK → Spp1 → Cd44 → CD8	Masopust_053_2b:A0307	0.5976464594352315	78.0	True	
NK → Spp1 → Cd44 → CD8	Masopust_053_2b:A0308	0.5993471397073404	78.0	True	
NK → Spp1 → Cd44 → CD8	Masopust_053_2b:A0309	0.5976464594352315	78.0	True	
NK → Spp1 → Cd44 → CD8	Masopust_053_2b:A0310	0.5993471397073404	78.0	True	
NK → Spp1 → Cd44 → CD8	Masopust_053_2b:A0312	0.5993471397073404	78.0	True	
NK → Spp1 → Cd44 → CD8	Masopust_053_3a:A0307	0.5976464594352315	78.0	True	
NK → Spp1 → Cd44 → CD8	Masopust_053_3a:A0308	0.5976464594352315	78.0	True	
NK → Spp1 → Cd44 → CD8	Masopust_053_3a:A0309	0.5976464594352315	78.0	True	
NK → Spp1 → Cd44 → CD8	Masopust_053_3a:A0310	0.5976464594352315	78.0	True	
NK → Spp1 → Cd44 → CD8	Masopust_053_3a:A0311	0.5976464594352315	78.0	True	
NK → Spp1 → Cd44 → CD8	Masopust_053_3b:A0307	0.5976464594352315	78.0	True	
NK → Spp1 → Cd44 → CD8	Masopust_053_3b:A0308	0.5976464594352315	78.0	True	
NK → Spp1 → Cd44 → CD8	Masopust_053_3b:A0309	0.5993471397073404	78.0	True	
NK → Spp1 → Cd44 → CD8	Masopust_053_3b:A0310	0.5976464594352315	78.0	True	
NK → Spp1 → Cd44 → CD8	Masopust_053_3b:A0311	0.5976464594352315	78.0	True	
NK → Spp1 → Cd44 → CD8	Masopust_053_6a:A0308	0.5993471397073404	78.0	True	
NK → Spp1 → Cd44 → CD8	Masopust_053_6b:A0308	0.5993471397073404	78.0	True	
NK → Spp1 → Cd44 → CD8	Masopust_054_A:A0311	0.5976464594352315	78.0	True	
NK → Spp1 → Cd44 → CD8	Masopust_054_A:A0312	0.5976464594352315	78.0	True	
NK → Spp1 → Cd44 → CD8	Masopust_054_B:A0311	0.5976464594352315	78.0	True	
NK → Spp1 → Cd44 → CD8	Masopust_054_B:A0312	0.5976464594352315	78.0	True	
NK → Spp1 → Cd44 → CD8	Masopust_054_C:A0311	0.5976464594352315	78.0	True	
NK → Spp1 → Cd44 → CD8	Masopust_054_C:A0313	0.5976464594352315	78.0	True	
NK → Spp1 → Cd44 → CD8	Masopust_054_D:A0311	0.5976464594352315	78.0	True	
NK → Spp1 → Cd44 → CD8	Masopust_054_D:A0313	0.5976464594352315	78.0	True	
NK → Spp1 → Cd44 → CD8	Masopust_054_E:A0311	0.5993471397073404	78.0	True	
NK → Spp1 → Itgav_Itgb3 → CD8	Masopust_053_1a:A0307	0.5976464594352315	78.0	True	
NK → Spp1 → Itgav_Itgb3 → CD8	Masopust_053_1a:A0308	0.5976464594352315	78.0	True	
NK → Spp1 → Itgav_Itgb3 → CD8	Masopust_053_1a:A0309	0.5993471397073404	78.0	True	
NK → Spp1 → Itgav_Itgb3 → CD8	Masopust_053_1a:A0310	0.5993471397073404	78.0	True	
NK → Spp1 → Itgav_Itgb3 → CD8	Masopust_053_1a:A0311	0.5976464594352315	78.0	True	
NK → Spp1 → Itgav_Itgb3 → CD8	Masopust_053_1a:A0312	0.5976464594352315	78.0	True	
NK → Spp1 → Itgav_Itgb3 → CD8	Masopust_053_1b:A0307	0.5993471397073404	78.0	True	
NK → Spp1 → Itgav_Itgb3 → CD8	Masopust_053_1b:A0308	0.5976464594352315	78.0	True	
NK → Spp1 → Itgav_Itgb3 → CD8	Masopust_053_1b:A0309	0.5976464594352315	78.0	True	
NK → Spp1 → Itgav_Itgb3 → CD8	Masopust_053_1b:A0310	0.5976464594352315	78.0	True	
NK → Spp1 → Itgav_Itgb3 → CD8	Masopust_053_1b:A0311	0.5993471397073404	78.0	True	
NK → Spp1 → Itgav_Itgb3 → CD8	Masopust_053_1b:A0312	0.5976464594352315	78.0	True	
NK → Spp1 → Itgav_Itgb3 → CD8	Masopust_053_2a:A0307	0.5976464594352315	78.0	True	
NK → Spp1 → Itgav_Itgb3 → CD8	Masopust_053_2a:A0308	0.5976464594352315	78.0	True	
NK → Spp1 → Itgav_Itgb3 → CD8	Masopust_053_2a:A0309	0.5976464594352315	78.0	True	
NK → Spp1 → Itgav_Itgb3 → CD8	Masopust_053_2a:A0310	0.5993471397073404	78.0	True	
NK → Spp1 → Itgav_Itgb3 → CD8	Masopust_053_2a:A0312	0.5993471397073404	78.0	True	
NK → Spp1 → Itgav_Itgb3 → CD8	Masopust_053_2b:A0307	0.5976464594352315	78.0	True	
NK → Spp1 → Itgav_Itgb3 → CD8	Masopust_053_2b:A0308	0.5993471397073404	78.0	True	
NK → Spp1 → Itgav_Itgb3 → CD8	Masopust_053_2b:A0309	0.5976464594352315	78.0	True	
NK → Spp1 → Itgav_Itgb3 → CD8	Masopust_053_2b:A0310	0.5993471397073404	78.0	True	
NK → Spp1 → Itgav_Itgb3 → CD8	Masopust_053_2b:A0312	0.5993471397073404	78.0	True	
NK → Spp1 → Itgav_Itgb3 → CD8	Masopust_053_3a:A0307	0.5976464594352315	78.0	True	
NK → Spp1 → Itgav_Itgb3 → CD8	Masopust_053_3a:A0308	0.5976464594352315	78.0	True	
NK → Spp1 → Itgav_Itgb3 → CD8	Masopust_053_3a:A0309	0.5976464594352315	78.0	True	
NK → Spp1 → Itgav_Itgb3 → CD8	Masopust_053_3a:A0310	0.5976464594352315	78.0	True	
NK → Spp1 → Itgav_Itgb3 → CD8	Masopust_053_3a:A0311	0.5976464594352315	78.0	True	
NK → Spp1 → Itgav_Itgb3 → CD8	Masopust_053_3b:A0307	0.5976464594352315	78.0	True	
NK → Spp1 → Itgav_Itgb3 → CD8	Masopust_053_3b:A0308	0.5976464594352315	78.0	True	
NK → Spp1 → Itgav_Itgb3 → CD8	Masopust_053_3b:A0309	0.5993471397073404	78.0	True	
NK → Spp1 → Itgav_Itgb3 → CD8	Masopust_053_3b:A0310	0.5976464594352315	78.0	True	
NK → Spp1 → Itgav_Itgb3 → CD8	Masopust_053_3b:A0311	0.5976464594352315	78.0	True	
NK → Spp1 → Itgav_Itgb3 → CD8	Masopust_053_6a:A0308	0.5993471397073404	78.0	True	
NK → Spp1 → Itgav_Itgb3 → CD8	Masopust_053_6b:A0308	0.5993471397073404	78.0	True	
NK → Spp1 → Itgav_Itgb3 → CD8	Masopust_054_A:A0311	0.5976464594352315	78.0	True	
NK → Spp1 → Itgav_Itgb3 → CD8	Masopust_054_A:A0312	0.5976464594352315	78.0	True	
NK → Spp1 → Itgav_Itgb3 → CD8	Masopust_054_B:A0311	0.5976464594352315	78.0	True	
NK → Spp1 → Itgav_Itgb3 → CD8	Masopust_054_B:A0312	0.5976464594352315	78.0	True	
NK → Spp1 → Itgav_Itgb3 → CD8	Masopust_054_C:A0311	0.5976464594352315	78.0	True	
NK → Spp1 → Itgav_Itgb3 → CD8	Masopust_054_C:A0313	0.5976464594352315	78.0	True	
NK → Spp1 → Itgav_Itgb3 → CD8	Masopust_054_D:A0311	0.5976464594352315	78.0	True	
NK → Spp1 → Itgav_Itgb3 → CD8	Masopust_054_D:A0313	0.5976464594352315	78.0	True	
NK → Spp1 → Itgav_Itgb3 → CD8	Masopust_054_E:A0311	0.5993471397073404	78.0	True	
NK → Spp1 → Itga4_Itgb1 → CD8	Masopust_053_1a:A0307	0.5975751022210172	80.0	True	
NK → Spp1 → Itga4_Itgb1 → CD8	Masopust_053_1a:A0308	0.5975751022210172	80.0	True	
NK → Spp1 → Itga4_Itgb1 → CD8	Masopust_053_1a:A0309	0.599275782493126	80.0	True	
NK → Spp1 → Itga4_Itgb1 → CD8	Masopust_053_1a:A0310	0.599275782493126	80.0	True	
NK → Spp1 → Itga4_Itgb1 → CD8	Masopust_053_1a:A0311	0.5975751022210172	80.0	True	
NK → Spp1 → Itga4_Itgb1 → CD8	Masopust_053_1a:A0312	0.5975751022210172	80.0	True	
NK → Spp1 → Itga4_Itgb1 → CD8	Masopust_053_1b:A0307	0.599275782493126	80.0	True	
NK → Spp1 → Itga4_Itgb1 → CD8	Masopust_053_1b:A0308	0.5975751022210172	80.0	True	
NK → Spp1 → Itga4_Itgb1 → CD8	Masopust_053_1b:A0309	0.5975751022210172	80.0	True	
NK → Spp1 → Itga4_Itgb1 → CD8	Masopust_053_1b:A0310	0.5975751022210172	80.0	True	
NK → Spp1 → Itga4_Itgb1 → CD8	Masopust_053_1b:A0311	0.599275782493126	80.0	True	
NK → Spp1 → Itga4_Itgb1 → CD8	Masopust_053_1b:A0312	0.5975751022210172	80.0	True	
NK → Spp1 → Itga4_Itgb1 → CD8	Masopust_053_2a:A0307	0.5975751022210172	80.0	True	
NK → Spp1 → Itga4_Itgb1 → CD8	Masopust_053_2a:A0308	0.5975751022210172	80.0	True	
NK → Spp1 → Itga4_Itgb1 → CD8	Masopust_053_2a:A0309	0.5975751022210172	80.0	True	
NK → Spp1 → Itga4_Itgb1 → CD8	Masopust_053_2a:A0310	0.599275782493126	80.0	True	
NK → Spp1 → Itga4_Itgb1 → CD8	Masopust_053_2a:A0312	0.599275782493126	80.0	True	
NK → Spp1 → Itga4_Itgb1 → CD8	Masopust_053_2b:A0307	0.5975751022210172	80.0	True	
NK → Spp1 → Itga4_Itgb1 → CD8	Masopust_053_2b:A0308	0.599275782493126	80.0	True	
NK → Spp1 → Itga4_Itgb1 → CD8	Masopust_053_2b:A0309	0.5975751022210172	80.0	True	
NK → Spp1 → Itga4_Itgb1 → CD8	Masopust_053_2b:A0310	0.599275782493126	80.0	True	
NK → Spp1 → Itga4_Itgb1 → CD8	Masopust_053_2b:A0312	0.599275782493126	80.0	True	
NK → Spp1 → Itga4_Itgb1 → CD8	Masopust_053_3a:A0307	0.5975751022210172	80.0	True	
NK → Spp1 → Itga4_Itgb1 → CD8	Masopust_053_3a:A0308	0.5975751022210172	80.0	True	
NK → Spp1 → Itga4_Itgb1 → CD8	Masopust_053_3a:A0309	0.5975751022210172	80.0	True	
NK → Spp1 → Itga4_Itgb1 → CD8	Masopust_053_3a:A0310	0.5975751022210172	80.0	True	
NK → Spp1 → Itga4_Itgb1 → CD8	Masopust_053_3a:A0311	0.5975751022210172	80.0	True	
NK → Spp1 → Itga4_Itgb1 → CD8	Masopust_053_3b:A0307	0.5975751022210172	80.0	True	
NK → Spp1 → Itga4_Itgb1 → CD8	Masopust_053_3b:A0308	0.5975751022210172	80.0	True	
NK → Spp1 → Itga4_Itgb1 → CD8	Masopust_053_3b:A0309	0.599275782493126	80.0	True	
NK → Spp1 → Itga4_Itgb1 → CD8	Masopust_053_3b:A0310	0.5975751022210172	80.0	True	
NK → Spp1 → Itga4_Itgb1 → CD8	Masopust_053_3b:A0311	0.5975751022210172	80.0	True	
NK → Spp1 → Itga4_Itgb1 → CD8	Masopust_053_6a:A0308	0.599275782493126	80.0	True	
NK → Spp1 → Itga4_Itgb1 → CD8	Masopust_053_6b:A0308	0.599275782493126	80.0	True	
NK → Spp1 → Itga4_Itgb1 → CD8	Masopust_054_A:A0311	0.5975751022210172	80.0	True	
NK → Spp1 → Itga4_Itgb1 → CD8	Masopust_054_A:A0312	0.5975751022210172	80.0	True	
NK → Spp1 → Itga4_Itgb1 → CD8	Masopust_054_B:A0311	0.5975751022210172	80.0	True	
NK → Spp1 → Itga4_Itgb1 → CD8	Masopust_054_B:A0312	0.5975751022210172	80.0	True	
NK → Spp1 → Itga4_Itgb1 → CD8	Masopust_054_C:A0311	0.5975751022210172	80.0	True	
NK → Spp1 → Itga4_Itgb1 → CD8	Masopust_054_C:A0313	0.5975751022210172	80.0	True	
NK → Spp1 → Itga4_Itgb1 → CD8	Masopust_054_D:A0311	0.5975751022210172	80.0	True	
NK → Spp1 → Itga4_Itgb1 → CD8	Masopust_054_D:A0313	0.5975751022210172	80.0	True	
NK → Spp1 → Itga4_Itgb1 → CD8	Masopust_054_E:A0311	0.599275782493126	80.0	True	
NK → Spp1 → Ptger4 → CD8	Masopust_053_1a:A0307	0.5975037450068028	81.0	True	
NK → Spp1 → Ptger4 → CD8	Masopust_053_1a:A0308	0.5975037450068028	81.0	True	
NK → Spp1 → Ptger4 → CD8	Masopust_053_1a:A0309	0.5992044252789117	81.0	True	
NK → Spp1 → Ptger4 → CD8	Masopust_053_1a:A0310	0.5992044252789117	81.0	True	
NK → Spp1 → Ptger4 → CD8	Masopust_053_1a:A0311	0.5975037450068028	81.0	True	
NK → Spp1 → Ptger4 → CD8	Masopust_053_1a:A0312	0.5975037450068028	81.0	True	
NK → Spp1 → Ptger4 → CD8	Masopust_053_1b:A0307	0.5992044252789117	81.0	True	
NK → Spp1 → Ptger4 → CD8	Masopust_053_1b:A0308	0.5975037450068028	81.0	True	
NK → Spp1 → Ptger4 → CD8	Masopust_053_1b:A0309	0.5975037450068028	81.0	True	
NK → Spp1 → Ptger4 → CD8	Masopust_053_1b:A0310	0.5975037450068028	81.0	True	
NK → Spp1 → Ptger4 → CD8	Masopust_053_1b:A0311	0.5992044252789117	81.0	True	
NK → Spp1 → Ptger4 → CD8	Masopust_053_1b:A0312	0.5975037450068028	81.0	True	
NK → Spp1 → Ptger4 → CD8	Masopust_053_2a:A0307	0.5975037450068028	81.0	True	
NK → Spp1 → Ptger4 → CD8	Masopust_053_2a:A0308	0.5975037450068028	81.0	True	
NK → Spp1 → Ptger4 → CD8	Masopust_053_2a:A0309	0.5975037450068028	81.0	True	
NK → Spp1 → Ptger4 → CD8	Masopust_053_2a:A0310	0.5992044252789117	81.0	True	
NK → Spp1 → Ptger4 → CD8	Masopust_053_2a:A0312	0.5992044252789117	81.0	True	
NK → Spp1 → Ptger4 → CD8	Masopust_053_2b:A0307	0.5975037450068028	81.0	True	
NK → Spp1 → Ptger4 → CD8	Masopust_053_2b:A0308	0.5992044252789117	81.0	True	
NK → Spp1 → Ptger4 → CD8	Masopust_053_2b:A0309	0.5975037450068028	81.0	True	
NK → Spp1 → Ptger4 → CD8	Masopust_053_2b:A0310	0.5992044252789117	81.0	True	
NK → Spp1 → Ptger4 → CD8	Masopust_053_2b:A0312	0.5992044252789117	81.0	True	
NK → Spp1 → Ptger4 → CD8	Masopust_053_3a:A0307	0.5975037450068028	81.0	True	
NK → Spp1 → Ptger4 → CD8	Masopust_053_3a:A0308	0.5975037450068028	81.0	True	
NK → Spp1 → Ptger4 → CD8	Masopust_053_3a:A0309	0.5975037450068028	81.0	True	
NK → Spp1 → Ptger4 → CD8	Masopust_053_3a:A0310	0.5975037450068028	81.0	True	
NK → Spp1 → Ptger4 → CD8	Masopust_053_3a:A0311	0.5975037450068028	81.0	True	
NK → Spp1 → Ptger4 → CD8	Masopust_053_3b:A0307	0.5975037450068028	81.0	True	
NK → Spp1 → Ptger4 → CD8	Masopust_053_3b:A0308	0.5975037450068028	81.0	True	
NK → Spp1 → Ptger4 → CD8	Masopust_053_3b:A0309	0.5992044252789117	81.0	True	
NK → Spp1 → Ptger4 → CD8	Masopust_053_3b:A0310	0.5975037450068028	81.0	True	
NK → Spp1 → Ptger4 → CD8	Masopust_053_3b:A0311	0.5975037450068028	81.0	True	
NK → Spp1 → Ptger4 → CD8	Masopust_053_6a:A0308	0.5992044252789117	81.0	True	
NK → Spp1 → Ptger4 → CD8	Masopust_053_6b:A0308	0.5992044252789117	81.0	True	
NK → Spp1 → Ptger4 → CD8	Masopust_054_A:A0311	0.5975037450068028	81.0	True	
NK → Spp1 → Ptger4 → CD8	Masopust_054_A:A0312	0.5975037450068028	81.0	True	
NK → Spp1 → Ptger4 → CD8	Masopust_054_B:A0311	0.5975037450068028	81.0	True	
NK → Spp1 → Ptger4 → CD8	Masopust_054_B:A0312	0.5975037450068028	81.0	True	
NK → Spp1 → Ptger4 → CD8	Masopust_054_C:A0311	0.5975037450068028	81.0	True	
NK → Spp1 → Ptger4 → CD8	Masopust_054_C:A0313	0.5975037450068028	81.0	True	
NK → Spp1 → Ptger4 → CD8	Masopust_054_D:A0311	0.5975037450068028	81.0	True	
NK → Spp1 → Ptger4 → CD8	Masopust_054_D:A0313	0.5975037450068028	81.0	True	
NK → Spp1 → Ptger4 → CD8	Masopust_054_E:A0311	0.5992044252789117	81.0	True	
NK → Spp1 → Itgav_Itgb1 → CD8	Masopust_053_1a:A0307	0.5972183161499454	82.0	True	
NK → Spp1 → Itgav_Itgb1 → CD8	Masopust_053_1a:A0308	0.5972183161499454	82.0	True	
NK → Spp1 → Itgav_Itgb1 → CD8	Masopust_053_1a:A0309	0.5989189964220543	82.0	True	
NK → Spp1 → Itgav_Itgb1 → CD8	Masopust_053_1a:A0310	0.5989189964220543	82.0	True	
NK → Spp1 → Itgav_Itgb1 → CD8	Masopust_053_1a:A0311	0.5972183161499454	82.0	True	
NK → Spp1 → Itgav_Itgb1 → CD8	Masopust_053_1a:A0312	0.5972183161499454	82.0	True	
NK → Spp1 → Itgav_Itgb1 → CD8	Masopust_053_1b:A0307	0.5989189964220543	82.0	True	
NK → Spp1 → Itgav_Itgb1 → CD8	Masopust_053_1b:A0308	0.5972183161499454	82.0	True	
NK → Spp1 → Itgav_Itgb1 → CD8	Masopust_053_1b:A0309	0.5972183161499454	82.0	True	
NK → Spp1 → Itgav_Itgb1 → CD8	Masopust_053_1b:A0310	0.5972183161499454	82.0	True	
NK → Spp1 → Itgav_Itgb1 → CD8	Masopust_053_1b:A0311	0.5989189964220543	82.0	True	
NK → Spp1 → Itgav_Itgb1 → CD8	Masopust_053_1b:A0312	0.5972183161499454	82.0	True	
NK → Spp1 → Itgav_Itgb1 → CD8	Masopust_053_2a:A0307	0.5972183161499454	82.0	True	
NK → Spp1 → Itgav_Itgb1 → CD8	Masopust_053_2a:A0308	0.5972183161499454	82.0	True	
NK → Spp1 → Itgav_Itgb1 → CD8	Masopust_053_2a:A0309	0.5972183161499454	82.0	True	
NK → Spp1 → Itgav_Itgb1 → CD8	Masopust_053_2a:A0310	0.5989189964220543	82.0	True	
NK → Spp1 → Itgav_Itgb1 → CD8	Masopust_053_2a:A0312	0.5989189964220543	82.0	True	
NK → Spp1 → Itgav_Itgb1 → CD8	Masopust_053_2b:A0307	0.5972183161499454	82.0	True	
NK → Spp1 → Itgav_Itgb1 → CD8	Masopust_053_2b:A0308	0.5989189964220543	82.0	True	
NK → Spp1 → Itgav_Itgb1 → CD8	Masopust_053_2b:A0309	0.5972183161499454	82.0	True	
NK → Spp1 → Itgav_Itgb1 → CD8	Masopust_053_2b:A0310	0.5989189964220543	82.0	True	
NK → Spp1 → Itgav_Itgb1 → CD8	Masopust_053_2b:A0312	0.5989189964220543	82.0	True	
NK → Spp1 → Itgav_Itgb1 → CD8	Masopust_053_3a:A0307	0.5972183161499454	82.0	True	
NK → Spp1 → Itgav_Itgb1 → CD8	Masopust_053_3a:A0308	0.5972183161499454	82.0	True	
NK → Spp1 → Itgav_Itgb1 → CD8	Masopust_053_3a:A0309	0.5972183161499454	82.0	True	
NK → Spp1 → Itgav_Itgb1 → CD8	Masopust_053_3a:A0310	0.5972183161499454	82.0	True	
NK → Spp1 → Itgav_Itgb1 → CD8	Masopust_053_3a:A0311	0.5972183161499454	82.0	True	
NK → Spp1 → Itgav_Itgb1 → CD8	Masopust_053_3b:A0307	0.5972183161499454	82.0	True	
NK → Spp1 → Itgav_Itgb1 → CD8	Masopust_053_3b:A0308	0.5972183161499454	82.0	True	
NK → Spp1 → Itgav_Itgb1 → CD8	Masopust_053_3b:A0309	0.5989189964220543	82.0	True	
NK → Spp1 → Itgav_Itgb1 → CD8	Masopust_053_3b:A0310	0.5972183161499454	82.0	True	
NK → Spp1 → Itgav_Itgb1 → CD8	Masopust_053_3b:A0311	0.5972183161499454	82.0	True	
NK → Spp1 → Itgav_Itgb1 → CD8	Masopust_053_6a:A0308	0.5989189964220543	82.0	True	
NK → Spp1 → Itgav_Itgb1 → CD8	Masopust_053_6b:A0308	0.5989189964220543	82.0	True	
NK → Spp1 → Itgav_Itgb1 → CD8	Masopust_054_A:A0311	0.5972183161499454	82.0	True	
NK → Spp1 → Itgav_Itgb1 → CD8	Masopust_054_A:A0312	0.5972183161499454	82.0	True	
NK → Spp1 → Itgav_Itgb1 → CD8	Masopust_054_B:A0311	0.5972183161499454	82.0	True	
NK → Spp1 → Itgav_Itgb1 → CD8	Masopust_054_B:A0312	0.5972183161499454	82.0	True	
NK → Spp1 → Itgav_Itgb1 → CD8	Masopust_054_C:A0311	0.5972183161499454	82.0	True	
NK → Spp1 → Itgav_Itgb1 → CD8	Masopust_054_C:A0313	0.5972183161499454	82.0	True	
NK → Spp1 → Itgav_Itgb1 → CD8	Masopust_054_D:A0311	0.5972183161499454	82.0	True	
NK → Spp1 → Itgav_Itgb1 → CD8	Masopust_054_D:A0313	0.5972183161499454	82.0	True	
NK → Spp1 → Itgav_Itgb1 → CD8	Masopust_054_E:A0311	0.5989189964220543	82.0	True	
monocyte_macrophage → Cd80 → Cd28 → CD8	Masopust_053_1a:A0307	0.5955365356397282	84.0	True	
monocyte_macrophage → Cd80 → Cd28 → CD8	Masopust_053_1a:A0308	0.5939131590163517	84.0	True	
monocyte_macrophage → Cd80 → Cd28 → CD8	Masopust_053_1a:A0309	0.5939131590163517	84.0	True	
monocyte_macrophage → Cd80 → Cd28 → CD8	Masopust_053_1a:A0310	0.5955365356397282	84.0	True	
monocyte_macrophage → Cd80 → Cd28 → CD8	Masopust_053_1a:A0311	0.5955365356397282	84.0	True	
monocyte_macrophage → Cd80 → Cd28 → CD8	Masopust_053_1a:A0312	0.5939131590163517	84.0	True	
monocyte_macrophage → Cd80 → Cd28 → CD8	Masopust_053_1b:A0307	0.5939131590163517	84.0	True	
monocyte_macrophage → Cd80 → Cd28 → CD8	Masopust_053_1b:A0308	0.5939131590163517	84.0	True	
monocyte_macrophage → Cd80 → Cd28 → CD8	Masopust_053_1b:A0309	0.5939131590163517	84.0	True	
monocyte_macrophage → Cd80 → Cd28 → CD8	Masopust_053_1b:A0310	0.5939131590163517	84.0	True	
monocyte_macrophage → Cd80 → Cd28 → CD8	Masopust_053_1b:A0311	0.5955365356397282	84.0	True	
monocyte_macrophage → Cd80 → Cd28 → CD8	Masopust_053_1b:A0312	0.5939131590163517	84.0	True	
monocyte_macrophage → Cd80 → Cd28 → CD8	Masopust_053_2a:A0307	0.5939131590163517	84.0	True	
monocyte_macrophage → Cd80 → Cd28 → CD8	Masopust_053_2a:A0308	0.5939131590163517	84.0	True	
monocyte_macrophage → Cd80 → Cd28 → CD8	Masopust_053_2a:A0309	0.5939131590163517	84.0	True	
monocyte_macrophage → Cd80 → Cd28 → CD8	Masopust_053_2a:A0310	0.5939131590163517	84.0	True	
monocyte_macrophage → Cd80 → Cd28 → CD8	Masopust_053_2a:A0312	0.5939131590163517	84.0	True	
monocyte_macrophage → Cd80 → Cd28 → CD8	Masopust_053_2b:A0307	0.5939131590163517	84.0	True	
monocyte_macrophage → Cd80 → Cd28 → CD8	Masopust_053_2b:A0308	0.5939131590163517	84.0	True	
monocyte_macrophage → Cd80 → Cd28 → CD8	Masopust_053_2b:A0309	0.5955365356397282	84.0	True	
monocyte_macrophage → Cd80 → Cd28 → CD8	Masopust_053_2b:A0310	0.5939131590163517	84.0	True	
monocyte_macrophage → Cd80 → Cd28 → CD8	Masopust_053_2b:A0312	0.5939131590163517	84.0	True	
monocyte_macrophage → Cd80 → Cd28 → CD8	Masopust_053_3a:A0307	0.5939131590163517	84.0	True	
monocyte_macrophage → Cd80 → Cd28 → CD8	Masopust_053_3a:A0308	0.5955365356397282	84.0	True	
monocyte_macrophage → Cd80 → Cd28 → CD8	Masopust_053_3a:A0309	0.5939131590163517	84.0	True	
monocyte_macrophage → Cd80 → Cd28 → CD8	Masopust_053_3a:A0310	0.5955365356397282	84.0	True	
monocyte_macrophage → Cd80 → Cd28 → CD8	Masopust_053_3a:A0311	0.5955365356397282	84.0	True	
monocyte_macrophage → Cd80 → Cd28 → CD8	Masopust_053_3b:A0307	0.5939131590163517	84.0	True	
monocyte_macrophage → Cd80 → Cd28 → CD8	Masopust_053_3b:A0308	0.5939131590163517	84.0	True	
monocyte_macrophage → Cd80 → Cd28 → CD8	Masopust_053_3b:A0309	0.5939131590163517	84.0	True	
monocyte_macrophage → Cd80 → Cd28 → CD8	Masopust_053_3b:A0310	0.5939131590163517	84.0	True	
monocyte_macrophage → Cd80 → Cd28 → CD8	Masopust_053_3b:A0311	0.5955365356397282	84.0	True	
monocyte_macrophage → Cd80 → Cd28 → CD8	Masopust_053_6a:A0308	0.5939131590163517	84.0	True	
monocyte_macrophage → Cd80 → Cd28 → CD8	Masopust_053_6b:A0308	0.5939131590163517	84.0	True	
monocyte_macrophage → Cd80 → Cd28 → CD8	Masopust_054_A:A0311	0.5939131590163517	84.0	True	
monocyte_macrophage → Cd80 → Cd28 → CD8	Masopust_054_A:A0312	0.5939131590163517	84.0	True	
monocyte_macrophage → Cd80 → Cd28 → CD8	Masopust_054_B:A0311	0.5955365356397282	84.0	True	
monocyte_macrophage → Cd80 → Cd28 → CD8	Masopust_054_B:A0312	0.5955365356397282	84.0	True	
monocyte_macrophage → Cd80 → Cd28 → CD8	Masopust_054_C:A0311	0.5939131590163517	84.0	True	
monocyte_macrophage → Cd80 → Cd28 → CD8	Masopust_054_C:A0312	0.5939131590163517	84.0	True	
monocyte_macrophage → Cd80 → Cd28 → CD8	Masopust_054_C:A0313	0.5955365356397282	84.0	True	
monocyte_macrophage → Cd80 → Cd28 → CD8	Masopust_054_D:A0311	0.5955365356397282	84.0	True	
monocyte_macrophage → Cd80 → Cd28 → CD8	Masopust_054_D:A0312	0.5939131590163517	84.0	True	
monocyte_macrophage → Cd80 → Cd28 → CD8	Masopust_054_D:A0313	0.5955365356397282	84.0	True	
monocyte_macrophage → Cd80 → Cd28 → CD8	Masopust_054_E:A0311	0.5955365356397282	84.0	True	
NK → Spp1 → S1pr1 → CD8	Masopust_053_1a:A0307	0.595766314247388	83.0	True	
NK → Spp1 → S1pr1 → CD8	Masopust_053_1a:A0308	0.595766314247388	83.0	True	
NK → Spp1 → S1pr1 → CD8	Masopust_053_1a:A0309	0.5974669945194968	83.0	True	
NK → Spp1 → S1pr1 → CD8	Masopust_053_1a:A0310	0.5974669945194968	83.0	True	
NK → Spp1 → S1pr1 → CD8	Masopust_053_1a:A0311	0.595766314247388	83.0	True	
NK → Spp1 → S1pr1 → CD8	Masopust_053_1a:A0312	0.595766314247388	83.0	True	
NK → Spp1 → S1pr1 → CD8	Masopust_053_1b:A0307	0.5974669945194968	83.0	True	
NK → Spp1 → S1pr1 → CD8	Masopust_053_1b:A0308	0.595766314247388	83.0	True	
NK → Spp1 → S1pr1 → CD8	Masopust_053_1b:A0309	0.595766314247388	83.0	True	
NK → Spp1 → S1pr1 → CD8	Masopust_053_1b:A0310	0.595766314247388	83.0	True	
NK → Spp1 → S1pr1 → CD8	Masopust_053_1b:A0311	0.5974669945194968	83.0	True	
NK → Spp1 → S1pr1 → CD8	Masopust_053_1b:A0312	0.595766314247388	83.0	True	
NK → Spp1 → S1pr1 → CD8	Masopust_053_2a:A0307	0.595766314247388	83.0	True	
NK → Spp1 → S1pr1 → CD8	Masopust_053_2a:A0308	0.595766314247388	83.0	True	
NK → Spp1 → S1pr1 → CD8	Masopust_053_2a:A0309	0.595766314247388	83.0	True	
NK → Spp1 → S1pr1 → CD8	Masopust_053_2a:A0310	0.5974669945194968	83.0	True	
NK → Spp1 → S1pr1 → CD8	Masopust_053_2a:A0312	0.5974669945194968	83.0	True	
NK → Spp1 → S1pr1 → CD8	Masopust_053_2b:A0307	0.595766314247388	83.0	True	
NK → Spp1 → S1pr1 → CD8	Masopust_053_2b:A0308	0.5974669945194968	83.0	True	
NK → Spp1 → S1pr1 → CD8	Masopust_053_2b:A0309	0.595766314247388	83.0	True	
NK → Spp1 → S1pr1 → CD8	Masopust_053_2b:A0310	0.5974669945194968	83.0	True	
NK → Spp1 → S1pr1 → CD8	Masopust_053_2b:A0312	0.5974669945194968	83.0	True	
NK → Spp1 → S1pr1 → CD8	Masopust_053_3a:A0307	0.595766314247388	83.0	True	
NK → Spp1 → S1pr1 → CD8	Masopust_053_3a:A0308	0.595766314247388	83.0	True	
NK → Spp1 → S1pr1 → CD8	Masopust_053_3a:A0309	0.595766314247388	83.0	True	
NK → Spp1 → S1pr1 → CD8	Masopust_053_3a:A0310	0.595766314247388	83.0	True	
NK → Spp1 → S1pr1 → CD8	Masopust_053_3a:A0311	0.595766314247388	83.0	True	
NK → Spp1 → S1pr1 → CD8	Masopust_053_3b:A0307	0.595766314247388	83.0	True	
NK → Spp1 → S1pr1 → CD8	Masopust_053_3b:A0308	0.595766314247388	83.0	True	
NK → Spp1 → S1pr1 → CD8	Masopust_053_3b:A0309	0.5974669945194968	83.0	True	
NK → Spp1 → S1pr1 → CD8	Masopust_053_3b:A0310	0.595766314247388	83.0	True	
NK → Spp1 → S1pr1 → CD8	Masopust_053_3b:A0311	0.595766314247388	83.0	True	
NK → Spp1 → S1pr1 → CD8	Masopust_053_6a:A0308	0.5974669945194968	83.0	True	
NK → Spp1 → S1pr1 → CD8	Masopust_053_6b:A0308	0.5974669945194968	83.0	True	
NK → Spp1 → S1pr1 → CD8	Masopust_054_A:A0311	0.595766314247388	83.0	True	
NK → Spp1 → S1pr1 → CD8	Masopust_054_A:A0312	0.595766314247388	83.0	True	
NK → Spp1 → S1pr1 → CD8	Masopust_054_B:A0311	0.595766314247388	83.0	True	
NK → Spp1 → S1pr1 → CD8	Masopust_054_B:A0312	0.595766314247388	83.0	True	
NK → Spp1 → S1pr1 → CD8	Masopust_054_C:A0311	0.595766314247388	83.0	True	
NK → Spp1 → S1pr1 → CD8	Masopust_054_C:A0313	0.595766314247388	83.0	True	
NK → Spp1 → S1pr1 → CD8	Masopust_054_D:A0311	0.595766314247388	83.0	True	
NK → Spp1 → S1pr1 → CD8	Masopust_054_D:A0313	0.595766314247388	83.0	True	
NK → Spp1 → S1pr1 → CD8	Masopust_054_E:A0311	0.5974669945194968	83.0	True	
T_cell → Lamc1 → Itga3_Itgb1 → CD4	Masopust_053_1a:A0307	0.5878321143679862	88.0	True	
T_cell → Lamc1 → Itga3_Itgb1 → CD4	Masopust_053_1a:A0308	0.5878321143679862	88.0	True	
T_cell → Lamc1 → Itga3_Itgb1 → CD4	Masopust_053_1a:A0309	0.5878321143679862	89.0	True	
T_cell → Lamc1 → Itga3_Itgb1 → CD4	Masopust_053_1a:A0310	0.5893849093990422	86.0	True	
T_cell → Lamc1 → Itga3_Itgb1 → CD4	Masopust_053_1a:A0311	0.5878321143679862	89.0	True	
T_cell → Lamc1 → Itga3_Itgb1 → CD4	Masopust_053_1a:A0312	0.5878321143679862	88.0	True	
T_cell → Lamc1 → Itga3_Itgb1 → CD4	Masopust_053_1b:A0307	0.5878321143679862	89.0	True	
T_cell → Lamc1 → Itga3_Itgb1 → CD4	Masopust_053_1b:A0308	0.5893849093990422	86.0	True	
T_cell → Lamc1 → Itga3_Itgb1 → CD4	Masopust_053_1b:A0309	0.5893849093990422	86.0	True	
T_cell → Lamc1 → Itga3_Itgb1 → CD4	Masopust_053_1b:A0310	0.5893849093990422	88.0	True	
T_cell → Lamc1 → Itga3_Itgb1 → CD4	Masopust_053_1b:A0311	0.5878321143679862	89.0	True	
T_cell → Lamc1 → Itga3_Itgb1 → CD4	Masopust_053_1b:A0312	0.5878321143679862	89.0	True	
T_cell → Lamc1 → Itga3_Itgb1 → CD4	Masopust_053_2a:A0307	0.5893849093990422	86.0	True	
T_cell → Lamc1 → Itga3_Itgb1 → CD4	Masopust_053_2a:A0308	0.5878321143679862	88.0	True	
T_cell → Lamc1 → Itga3_Itgb1 → CD4	Masopust_053_2a:A0309	0.5878321143679862	89.0	True	
T_cell → Lamc1 → Itga3_Itgb1 → CD4	Masopust_053_2a:A0310	0.5878321143679862	88.0	True	
T_cell → Lamc1 → Itga3_Itgb1 → CD4	Masopust_053_2a:A0311	0.5878321143679862	88.0	True	
T_cell → Lamc1 → Itga3_Itgb1 → CD4	Masopust_053_2a:A0312	0.5878321143679862	89.0	True	
T_cell → Lamc1 → Itga3_Itgb1 → CD4	Masopust_053_2b:A0307	0.5878321143679862	89.0	True	
T_cell → Lamc1 → Itga3_Itgb1 → CD4	Masopust_053_2b:A0308	0.5893849093990422	88.0	True	
T_cell → Lamc1 → Itga3_Itgb1 → CD4	Masopust_053_2b:A0309	0.5878321143679862	89.0	True	
T_cell → Lamc1 → Itga3_Itgb1 → CD4	Masopust_053_2b:A0310	0.5878321143679862	88.0	True	
T_cell → Lamc1 → Itga3_Itgb1 → CD4	Masopust_053_2b:A0311	0.5878321143679862	89.0	True	
T_cell → Lamc1 → Itga3_Itgb1 → CD4	Masopust_053_2b:A0312	0.5893849093990422	88.0	True	
T_cell → Lamc1 → Itga3_Itgb1 → CD4	Masopust_053_3a:A0307	0.5878321143679862	88.0	True	
T_cell → Lamc1 → Itga3_Itgb1 → CD4	Masopust_053_3a:A0308	0.5878321143679862	88.0	True	
T_cell → Lamc1 → Itga3_Itgb1 → CD4	Masopust_053_3a:A0309	0.5893849093990422	86.0	True	
T_cell → Lamc1 → Itga3_Itgb1 → CD4	Masopust_053_3a:A0310	0.5893849093990422	86.0	True	
T_cell → Lamc1 → Itga3_Itgb1 → CD4	Masopust_053_3a:A0311	0.5878321143679862	88.0	True	
T_cell → Lamc1 → Itga3_Itgb1 → CD4	Masopust_053_3b:A0307	0.5878321143679862	88.0	True	
T_cell → Lamc1 → Itga3_Itgb1 → CD4	Masopust_053_3b:A0308	0.5893849093990422	86.0	True	
T_cell → Lamc1 → Itga3_Itgb1 → CD4	Masopust_053_3b:A0309	0.5878321143679862	88.0	True	
T_cell → Lamc1 → Itga3_Itgb1 → CD4	Masopust_053_3b:A0310	0.5893849093990422	86.0	True	
T_cell → Lamc1 → Itga3_Itgb1 → CD4	Masopust_053_3b:A0311	0.5893849093990422	86.0	True	
T_cell → Lamc1 → Itga3_Itgb1 → CD4	Masopust_053_6a:A0308	0.5878321143679862	88.0	True	
T_cell → Lamc1 → Itga3_Itgb1 → CD4	Masopust_053_6b:A0308	0.5878321143679862	88.0	True	
T_cell → Lamc1 → Itga3_Itgb1 → CD4	Masopust_054_A:A0311	0.5878321143679862	88.0	True	
T_cell → Lamc1 → Itga3_Itgb1 → CD4	Masopust_054_A:A0312	0.5893849093990422	86.0	True	
T_cell → Lamc1 → Itga3_Itgb1 → CD4	Masopust_054_B:A0311	0.5878321143679862	88.0	True	
T_cell → Lamc1 → Itga3_Itgb1 → CD4	Masopust_054_B:A0312	0.5878321143679862	88.0	True	
T_cell → Lamc1 → Itga3_Itgb1 → CD4	Masopust_054_C:A0311	0.5893849093990422	86.0	True	
T_cell → Lamc1 → Itga3_Itgb1 → CD4	Masopust_054_C:A0312	0.5893849093990422	88.0	True	
T_cell → Lamc1 → Itga3_Itgb1 → CD4	Masopust_054_C:A0313	0.5893849093990422	86.0	True	
T_cell → Lamc1 → Itga3_Itgb1 → CD4	Masopust_054_D:A0311	0.5878321143679862	88.0	True	
T_cell → Lamc1 → Itga3_Itgb1 → CD4	Masopust_054_D:A0312	0.5878321143679862	88.0	True	
T_cell → Lamc1 → Itga3_Itgb1 → CD4	Masopust_054_D:A0313	0.5878321143679862	89.0	True	
T_cell → Lamc1 → Itga3_Itgb1 → CD4	Masopust_054_E:A0311	0.5893849093990422	88.0	True	
T_cell → Lamc1 → Cd44 → CD4	Masopust_053_1a:A0307	0.587760757153772	89.0	True	
T_cell → Lamc1 → Cd44 → CD4	Masopust_053_1a:A0308	0.587760757153772	89.0	True	
T_cell → Lamc1 → Cd44 → CD4	Masopust_053_1a:A0309	0.587760757153772	90.0	True	
T_cell → Lamc1 → Cd44 → CD4	Masopust_053_1a:A0310	0.5893135521848277	87.0	True	
T_cell → Lamc1 → Cd44 → CD4	Masopust_053_1a:A0311	0.587760757153772	90.0	True	
T_cell → Lamc1 → Cd44 → CD4	Masopust_053_1a:A0312	0.587760757153772	89.0	True	
T_cell → Lamc1 → Cd44 → CD4	Masopust_053_1b:A0307	0.587760757153772	90.0	True	
T_cell → Lamc1 → Cd44 → CD4	Masopust_053_1b:A0308	0.5893135521848277	87.0	True	
T_cell → Lamc1 → Cd44 → CD4	Masopust_053_1b:A0309	0.5893135521848277	87.0	True	
T_cell → Lamc1 → Cd44 → CD4	Masopust_053_1b:A0310	0.5893135521848277	89.0	True	
T_cell → Lamc1 → Cd44 → CD4	Masopust_053_1b:A0311	0.587760757153772	90.0	True	
T_cell → Lamc1 → Cd44 → CD4	Masopust_053_1b:A0312	0.587760757153772	90.0	True	
T_cell → Lamc1 → Cd44 → CD4	Masopust_053_2a:A0307	0.5893135521848277	87.0	True	
T_cell → Lamc1 → Cd44 → CD4	Masopust_053_2a:A0308	0.587760757153772	89.0	True	
T_cell → Lamc1 → Cd44 → CD4	Masopust_053_2a:A0309	0.587760757153772	90.0	True	
T_cell → Lamc1 → Cd44 → CD4	Masopust_053_2a:A0310	0.587760757153772	89.0	True	
T_cell → Lamc1 → Cd44 → CD4	Masopust_053_2a:A0311	0.587760757153772	89.0	True	
T_cell → Lamc1 → Cd44 → CD4	Masopust_053_2a:A0312	0.587760757153772	90.0	True	
T_cell → Lamc1 → Cd44 → CD4	Masopust_053_2b:A0307	0.587760757153772	90.0	True	
T_cell → Lamc1 → Cd44 → CD4	Masopust_053_2b:A0308	0.5893135521848277	89.0	True	
T_cell → Lamc1 → Cd44 → CD4	Masopust_053_2b:A0309	0.587760757153772	90.0	True	
T_cell → Lamc1 → Cd44 → CD4	Masopust_053_2b:A0310	0.587760757153772	89.0	True	
T_cell → Lamc1 → Cd44 → CD4	Masopust_053_2b:A0311	0.587760757153772	90.0	True	
T_cell → Lamc1 → Cd44 → CD4	Masopust_053_2b:A0312	0.5893135521848277	89.0	True	
T_cell → Lamc1 → Cd44 → CD4	Masopust_053_3a:A0307	0.587760757153772	89.0	True	
T_cell → Lamc1 → Cd44 → CD4	Masopust_053_3a:A0308	0.587760757153772	89.0	True	
T_cell → Lamc1 → Cd44 → CD4	Masopust_053_3a:A0309	0.5893135521848277	87.0	True	
T_cell → Lamc1 → Cd44 → CD4	Masopust_053_3a:A0310	0.5893135521848277	87.0	True	
T_cell → Lamc1 → Cd44 → CD4	Masopust_053_3a:A0311	0.587760757153772	89.0	True	
T_cell → Lamc1 → Cd44 → CD4	Masopust_053_3b:A0307	0.587760757153772	89.0	True	
T_cell → Lamc1 → Cd44 → CD4	Masopust_053_3b:A0308	0.5893135521848277	87.0	True	
T_cell → Lamc1 → Cd44 → CD4	Masopust_053_3b:A0309	0.587760757153772	89.0	True	
T_cell → Lamc1 → Cd44 → CD4	Masopust_053_3b:A0310	0.5893135521848277	87.0	True	
T_cell → Lamc1 → Cd44 → CD4	Masopust_053_3b:A0311	0.5893135521848277	87.0	True	
T_cell → Lamc1 → Cd44 → CD4	Masopust_053_6a:A0308	0.587760757153772	89.0	True	
T_cell → Lamc1 → Cd44 → CD4	Masopust_053_6b:A0308	0.587760757153772	89.0	True	
T_cell → Lamc1 → Cd44 → CD4	Masopust_054_A:A0311	0.587760757153772	89.0	True	
T_cell → Lamc1 → Cd44 → CD4	Masopust_054_A:A0312	0.5893135521848277	87.0	True	
T_cell → Lamc1 → Cd44 → CD4	Masopust_054_B:A0311	0.587760757153772	89.0	True	
T_cell → Lamc1 → Cd44 → CD4	Masopust_054_B:A0312	0.587760757153772	89.0	True	
T_cell → Lamc1 → Cd44 → CD4	Masopust_054_C:A0311	0.5893135521848277	87.0	True	
T_cell → Lamc1 → Cd44 → CD4	Masopust_054_C:A0312	0.5893135521848277	89.0	True	
T_cell → Lamc1 → Cd44 → CD4	Masopust_054_C:A0313	0.5893135521848277	87.0	True	
T_cell → Lamc1 → Cd44 → CD4	Masopust_054_D:A0311	0.587760757153772	89.0	True	
T_cell → Lamc1 → Cd44 → CD4	Masopust_054_D:A0312	0.587760757153772	89.0	True	
T_cell → Lamc1 → Cd44 → CD4	Masopust_054_D:A0313	0.587760757153772	90.0	True	
T_cell → Lamc1 → Cd44 → CD4	Masopust_054_E:A0311	0.5893135521848277	89.0	True	
T_cell → Lamc1 → Itga9_Itgb1 → CD4	Masopust_053_1a:A0307	0.5873326138684858	90.0	True	
T_cell → Lamc1 → Itga9_Itgb1 → CD4	Masopust_053_1a:A0308	0.5873326138684858	90.0	True	
T_cell → Lamc1 → Itga9_Itgb1 → CD4	Masopust_053_1a:A0309	0.5873326138684858	91.0	True	
T_cell → Lamc1 → Itga9_Itgb1 → CD4	Masopust_053_1a:A0310	0.5888854088995418	90.0	True	
T_cell → Lamc1 → Itga9_Itgb1 → CD4	Masopust_053_1a:A0311	0.5873326138684858	91.0	True	
T_cell → Lamc1 → Itga9_Itgb1 → CD4	Masopust_053_1a:A0312	0.5873326138684858	90.0	True	
T_cell → Lamc1 → Itga9_Itgb1 → CD4	Masopust_053_1b:A0307	0.5873326138684858	91.0	True	
T_cell → Lamc1 → Itga9_Itgb1 → CD4	Masopust_053_1b:A0308	0.5888854088995418	90.0	True	
T_cell → Lamc1 → Itga9_Itgb1 → CD4	Masopust_053_1b:A0309	0.5888854088995418	90.0	True	
T_cell → Lamc1 → Itga9_Itgb1 → CD4	Masopust_053_1b:A0310	0.5888854088995418	90.0	True	
T_cell → Lamc1 → Itga9_Itgb1 → CD4	Masopust_053_1b:A0311	0.5873326138684858	91.0	True	
T_cell → Lamc1 → Itga9_Itgb1 → CD4	Masopust_053_1b:A0312	0.5873326138684858	91.0	True	
T_cell → Lamc1 → Itga9_Itgb1 → CD4	Masopust_053_2a:A0307	0.5888854088995418	90.0	True	
T_cell → Lamc1 → Itga9_Itgb1 → CD4	Masopust_053_2a:A0308	0.5873326138684858	90.0	True	
T_cell → Lamc1 → Itga9_Itgb1 → CD4	Masopust_053_2a:A0309	0.5873326138684858	91.0	True	
T_cell → Lamc1 → Itga9_Itgb1 → CD4	Masopust_053_2a:A0310	0.5873326138684858	90.0	True	
T_cell → Lamc1 → Itga9_Itgb1 → CD4	Masopust_053_2a:A0311	0.5873326138684858	90.0	True	
T_cell → Lamc1 → Itga9_Itgb1 → CD4	Masopust_053_2a:A0312	0.5873326138684858	91.0	True	
T_cell → Lamc1 → Itga9_Itgb1 → CD4	Masopust_053_2b:A0307	0.5873326138684858	91.0	True	
T_cell → Lamc1 → Itga9_Itgb1 → CD4	Masopust_053_2b:A0308	0.5888854088995418	90.0	True	
T_cell → Lamc1 → Itga9_Itgb1 → CD4	Masopust_053_2b:A0309	0.5873326138684858	91.0	True	
T_cell → Lamc1 → Itga9_Itgb1 → CD4	Masopust_053_2b:A0310	0.5873326138684858	90.0	True	
T_cell → Lamc1 → Itga9_Itgb1 → CD4	Masopust_053_2b:A0311	0.5873326138684858	91.0	True	
T_cell → Lamc1 → Itga9_Itgb1 → CD4	Masopust_053_2b:A0312	0.5888854088995418	90.0	True	
T_cell → Lamc1 → Itga9_Itgb1 → CD4	Masopust_053_3a:A0307	0.5873326138684858	90.0	True	
T_cell → Lamc1 → Itga9_Itgb1 → CD4	Masopust_053_3a:A0308	0.5873326138684858	90.0	True	
T_cell → Lamc1 → Itga9_Itgb1 → CD4	Masopust_053_3a:A0309	0.5888854088995418	90.0	True	
T_cell → Lamc1 → Itga9_Itgb1 → CD4	Masopust_053_3a:A0310	0.5888854088995418	90.0	True	
T_cell → Lamc1 → Itga9_Itgb1 → CD4	Masopust_053_3a:A0311	0.5873326138684858	90.0	True	
T_cell → Lamc1 → Itga9_Itgb1 → CD4	Masopust_053_3b:A0307	0.5873326138684858	90.0	True	
T_cell → Lamc1 → Itga9_Itgb1 → CD4	Masopust_053_3b:A0308	0.5888854088995418	90.0	True	
T_cell → Lamc1 → Itga9_Itgb1 → CD4	Masopust_053_3b:A0309	0.5873326138684858	90.0	True	
T_cell → Lamc1 → Itga9_Itgb1 → CD4	Masopust_053_3b:A0310	0.5888854088995418	90.0	True	
T_cell → Lamc1 → Itga9_Itgb1 → CD4	Masopust_053_3b:A0311	0.5888854088995418	90.0	True	
T_cell → Lamc1 → Itga9_Itgb1 → CD4	Masopust_053_6a:A0308	0.5873326138684858	90.0	True	
T_cell → Lamc1 → Itga9_Itgb1 → CD4	Masopust_053_6b:A0308	0.5873326138684858	90.0	True	
T_cell → Lamc1 → Itga9_Itgb1 → CD4	Masopust_054_A:A0311	0.5873326138684858	90.0	True	
T_cell → Lamc1 → Itga9_Itgb1 → CD4	Masopust_054_A:A0312	0.5888854088995418	90.0	True	
T_cell → Lamc1 → Itga9_Itgb1 → CD4	Masopust_054_B:A0311	0.5873326138684858	90.0	True	
T_cell → Lamc1 → Itga9_Itgb1 → CD4	Masopust_054_B:A0312	0.5873326138684858	90.0	True	
T_cell → Lamc1 → Itga9_Itgb1 → CD4	Masopust_054_C:A0311	0.5888854088995418	90.0	True	
T_cell → Lamc1 → Itga9_Itgb1 → CD4	Masopust_054_C:A0312	0.5888854088995418	90.0	True	
T_cell → Lamc1 → Itga9_Itgb1 → CD4	Masopust_054_C:A0313	0.5888854088995418	90.0	True	
T_cell → Lamc1 → Itga9_Itgb1 → CD4	Masopust_054_D:A0311	0.5873326138684858	90.0	True	
T_cell → Lamc1 → Itga9_Itgb1 → CD4	Masopust_054_D:A0312	0.5873326138684858	90.0	True	
T_cell → Lamc1 → Itga9_Itgb1 → CD4	Masopust_054_D:A0313	0.5873326138684858	91.0	True	
T_cell → Lamc1 → Itga9_Itgb1 → CD4	Masopust_054_E:A0311	0.5888854088995418	90.0	True	
T_cell → Lamc1 → Itga2_Itgb1 → CD4	Masopust_053_1a:A0307	0.5871898994400571	91.0	True	
T_cell → Lamc1 → Itga2_Itgb1 → CD4	Masopust_053_1a:A0308	0.5871898994400571	91.0	True	
T_cell → Lamc1 → Itga2_Itgb1 → CD4	Masopust_053_1a:A0309	0.5871898994400571	92.0	True	
T_cell → Lamc1 → Itga2_Itgb1 → CD4	Masopust_053_1a:A0310	0.5887426944711128	91.0	True	
T_cell → Lamc1 → Itga2_Itgb1 → CD4	Masopust_053_1a:A0311	0.5871898994400571	92.0	True	
T_cell → Lamc1 → Itga2_Itgb1 → CD4	Masopust_053_1a:A0312	0.5871898994400571	91.0	True	
T_cell → Lamc1 → Itga2_Itgb1 → CD4	Masopust_053_1b:A0307	0.5871898994400571	92.0	True	
T_cell → Lamc1 → Itga2_Itgb1 → CD4	Masopust_053_1b:A0308	0.5887426944711128	91.0	True	
T_cell → Lamc1 → Itga2_Itgb1 → CD4	Masopust_053_1b:A0309	0.5887426944711128	91.0	True	
T_cell → Lamc1 → Itga2_Itgb1 → CD4	Masopust_053_1b:A0310	0.5887426944711128	91.0	True	
T_cell → Lamc1 → Itga2_Itgb1 → CD4	Masopust_053_1b:A0311	0.5871898994400571	92.0	True	
T_cell → Lamc1 → Itga2_Itgb1 → CD4	Masopust_053_1b:A0312	0.5871898994400571	92.0	True	
T_cell → Lamc1 → Itga2_Itgb1 → CD4	Masopust_053_2a:A0307	0.5887426944711128	91.0	True	
T_cell → Lamc1 → Itga2_Itgb1 → CD4	Masopust_053_2a:A0308	0.5871898994400571	91.0	True	
T_cell → Lamc1 → Itga2_Itgb1 → CD4	Masopust_053_2a:A0309	0.5871898994400571	92.0	True	
T_cell → Lamc1 → Itga2_Itgb1 → CD4	Masopust_053_2a:A0310	0.5871898994400571	91.0	True	
T_cell → Lamc1 → Itga2_Itgb1 → CD4	Masopust_053_2a:A0311	0.5871898994400571	91.0	True	
T_cell → Lamc1 → Itga2_Itgb1 → CD4	Masopust_053_2a:A0312	0.5871898994400571	92.0	True	
T_cell → Lamc1 → Itga2_Itgb1 → CD4	Masopust_053_2b:A0307	0.5871898994400571	92.0	True	
T_cell → Lamc1 → Itga2_Itgb1 → CD4	Masopust_053_2b:A0308	0.5887426944711128	91.0	True	
T_cell → Lamc1 → Itga2_Itgb1 → CD4	Masopust_053_2b:A0309	0.5871898994400571	92.0	True	
T_cell → Lamc1 → Itga2_Itgb1 → CD4	Masopust_053_2b:A0310	0.5871898994400571	91.0	True	
T_cell → Lamc1 → Itga2_Itgb1 → CD4	Masopust_053_2b:A0311	0.5871898994400571	92.0	True	
T_cell → Lamc1 → Itga2_Itgb1 → CD4	Masopust_053_2b:A0312	0.5887426944711128	91.0	True	
T_cell → Lamc1 → Itga2_Itgb1 → CD4	Masopust_053_3a:A0307	0.5871898994400571	91.0	True	
T_cell → Lamc1 → Itga2_Itgb1 → CD4	Masopust_053_3a:A0308	0.5871898994400571	91.0	True	
T_cell → Lamc1 → Itga2_Itgb1 → CD4	Masopust_053_3a:A0309	0.5887426944711128	91.0	True	
T_cell → Lamc1 → Itga2_Itgb1 → CD4	Masopust_053_3a:A0310	0.5887426944711128	91.0	True	
T_cell → Lamc1 → Itga2_Itgb1 → CD4	Masopust_053_3a:A0311	0.5871898994400571	91.0	True	
T_cell → Lamc1 → Itga2_Itgb1 → CD4	Masopust_053_3b:A0307	0.5871898994400571	91.0	True	
T_cell → Lamc1 → Itga2_Itgb1 → CD4	Masopust_053_3b:A0308	0.5887426944711128	91.0	True	
T_cell → Lamc1 → Itga2_Itgb1 → CD4	Masopust_053_3b:A0309	0.5871898994400571	91.0	True	
T_cell → Lamc1 → Itga2_Itgb1 → CD4	Masopust_053_3b:A0310	0.5887426944711128	91.0	True	
T_cell → Lamc1 → Itga2_Itgb1 → CD4	Masopust_053_3b:A0311	0.5887426944711128	91.0	True	
T_cell → Lamc1 → Itga2_Itgb1 → CD4	Masopust_053_6a:A0308	0.5871898994400571	91.0	True	
T_cell → Lamc1 → Itga2_Itgb1 → CD4	Masopust_053_6b:A0308	0.5871898994400571	91.0	True	
T_cell → Lamc1 → Itga2_Itgb1 → CD4	Masopust_054_A:A0311	0.5871898994400571	91.0	True	
T_cell → Lamc1 → Itga2_Itgb1 → CD4	Masopust_054_A:A0312	0.5887426944711128	91.0	True	
T_cell → Lamc1 → Itga2_Itgb1 → CD4	Masopust_054_B:A0311	0.5871898994400571	91.0	True	
T_cell → Lamc1 → Itga2_Itgb1 → CD4	Masopust_054_B:A0312	0.5871898994400571	91.0	True	
T_cell → Lamc1 → Itga2_Itgb1 → CD4	Masopust_054_C:A0311	0.5887426944711128	91.0	True	
T_cell → Lamc1 → Itga2_Itgb1 → CD4	Masopust_054_C:A0312	0.5887426944711128	91.0	True	
T_cell → Lamc1 → Itga2_Itgb1 → CD4	Masopust_054_C:A0313	0.5887426944711128	91.0	True	
T_cell → Lamc1 → Itga2_Itgb1 → CD4	Masopust_054_D:A0311	0.5871898994400571	91.0	True	
T_cell → Lamc1 → Itga2_Itgb1 → CD4	Masopust_054_D:A0312	0.5871898994400571	91.0	True	
T_cell → Lamc1 → Itga2_Itgb1 → CD4	Masopust_054_D:A0313	0.5871898994400571	92.0	True	
T_cell → Lamc1 → Itga2_Itgb1 → CD4	Masopust_054_E:A0311	0.5887426944711128	91.0	True	
T_cell → Lamc1 → Itga6_Itgb1 → CD4	Masopust_053_1a:A0307	0.5869758277974141	92.0	True	
T_cell → Lamc1 → Itga6_Itgb1 → CD4	Masopust_053_1a:A0308	0.5869758277974141	92.0	True	
T_cell → Lamc1 → Itga6_Itgb1 → CD4	Masopust_053_1a:A0309	0.5869758277974141	93.0	True	
T_cell → Lamc1 → Itga6_Itgb1 → CD4	Masopust_053_1a:A0310	0.5885286228284698	92.0	True	
T_cell → Lamc1 → Itga6_Itgb1 → CD4	Masopust_053_1a:A0311	0.5869758277974141	93.0	True	
T_cell → Lamc1 → Itga6_Itgb1 → CD4	Masopust_053_1a:A0312	0.5869758277974141	92.0	True	
T_cell → Lamc1 → Itga6_Itgb1 → CD4	Masopust_053_1b:A0307	0.5869758277974141	93.0	True	
T_cell → Lamc1 → Itga6_Itgb1 → CD4	Masopust_053_1b:A0308	0.5885286228284698	92.0	True	
T_cell → Lamc1 → Itga6_Itgb1 → CD4	Masopust_053_1b:A0309	0.5885286228284698	92.0	True	
T_cell → Lamc1 → Itga6_Itgb1 → CD4	Masopust_053_1b:A0310	0.5885286228284698	92.0	True	
T_cell → Lamc1 → Itga6_Itgb1 → CD4	Masopust_053_1b:A0311	0.5869758277974141	93.0	True	
T_cell → Lamc1 → Itga6_Itgb1 → CD4	Masopust_053_1b:A0312	0.5869758277974141	93.0	True	
T_cell → Lamc1 → Itga6_Itgb1 → CD4	Masopust_053_2a:A0307	0.5885286228284698	92.0	True	
T_cell → Lamc1 → Itga6_Itgb1 → CD4	Masopust_053_2a:A0308	0.5869758277974141	92.0	True	
T_cell → Lamc1 → Itga6_Itgb1 → CD4	Masopust_053_2a:A0309	0.5869758277974141	93.0	True	
T_cell → Lamc1 → Itga6_Itgb1 → CD4	Masopust_053_2a:A0310	0.5869758277974141	92.0	True	
T_cell → Lamc1 → Itga6_Itgb1 → CD4	Masopust_053_2a:A0311	0.5869758277974141	92.0	True	
T_cell → Lamc1 → Itga6_Itgb1 → CD4	Masopust_053_2a:A0312	0.5869758277974141	93.0	True	
T_cell → Lamc1 → Itga6_Itgb1 → CD4	Masopust_053_2b:A0307	0.5869758277974141	93.0	True	
T_cell → Lamc1 → Itga6_Itgb1 → CD4	Masopust_053_2b:A0308	0.5885286228284698	92.0	True	
T_cell → Lamc1 → Itga6_Itgb1 → CD4	Masopust_053_2b:A0309	0.5869758277974141	93.0	True	
T_cell → Lamc1 → Itga6_Itgb1 → CD4	Masopust_053_2b:A0310	0.5869758277974141	92.0	True	
T_cell → Lamc1 → Itga6_Itgb1 → CD4	Masopust_053_2b:A0311	0.5869758277974141	93.0	True	
T_cell → Lamc1 → Itga6_Itgb1 → CD4	Masopust_053_2b:A0312	0.5885286228284698	92.0	True	
T_cell → Lamc1 → Itga6_Itgb1 → CD4	Masopust_053_3a:A0307	0.5869758277974141	92.0	True	
T_cell → Lamc1 → Itga6_Itgb1 → CD4	Masopust_053_3a:A0308	0.5869758277974141	92.0	True	
T_cell → Lamc1 → Itga6_Itgb1 → CD4	Masopust_053_3a:A0309	0.5885286228284698	92.0	True	
T_cell → Lamc1 → Itga6_Itgb1 → CD4	Masopust_053_3a:A0310	0.5885286228284698	92.0	True	
T_cell → Lamc1 → Itga6_Itgb1 → CD4	Masopust_053_3a:A0311	0.5869758277974141	92.0	True	
T_cell → Lamc1 → Itga6_Itgb1 → CD4	Masopust_053_3b:A0307	0.5869758277974141	92.0	True	
T_cell → Lamc1 → Itga6_Itgb1 → CD4	Masopust_053_3b:A0308	0.5885286228284698	92.0	True	
T_cell → Lamc1 → Itga6_Itgb1 → CD4	Masopust_053_3b:A0309	0.5869758277974141	92.0	True	
T_cell → Lamc1 → Itga6_Itgb1 → CD4	Masopust_053_3b:A0310	0.5885286228284698	92.0	True	
T_cell → Lamc1 → Itga6_Itgb1 → CD4	Masopust_053_3b:A0311	0.5885286228284698	92.0	True	
T_cell → Lamc1 → Itga6_Itgb1 → CD4	Masopust_053_6a:A0308	0.5869758277974141	92.0	True	
T_cell → Lamc1 → Itga6_Itgb1 → CD4	Masopust_053_6b:A0308	0.5869758277974141	92.0	True	
T_cell → Lamc1 → Itga6_Itgb1 → CD4	Masopust_054_A:A0311	0.5869758277974141	92.0	True	
T_cell → Lamc1 → Itga6_Itgb1 → CD4	Masopust_054_A:A0312	0.5885286228284698	92.0	True	
T_cell → Lamc1 → Itga6_Itgb1 → CD4	Masopust_054_B:A0311	0.5869758277974141	92.0	True	
T_cell → Lamc1 → Itga6_Itgb1 → CD4	Masopust_054_B:A0312	0.5869758277974141	92.0	True	
T_cell → Lamc1 → Itga6_Itgb1 → CD4	Masopust_054_C:A0311	0.5885286228284698	92.0	True	
T_cell → Lamc1 → Itga6_Itgb1 → CD4	Masopust_054_C:A0312	0.5885286228284698	92.0	True	
T_cell → Lamc1 → Itga6_Itgb1 → CD4	Masopust_054_C:A0313	0.5885286228284698	92.0	True	
T_cell → Lamc1 → Itga6_Itgb1 → CD4	Masopust_054_D:A0311	0.5869758277974141	92.0	True	
T_cell → Lamc1 → Itga6_Itgb1 → CD4	Masopust_054_D:A0312	0.5869758277974141	92.0	True	
T_cell → Lamc1 → Itga6_Itgb1 → CD4	Masopust_054_D:A0313	0.5869758277974141	93.0	True	
T_cell → Lamc1 → Itga6_Itgb1 → CD4	Masopust_054_E:A0311	0.5885286228284698	92.0	True	
T_cell → Cd80 → Cd28 → CD8	Masopust_053_1a:A0307	0.5869681795166503	93.0	True	
T_cell → Cd80 → Cd28 → CD8	Masopust_053_1a:A0308	0.5869681795166503	93.0	True	
T_cell → Cd80 → Cd28 → CD8	Masopust_053_1a:A0309	0.5885209745477062	88.0	True	
T_cell → Cd80 → Cd28 → CD8	Masopust_053_1a:A0310	0.5885209745477062	93.0	True	
T_cell → Cd80 → Cd28 → CD8	Masopust_053_1a:A0311	0.5885209745477062	88.0	True	
T_cell → Cd80 → Cd28 → CD8	Masopust_053_1a:A0312	0.5869681795166503	93.0	True	
T_cell → Cd80 → Cd28 → CD8	Masopust_053_1b:A0307	0.5885209745477062	88.0	True	
T_cell → Cd80 → Cd28 → CD8	Masopust_053_1b:A0308	0.5869681795166503	95.0	True	
T_cell → Cd80 → Cd28 → CD8	Masopust_053_1b:A0309	0.5869681795166503	95.0	True	
T_cell → Cd80 → Cd28 → CD8	Masopust_053_1b:A0310	0.5885209745477062	93.0	True	
T_cell → Cd80 → Cd28 → CD8	Masopust_053_1b:A0311	0.5885209745477062	88.0	True	
T_cell → Cd80 → Cd28 → CD8	Masopust_053_1b:A0312	0.5885209745477062	88.0	True	
T_cell → Cd80 → Cd28 → CD8	Masopust_053_2a:A0307	0.5885209745477062	93.0	True	
T_cell → Cd80 → Cd28 → CD8	Masopust_053_2a:A0308	0.5869681795166503	93.0	True	
T_cell → Cd80 → Cd28 → CD8	Masopust_053_2a:A0309	0.5885209745477062	88.0	True	
T_cell → Cd80 → Cd28 → CD8	Masopust_053_2a:A0310	0.5869681795166503	93.0	True	
T_cell → Cd80 → Cd28 → CD8	Masopust_053_2a:A0311	0.5869681795166503	93.0	True	
T_cell → Cd80 → Cd28 → CD8	Masopust_053_2a:A0312	0.5885209745477062	88.0	True	
T_cell → Cd80 → Cd28 → CD8	Masopust_053_2b:A0307	0.5885209745477062	88.0	True	
T_cell → Cd80 → Cd28 → CD8	Masopust_053_2b:A0308	0.5869681795166503	95.0	True	
T_cell → Cd80 → Cd28 → CD8	Masopust_053_2b:A0309	0.5885209745477062	88.0	True	
T_cell → Cd80 → Cd28 → CD8	Masopust_053_2b:A0310	0.5869681795166503	93.0	True	
T_cell → Cd80 → Cd28 → CD8	Masopust_053_2b:A0311	0.5885209745477062	88.0	True	
T_cell → Cd80 → Cd28 → CD8	Masopust_053_2b:A0312	0.5869681795166503	95.0	True	
T_cell → Cd80 → Cd28 → CD8	Masopust_053_3a:A0307	0.5869681795166503	93.0	True	
T_cell → Cd80 → Cd28 → CD8	Masopust_053_3a:A0308	0.5869681795166503	93.0	True	
T_cell → Cd80 → Cd28 → CD8	Masopust_053_3a:A0309	0.5885209745477062	93.0	True	
T_cell → Cd80 → Cd28 → CD8	Masopust_053_3a:A0310	0.5869681795166503	95.0	True	
T_cell → Cd80 → Cd28 → CD8	Masopust_053_3a:A0311	0.5869681795166503	93.0	True	
T_cell → Cd80 → Cd28 → CD8	Masopust_053_3b:A0307	0.5869681795166503	93.0	True	
T_cell → Cd80 → Cd28 → CD8	Masopust_053_3b:A0308	0.5869681795166503	95.0	True	
T_cell → Cd80 → Cd28 → CD8	Masopust_053_3b:A0309	0.5869681795166503	93.0	True	
T_cell → Cd80 → Cd28 → CD8	Masopust_053_3b:A0310	0.5869681795166503	95.0	True	
T_cell → Cd80 → Cd28 → CD8	Masopust_053_3b:A0311	0.5869681795166503	95.0	True	
T_cell → Cd80 → Cd28 → CD8	Masopust_053_6a:A0308	0.5869681795166503	93.0	True	
T_cell → Cd80 → Cd28 → CD8	Masopust_053_6b:A0308	0.5869681795166503	93.0	True	
T_cell → Cd80 → Cd28 → CD8	Masopust_054_A:A0311	0.5869681795166503	93.0	True	
T_cell → Cd80 → Cd28 → CD8	Masopust_054_A:A0312	0.5869681795166503	95.0	True	
T_cell → Cd80 → Cd28 → CD8	Masopust_054_B:A0311	0.5869681795166503	93.0	True	
T_cell → Cd80 → Cd28 → CD8	Masopust_054_B:A0312	0.5869681795166503	93.0	True	
T_cell → Cd80 → Cd28 → CD8	Masopust_054_C:A0311	0.5869681795166503	95.0	True	
T_cell → Cd80 → Cd28 → CD8	Masopust_054_C:A0312	0.5869681795166503	95.0	True	
T_cell → Cd80 → Cd28 → CD8	Masopust_054_C:A0313	0.5885209745477062	93.0	True	
T_cell → Cd80 → Cd28 → CD8	Masopust_054_D:A0311	0.5869681795166503	93.0	True	
T_cell → Cd80 → Cd28 → CD8	Masopust_054_D:A0312	0.5869681795166503	93.0	True	
T_cell → Cd80 → Cd28 → CD8	Masopust_054_D:A0313	0.5885209745477062	88.0	True	
T_cell → Cd80 → Cd28 → CD8	Masopust_054_E:A0311	0.5885209745477062	93.0	True	
T_cell → Lamc1 → Itga1 → CD4	Masopust_053_1a:A0307	0.5867617561547709	94.0	True	
T_cell → Lamc1 → Itga1 → CD4	Masopust_053_1a:A0308	0.5867617561547709	94.0	True	
T_cell → Lamc1 → Itga1 → CD4	Masopust_053_1a:A0309	0.5867617561547709	94.0	True	
T_cell → Lamc1 → Itga1 → CD4	Masopust_053_1a:A0310	0.5883145511858269	94.0	True	
T_cell → Lamc1 → Itga1 → CD4	Masopust_053_1a:A0311	0.5867617561547709	94.0	True	
T_cell → Lamc1 → Itga1 → CD4	Masopust_053_1a:A0312	0.5867617561547709	94.0	True	
T_cell → Lamc1 → Itga1 → CD4	Masopust_053_1b:A0307	0.5867617561547709	94.0	True	
T_cell → Lamc1 → Itga1 → CD4	Masopust_053_1b:A0308	0.5883145511858269	93.0	True	
T_cell → Lamc1 → Itga1 → CD4	Masopust_053_1b:A0309	0.5883145511858269	93.0	True	
T_cell → Lamc1 → Itga1 → CD4	Masopust_053_1b:A0310	0.5883145511858269	94.0	True	
T_cell → Lamc1 → Itga1 → CD4	Masopust_053_1b:A0311	0.5867617561547709	95.0	True	
T_cell → Lamc1 → Itga1 → CD4	Masopust_053_1b:A0312	0.5867617561547709	94.0	True	
T_cell → Lamc1 → Itga1 → CD4	Masopust_053_2a:A0307	0.5883145511858269	94.0	True	
T_cell → Lamc1 → Itga1 → CD4	Masopust_053_2a:A0308	0.5867617561547709	95.0	True	
T_cell → Lamc1 → Itga1 → CD4	Masopust_053_2a:A0309	0.5867617561547709	94.0	True	
T_cell → Lamc1 → Itga1 → CD4	Masopust_053_2a:A0310	0.5867617561547709	94.0	True	
T_cell → Lamc1 → Itga1 → CD4	Masopust_053_2a:A0311	0.5867617561547709	94.0	True	
T_cell → Lamc1 → Itga1 → CD4	Masopust_053_2a:A0312	0.5867617561547709	95.0	True	
T_cell → Lamc1 → Itga1 → CD4	Masopust_053_2b:A0307	0.5867617561547709	95.0	True	
T_cell → Lamc1 → Itga1 → CD4	Masopust_053_2b:A0308	0.5883145511858269	93.0	True	
T_cell → Lamc1 → Itga1 → CD4	Masopust_053_2b:A0309	0.5867617561547709	94.0	True	
T_cell → Lamc1 → Itga1 → CD4	Masopust_053_2b:A0310	0.5867617561547709	94.0	True	
T_cell → Lamc1 → Itga1 → CD4	Masopust_053_2b:A0311	0.5867617561547709	94.0	True	
T_cell → Lamc1 → Itga1 → CD4	Masopust_053_2b:A0312	0.5883145511858269	93.0	True	
T_cell → Lamc1 → Itga1 → CD4	Masopust_053_3a:A0307	0.5867617561547709	94.0	True	
T_cell → Lamc1 → Itga1 → CD4	Masopust_053_3a:A0308	0.5867617561547709	94.0	True	
T_cell → Lamc1 → Itga1 → CD4	Masopust_053_3a:A0309	0.5883145511858269	94.0	True	
T_cell → Lamc1 → Itga1 → CD4	Masopust_053_3a:A0310	0.5883145511858269	93.0	True	
T_cell → Lamc1 → Itga1 → CD4	Masopust_053_3a:A0311	0.5867617561547709	94.0	True	
T_cell → Lamc1 → Itga1 → CD4	Masopust_053_3b:A0307	0.5867617561547709	94.0	True	
T_cell → Lamc1 → Itga1 → CD4	Masopust_053_3b:A0308	0.5883145511858269	93.0	True	
T_cell → Lamc1 → Itga1 → CD4	Masopust_053_3b:A0309	0.5867617561547709	94.0	True	
T_cell → Lamc1 → Itga1 → CD4	Masopust_053_3b:A0310	0.5883145511858269	93.0	True	
T_cell → Lamc1 → Itga1 → CD4	Masopust_053_3b:A0311	0.5883145511858269	93.0	True	
T_cell → Lamc1 → Itga1 → CD4	Masopust_053_6a:A0308	0.5867617561547709	94.0	True	
T_cell → Lamc1 → Itga1 → CD4	Masopust_053_6b:A0308	0.5867617561547709	94.0	True	
T_cell → Lamc1 → Itga1 → CD4	Masopust_054_A:A0311	0.5867617561547709	94.0	True	
T_cell → Lamc1 → Itga1 → CD4	Masopust_054_A:A0312	0.5883145511858269	93.0	True	
T_cell → Lamc1 → Itga1 → CD4	Masopust_054_B:A0311	0.5867617561547709	94.0	True	
T_cell → Lamc1 → Itga1 → CD4	Masopust_054_B:A0312	0.5867617561547709	94.0	True	
T_cell → Lamc1 → Itga1 → CD4	Masopust_054_C:A0311	0.5883145511858269	93.0	True	
T_cell → Lamc1 → Itga1 → CD4	Masopust_054_C:A0312	0.5883145511858269	93.0	True	
T_cell → Lamc1 → Itga1 → CD4	Masopust_054_C:A0313	0.5883145511858269	94.0	True	
T_cell → Lamc1 → Itga1 → CD4	Masopust_054_D:A0311	0.5867617561547709	95.0	True	
T_cell → Lamc1 → Itga1 → CD4	Masopust_054_D:A0312	0.5867617561547709	94.0	True	
T_cell → Lamc1 → Itga1 → CD4	Masopust_054_D:A0313	0.5867617561547709	94.0	True	
T_cell → Lamc1 → Itga1 → CD4	Masopust_054_E:A0311	0.5883145511858269	94.0	True	
T_cell → Lamc1 → Itgav_Itgb8 → CD4	Masopust_053_1a:A0307	0.5864049700836992	95.0	True	
T_cell → Lamc1 → Itgav_Itgb8 → CD4	Masopust_053_1a:A0308	0.5864049700836992	95.0	True	
T_cell → Lamc1 → Itgav_Itgb8 → CD4	Masopust_053_1a:A0309	0.5864049700836992	95.0	True	
T_cell → Lamc1 → Itgav_Itgb8 → CD4	Masopust_053_1a:A0310	0.5879577651147551	95.0	True	
T_cell → Lamc1 → Itgav_Itgb8 → CD4	Masopust_053_1a:A0311	0.5864049700836992	95.0	True	
T_cell → Lamc1 → Itgav_Itgb8 → CD4	Masopust_053_1a:A0312	0.5864049700836992	95.0	True	
T_cell → Lamc1 → Itgav_Itgb8 → CD4	Masopust_053_1b:A0307	0.5864049700836992	95.0	True	
T_cell → Lamc1 → Itgav_Itgb8 → CD4	Masopust_053_1b:A0308	0.5879577651147551	94.0	True	
T_cell → Lamc1 → Itgav_Itgb8 → CD4	Masopust_053_1b:A0309	0.5879577651147551	94.0	True	
T_cell → Lamc1 → Itgav_Itgb8 → CD4	Masopust_053_1b:A0310	0.5879577651147551	95.0	True	
T_cell → Lamc1 → Itgav_Itgb8 → CD4	Masopust_053_1b:A0311	0.5864049700836992	96.0	True	
T_cell → Lamc1 → Itgav_Itgb8 → CD4	Masopust_053_1b:A0312	0.5864049700836992	95.0	True	
T_cell → Lamc1 → Itgav_Itgb8 → CD4	Masopust_053_2a:A0307	0.5879577651147551	95.0	True	
T_cell → Lamc1 → Itgav_Itgb8 → CD4	Masopust_053_2a:A0308	0.5864049700836992	96.0	True	
T_cell → Lamc1 → Itgav_Itgb8 → CD4	Masopust_053_2a:A0309	0.5864049700836992	95.0	True	
T_cell → Lamc1 → Itgav_Itgb8 → CD4	Masopust_053_2a:A0310	0.5864049700836992	95.0	True	
T_cell → Lamc1 → Itgav_Itgb8 → CD4	Masopust_053_2a:A0311	0.5864049700836992	95.0	True	
T_cell → Lamc1 → Itgav_Itgb8 → CD4	Masopust_053_2a:A0312	0.5864049700836992	96.0	True	
T_cell → Lamc1 → Itgav_Itgb8 → CD4	Masopust_053_2b:A0307	0.5864049700836992	96.0	True	
T_cell → Lamc1 → Itgav_Itgb8 → CD4	Masopust_053_2b:A0308	0.5879577651147551	94.0	True	
T_cell → Lamc1 → Itgav_Itgb8 → CD4	Masopust_053_2b:A0309	0.5864049700836992	95.0	True	
T_cell → Lamc1 → Itgav_Itgb8 → CD4	Masopust_053_2b:A0310	0.5864049700836992	95.0	True	
T_cell → Lamc1 → Itgav_Itgb8 → CD4	Masopust_053_2b:A0311	0.5864049700836992	95.0	True	
T_cell → Lamc1 → Itgav_Itgb8 → CD4	Masopust_053_2b:A0312	0.5879577651147551	94.0	True	
T_cell → Lamc1 → Itgav_Itgb8 → CD4	Masopust_053_3a:A0307	0.5864049700836992	95.0	True	
T_cell → Lamc1 → Itgav_Itgb8 → CD4	Masopust_053_3a:A0308	0.5864049700836992	95.0	True	
T_cell → Lamc1 → Itgav_Itgb8 → CD4	Masopust_053_3a:A0309	0.5879577651147551	95.0	True	
T_cell → Lamc1 → Itgav_Itgb8 → CD4	Masopust_053_3a:A0310	0.5879577651147551	94.0	True	
T_cell → Lamc1 → Itgav_Itgb8 → CD4	Masopust_053_3a:A0311	0.5864049700836992	95.0	True	
T_cell → Lamc1 → Itgav_Itgb8 → CD4	Masopust_053_3b:A0307	0.5864049700836992	95.0	True	
T_cell → Lamc1 → Itgav_Itgb8 → CD4	Masopust_053_3b:A0308	0.5879577651147551	94.0	True	
T_cell → Lamc1 → Itgav_Itgb8 → CD4	Masopust_053_3b:A0309	0.5864049700836992	95.0	True	
T_cell → Lamc1 → Itgav_Itgb8 → CD4	Masopust_053_3b:A0310	0.5879577651147551	94.0	True	
T_cell → Lamc1 → Itgav_Itgb8 → CD4	Masopust_053_3b:A0311	0.5879577651147551	94.0	True	
T_cell → Lamc1 → Itgav_Itgb8 → CD4	Masopust_053_6a:A0308	0.5864049700836992	95.0	True	
T_cell → Lamc1 → Itgav_Itgb8 → CD4	Masopust_053_6b:A0308	0.5864049700836992	95.0	True	
T_cell → Lamc1 → Itgav_Itgb8 → CD4	Masopust_054_A:A0311	0.5864049700836992	95.0	True	
T_cell → Lamc1 → Itgav_Itgb8 → CD4	Masopust_054_A:A0312	0.5879577651147551	94.0	True	
T_cell → Lamc1 → Itgav_Itgb8 → CD4	Masopust_054_B:A0311	0.5864049700836992	95.0	True	
T_cell → Lamc1 → Itgav_Itgb8 → CD4	Masopust_054_B:A0312	0.5864049700836992	95.0	True	
T_cell → Lamc1 → Itgav_Itgb8 → CD4	Masopust_054_C:A0311	0.5879577651147551	94.0	True	
T_cell → Lamc1 → Itgav_Itgb8 → CD4	Masopust_054_C:A0312	0.5879577651147551	94.0	True	
T_cell → Lamc1 → Itgav_Itgb8 → CD4	Masopust_054_C:A0313	0.5879577651147551	95.0	True	
T_cell → Lamc1 → Itgav_Itgb8 → CD4	Masopust_054_D:A0311	0.5864049700836992	96.0	True	
T_cell → Lamc1 → Itgav_Itgb8 → CD4	Masopust_054_D:A0312	0.5864049700836992	95.0	True	
T_cell → Lamc1 → Itgav_Itgb8 → CD4	Masopust_054_D:A0313	0.5864049700836992	95.0	True	
T_cell → Lamc1 → Itgav_Itgb8 → CD4	Masopust_054_E:A0311	0.5879577651147551	95.0	True	
T_cell → Lamc1 → Dag1 → CD4	Masopust_053_1a:A0307	0.5846430039601239	96.0	True	
T_cell → Lamc1 → Dag1 → CD4	Masopust_053_1a:A0308	0.5846430039601239	96.0	True	
T_cell → Lamc1 → Dag1 → CD4	Masopust_053_1a:A0309	0.5846430039601239	96.0	True	
T_cell → Lamc1 → Dag1 → CD4	Masopust_053_1a:A0310	0.5861957989911799	96.0	True	
T_cell → Lamc1 → Dag1 → CD4	Masopust_053_1a:A0311	0.5846430039601239	96.0	True	
T_cell → Lamc1 → Dag1 → CD4	Masopust_053_1a:A0312	0.5846430039601239	96.0	True	
T_cell → Lamc1 → Dag1 → CD4	Masopust_053_1b:A0307	0.5846430039601239	96.0	True	
T_cell → Lamc1 → Dag1 → CD4	Masopust_053_1b:A0308	0.5861957989911799	96.0	True	
T_cell → Lamc1 → Dag1 → CD4	Masopust_053_1b:A0309	0.5861957989911799	96.0	True	
T_cell → Lamc1 → Dag1 → CD4	Masopust_053_1b:A0310	0.5861957989911799	96.0	True	
T_cell → Lamc1 → Dag1 → CD4	Masopust_053_1b:A0311	0.5846430039601239	98.0	True	
T_cell → Lamc1 → Dag1 → CD4	Masopust_053_1b:A0312	0.5846430039601239	96.0	True	
T_cell → Lamc1 → Dag1 → CD4	Masopust_053_2a:A0307	0.5861957989911799	96.0	True	
T_cell → Lamc1 → Dag1 → CD4	Masopust_053_2a:A0308	0.5846430039601239	98.0	True	
T_cell → Lamc1 → Dag1 → CD4	Masopust_053_2a:A0309	0.5846430039601239	96.0	True	
T_cell → Lamc1 → Dag1 → CD4	Masopust_053_2a:A0310	0.5846430039601239	96.0	True	
T_cell → Lamc1 → Dag1 → CD4	Masopust_053_2a:A0311	0.5846430039601239	96.0	True	
T_cell → Lamc1 → Dag1 → CD4	Masopust_053_2a:A0312	0.5846430039601239	97.0	True	
T_cell → Lamc1 → Dag1 → CD4	Masopust_053_2b:A0307	0.5846430039601239	97.0	True	
T_cell → Lamc1 → Dag1 → CD4	Masopust_053_2b:A0308	0.5861957989911799	96.0	True	
T_cell → Lamc1 → Dag1 → CD4	Masopust_053_2b:A0309	0.5846430039601239	96.0	True	
T_cell → Lamc1 → Dag1 → CD4	Masopust_053_2b:A0310	0.5846430039601239	96.0	True	
T_cell → Lamc1 → Dag1 → CD4	Masopust_053_2b:A0311	0.5846430039601239	96.0	True	
T_cell → Lamc1 → Dag1 → CD4	Masopust_053_2b:A0312	0.5861957989911799	96.0	True	
T_cell → Lamc1 → Dag1 → CD4	Masopust_053_3a:A0307	0.5846430039601239	96.0	True	
T_cell → Lamc1 → Dag1 → CD4	Masopust_053_3a:A0308	0.5846430039601239	96.0	True	
T_cell → Lamc1 → Dag1 → CD4	Masopust_053_3a:A0309	0.5861957989911799	96.0	True	
T_cell → Lamc1 → Dag1 → CD4	Masopust_053_3a:A0310	0.5861957989911799	96.0	True	
T_cell → Lamc1 → Dag1 → CD4	Masopust_053_3a:A0311	0.5846430039601239	97.0	True	
T_cell → Lamc1 → Dag1 → CD4	Masopust_053_3b:A0307	0.5846430039601239	96.0	True	
T_cell → Lamc1 → Dag1 → CD4	Masopust_053_3b:A0308	0.5861957989911799	96.0	True	
T_cell → Lamc1 → Dag1 → CD4	Masopust_053_3b:A0309	0.5846430039601239	96.0	True	
T_cell → Lamc1 → Dag1 → CD4	Masopust_053_3b:A0310	0.5861957989911799	96.0	True	
T_cell → Lamc1 → Dag1 → CD4	Masopust_053_3b:A0311	0.5861957989911799	97.0	True	
T_cell → Lamc1 → Dag1 → CD4	Masopust_053_6a:A0308	0.5846430039601239	96.0	True	
T_cell → Lamc1 → Dag1 → CD4	Masopust_053_6b:A0308	0.5846430039601239	96.0	True	
T_cell → Lamc1 → Dag1 → CD4	Masopust_054_A:A0311	0.5846430039601239	96.0	True	
T_cell → Lamc1 → Dag1 → CD4	Masopust_054_A:A0312	0.5861957989911799	96.0	True	
T_cell → Lamc1 → Dag1 → CD4	Masopust_054_B:A0311	0.5846430039601239	96.0	True	
T_cell → Lamc1 → Dag1 → CD4	Masopust_054_B:A0312	0.5846430039601239	96.0	True	
T_cell → Lamc1 → Dag1 → CD4	Masopust_054_C:A0311	0.5861957989911799	96.0	True	
T_cell → Lamc1 → Dag1 → CD4	Masopust_054_C:A0312	0.5861957989911799	96.0	True	
T_cell → Lamc1 → Dag1 → CD4	Masopust_054_C:A0313	0.5861957989911799	96.0	True	
T_cell → Lamc1 → Dag1 → CD4	Masopust_054_D:A0311	0.5846430039601239	98.0	True	
T_cell → Lamc1 → Dag1 → CD4	Masopust_054_D:A0312	0.5846430039601239	96.0	True	
T_cell → Lamc1 → Dag1 → CD4	Masopust_054_D:A0313	0.5846430039601239	96.0	True	
T_cell → Lamc1 → Dag1 → CD4	Masopust_054_E:A0311	0.5861957989911799	96.0	True	
NK → Ccl4 → Ccr5 → CD8	Masopust_053_1a:A0307	0.5824966994296121	99.0	True	
NK → Ccl4 → Ccr5 → CD8	Masopust_053_1a:A0308	0.5824966994296121	99.0	True	
NK → Ccl4 → Ccr5 → CD8	Masopust_053_1a:A0309	0.5824966994296121	99.0	True	
NK → Ccl4 → Ccr5 → CD8	Masopust_053_1a:A0310	0.5807960191575035	100.0	True	
NK → Ccl4 → Ccr5 → CD8	Masopust_053_1a:A0311	0.5807960191575035	99.0	True	
NK → Ccl4 → Ccr5 → CD8	Masopust_053_1a:A0312	0.5807960191575035	99.0	True	
NK → Ccl4 → Ccr5 → CD8	Masopust_053_1b:A0307	0.5824966994296121	99.0	True	
NK → Ccl4 → Ccr5 → CD8	Masopust_053_1b:A0308	0.5824966994296121	99.0	True	
NK → Ccl4 → Ccr5 → CD8	Masopust_053_1b:A0309	0.5807960191575035	99.0	True	
NK → Ccl4 → Ccr5 → CD8	Masopust_053_1b:A0310	0.5824966994296121	99.0	True	
NK → Ccl4 → Ccr5 → CD8	Masopust_053_1b:A0311	0.5807960191575035	100.0	True	
NK → Ccl4 → Ccr5 → CD8	Masopust_053_1b:A0312	0.5824966994296121	99.0	True	
NK → Ccl4 → Ccr5 → CD8	Masopust_053_2a:A0307	0.5824966994296121	98.0	True	
NK → Ccl4 → Ccr5 → CD8	Masopust_053_2a:A0308	0.5824966994296121	99.0	True	
NK → Ccl4 → Ccr5 → CD8	Masopust_053_2a:A0309	0.5807960191575035	99.0	True	
NK → Ccl4 → Ccr5 → CD8	Masopust_053_2a:A0310	0.5807960191575035	100.0	True	
NK → Ccl4 → Ccr5 → CD8	Masopust_053_2a:A0312	0.5807960191575035	100.0	True	
NK → Ccl4 → Ccr5 → CD8	Masopust_053_2b:A0307	0.5824966994296121	98.0	True	
NK → Ccl4 → Ccr5 → CD8	Masopust_053_2b:A0308	0.5807960191575035	100.0	True	
NK → Ccl4 → Ccr5 → CD8	Masopust_053_2b:A0309	0.5807960191575035	99.0	True	
NK → Ccl4 → Ccr5 → CD8	Masopust_053_2b:A0310	0.5807960191575035	100.0	True	
NK → Ccl4 → Ccr5 → CD8	Masopust_053_2b:A0312	0.5807960191575035	100.0	True	
NK → Ccl4 → Ccr5 → CD8	Masopust_053_3a:A0307	0.5807960191575035	99.0	True	
NK → Ccl4 → Ccr5 → CD8	Masopust_053_3a:A0308	0.5807960191575035	99.0	True	
NK → Ccl4 → Ccr5 → CD8	Masopust_053_3a:A0309	0.5824966994296121	99.0	True	
NK → Ccl4 → Ccr5 → CD8	Masopust_053_3a:A0310	0.5807960191575035	99.0	True	
NK → Ccl4 → Ccr5 → CD8	Masopust_053_3a:A0311	0.5807960191575035	99.0	True	
NK → Ccl4 → Ccr5 → CD8	Masopust_053_3b:A0307	0.5807960191575035	99.0	True	
NK → Ccl4 → Ccr5 → CD8	Masopust_053_3b:A0308	0.5807960191575035	99.0	True	
NK → Ccl4 → Ccr5 → CD8	Masopust_053_3b:A0309	0.5824966994296121	99.0	True	
NK → Ccl4 → Ccr5 → CD8	Masopust_053_3b:A0310	0.5807960191575035	99.0	True	
NK → Ccl4 → Ccr5 → CD8	Masopust_053_3b:A0311	0.5807960191575035	99.0	True	
NK → Ccl4 → Ccr5 → CD8	Masopust_053_6a:A0308	0.5807960191575035	100.0	True	
NK → Ccl4 → Ccr5 → CD8	Masopust_053_6b:A0308	0.5807960191575035	100.0	True	
NK → Ccl4 → Ccr5 → CD8	Masopust_054_A:A0311	0.5807960191575035	99.0	True	
NK → Ccl4 → Ccr5 → CD8	Masopust_054_A:A0312	0.5807960191575035	99.0	True	
NK → Ccl4 → Ccr5 → CD8	Masopust_054_B:A0311	0.5824966994296121	99.0	True	
NK → Ccl4 → Ccr5 → CD8	Masopust_054_B:A0312	0.5824966994296121	99.0	True	
NK → Ccl4 → Ccr5 → CD8	Masopust_054_C:A0311	0.5807960191575035	99.0	True	
NK → Ccl4 → Ccr5 → CD8	Masopust_054_C:A0313	0.5807960191575035	99.0	True	
NK → Ccl4 → Ccr5 → CD8	Masopust_054_D:A0311	0.5824966994296121	99.0	True	
NK → Ccl4 → Ccr5 → CD8	Masopust_054_D:A0313	0.5824966994296121	99.0	True	
NK → Ccl4 → Ccr5 → CD8	Masopust_054_E:A0311	0.5824966994296121	99.0	True	
NK → Ccl4 → Ccr8 → CD8	Masopust_053_1a:A0307	0.5813549840021827	100.0	True	
NK → Ccl4 → Ccr8 → CD8	Masopust_053_1a:A0308	0.5813549840021827	100.0	True	
NK → Ccl4 → Ccr8 → CD8	Masopust_053_1a:A0309	0.5813549840021827	101.0	True	
NK → Ccl4 → Ccr8 → CD8	Masopust_053_1a:A0310	0.5796543037300737	102.0	True	
NK → Ccl4 → Ccr8 → CD8	Masopust_053_1a:A0311	0.5796543037300737	101.0	True	
NK → Ccl4 → Ccr8 → CD8	Masopust_053_1a:A0312	0.5796543037300737	101.0	True	
NK → Ccl4 → Ccr8 → CD8	Masopust_053_1b:A0307	0.5813549840021827	101.0	True	
NK → Ccl4 → Ccr8 → CD8	Masopust_053_1b:A0308	0.5813549840021827	100.0	True	
NK → Ccl4 → Ccr8 → CD8	Masopust_053_1b:A0309	0.5796543037300737	102.0	True	
NK → Ccl4 → Ccr8 → CD8	Masopust_053_1b:A0310	0.5813549840021827	100.0	True	
NK → Ccl4 → Ccr8 → CD8	Masopust_053_1b:A0311	0.5796543037300737	101.0	True	
NK → Ccl4 → Ccr8 → CD8	Masopust_053_1b:A0312	0.5813549840021827	100.0	True	
NK → Ccl4 → Ccr8 → CD8	Masopust_053_2a:A0307	0.5813549840021827	100.0	True	
NK → Ccl4 → Ccr8 → CD8	Masopust_053_2a:A0308	0.5813549840021827	100.0	True	
NK → Ccl4 → Ccr8 → CD8	Masopust_053_2a:A0309	0.5796543037300737	101.0	True	
NK → Ccl4 → Ccr8 → CD8	Masopust_053_2a:A0310	0.5796543037300737	101.0	True	
NK → Ccl4 → Ccr8 → CD8	Masopust_053_2a:A0312	0.5796543037300737	101.0	True	
NK → Ccl4 → Ccr8 → CD8	Masopust_053_2b:A0307	0.5813549840021827	100.0	True	
NK → Ccl4 → Ccr8 → CD8	Masopust_053_2b:A0308	0.5796543037300737	102.0	True	
NK → Ccl4 → Ccr8 → CD8	Masopust_053_2b:A0309	0.5796543037300737	101.0	True	
NK → Ccl4 → Ccr8 → CD8	Masopust_053_2b:A0310	0.5796543037300737	101.0	True	
NK → Ccl4 → Ccr8 → CD8	Masopust_053_2b:A0312	0.5796543037300737	102.0	True	
NK → Ccl4 → Ccr8 → CD8	Masopust_053_3a:A0307	0.5796543037300737	101.0	True	
NK → Ccl4 → Ccr8 → CD8	Masopust_053_3a:A0308	0.5796543037300737	101.0	True	
NK → Ccl4 → Ccr8 → CD8	Masopust_053_3a:A0309	0.5813549840021827	100.0	True	
NK → Ccl4 → Ccr8 → CD8	Masopust_053_3a:A0310	0.5796543037300737	102.0	True	
NK → Ccl4 → Ccr8 → CD8	Masopust_053_3a:A0311	0.5796543037300737	101.0	True	
NK → Ccl4 → Ccr8 → CD8	Masopust_053_3b:A0307	0.5796543037300737	101.0	True	
NK → Ccl4 → Ccr8 → CD8	Masopust_053_3b:A0308	0.5796543037300737	102.0	True	
NK → Ccl4 → Ccr8 → CD8	Masopust_053_3b:A0309	0.5813549840021827	101.0	True	
NK → Ccl4 → Ccr8 → CD8	Masopust_053_3b:A0310	0.5796543037300737	102.0	True	
NK → Ccl4 → Ccr8 → CD8	Masopust_053_3b:A0311	0.5796543037300737	102.0	True	
NK → Ccl4 → Ccr8 → CD8	Masopust_053_6a:A0308	0.5796543037300737	101.0	True	
NK → Ccl4 → Ccr8 → CD8	Masopust_053_6b:A0308	0.5796543037300737	101.0	True	
NK → Ccl4 → Ccr8 → CD8	Masopust_054_A:A0311	0.5796543037300737	101.0	True	
NK → Ccl4 → Ccr8 → CD8	Masopust_054_A:A0312	0.5796543037300737	102.0	True	
NK → Ccl4 → Ccr8 → CD8	Masopust_054_B:A0311	0.5813549840021827	100.0	True	
NK → Ccl4 → Ccr8 → CD8	Masopust_054_B:A0312	0.5813549840021827	100.0	True	
NK → Ccl4 → Ccr8 → CD8	Masopust_054_C:A0311	0.5796543037300737	102.0	True	
NK → Ccl4 → Ccr8 → CD8	Masopust_054_C:A0313	0.5796543037300737	102.0	True	
NK → Ccl4 → Ccr8 → CD8	Masopust_054_D:A0311	0.5813549840021827	100.0	True	
NK → Ccl4 → Ccr8 → CD8	Masopust_054_D:A0313	0.5813549840021827	100.0	True	
NK → Ccl4 → Ccr8 → CD8	Masopust_054_E:A0311	0.5813549840021827	101.0	True	
NK → Thy1 → Itgax_Itgb2 → CD8	Masopust_053_1a:A0307	0.5892098967726277	86.0	True	
NK → Thy1 → Itgax_Itgb2 → CD8	Masopust_053_1a:A0308	0.5892098967726277	86.0	True	
NK → Thy1 → Itgax_Itgb2 → CD8	Masopust_053_1a:A0309	0.5892098967726277	86.0	True	
NK → Thy1 → Itgax_Itgb2 → CD8	Masopust_053_1a:A0310	0.5892098967726277	88.0	True	
NK → Thy1 → Itgax_Itgb2 → CD8	Masopust_053_1a:A0311	0.5892098967726277	86.0	True	
NK → Thy1 → Itgax_Itgb2 → CD8	Masopust_053_1a:A0312	0.5892098967726277	86.0	True	
NK → Thy1 → Itgax_Itgb2 → CD8	Masopust_053_1b:A0307	0.5909105770447365	86.0	True	
NK → Thy1 → Itgax_Itgb2 → CD8	Masopust_053_1b:A0308	0.5892098967726277	88.0	True	
NK → Thy1 → Itgax_Itgb2 → CD8	Masopust_053_1b:A0309	0.5892098967726277	88.0	True	
NK → Thy1 → Itgax_Itgb2 → CD8	Masopust_053_1b:A0310	0.5909105770447365	86.0	True	
NK → Thy1 → Itgax_Itgb2 → CD8	Masopust_053_1b:A0311	0.5892098967726277	86.0	True	
NK → Thy1 → Itgax_Itgb2 → CD8	Masopust_053_1b:A0312	0.5909105770447365	86.0	True	
NK → Thy1 → Itgax_Itgb2 → CD8	Masopust_053_2a:A0307	0.5892098967726277	88.0	True	
NK → Thy1 → Itgax_Itgb2 → CD8	Masopust_053_2a:A0308	0.5892098967726277	86.0	True	
NK → Thy1 → Itgax_Itgb2 → CD8	Masopust_053_2a:A0309	0.5892098967726277	86.0	True	
NK → Thy1 → Itgax_Itgb2 → CD8	Masopust_053_2a:A0310	0.5909105770447365	85.0	True	
NK → Thy1 → Itgax_Itgb2 → CD8	Masopust_053_2a:A0312	0.5909105770447365	85.0	True	
NK → Thy1 → Itgax_Itgb2 → CD8	Masopust_053_2b:A0307	0.5892098967726277	86.0	True	
NK → Thy1 → Itgax_Itgb2 → CD8	Masopust_053_2b:A0308	0.5909105770447365	86.0	True	
NK → Thy1 → Itgax_Itgb2 → CD8	Masopust_053_2b:A0309	0.5909105770447365	86.0	True	
NK → Thy1 → Itgax_Itgb2 → CD8	Masopust_053_2b:A0310	0.5909105770447365	85.0	True	
NK → Thy1 → Itgax_Itgb2 → CD8	Masopust_053_2b:A0312	0.5909105770447365	85.0	True	
NK → Thy1 → Itgax_Itgb2 → CD8	Masopust_053_3a:A0307	0.5892098967726277	86.0	True	
NK → Thy1 → Itgax_Itgb2 → CD8	Masopust_053_3a:A0308	0.5892098967726277	86.0	True	
NK → Thy1 → Itgax_Itgb2 → CD8	Masopust_053_3a:A0309	0.5892098967726277	88.0	True	
NK → Thy1 → Itgax_Itgb2 → CD8	Masopust_053_3a:A0310	0.5892098967726277	88.0	True	
NK → Thy1 → Itgax_Itgb2 → CD8	Masopust_053_3a:A0311	0.5892098967726277	86.0	True	
NK → Thy1 → Itgax_Itgb2 → CD8	Masopust_053_3b:A0307	0.5892098967726277	86.0	True	
NK → Thy1 → Itgax_Itgb2 → CD8	Masopust_053_3b:A0308	0.5892098967726277	88.0	True	
NK → Thy1 → Itgax_Itgb2 → CD8	Masopust_053_3b:A0309	0.5909105770447365	86.0	True	
NK → Thy1 → Itgax_Itgb2 → CD8	Masopust_053_3b:A0310	0.5892098967726277	88.0	True	
NK → Thy1 → Itgax_Itgb2 → CD8	Masopust_053_3b:A0311	0.5892098967726277	88.0	True	
NK → Thy1 → Itgax_Itgb2 → CD8	Masopust_053_6a:A0308	0.5892098967726277	86.0	True	
NK → Thy1 → Itgax_Itgb2 → CD8	Masopust_053_6b:A0308	0.5892098967726277	86.0	True	
NK → Thy1 → Itgax_Itgb2 → CD8	Masopust_054_A:A0311	0.5892098967726277	86.0	True	
NK → Thy1 → Itgax_Itgb2 → CD8	Masopust_054_A:A0312	0.5892098967726277	88.0	True	
NK → Thy1 → Itgax_Itgb2 → CD8	Masopust_054_B:A0311	0.5892098967726277	86.0	True	
NK → Thy1 → Itgax_Itgb2 → CD8	Masopust_054_B:A0312	0.5892098967726277	86.0	True	
NK → Thy1 → Itgax_Itgb2 → CD8	Masopust_054_C:A0311	0.5892098967726277	88.0	True	
NK → Thy1 → Itgax_Itgb2 → CD8	Masopust_054_C:A0313	0.5892098967726277	88.0	True	
NK → Thy1 → Itgax_Itgb2 → CD8	Masopust_054_D:A0311	0.5892098967726277	86.0	True	
NK → Thy1 → Itgax_Itgb2 → CD8	Masopust_054_D:A0313	0.5892098967726277	86.0	True	
NK → Thy1 → Itgax_Itgb2 → CD8	Masopust_054_E:A0311	0.5909105770447365	86.0	True	
NK → Thy1 → Itgav_Itgb3 → CD8	Masopust_053_1a:A0307	0.5891385395584133	87.0	True	
NK → Thy1 → Itgav_Itgb3 → CD8	Masopust_053_1a:A0308	0.5891385395584133	87.0	True	
NK → Thy1 → Itgav_Itgb3 → CD8	Masopust_053_1a:A0309	0.5891385395584133	87.0	True	
NK → Thy1 → Itgav_Itgb3 → CD8	Masopust_053_1a:A0310	0.5891385395584133	89.0	True	
NK → Thy1 → Itgav_Itgb3 → CD8	Masopust_053_1a:A0311	0.5891385395584133	87.0	True	
NK → Thy1 → Itgav_Itgb3 → CD8	Masopust_053_1a:A0312	0.5891385395584133	87.0	True	
NK → Thy1 → Itgav_Itgb3 → CD8	Masopust_053_1b:A0307	0.590839219830522	87.0	True	
NK → Thy1 → Itgav_Itgb3 → CD8	Masopust_053_1b:A0308	0.5891385395584133	89.0	True	
NK → Thy1 → Itgav_Itgb3 → CD8	Masopust_053_1b:A0309	0.5891385395584133	89.0	True	
NK → Thy1 → Itgav_Itgb3 → CD8	Masopust_053_1b:A0310	0.590839219830522	87.0	True	
NK → Thy1 → Itgav_Itgb3 → CD8	Masopust_053_1b:A0311	0.5891385395584133	87.0	True	
NK → Thy1 → Itgav_Itgb3 → CD8	Masopust_053_1b:A0312	0.590839219830522	87.0	True	
NK → Thy1 → Itgav_Itgb3 → CD8	Masopust_053_2a:A0307	0.5891385395584133	89.0	True	
NK → Thy1 → Itgav_Itgb3 → CD8	Masopust_053_2a:A0308	0.5891385395584133	87.0	True	
NK → Thy1 → Itgav_Itgb3 → CD8	Masopust_053_2a:A0309	0.5891385395584133	87.0	True	
NK → Thy1 → Itgav_Itgb3 → CD8	Masopust_053_2a:A0310	0.590839219830522	86.0	True	
NK → Thy1 → Itgav_Itgb3 → CD8	Masopust_053_2a:A0312	0.590839219830522	86.0	True	
NK → Thy1 → Itgav_Itgb3 → CD8	Masopust_053_2b:A0307	0.5891385395584133	87.0	True	
NK → Thy1 → Itgav_Itgb3 → CD8	Masopust_053_2b:A0308	0.590839219830522	87.0	True	
NK → Thy1 → Itgav_Itgb3 → CD8	Masopust_053_2b:A0309	0.590839219830522	87.0	True	
NK → Thy1 → Itgav_Itgb3 → CD8	Masopust_053_2b:A0310	0.590839219830522	86.0	True	
NK → Thy1 → Itgav_Itgb3 → CD8	Masopust_053_2b:A0312	0.590839219830522	86.0	True	
NK → Thy1 → Itgav_Itgb3 → CD8	Masopust_053_3a:A0307	0.5891385395584133	87.0	True	
NK → Thy1 → Itgav_Itgb3 → CD8	Masopust_053_3a:A0308	0.5891385395584133	87.0	True	
NK → Thy1 → Itgav_Itgb3 → CD8	Masopust_053_3a:A0309	0.5891385395584133	89.0	True	
NK → Thy1 → Itgav_Itgb3 → CD8	Masopust_053_3a:A0310	0.5891385395584133	89.0	True	
NK → Thy1 → Itgav_Itgb3 → CD8	Masopust_053_3a:A0311	0.5891385395584133	87.0	True	
NK → Thy1 → Itgav_Itgb3 → CD8	Masopust_053_3b:A0307	0.5891385395584133	87.0	True	
NK → Thy1 → Itgav_Itgb3 → CD8	Masopust_053_3b:A0308	0.5891385395584133	89.0	True	
NK → Thy1 → Itgav_Itgb3 → CD8	Masopust_053_3b:A0309	0.590839219830522	87.0	True	
NK → Thy1 → Itgav_Itgb3 → CD8	Masopust_053_3b:A0310	0.5891385395584133	89.0	True	
NK → Thy1 → Itgav_Itgb3 → CD8	Masopust_053_3b:A0311	0.5891385395584133	89.0	True	
NK → Thy1 → Itgav_Itgb3 → CD8	Masopust_053_6a:A0308	0.5891385395584133	87.0	True	
NK → Thy1 → Itgav_Itgb3 → CD8	Masopust_053_6b:A0308	0.5891385395584133	87.0	True	
NK → Thy1 → Itgav_Itgb3 → CD8	Masopust_054_A:A0311	0.5891385395584133	87.0	True	
NK → Thy1 → Itgav_Itgb3 → CD8	Masopust_054_A:A0312	0.5891385395584133	89.0	True	
NK → Thy1 → Itgav_Itgb3 → CD8	Masopust_054_B:A0311	0.5891385395584133	87.0	True	
NK → Thy1 → Itgav_Itgb3 → CD8	Masopust_054_B:A0312	0.5891385395584133	87.0	True	
NK → Thy1 → Itgav_Itgb3 → CD8	Masopust_054_C:A0311	0.5891385395584133	89.0	True	
NK → Thy1 → Itgav_Itgb3 → CD8	Masopust_054_C:A0313	0.5891385395584133	89.0	True	
NK → Thy1 → Itgav_Itgb3 → CD8	Masopust_054_D:A0311	0.5891385395584133	87.0	True	
NK → Thy1 → Itgav_Itgb3 → CD8	Masopust_054_D:A0313	0.5891385395584133	87.0	True	
NK → Thy1 → Itgav_Itgb3 → CD8	Masopust_054_E:A0311	0.590839219830522	87.0	True	
T_cell → Lamc1 → Itga7_Itgb1 → CD4	Masopust_053_1a:A0307	0.5781950472101203	103.0	True	
T_cell → Lamc1 → Itga7_Itgb1 → CD4	Masopust_053_1a:A0308	0.5781950472101203	102.0	True	
T_cell → Lamc1 → Itga7_Itgb1 → CD4	Masopust_053_1a:A0309	0.5781950472101203	102.0	True	
T_cell → Lamc1 → Itga7_Itgb1 → CD4	Masopust_053_1a:A0310	0.5797478422411763	101.0	True	
T_cell → Lamc1 → Itga7_Itgb1 → CD4	Masopust_053_1a:A0311	0.5781950472101203	102.0	True	
T_cell → Lamc1 → Itga7_Itgb1 → CD4	Masopust_053_1a:A0312	0.5781950472101203	102.0	True	
T_cell → Lamc1 → Itga7_Itgb1 → CD4	Masopust_053_1b:A0307	0.5781950472101203	102.0	True	
T_cell → Lamc1 → Itga7_Itgb1 → CD4	Masopust_053_1b:A0308	0.5797478422411763	102.0	True	
T_cell → Lamc1 → Itga7_Itgb1 → CD4	Masopust_053_1b:A0309	0.5797478422411763	101.0	True	
T_cell → Lamc1 → Itga7_Itgb1 → CD4	Masopust_053_1b:A0310	0.5797478422411763	102.0	True	
T_cell → Lamc1 → Itga7_Itgb1 → CD4	Masopust_053_1b:A0311	0.5781950472101203	103.0	True	
T_cell → Lamc1 → Itga7_Itgb1 → CD4	Masopust_053_1b:A0312	0.5781950472101203	102.0	True	
T_cell → Lamc1 → Itga7_Itgb1 → CD4	Masopust_053_2a:A0307	0.5797478422411763	102.0	True	
T_cell → Lamc1 → Itga7_Itgb1 → CD4	Masopust_053_2a:A0308	0.5781950472101203	103.0	True	
T_cell → Lamc1 → Itga7_Itgb1 → CD4	Masopust_053_2a:A0309	0.5781950472101203	103.0	True	
T_cell → Lamc1 → Itga7_Itgb1 → CD4	Masopust_053_2a:A0310	0.5781950472101203	103.0	True	
T_cell → Lamc1 → Itga7_Itgb1 → CD4	Masopust_053_2a:A0311	0.5781950472101203	102.0	True	
T_cell → Lamc1 → Itga7_Itgb1 → CD4	Masopust_053_2a:A0312	0.5781950472101203	104.0	True	
T_cell → Lamc1 → Itga7_Itgb1 → CD4	Masopust_053_2b:A0307	0.5781950472101203	103.0	True	
T_cell → Lamc1 → Itga7_Itgb1 → CD4	Masopust_053_2b:A0308	0.5797478422411763	101.0	True	
T_cell → Lamc1 → Itga7_Itgb1 → CD4	Masopust_053_2b:A0309	0.5781950472101203	103.0	True	
T_cell → Lamc1 → Itga7_Itgb1 → CD4	Masopust_053_2b:A0310	0.5781950472101203	102.0	True	
T_cell → Lamc1 → Itga7_Itgb1 → CD4	Masopust_053_2b:A0311	0.5781950472101203	102.0	True	
T_cell → Lamc1 → Itga7_Itgb1 → CD4	Masopust_053_2b:A0312	0.5797478422411763	101.0	True	
T_cell → Lamc1 → Itga7_Itgb1 → CD4	Masopust_053_3a:A0307	0.5781950472101203	103.0	True	
T_cell → Lamc1 → Itga7_Itgb1 → CD4	Masopust_053_3a:A0308	0.5781950472101203	102.0	True	
T_cell → Lamc1 → Itga7_Itgb1 → CD4	Masopust_053_3a:A0309	0.5797478422411763	102.0	True	
T_cell → Lamc1 → Itga7_Itgb1 → CD4	Masopust_053_3a:A0310	0.5797478422411763	101.0	True	
T_cell → Lamc1 → Itga7_Itgb1 → CD4	Masopust_053_3a:A0311	0.5781950472101203	104.0	True	
T_cell → Lamc1 → Itga7_Itgb1 → CD4	Masopust_053_3b:A0307	0.5781950472101203	103.0	True	
T_cell → Lamc1 → Itga7_Itgb1 → CD4	Masopust_053_3b:A0308	0.5797478422411763	101.0	True	
T_cell → Lamc1 → Itga7_Itgb1 → CD4	Masopust_053_3b:A0309	0.5781950472101203	103.0	True	
T_cell → Lamc1 → Itga7_Itgb1 → CD4	Masopust_053_3b:A0310	0.5797478422411763	101.0	True	
T_cell → Lamc1 → Itga7_Itgb1 → CD4	Masopust_053_3b:A0311	0.5797478422411763	101.0	True	
T_cell → Lamc1 → Itga7_Itgb1 → CD4	Masopust_053_6a:A0308	0.5781950472101203	102.0	True	
T_cell → Lamc1 → Itga7_Itgb1 → CD4	Masopust_053_6b:A0308	0.5781950472101203	103.0	True	
T_cell → Lamc1 → Itga7_Itgb1 → CD4	Masopust_054_A:A0311	0.5781950472101203	102.0	True	
T_cell → Lamc1 → Itga7_Itgb1 → CD4	Masopust_054_A:A0312	0.5797478422411763	101.0	True	
T_cell → Lamc1 → Itga7_Itgb1 → CD4	Masopust_054_B:A0311	0.5781950472101203	103.0	True	
T_cell → Lamc1 → Itga7_Itgb1 → CD4	Masopust_054_B:A0312	0.5781950472101203	102.0	True	
T_cell → Lamc1 → Itga7_Itgb1 → CD4	Masopust_054_C:A0311	0.5797478422411763	101.0	True	
T_cell → Lamc1 → Itga7_Itgb1 → CD4	Masopust_054_C:A0312	0.5797478422411763	102.0	True	
T_cell → Lamc1 → Itga7_Itgb1 → CD4	Masopust_054_C:A0313	0.5797478422411763	101.0	True	
T_cell → Lamc1 → Itga7_Itgb1 → CD4	Masopust_054_D:A0311	0.5781950472101203	103.0	True	
T_cell → Lamc1 → Itga7_Itgb1 → CD4	Masopust_054_D:A0312	0.5781950472101203	102.0	True	
T_cell → Lamc1 → Itga7_Itgb1 → CD4	Masopust_054_D:A0313	0.5781950472101203	103.0	True	
T_cell → Lamc1 → Itga7_Itgb1 → CD4	Masopust_054_E:A0311	0.5797478422411763	102.0	True	
T_cell → Penk → Oprm1 → CD4	Masopust_053_1a:A0307	0.5722750298428811	117.0	True	
T_cell → Penk → Oprm1 → CD4	Masopust_053_1a:A0308	0.5722750298428811	119.0	True	
T_cell → Penk → Oprm1 → CD4	Masopust_053_1a:A0309	0.5722750298428811	119.0	True	
T_cell → Penk → Oprm1 → CD4	Masopust_053_1a:A0310	0.5738278248739369	110.0	True	
T_cell → Penk → Oprm1 → CD4	Masopust_053_1a:A0311	0.5722750298428811	119.0	True	
T_cell → Penk → Oprm1 → CD4	Masopust_053_1a:A0312	0.5738278248739369	116.0	True	
T_cell → Penk → Oprm1 → CD4	Masopust_053_1b:A0307	0.5738278248739369	111.0	True	
T_cell → Penk → Oprm1 → CD4	Masopust_053_1b:A0308	0.5722750298428811	117.0	True	
T_cell → Penk → Oprm1 → CD4	Masopust_053_1b:A0309	0.5722750298428811	119.0	True	
T_cell → Penk → Oprm1 → CD4	Masopust_053_1b:A0310	0.5738278248739369	111.0	True	
T_cell → Penk → Oprm1 → CD4	Masopust_053_1b:A0311	0.5722750298428811	120.0	True	
T_cell → Penk → Oprm1 → CD4	Masopust_053_1b:A0312	0.5738278248739369	111.0	True	
T_cell → Penk → Oprm1 → CD4	Masopust_053_2a:A0307	0.5722750298428811	119.0	True	
T_cell → Penk → Oprm1 → CD4	Masopust_053_2a:A0308	0.5738278248739369	111.0	True	
T_cell → Penk → Oprm1 → CD4	Masopust_053_2a:A0309	0.5722750298428811	117.0	True	
T_cell → Penk → Oprm1 → CD4	Masopust_053_2a:A0310	0.5738278248739369	110.0	True	
T_cell → Penk → Oprm1 → CD4	Masopust_053_2a:A0311	0.5738278248739369	110.0	True	
T_cell → Penk → Oprm1 → CD4	Masopust_053_2a:A0312	0.5738278248739369	110.0	True	
T_cell → Penk → Oprm1 → CD4	Masopust_053_2b:A0307	0.5738278248739369	111.0	True	
T_cell → Penk → Oprm1 → CD4	Masopust_053_2b:A0308	0.5722750298428811	117.0	True	
T_cell → Penk → Oprm1 → CD4	Masopust_053_2b:A0309	0.5722750298428811	117.0	True	
T_cell → Penk → Oprm1 → CD4	Masopust_053_2b:A0310	0.5738278248739369	110.0	True	
T_cell → Penk → Oprm1 → CD4	Masopust_053_2b:A0311	0.5738278248739369	110.0	True	
T_cell → Penk → Oprm1 → CD4	Masopust_053_2b:A0312	0.5722750298428811	117.0	True	
T_cell → Penk → Oprm1 → CD4	Masopust_053_3a:A0307	0.5722750298428811	119.0	True	
T_cell → Penk → Oprm1 → CD4	Masopust_053_3a:A0308	0.5738278248739369	116.0	True	
T_cell → Penk → Oprm1 → CD4	Masopust_053_3a:A0309	0.5722750298428811	119.0	True	
T_cell → Penk → Oprm1 → CD4	Masopust_053_3a:A0310	0.5722750298428811	119.0	True	
T_cell → Penk → Oprm1 → CD4	Masopust_053_3a:A0311	0.5722750298428811	119.0	True	
T_cell → Penk → Oprm1 → CD4	Masopust_053_3b:A0307	0.5738278248739369	110.0	True	
T_cell → Penk → Oprm1 → CD4	Masopust_053_3b:A0308	0.5722750298428811	119.0	True	
T_cell → Penk → Oprm1 → CD4	Masopust_053_3b:A0309	0.5738278248739369	117.0	True	
T_cell → Penk → Oprm1 → CD4	Masopust_053_3b:A0310	0.5722750298428811	119.0	True	
T_cell → Penk → Oprm1 → CD4	Masopust_053_3b:A0311	0.5738278248739369	110.0	True	
T_cell → Penk → Oprm1 → CD4	Masopust_053_6a:A0308	0.5722750298428811	117.0	True	
T_cell → Penk → Oprm1 → CD4	Masopust_053_6b:A0308	0.5722750298428811	117.0	True	
T_cell → Penk → Oprm1 → CD4	Masopust_054_A:A0311	0.5738278248739369	110.0	True	
T_cell → Penk → Oprm1 → CD4	Masopust_054_A:A0312	0.5722750298428811	119.0	True	
T_cell → Penk → Oprm1 → CD4	Masopust_054_B:A0311	0.5722750298428811	117.0	True	
T_cell → Penk → Oprm1 → CD4	Masopust_054_B:A0312	0.5722750298428811	117.0	True	
T_cell → Penk → Oprm1 → CD4	Masopust_054_C:A0311	0.5722750298428811	117.0	True	
T_cell → Penk → Oprm1 → CD4	Masopust_054_C:A0312	0.5722750298428811	119.0	True	
T_cell → Penk → Oprm1 → CD4	Masopust_054_C:A0313	0.5722750298428811	117.0	True	
T_cell → Penk → Oprm1 → CD4	Masopust_054_D:A0311	0.5722750298428811	120.0	True	
T_cell → Penk → Oprm1 → CD4	Masopust_054_D:A0312	0.5738278248739369	110.0	True	
T_cell → Penk → Oprm1 → CD4	Masopust_054_D:A0313	0.5738278248739369	111.0	True	
T_cell → Penk → Oprm1 → CD4	Masopust_054_E:A0311	0.5738278248739369	117.0	True	
T_cell → Tgfb1 → Itgb8 → CD4	Masopust_053_1a:A0307	0.5734853827457927	111.0	True	
T_cell → Tgfb1 → Itgb8 → CD4	Masopust_053_1a:A0308	0.5750381777768486	109.0	True	
T_cell → Tgfb1 → Itgb8 → CD4	Masopust_053_1a:A0309	0.5750381777768486	109.0	True	
T_cell → Tgfb1 → Itgb8 → CD4	Masopust_053_1a:A0310	0.5734853827457927	111.0	True	
T_cell → Tgfb1 → Itgb8 → CD4	Masopust_053_1a:A0311	0.5750381777768486	108.0	True	
T_cell → Tgfb1 → Itgb8 → CD4	Masopust_053_1a:A0312	0.5750381777768486	109.0	True	
T_cell → Tgfb1 → Itgb8 → CD4	Masopust_053_1b:A0307	0.5734853827457927	112.0	True	
T_cell → Tgfb1 → Itgb8 → CD4	Masopust_053_1b:A0308	0.5734853827457927	111.0	True	
T_cell → Tgfb1 → Itgb8 → CD4	Masopust_053_1b:A0309	0.5750381777768486	109.0	True	
T_cell → Tgfb1 → Itgb8 → CD4	Masopust_053_1b:A0310	0.5734853827457927	112.0	True	
T_cell → Tgfb1 → Itgb8 → CD4	Masopust_053_1b:A0311	0.5750381777768486	110.0	True	
T_cell → Tgfb1 → Itgb8 → CD4	Masopust_053_1b:A0312	0.5734853827457927	112.0	True	
T_cell → Tgfb1 → Itgb8 → CD4	Masopust_053_2a:A0307	0.5750381777768486	109.0	True	
T_cell → Tgfb1 → Itgb8 → CD4	Masopust_053_2a:A0308	0.5734853827457927	112.0	True	
T_cell → Tgfb1 → Itgb8 → CD4	Masopust_053_2a:A0309	0.5734853827457927	110.0	True	
T_cell → Tgfb1 → Itgb8 → CD4	Masopust_053_2a:A0310	0.5734853827457927	111.0	True	
T_cell → Tgfb1 → Itgb8 → CD4	Masopust_053_2a:A0311	0.5734853827457927	111.0	True	
T_cell → Tgfb1 → Itgb8 → CD4	Masopust_053_2a:A0312	0.5734853827457927	111.0	True	
T_cell → Tgfb1 → Itgb8 → CD4	Masopust_053_2b:A0307	0.5734853827457927	112.0	True	
T_cell → Tgfb1 → Itgb8 → CD4	Masopust_053_2b:A0308	0.5734853827457927	110.0	True	
T_cell → Tgfb1 → Itgb8 → CD4	Masopust_053_2b:A0309	0.5734853827457927	110.0	True	
T_cell → Tgfb1 → Itgb8 → CD4	Masopust_053_2b:A0310	0.5734853827457927	111.0	True	
T_cell → Tgfb1 → Itgb8 → CD4	Masopust_053_2b:A0311	0.5734853827457927	111.0	True	
T_cell → Tgfb1 → Itgb8 → CD4	Masopust_053_2b:A0312	0.5734853827457927	110.0	True	
T_cell → Tgfb1 → Itgb8 → CD4	Masopust_053_3a:A0307	0.5750381777768486	108.0	True	
T_cell → Tgfb1 → Itgb8 → CD4	Masopust_053_3a:A0308	0.5750381777768486	108.0	True	
T_cell → Tgfb1 → Itgb8 → CD4	Masopust_053_3a:A0309	0.5750381777768486	109.0	True	
T_cell → Tgfb1 → Itgb8 → CD4	Masopust_053_3a:A0310	0.5750381777768486	108.0	True	
T_cell → Tgfb1 → Itgb8 → CD4	Masopust_053_3a:A0311	0.5750381777768486	109.0	True	
T_cell → Tgfb1 → Itgb8 → CD4	Masopust_053_3b:A0307	0.5734853827457927	111.0	True	
T_cell → Tgfb1 → Itgb8 → CD4	Masopust_053_3b:A0308	0.5750381777768486	109.0	True	
T_cell → Tgfb1 → Itgb8 → CD4	Masopust_053_3b:A0309	0.5750381777768486	109.0	True	
T_cell → Tgfb1 → Itgb8 → CD4	Masopust_053_3b:A0310	0.5750381777768486	109.0	True	
T_cell → Tgfb1 → Itgb8 → CD4	Masopust_053_3b:A0311	0.5734853827457927	111.0	True	
T_cell → Tgfb1 → Itgb8 → CD4	Masopust_053_6a:A0308	0.5734853827457927	110.0	True	
T_cell → Tgfb1 → Itgb8 → CD4	Masopust_053_6b:A0308	0.5734853827457927	110.0	True	
T_cell → Tgfb1 → Itgb8 → CD4	Masopust_054_A:A0311	0.5734853827457927	111.0	True	
T_cell → Tgfb1 → Itgb8 → CD4	Masopust_054_A:A0312	0.5750381777768486	108.0	True	
T_cell → Tgfb1 → Itgb8 → CD4	Masopust_054_B:A0311	0.5734853827457927	111.0	True	
T_cell → Tgfb1 → Itgb8 → CD4	Masopust_054_B:A0312	0.5734853827457927	111.0	True	
T_cell → Tgfb1 → Itgb8 → CD4	Masopust_054_C:A0311	0.5734853827457927	110.0	True	
T_cell → Tgfb1 → Itgb8 → CD4	Masopust_054_C:A0312	0.5750381777768486	109.0	True	
T_cell → Tgfb1 → Itgb8 → CD4	Masopust_054_C:A0313	0.5734853827457927	110.0	True	
T_cell → Tgfb1 → Itgb8 → CD4	Masopust_054_D:A0311	0.5750381777768486	109.0	True	
T_cell → Tgfb1 → Itgb8 → CD4	Masopust_054_D:A0312	0.5734853827457927	111.0	True	
T_cell → Tgfb1 → Itgb8 → CD4	Masopust_054_D:A0313	0.5734853827457927	112.0	True	
T_cell → Tgfb1 → Itgb8 → CD4	Masopust_054_E:A0311	0.5750381777768486	109.0	True	
T_cell → Tgfb1 → Tgfbr3 → CD4	Masopust_053_1a:A0307	0.5732713111031497	112.0	True	
T_cell → Tgfb1 → Tgfbr3 → CD4	Masopust_053_1a:A0308	0.5748241061342056	110.0	True	
T_cell → Tgfb1 → Tgfbr3 → CD4	Masopust_053_1a:A0309	0.5748241061342056	110.0	True	
T_cell → Tgfb1 → Tgfbr3 → CD4	Masopust_053_1a:A0310	0.5732713111031497	112.0	True	
T_cell → Tgfb1 → Tgfbr3 → CD4	Masopust_053_1a:A0311	0.5748241061342056	109.0	True	
T_cell → Tgfb1 → Tgfbr3 → CD4	Masopust_053_1a:A0312	0.5748241061342056	110.0	True	
T_cell → Tgfb1 → Tgfbr3 → CD4	Masopust_053_1b:A0307	0.5732713111031497	113.0	True	
T_cell → Tgfb1 → Tgfbr3 → CD4	Masopust_053_1b:A0308	0.5732713111031497	112.0	True	
T_cell → Tgfb1 → Tgfbr3 → CD4	Masopust_053_1b:A0309	0.5748241061342056	110.0	True	
T_cell → Tgfb1 → Tgfbr3 → CD4	Masopust_053_1b:A0310	0.5732713111031497	113.0	True	
T_cell → Tgfb1 → Tgfbr3 → CD4	Masopust_053_1b:A0311	0.5748241061342056	111.0	True	
T_cell → Tgfb1 → Tgfbr3 → CD4	Masopust_053_1b:A0312	0.5732713111031497	113.0	True	
T_cell → Tgfb1 → Tgfbr3 → CD4	Masopust_053_2a:A0307	0.5748241061342056	110.0	True	
T_cell → Tgfb1 → Tgfbr3 → CD4	Masopust_053_2a:A0308	0.5732713111031497	113.0	True	
T_cell → Tgfb1 → Tgfbr3 → CD4	Masopust_053_2a:A0309	0.5732713111031497	111.0	True	
T_cell → Tgfb1 → Tgfbr3 → CD4	Masopust_053_2a:A0310	0.5732713111031497	112.0	True	
T_cell → Tgfb1 → Tgfbr3 → CD4	Masopust_053_2a:A0311	0.5732713111031497	112.0	True	
T_cell → Tgfb1 → Tgfbr3 → CD4	Masopust_053_2a:A0312	0.5732713111031497	112.0	True	
T_cell → Tgfb1 → Tgfbr3 → CD4	Masopust_053_2b:A0307	0.5732713111031497	113.0	True	
T_cell → Tgfb1 → Tgfbr3 → CD4	Masopust_053_2b:A0308	0.5732713111031497	111.0	True	
T_cell → Tgfb1 → Tgfbr3 → CD4	Masopust_053_2b:A0309	0.5732713111031497	111.0	True	
T_cell → Tgfb1 → Tgfbr3 → CD4	Masopust_053_2b:A0310	0.5732713111031497	112.0	True	
T_cell → Tgfb1 → Tgfbr3 → CD4	Masopust_053_2b:A0311	0.5732713111031497	112.0	True	
T_cell → Tgfb1 → Tgfbr3 → CD4	Masopust_053_2b:A0312	0.5732713111031497	111.0	True	
T_cell → Tgfb1 → Tgfbr3 → CD4	Masopust_053_3a:A0307	0.5748241061342056	109.0	True	
T_cell → Tgfb1 → Tgfbr3 → CD4	Masopust_053_3a:A0308	0.5748241061342056	109.0	True	
T_cell → Tgfb1 → Tgfbr3 → CD4	Masopust_053_3a:A0309	0.5748241061342056	110.0	True	
T_cell → Tgfb1 → Tgfbr3 → CD4	Masopust_053_3a:A0310	0.5748241061342056	109.0	True	
T_cell → Tgfb1 → Tgfbr3 → CD4	Masopust_053_3a:A0311	0.5748241061342056	110.0	True	
T_cell → Tgfb1 → Tgfbr3 → CD4	Masopust_053_3b:A0307	0.5732713111031497	112.0	True	
T_cell → Tgfb1 → Tgfbr3 → CD4	Masopust_053_3b:A0308	0.5748241061342056	110.0	True	
T_cell → Tgfb1 → Tgfbr3 → CD4	Masopust_053_3b:A0309	0.5748241061342056	110.0	True	
T_cell → Tgfb1 → Tgfbr3 → CD4	Masopust_053_3b:A0310	0.5748241061342056	110.0	True	
T_cell → Tgfb1 → Tgfbr3 → CD4	Masopust_053_3b:A0311	0.5732713111031497	112.0	True	
T_cell → Tgfb1 → Tgfbr3 → CD4	Masopust_053_6a:A0308	0.5732713111031497	111.0	True	
T_cell → Tgfb1 → Tgfbr3 → CD4	Masopust_053_6b:A0308	0.5732713111031497	111.0	True	
T_cell → Tgfb1 → Tgfbr3 → CD4	Masopust_054_A:A0311	0.5732713111031497	112.0	True	
T_cell → Tgfb1 → Tgfbr3 → CD4	Masopust_054_A:A0312	0.5748241061342056	109.0	True	
T_cell → Tgfb1 → Tgfbr3 → CD4	Masopust_054_B:A0311	0.5732713111031497	112.0	True	
T_cell → Tgfb1 → Tgfbr3 → CD4	Masopust_054_B:A0312	0.5732713111031497	112.0	True	
T_cell → Tgfb1 → Tgfbr3 → CD4	Masopust_054_C:A0311	0.5732713111031497	111.0	True	
T_cell → Tgfb1 → Tgfbr3 → CD4	Masopust_054_C:A0312	0.5748241061342056	110.0	True	
T_cell → Tgfb1 → Tgfbr3 → CD4	Masopust_054_C:A0313	0.5732713111031497	111.0	True	
T_cell → Tgfb1 → Tgfbr3 → CD4	Masopust_054_D:A0311	0.5748241061342056	110.0	True	
T_cell → Tgfb1 → Tgfbr3 → CD4	Masopust_054_D:A0312	0.5732713111031497	112.0	True	
T_cell → Tgfb1 → Tgfbr3 → CD4	Masopust_054_D:A0313	0.5732713111031497	113.0	True	
T_cell → Tgfb1 → Tgfbr3 → CD4	Masopust_054_E:A0311	0.5748241061342056	110.0	True	
T_cell → Tgfb1 → Acvrl1 → CD4	Masopust_053_1a:A0307	0.5731999538889353	113.0	True	
T_cell → Tgfb1 → Acvrl1 → CD4	Masopust_053_1a:A0308	0.5747527489199913	112.0	True	
T_cell → Tgfb1 → Acvrl1 → CD4	Masopust_053_1a:A0309	0.5747527489199913	111.0	True	
T_cell → Tgfb1 → Acvrl1 → CD4	Masopust_053_1a:A0310	0.5731999538889353	113.0	True	
T_cell → Tgfb1 → Acvrl1 → CD4	Masopust_053_1a:A0311	0.5747527489199913	110.0	True	
T_cell → Tgfb1 → Acvrl1 → CD4	Masopust_053_1a:A0312	0.5747527489199913	112.0	True	
T_cell → Tgfb1 → Acvrl1 → CD4	Masopust_053_1b:A0307	0.5731999538889353	114.0	True	
T_cell → Tgfb1 → Acvrl1 → CD4	Masopust_053_1b:A0308	0.5731999538889353	113.0	True	
T_cell → Tgfb1 → Acvrl1 → CD4	Masopust_053_1b:A0309	0.5747527489199913	112.0	True	
T_cell → Tgfb1 → Acvrl1 → CD4	Masopust_053_1b:A0310	0.5731999538889353	114.0	True	
T_cell → Tgfb1 → Acvrl1 → CD4	Masopust_053_1b:A0311	0.5747527489199913	112.0	True	
T_cell → Tgfb1 → Acvrl1 → CD4	Masopust_053_1b:A0312	0.5731999538889353	114.0	True	
T_cell → Tgfb1 → Acvrl1 → CD4	Masopust_053_2a:A0307	0.5747527489199913	111.0	True	
T_cell → Tgfb1 → Acvrl1 → CD4	Masopust_053_2a:A0308	0.5731999538889353	114.0	True	
T_cell → Tgfb1 → Acvrl1 → CD4	Masopust_053_2a:A0309	0.5731999538889353	112.0	True	
T_cell → Tgfb1 → Acvrl1 → CD4	Masopust_053_2a:A0310	0.5731999538889353	113.0	True	
T_cell → Tgfb1 → Acvrl1 → CD4	Masopust_053_2a:A0311	0.5731999538889353	114.0	True	
T_cell → Tgfb1 → Acvrl1 → CD4	Masopust_053_2a:A0312	0.5731999538889353	113.0	True	
T_cell → Tgfb1 → Acvrl1 → CD4	Masopust_053_2b:A0307	0.5731999538889353	114.0	True	
T_cell → Tgfb1 → Acvrl1 → CD4	Masopust_053_2b:A0308	0.5731999538889353	112.0	True	
T_cell → Tgfb1 → Acvrl1 → CD4	Masopust_053_2b:A0309	0.5731999538889353	112.0	True	
T_cell → Tgfb1 → Acvrl1 → CD4	Masopust_053_2b:A0310	0.5731999538889353	113.0	True	
T_cell → Tgfb1 → Acvrl1 → CD4	Masopust_053_2b:A0311	0.5731999538889353	114.0	True	
T_cell → Tgfb1 → Acvrl1 → CD4	Masopust_053_2b:A0312	0.5731999538889353	112.0	True	
T_cell → Tgfb1 → Acvrl1 → CD4	Masopust_053_3a:A0307	0.5747527489199913	110.0	True	
T_cell → Tgfb1 → Acvrl1 → CD4	Masopust_053_3a:A0308	0.5747527489199913	110.0	True	
T_cell → Tgfb1 → Acvrl1 → CD4	Masopust_053_3a:A0309	0.5747527489199913	112.0	True	
T_cell → Tgfb1 → Acvrl1 → CD4	Masopust_053_3a:A0310	0.5747527489199913	110.0	True	
T_cell → Tgfb1 → Acvrl1 → CD4	Masopust_053_3a:A0311	0.5747527489199913	111.0	True	
T_cell → Tgfb1 → Acvrl1 → CD4	Masopust_053_3b:A0307	0.5731999538889353	113.0	True	
T_cell → Tgfb1 → Acvrl1 → CD4	Masopust_053_3b:A0308	0.5747527489199913	112.0	True	
T_cell → Tgfb1 → Acvrl1 → CD4	Masopust_053_3b:A0309	0.5747527489199913	112.0	True	
T_cell → Tgfb1 → Acvrl1 → CD4	Masopust_053_3b:A0310	0.5747527489199913	112.0	True	
T_cell → Tgfb1 → Acvrl1 → CD4	Masopust_053_3b:A0311	0.5731999538889353	113.0	True	
T_cell → Tgfb1 → Acvrl1 → CD4	Masopust_053_6a:A0308	0.5731999538889353	112.0	True	
T_cell → Tgfb1 → Acvrl1 → CD4	Masopust_053_6b:A0308	0.5731999538889353	112.0	True	
T_cell → Tgfb1 → Acvrl1 → CD4	Masopust_054_A:A0311	0.5731999538889353	113.0	True	
T_cell → Tgfb1 → Acvrl1 → CD4	Masopust_054_A:A0312	0.5747527489199913	110.0	True	
T_cell → Tgfb1 → Acvrl1 → CD4	Masopust_054_B:A0311	0.5731999538889353	113.0	True	
T_cell → Tgfb1 → Acvrl1 → CD4	Masopust_054_B:A0312	0.5731999538889353	113.0	True	
T_cell → Tgfb1 → Acvrl1 → CD4	Masopust_054_C:A0311	0.5731999538889353	112.0	True	
T_cell → Tgfb1 → Acvrl1 → CD4	Masopust_054_C:A0312	0.5747527489199913	111.0	True	
T_cell → Tgfb1 → Acvrl1 → CD4	Masopust_054_C:A0313	0.5731999538889353	112.0	True	
T_cell → Tgfb1 → Acvrl1 → CD4	Masopust_054_D:A0311	0.5747527489199913	111.0	True	
T_cell → Tgfb1 → Acvrl1 → CD4	Masopust_054_D:A0312	0.5731999538889353	114.0	True	
T_cell → Tgfb1 → Acvrl1 → CD4	Masopust_054_D:A0313	0.5731999538889353	114.0	True	
T_cell → Tgfb1 → Acvrl1 → CD4	Masopust_054_E:A0311	0.5747527489199913	112.0	True	
T_cell → Tgfb1 → Itgb1 → CD4	Masopust_053_1a:A0307	0.5731285966747209	114.0	True	
T_cell → Tgfb1 → Itgb1 → CD4	Masopust_053_1a:A0308	0.5746813917057769	113.0	True	
T_cell → Tgfb1 → Itgb1 → CD4	Masopust_053_1a:A0309	0.5746813917057769	112.0	True	
T_cell → Tgfb1 → Itgb1 → CD4	Masopust_053_1a:A0310	0.5731285966747209	114.0	True	
T_cell → Tgfb1 → Itgb1 → CD4	Masopust_053_1a:A0311	0.5746813917057769	112.0	True	
T_cell → Tgfb1 → Itgb1 → CD4	Masopust_053_1a:A0312	0.5746813917057769	113.0	True	
T_cell → Tgfb1 → Itgb1 → CD4	Masopust_053_1b:A0307	0.5731285966747209	115.0	True	
T_cell → Tgfb1 → Itgb1 → CD4	Masopust_053_1b:A0308	0.5731285966747209	114.0	True	
T_cell → Tgfb1 → Itgb1 → CD4	Masopust_053_1b:A0309	0.5746813917057769	113.0	True	
T_cell → Tgfb1 → Itgb1 → CD4	Masopust_053_1b:A0310	0.5731285966747209	115.0	True	
T_cell → Tgfb1 → Itgb1 → CD4	Masopust_053_1b:A0311	0.5746813917057769	113.0	True	
T_cell → Tgfb1 → Itgb1 → CD4	Masopust_053_1b:A0312	0.5731285966747209	115.0	True	
T_cell → Tgfb1 → Itgb1 → CD4	Masopust_053_2a:A0307	0.5746813917057769	112.0	True	
T_cell → Tgfb1 → Itgb1 → CD4	Masopust_053_2a:A0308	0.5731285966747209	115.0	True	
T_cell → Tgfb1 → Itgb1 → CD4	Masopust_053_2a:A0309	0.5731285966747209	113.0	True	
T_cell → Tgfb1 → Itgb1 → CD4	Masopust_053_2a:A0310	0.5731285966747209	114.0	True	
T_cell → Tgfb1 → Itgb1 → CD4	Masopust_053_2a:A0311	0.5731285966747209	115.0	True	
T_cell → Tgfb1 → Itgb1 → CD4	Masopust_053_2a:A0312	0.5731285966747209	114.0	True	
T_cell → Tgfb1 → Itgb1 → CD4	Masopust_053_2b:A0307	0.5731285966747209	115.0	True	
T_cell → Tgfb1 → Itgb1 → CD4	Masopust_053_2b:A0308	0.5731285966747209	113.0	True	
T_cell → Tgfb1 → Itgb1 → CD4	Masopust_053_2b:A0309	0.5731285966747209	113.0	True	
T_cell → Tgfb1 → Itgb1 → CD4	Masopust_053_2b:A0310	0.5731285966747209	114.0	True	
T_cell → Tgfb1 → Itgb1 → CD4	Masopust_053_2b:A0311	0.5731285966747209	115.0	True	
T_cell → Tgfb1 → Itgb1 → CD4	Masopust_053_2b:A0312	0.5731285966747209	113.0	True	
T_cell → Tgfb1 → Itgb1 → CD4	Masopust_053_3a:A0307	0.5746813917057769	112.0	True	
T_cell → Tgfb1 → Itgb1 → CD4	Masopust_053_3a:A0308	0.5746813917057769	112.0	True	
T_cell → Tgfb1 → Itgb1 → CD4	Masopust_053_3a:A0309	0.5746813917057769	113.0	True	
T_cell → Tgfb1 → Itgb1 → CD4	Masopust_053_3a:A0310	0.5746813917057769	112.0	True	
T_cell → Tgfb1 → Itgb1 → CD4	Masopust_053_3a:A0311	0.5746813917057769	113.0	True	
T_cell → Tgfb1 → Itgb1 → CD4	Masopust_053_3b:A0307	0.5731285966747209	114.0	True	
T_cell → Tgfb1 → Itgb1 → CD4	Masopust_053_3b:A0308	0.5746813917057769	113.0	True	
T_cell → Tgfb1 → Itgb1 → CD4	Masopust_053_3b:A0309	0.5746813917057769	113.0	True	
T_cell → Tgfb1 → Itgb1 → CD4	Masopust_053_3b:A0310	0.5746813917057769	113.0	True	
T_cell → Tgfb1 → Itgb1 → CD4	Masopust_053_3b:A0311	0.5731285966747209	114.0	True	
T_cell → Tgfb1 → Itgb1 → CD4	Masopust_053_6a:A0308	0.5731285966747209	113.0	True	
T_cell → Tgfb1 → Itgb1 → CD4	Masopust_053_6b:A0308	0.5731285966747209	113.0	True	
T_cell → Tgfb1 → Itgb1 → CD4	Masopust_054_A:A0311	0.5731285966747209	114.0	True	
T_cell → Tgfb1 → Itgb1 → CD4	Masopust_054_A:A0312	0.5746813917057769	112.0	True	
T_cell → Tgfb1 → Itgb1 → CD4	Masopust_054_B:A0311	0.5731285966747209	114.0	True	
T_cell → Tgfb1 → Itgb1 → CD4	Masopust_054_B:A0312	0.5731285966747209	114.0	True	
T_cell → Tgfb1 → Itgb1 → CD4	Masopust_054_C:A0311	0.5731285966747209	113.0	True	
T_cell → Tgfb1 → Itgb1 → CD4	Masopust_054_C:A0312	0.5746813917057769	112.0	True	
T_cell → Tgfb1 → Itgb1 → CD4	Masopust_054_C:A0313	0.5731285966747209	113.0	True	
T_cell → Tgfb1 → Itgb1 → CD4	Masopust_054_D:A0311	0.5746813917057769	113.0	True	
T_cell → Tgfb1 → Itgb1 → CD4	Masopust_054_D:A0312	0.5731285966747209	115.0	True	
T_cell → Tgfb1 → Itgb1 → CD4	Masopust_054_D:A0313	0.5731285966747209	115.0	True	
T_cell → Tgfb1 → Itgb1 → CD4	Masopust_054_E:A0311	0.5746813917057769	113.0	True	
T_cell → Tgfb1 → Cxcr4 → CD4	Masopust_053_1a:A0307	0.5731285966747209	114.0	True	
T_cell → Tgfb1 → Cxcr4 → CD4	Masopust_053_1a:A0308	0.5746813917057769	113.0	True	
T_cell → Tgfb1 → Cxcr4 → CD4	Masopust_053_1a:A0309	0.5746813917057769	112.0	True	
T_cell → Tgfb1 → Cxcr4 → CD4	Masopust_053_1a:A0310	0.5731285966747209	114.0	True	
T_cell → Tgfb1 → Cxcr4 → CD4	Masopust_053_1a:A0311	0.5746813917057769	112.0	True	
T_cell → Tgfb1 → Cxcr4 → CD4	Masopust_053_1a:A0312	0.5746813917057769	113.0	True	
T_cell → Tgfb1 → Cxcr4 → CD4	Masopust_053_1b:A0307	0.5731285966747209	115.0	True	
T_cell → Tgfb1 → Cxcr4 → CD4	Masopust_053_1b:A0308	0.5731285966747209	114.0	True	
T_cell → Tgfb1 → Cxcr4 → CD4	Masopust_053_1b:A0309	0.5746813917057769	113.0	True	
T_cell → Tgfb1 → Cxcr4 → CD4	Masopust_053_1b:A0310	0.5731285966747209	115.0	True	
T_cell → Tgfb1 → Cxcr4 → CD4	Masopust_053_1b:A0311	0.5746813917057769	113.0	True	
T_cell → Tgfb1 → Cxcr4 → CD4	Masopust_053_1b:A0312	0.5731285966747209	115.0	True	
T_cell → Tgfb1 → Cxcr4 → CD4	Masopust_053_2a:A0307	0.5746813917057769	112.0	True	
T_cell → Tgfb1 → Cxcr4 → CD4	Masopust_053_2a:A0308	0.5731285966747209	115.0	True	
T_cell → Tgfb1 → Cxcr4 → CD4	Masopust_053_2a:A0309	0.5731285966747209	113.0	True	
T_cell → Tgfb1 → Cxcr4 → CD4	Masopust_053_2a:A0310	0.5731285966747209	114.0	True	
T_cell → Tgfb1 → Cxcr4 → CD4	Masopust_053_2a:A0311	0.5731285966747209	115.0	True	
T_cell → Tgfb1 → Cxcr4 → CD4	Masopust_053_2a:A0312	0.5731285966747209	114.0	True	
T_cell → Tgfb1 → Cxcr4 → CD4	Masopust_053_2b:A0307	0.5731285966747209	115.0	True	
T_cell → Tgfb1 → Cxcr4 → CD4	Masopust_053_2b:A0308	0.5731285966747209	113.0	True	
T_cell → Tgfb1 → Cxcr4 → CD4	Masopust_053_2b:A0309	0.5731285966747209	113.0	True	
T_cell → Tgfb1 → Cxcr4 → CD4	Masopust_053_2b:A0310	0.5731285966747209	114.0	True	
T_cell → Tgfb1 → Cxcr4 → CD4	Masopust_053_2b:A0311	0.5731285966747209	115.0	True	
T_cell → Tgfb1 → Cxcr4 → CD4	Masopust_053_2b:A0312	0.5731285966747209	113.0	True	
T_cell → Tgfb1 → Cxcr4 → CD4	Masopust_053_3a:A0307	0.5746813917057769	112.0	True	
T_cell → Tgfb1 → Cxcr4 → CD4	Masopust_053_3a:A0308	0.5746813917057769	112.0	True	
T_cell → Tgfb1 → Cxcr4 → CD4	Masopust_053_3a:A0309	0.5746813917057769	113.0	True	
T_cell → Tgfb1 → Cxcr4 → CD4	Masopust_053_3a:A0310	0.5746813917057769	112.0	True	
T_cell → Tgfb1 → Cxcr4 → CD4	Masopust_053_3a:A0311	0.5746813917057769	113.0	True	
T_cell → Tgfb1 → Cxcr4 → CD4	Masopust_053_3b:A0307	0.5731285966747209	114.0	True	
T_cell → Tgfb1 → Cxcr4 → CD4	Masopust_053_3b:A0308	0.5746813917057769	113.0	True	
T_cell → Tgfb1 → Cxcr4 → CD4	Masopust_053_3b:A0309	0.5746813917057769	113.0	True	
T_cell → Tgfb1 → Cxcr4 → CD4	Masopust_053_3b:A0310	0.5746813917057769	113.0	True	
T_cell → Tgfb1 → Cxcr4 → CD4	Masopust_053_3b:A0311	0.5731285966747209	114.0	True	
T_cell → Tgfb1 → Cxcr4 → CD4	Masopust_053_6a:A0308	0.5731285966747209	113.0	True	
T_cell → Tgfb1 → Cxcr4 → CD4	Masopust_053_6b:A0308	0.5731285966747209	113.0	True	
T_cell → Tgfb1 → Cxcr4 → CD4	Masopust_054_A:A0311	0.5731285966747209	114.0	True	
T_cell → Tgfb1 → Cxcr4 → CD4	Masopust_054_A:A0312	0.5746813917057769	112.0	True	
T_cell → Tgfb1 → Cxcr4 → CD4	Masopust_054_B:A0311	0.5731285966747209	114.0	True	
T_cell → Tgfb1 → Cxcr4 → CD4	Masopust_054_B:A0312	0.5731285966747209	114.0	True	
T_cell → Tgfb1 → Cxcr4 → CD4	Masopust_054_C:A0311	0.5731285966747209	113.0	True	
T_cell → Tgfb1 → Cxcr4 → CD4	Masopust_054_C:A0312	0.5746813917057769	112.0	True	
T_cell → Tgfb1 → Cxcr4 → CD4	Masopust_054_C:A0313	0.5731285966747209	113.0	True	
T_cell → Tgfb1 → Cxcr4 → CD4	Masopust_054_D:A0311	0.5746813917057769	113.0	True	
T_cell → Tgfb1 → Cxcr4 → CD4	Masopust_054_D:A0312	0.5731285966747209	115.0	True	
T_cell → Tgfb1 → Cxcr4 → CD4	Masopust_054_D:A0313	0.5731285966747209	115.0	True	
T_cell → Tgfb1 → Cxcr4 → CD4	Masopust_054_E:A0311	0.5746813917057769	113.0	True	
T_cell → Vim → Cd44 → CD4	Masopust_053_1a:A0307	0.5777626091250804	105.0	True	
T_cell → Vim → Cd44 → CD4	Masopust_053_1a:A0308	0.5777626091250804	103.0	True	
T_cell → Vim → Cd44 → CD4	Masopust_053_1a:A0309	0.5777626091250804	103.0	True	
T_cell → Vim → Cd44 → CD4	Masopust_053_1a:A0310	0.5777626091250804	103.0	True	
T_cell → Vim → Cd44 → CD4	Masopust_053_1a:A0311	0.5777626091250804	103.0	True	
T_cell → Vim → Cd44 → CD4	Masopust_053_1a:A0312	0.5777626091250804	103.0	True	
T_cell → Vim → Cd44 → CD4	Masopust_053_1b:A0307	0.5777626091250804	103.0	True	
T_cell → Vim → Cd44 → CD4	Masopust_053_1b:A0308	0.5777626091250804	103.0	True	
T_cell → Vim → Cd44 → CD4	Masopust_053_1b:A0309	0.5793154041561364	103.0	True	
T_cell → Vim → Cd44 → CD4	Masopust_053_1b:A0310	0.5777626091250804	105.0	True	
T_cell → Vim → Cd44 → CD4	Masopust_053_1b:A0311	0.5777626091250804	105.0	True	
T_cell → Vim → Cd44 → CD4	Masopust_053_1b:A0312	0.5777626091250804	103.0	True	
T_cell → Vim → Cd44 → CD4	Masopust_053_2a:A0307	0.5793154041561364	103.0	True	
T_cell → Vim → Cd44 → CD4	Masopust_053_2a:A0308	0.5793154041561364	102.0	True	
T_cell → Vim → Cd44 → CD4	Masopust_053_2a:A0309	0.5777626091250804	105.0	True	
T_cell → Vim → Cd44 → CD4	Masopust_053_2a:A0310	0.5777626091250804	105.0	True	
T_cell → Vim → Cd44 → CD4	Masopust_053_2a:A0311	0.5777626091250804	103.0	True	
T_cell → Vim → Cd44 → CD4	Masopust_053_2a:A0312	0.5793154041561364	102.0	True	
T_cell → Vim → Cd44 → CD4	Masopust_053_2b:A0307	0.5777626091250804	105.0	True	
T_cell → Vim → Cd44 → CD4	Masopust_053_2b:A0308	0.5777626091250804	103.0	True	
T_cell → Vim → Cd44 → CD4	Masopust_053_2b:A0309	0.5777626091250804	105.0	True	
T_cell → Vim → Cd44 → CD4	Masopust_053_2b:A0310	0.5777626091250804	103.0	True	
T_cell → Vim → Cd44 → CD4	Masopust_053_2b:A0311	0.5777626091250804	103.0	True	
T_cell → Vim → Cd44 → CD4	Masopust_053_2b:A0312	0.5777626091250804	103.0	True	
T_cell → Vim → Cd44 → CD4	Masopust_053_3a:A0307	0.5793154041561364	102.0	True	
T_cell → Vim → Cd44 → CD4	Masopust_053_3a:A0308	0.5777626091250804	103.0	True	
T_cell → Vim → Cd44 → CD4	Masopust_053_3a:A0309	0.5793154041561364	103.0	True	
T_cell → Vim → Cd44 → CD4	Masopust_053_3a:A0310	0.5793154041561364	103.0	True	
T_cell → Vim → Cd44 → CD4	Masopust_053_3a:A0311	0.5793154041561364	102.0	True	
T_cell → Vim → Cd44 → CD4	Masopust_053_3b:A0307	0.5793154041561364	102.0	True	
T_cell → Vim → Cd44 → CD4	Masopust_053_3b:A0308	0.5793154041561364	103.0	True	
T_cell → Vim → Cd44 → CD4	Masopust_053_3b:A0309	0.5793154041561364	102.0	True	
T_cell → Vim → Cd44 → CD4	Masopust_053_3b:A0310	0.5793154041561364	103.0	True	
T_cell → Vim → Cd44 → CD4	Masopust_053_3b:A0311	0.5777626091250804	103.0	True	
T_cell → Vim → Cd44 → CD4	Masopust_053_6a:A0308	0.5777626091250804	103.0	True	
T_cell → Vim → Cd44 → CD4	Masopust_053_6b:A0308	0.5777626091250804	105.0	True	
T_cell → Vim → Cd44 → CD4	Masopust_054_A:A0311	0.5777626091250804	103.0	True	
T_cell → Vim → Cd44 → CD4	Masopust_054_A:A0312	0.5793154041561364	103.0	True	
T_cell → Vim → Cd44 → CD4	Masopust_054_B:A0311	0.5777626091250804	105.0	True	
T_cell → Vim → Cd44 → CD4	Masopust_054_B:A0312	0.5777626091250804	103.0	True	
T_cell → Vim → Cd44 → CD4	Masopust_054_C:A0311	0.5777626091250804	103.0	True	
T_cell → Vim → Cd44 → CD4	Masopust_054_C:A0312	0.5777626091250804	103.0	True	
T_cell → Vim → Cd44 → CD4	Masopust_054_C:A0313	0.5793154041561364	103.0	True	
T_cell → Vim → Cd44 → CD4	Masopust_054_D:A0311	0.5777626091250804	105.0	True	
T_cell → Vim → Cd44 → CD4	Masopust_054_D:A0312	0.5777626091250804	103.0	True	
T_cell → Vim → Cd44 → CD4	Masopust_054_D:A0313	0.5793154041561364	102.0	True	
T_cell → Vim → Cd44 → CD4	Masopust_054_E:A0311	0.5793154041561364	103.0	True	
T_cell → Tgfb1 → Acvr1_Tgfbr2 → CD4	Masopust_053_1a:A0307	0.5728438760065068	116.0	True	
T_cell → Tgfb1 → Acvr1_Tgfbr2 → CD4	Masopust_053_1a:A0308	0.5743966710375626	115.0	True	
T_cell → Tgfb1 → Acvr1_Tgfbr2 → CD4	Masopust_053_1a:A0309	0.5743966710375626	114.0	True	
T_cell → Tgfb1 → Acvr1_Tgfbr2 → CD4	Masopust_053_1a:A0310	0.5728438760065068	116.0	True	
T_cell → Tgfb1 → Acvr1_Tgfbr2 → CD4	Masopust_053_1a:A0311	0.5743966710375626	114.0	True	
T_cell → Tgfb1 → Acvr1_Tgfbr2 → CD4	Masopust_053_1a:A0312	0.5743966710375626	115.0	True	
T_cell → Tgfb1 → Acvr1_Tgfbr2 → CD4	Masopust_053_1b:A0307	0.5728438760065068	117.0	True	
T_cell → Tgfb1 → Acvr1_Tgfbr2 → CD4	Masopust_053_1b:A0308	0.5728438760065068	116.0	True	
T_cell → Tgfb1 → Acvr1_Tgfbr2 → CD4	Masopust_053_1b:A0309	0.5743966710375626	115.0	True	
T_cell → Tgfb1 → Acvr1_Tgfbr2 → CD4	Masopust_053_1b:A0310	0.5728438760065068	117.0	True	
T_cell → Tgfb1 → Acvr1_Tgfbr2 → CD4	Masopust_053_1b:A0311	0.5743966710375626	115.0	True	
T_cell → Tgfb1 → Acvr1_Tgfbr2 → CD4	Masopust_053_1b:A0312	0.5728438760065068	117.0	True	
T_cell → Tgfb1 → Acvr1_Tgfbr2 → CD4	Masopust_053_2a:A0307	0.5743966710375626	114.0	True	
T_cell → Tgfb1 → Acvr1_Tgfbr2 → CD4	Masopust_053_2a:A0308	0.5728438760065068	118.0	True	
T_cell → Tgfb1 → Acvr1_Tgfbr2 → CD4	Masopust_053_2a:A0309	0.5728438760065068	115.0	True	
T_cell → Tgfb1 → Acvr1_Tgfbr2 → CD4	Masopust_053_2a:A0310	0.5728438760065068	116.0	True	
T_cell → Tgfb1 → Acvr1_Tgfbr2 → CD4	Masopust_053_2a:A0311	0.5728438760065068	117.0	True	
T_cell → Tgfb1 → Acvr1_Tgfbr2 → CD4	Masopust_053_2a:A0312	0.5728438760065068	117.0	True	
T_cell → Tgfb1 → Acvr1_Tgfbr2 → CD4	Masopust_053_2b:A0307	0.5728438760065068	118.0	True	
T_cell → Tgfb1 → Acvr1_Tgfbr2 → CD4	Masopust_053_2b:A0308	0.5728438760065068	115.0	True	
T_cell → Tgfb1 → Acvr1_Tgfbr2 → CD4	Masopust_053_2b:A0309	0.5728438760065068	115.0	True	
T_cell → Tgfb1 → Acvr1_Tgfbr2 → CD4	Masopust_053_2b:A0310	0.5728438760065068	116.0	True	
T_cell → Tgfb1 → Acvr1_Tgfbr2 → CD4	Masopust_053_2b:A0311	0.5728438760065068	117.0	True	
T_cell → Tgfb1 → Acvr1_Tgfbr2 → CD4	Masopust_053_2b:A0312	0.5728438760065068	115.0	True	
T_cell → Tgfb1 → Acvr1_Tgfbr2 → CD4	Masopust_053_3a:A0307	0.5743966710375626	114.0	True	
T_cell → Tgfb1 → Acvr1_Tgfbr2 → CD4	Masopust_053_3a:A0308	0.5743966710375626	114.0	True	
T_cell → Tgfb1 → Acvr1_Tgfbr2 → CD4	Masopust_053_3a:A0309	0.5743966710375626	115.0	True	
T_cell → Tgfb1 → Acvr1_Tgfbr2 → CD4	Masopust_053_3a:A0310	0.5743966710375626	114.0	True	
T_cell → Tgfb1 → Acvr1_Tgfbr2 → CD4	Masopust_053_3a:A0311	0.5743966710375626	115.0	True	
T_cell → Tgfb1 → Acvr1_Tgfbr2 → CD4	Masopust_053_3b:A0307	0.5728438760065068	116.0	True	
T_cell → Tgfb1 → Acvr1_Tgfbr2 → CD4	Masopust_053_3b:A0308	0.5743966710375626	115.0	True	
T_cell → Tgfb1 → Acvr1_Tgfbr2 → CD4	Masopust_053_3b:A0309	0.5743966710375626	115.0	True	
T_cell → Tgfb1 → Acvr1_Tgfbr2 → CD4	Masopust_053_3b:A0310	0.5743966710375626	115.0	True	
T_cell → Tgfb1 → Acvr1_Tgfbr2 → CD4	Masopust_053_3b:A0311	0.5728438760065068	117.0	True	
T_cell → Tgfb1 → Acvr1_Tgfbr2 → CD4	Masopust_053_6a:A0308	0.5728438760065068	115.0	True	
T_cell → Tgfb1 → Acvr1_Tgfbr2 → CD4	Masopust_053_6b:A0308	0.5728438760065068	115.0	True	
T_cell → Tgfb1 → Acvr1_Tgfbr2 → CD4	Masopust_054_A:A0311	0.5728438760065068	116.0	True	
T_cell → Tgfb1 → Acvr1_Tgfbr2 → CD4	Masopust_054_A:A0312	0.5743966710375626	114.0	True	
T_cell → Tgfb1 → Acvr1_Tgfbr2 → CD4	Masopust_054_B:A0311	0.5728438760065068	116.0	True	
T_cell → Tgfb1 → Acvr1_Tgfbr2 → CD4	Masopust_054_B:A0312	0.5728438760065068	116.0	True	
T_cell → Tgfb1 → Acvr1_Tgfbr2 → CD4	Masopust_054_C:A0311	0.5728438760065068	115.0	True	
T_cell → Tgfb1 → Acvr1_Tgfbr2 → CD4	Masopust_054_C:A0312	0.5743966710375626	114.0	True	
T_cell → Tgfb1 → Acvr1_Tgfbr2 → CD4	Masopust_054_C:A0313	0.5728438760065068	115.0	True	
T_cell → Tgfb1 → Acvr1_Tgfbr2 → CD4	Masopust_054_D:A0311	0.5743966710375626	115.0	True	
T_cell → Tgfb1 → Acvr1_Tgfbr2 → CD4	Masopust_054_D:A0312	0.5728438760065068	117.0	True	
T_cell → Tgfb1 → Acvr1_Tgfbr2 → CD4	Masopust_054_D:A0313	0.5728438760065068	117.0	True	
T_cell → Tgfb1 → Acvr1_Tgfbr2 → CD4	Masopust_054_E:A0311	0.5743966710375626	115.0	True	
NK → Spp1 → Ccr8 → CD8	Masopust_053_1a:A0307	0.5800178190780763	101.0	True	
NK → Spp1 → Ccr8 → CD8	Masopust_053_1a:A0308	0.5800178190780763	101.0	True	
NK → Spp1 → Ccr8 → CD8	Masopust_053_1a:A0309	0.581718499350185	100.0	True	
NK → Spp1 → Ccr8 → CD8	Masopust_053_1a:A0310	0.581718499350185	98.0	True	
NK → Spp1 → Ccr8 → CD8	Masopust_053_1a:A0311	0.5800178190780763	100.0	True	
NK → Spp1 → Ccr8 → CD8	Masopust_053_1a:A0312	0.5800178190780763	100.0	True	
NK → Spp1 → Ccr8 → CD8	Masopust_053_1b:A0307	0.581718499350185	100.0	True	
NK → Spp1 → Ccr8 → CD8	Masopust_053_1b:A0308	0.5800178190780763	101.0	True	
NK → Spp1 → Ccr8 → CD8	Masopust_053_1b:A0309	0.5800178190780763	100.0	True	
NK → Spp1 → Ccr8 → CD8	Masopust_053_1b:A0310	0.5800178190780763	101.0	True	
NK → Spp1 → Ccr8 → CD8	Masopust_053_1b:A0311	0.581718499350185	99.0	True	
NK → Spp1 → Ccr8 → CD8	Masopust_053_1b:A0312	0.5800178190780763	101.0	True	
NK → Spp1 → Ccr8 → CD8	Masopust_053_2a:A0307	0.5800178190780763	101.0	True	
NK → Spp1 → Ccr8 → CD8	Masopust_053_2a:A0308	0.5800178190780763	101.0	True	
NK → Spp1 → Ccr8 → CD8	Masopust_053_2a:A0309	0.5800178190780763	100.0	True	
NK → Spp1 → Ccr8 → CD8	Masopust_053_2a:A0310	0.581718499350185	98.0	True	
NK → Spp1 → Ccr8 → CD8	Masopust_053_2a:A0312	0.581718499350185	98.0	True	
NK → Spp1 → Ccr8 → CD8	Masopust_053_2b:A0307	0.5800178190780763	101.0	True	
NK → Spp1 → Ccr8 → CD8	Masopust_053_2b:A0308	0.581718499350185	99.0	True	
NK → Spp1 → Ccr8 → CD8	Masopust_053_2b:A0309	0.5800178190780763	100.0	True	
NK → Spp1 → Ccr8 → CD8	Masopust_053_2b:A0310	0.581718499350185	98.0	True	
NK → Spp1 → Ccr8 → CD8	Masopust_053_2b:A0312	0.581718499350185	98.0	True	
NK → Spp1 → Ccr8 → CD8	Masopust_053_3a:A0307	0.5800178190780763	100.0	True	
NK → Spp1 → Ccr8 → CD8	Masopust_053_3a:A0308	0.5800178190780763	100.0	True	
NK → Spp1 → Ccr8 → CD8	Masopust_053_3a:A0309	0.5800178190780763	101.0	True	
NK → Spp1 → Ccr8 → CD8	Masopust_053_3a:A0310	0.5800178190780763	100.0	True	
NK → Spp1 → Ccr8 → CD8	Masopust_053_3a:A0311	0.5800178190780763	100.0	True	
NK → Spp1 → Ccr8 → CD8	Masopust_053_3b:A0307	0.5800178190780763	100.0	True	
NK → Spp1 → Ccr8 → CD8	Masopust_053_3b:A0308	0.5800178190780763	100.0	True	
NK → Spp1 → Ccr8 → CD8	Masopust_053_3b:A0309	0.581718499350185	100.0	True	
NK → Spp1 → Ccr8 → CD8	Masopust_053_3b:A0310	0.5800178190780763	100.0	True	
NK → Spp1 → Ccr8 → CD8	Masopust_053_3b:A0311	0.5800178190780763	100.0	True	
NK → Spp1 → Ccr8 → CD8	Masopust_053_6a:A0308	0.581718499350185	98.0	True	
NK → Spp1 → Ccr8 → CD8	Masopust_053_6b:A0308	0.581718499350185	98.0	True	
NK → Spp1 → Ccr8 → CD8	Masopust_054_A:A0311	0.5800178190780763	100.0	True	
NK → Spp1 → Ccr8 → CD8	Masopust_054_A:A0312	0.5800178190780763	100.0	True	
NK → Spp1 → Ccr8 → CD8	Masopust_054_B:A0311	0.5800178190780763	101.0	True	
NK → Spp1 → Ccr8 → CD8	Masopust_054_B:A0312	0.5800178190780763	101.0	True	
NK → Spp1 → Ccr8 → CD8	Masopust_054_C:A0311	0.5800178190780763	100.0	True	
NK → Spp1 → Ccr8 → CD8	Masopust_054_C:A0313	0.5800178190780763	100.0	True	
NK → Spp1 → Ccr8 → CD8	Masopust_054_D:A0311	0.5800178190780763	101.0	True	
NK → Spp1 → Ccr8 → CD8	Masopust_054_D:A0313	0.5800178190780763	101.0	True	
NK → Spp1 → Ccr8 → CD8	Masopust_054_E:A0311	0.581718499350185	100.0	True	
T_cell → Tgfb1 → Tgfbr1_Tgfbr2 → CD4	Masopust_053_1a:A0307	0.5722723101041487	118.0	True	
T_cell → Tgfb1 → Tgfbr1_Tgfbr2 → CD4	Masopust_053_1a:A0308	0.5738251051352046	117.0	True	
T_cell → Tgfb1 → Tgfbr1_Tgfbr2 → CD4	Masopust_053_1a:A0309	0.5738251051352046	117.0	True	
T_cell → Tgfb1 → Tgfbr1_Tgfbr2 → CD4	Masopust_053_1a:A0310	0.5722723101041487	118.0	True	
T_cell → Tgfb1 → Tgfbr1_Tgfbr2 → CD4	Masopust_053_1a:A0311	0.5738251051352046	116.0	True	
T_cell → Tgfb1 → Tgfbr1_Tgfbr2 → CD4	Masopust_053_1a:A0312	0.5738251051352046	117.0	True	
T_cell → Tgfb1 → Tgfbr1_Tgfbr2 → CD4	Masopust_053_1b:A0307	0.5722723101041487	118.0	True	
T_cell → Tgfb1 → Tgfbr1_Tgfbr2 → CD4	Masopust_053_1b:A0308	0.5722723101041487	118.0	True	
T_cell → Tgfb1 → Tgfbr1_Tgfbr2 → CD4	Masopust_053_1b:A0309	0.5738251051352046	116.0	True	
T_cell → Tgfb1 → Tgfbr1_Tgfbr2 → CD4	Masopust_053_1b:A0310	0.5722723101041487	118.0	True	
T_cell → Tgfb1 → Tgfbr1_Tgfbr2 → CD4	Masopust_053_1b:A0311	0.5738251051352046	116.0	True	
T_cell → Tgfb1 → Tgfbr1_Tgfbr2 → CD4	Masopust_053_1b:A0312	0.5722723101041487	118.0	True	
T_cell → Tgfb1 → Tgfbr1_Tgfbr2 → CD4	Masopust_053_2a:A0307	0.5738251051352046	117.0	True	
T_cell → Tgfb1 → Tgfbr1_Tgfbr2 → CD4	Masopust_053_2a:A0308	0.5722723101041487	119.0	True	
T_cell → Tgfb1 → Tgfbr1_Tgfbr2 → CD4	Masopust_053_2a:A0309	0.5722723101041487	118.0	True	
T_cell → Tgfb1 → Tgfbr1_Tgfbr2 → CD4	Masopust_053_2a:A0310	0.5722723101041487	118.0	True	
T_cell → Tgfb1 → Tgfbr1_Tgfbr2 → CD4	Masopust_053_2a:A0311	0.5722723101041487	118.0	True	
T_cell → Tgfb1 → Tgfbr1_Tgfbr2 → CD4	Masopust_053_2a:A0312	0.5722723101041487	119.0	True	
T_cell → Tgfb1 → Tgfbr1_Tgfbr2 → CD4	Masopust_053_2b:A0307	0.5722723101041487	119.0	True	
T_cell → Tgfb1 → Tgfbr1_Tgfbr2 → CD4	Masopust_053_2b:A0308	0.5722723101041487	118.0	True	
T_cell → Tgfb1 → Tgfbr1_Tgfbr2 → CD4	Masopust_053_2b:A0309	0.5722723101041487	118.0	True	
T_cell → Tgfb1 → Tgfbr1_Tgfbr2 → CD4	Masopust_053_2b:A0310	0.5722723101041487	118.0	True	
T_cell → Tgfb1 → Tgfbr1_Tgfbr2 → CD4	Masopust_053_2b:A0311	0.5722723101041487	118.0	True	
T_cell → Tgfb1 → Tgfbr1_Tgfbr2 → CD4	Masopust_053_2b:A0312	0.5722723101041487	118.0	True	
T_cell → Tgfb1 → Tgfbr1_Tgfbr2 → CD4	Masopust_053_3a:A0307	0.5738251051352046	116.0	True	
T_cell → Tgfb1 → Tgfbr1_Tgfbr2 → CD4	Masopust_053_3a:A0308	0.5738251051352046	117.0	True	
T_cell → Tgfb1 → Tgfbr1_Tgfbr2 → CD4	Masopust_053_3a:A0309	0.5738251051352046	117.0	True	
T_cell → Tgfb1 → Tgfbr1_Tgfbr2 → CD4	Masopust_053_3a:A0310	0.5738251051352046	116.0	True	
T_cell → Tgfb1 → Tgfbr1_Tgfbr2 → CD4	Masopust_053_3a:A0311	0.5738251051352046	116.0	True	
T_cell → Tgfb1 → Tgfbr1_Tgfbr2 → CD4	Masopust_053_3b:A0307	0.5722723101041487	118.0	True	
T_cell → Tgfb1 → Tgfbr1_Tgfbr2 → CD4	Masopust_053_3b:A0308	0.5738251051352046	116.0	True	
T_cell → Tgfb1 → Tgfbr1_Tgfbr2 → CD4	Masopust_053_3b:A0309	0.5738251051352046	118.0	True	
T_cell → Tgfb1 → Tgfbr1_Tgfbr2 → CD4	Masopust_053_3b:A0310	0.5738251051352046	116.0	True	
T_cell → Tgfb1 → Tgfbr1_Tgfbr2 → CD4	Masopust_053_3b:A0311	0.5722723101041487	119.0	True	
T_cell → Tgfb1 → Tgfbr1_Tgfbr2 → CD4	Masopust_053_6a:A0308	0.5722723101041487	118.0	True	
T_cell → Tgfb1 → Tgfbr1_Tgfbr2 → CD4	Masopust_053_6b:A0308	0.5722723101041487	118.0	True	
T_cell → Tgfb1 → Tgfbr1_Tgfbr2 → CD4	Masopust_054_A:A0311	0.5722723101041487	118.0	True	
T_cell → Tgfb1 → Tgfbr1_Tgfbr2 → CD4	Masopust_054_A:A0312	0.5738251051352046	116.0	True	
T_cell → Tgfb1 → Tgfbr1_Tgfbr2 → CD4	Masopust_054_B:A0311	0.5722723101041487	118.0	True	
T_cell → Tgfb1 → Tgfbr1_Tgfbr2 → CD4	Masopust_054_B:A0312	0.5722723101041487	118.0	True	
T_cell → Tgfb1 → Tgfbr1_Tgfbr2 → CD4	Masopust_054_C:A0311	0.5722723101041487	118.0	True	
T_cell → Tgfb1 → Tgfbr1_Tgfbr2 → CD4	Masopust_054_C:A0312	0.5738251051352046	116.0	True	
T_cell → Tgfb1 → Tgfbr1_Tgfbr2 → CD4	Masopust_054_C:A0313	0.5722723101041487	118.0	True	
T_cell → Tgfb1 → Tgfbr1_Tgfbr2 → CD4	Masopust_054_D:A0311	0.5738251051352046	117.0	True	
T_cell → Tgfb1 → Tgfbr1_Tgfbr2 → CD4	Masopust_054_D:A0312	0.5722723101041487	118.0	True	
T_cell → Tgfb1 → Tgfbr1_Tgfbr2 → CD4	Masopust_054_D:A0313	0.5722723101041487	118.0	True	
T_cell → Tgfb1 → Tgfbr1_Tgfbr2 → CD4	Masopust_054_E:A0311	0.5738251051352046	118.0	True	
NK → Ccl4 → Cnr2 → CD8	Masopust_053_1a:A0307	0.5742763689330778	110.0	True	
NK → Ccl4 → Cnr2 → CD8	Masopust_053_1a:A0308	0.5742763689330778	116.0	True	
NK → Ccl4 → Cnr2 → CD8	Masopust_053_1a:A0309	0.5742763689330778	115.0	True	
NK → Ccl4 → Cnr2 → CD8	Masopust_053_1a:A0310	0.572575688660969	117.0	True	
NK → Ccl4 → Cnr2 → CD8	Masopust_053_1a:A0311	0.572575688660969	118.0	True	
NK → Ccl4 → Cnr2 → CD8	Masopust_053_1a:A0312	0.572575688660969	119.0	True	
NK → Ccl4 → Cnr2 → CD8	Masopust_053_1b:A0307	0.5742763689330778	109.0	True	
NK → Ccl4 → Cnr2 → CD8	Masopust_053_1b:A0308	0.5742763689330778	110.0	True	
NK → Ccl4 → Cnr2 → CD8	Masopust_053_1b:A0309	0.572575688660969	118.0	True	
NK → Ccl4 → Cnr2 → CD8	Masopust_053_1b:A0310	0.5742763689330778	110.0	True	
NK → Ccl4 → Cnr2 → CD8	Masopust_053_1b:A0311	0.572575688660969	119.0	True	
NK → Ccl4 → Cnr2 → CD8	Masopust_053_1b:A0312	0.5742763689330778	110.0	True	
NK → Ccl4 → Cnr2 → CD8	Masopust_053_2a:A0307	0.5742763689330778	115.0	True	
NK → Ccl4 → Cnr2 → CD8	Masopust_053_2a:A0308	0.5742763689330778	109.0	True	
NK → Ccl4 → Cnr2 → CD8	Masopust_053_2a:A0309	0.572575688660969	116.0	True	
NK → Ccl4 → Cnr2 → CD8	Masopust_053_2a:A0310	0.572575688660969	117.0	True	
NK → Ccl4 → Cnr2 → CD8	Masopust_053_2a:A0312	0.572575688660969	118.0	True	
NK → Ccl4 → Cnr2 → CD8	Masopust_053_2b:A0307	0.5742763689330778	110.0	True	
NK → Ccl4 → Cnr2 → CD8	Masopust_053_2b:A0308	0.572575688660969	116.0	True	
NK → Ccl4 → Cnr2 → CD8	Masopust_053_2b:A0309	0.572575688660969	116.0	True	
NK → Ccl4 → Cnr2 → CD8	Masopust_053_2b:A0310	0.572575688660969	117.0	True	
NK → Ccl4 → Cnr2 → CD8	Masopust_053_2b:A0312	0.572575688660969	116.0	True	
NK → Ccl4 → Cnr2 → CD8	Masopust_053_3a:A0307	0.572575688660969	118.0	True	
NK → Ccl4 → Cnr2 → CD8	Masopust_053_3a:A0308	0.572575688660969	119.0	True	
NK → Ccl4 → Cnr2 → CD8	Masopust_053_3a:A0309	0.5742763689330778	116.0	True	
NK → Ccl4 → Cnr2 → CD8	Masopust_053_3a:A0310	0.572575688660969	118.0	True	
NK → Ccl4 → Cnr2 → CD8	Masopust_053_3a:A0311	0.572575688660969	118.0	True	
NK → Ccl4 → Cnr2 → CD8	Masopust_053_3b:A0307	0.572575688660969	117.0	True	
NK → Ccl4 → Cnr2 → CD8	Masopust_053_3b:A0308	0.572575688660969	118.0	True	
NK → Ccl4 → Cnr2 → CD8	Masopust_053_3b:A0309	0.5742763689330778	116.0	True	
NK → Ccl4 → Cnr2 → CD8	Masopust_053_3b:A0310	0.572575688660969	118.0	True	
NK → Ccl4 → Cnr2 → CD8	Masopust_053_3b:A0311	0.572575688660969	118.0	True	
NK → Ccl4 → Cnr2 → CD8	Masopust_053_6a:A0308	0.572575688660969	116.0	True	
NK → Ccl4 → Cnr2 → CD8	Masopust_053_6b:A0308	0.572575688660969	116.0	True	
NK → Ccl4 → Cnr2 → CD8	Masopust_054_A:A0311	0.572575688660969	117.0	True	
NK → Ccl4 → Cnr2 → CD8	Masopust_054_A:A0312	0.572575688660969	118.0	True	
NK → Ccl4 → Cnr2 → CD8	Masopust_054_B:A0311	0.5742763689330778	110.0	True	
NK → Ccl4 → Cnr2 → CD8	Masopust_054_B:A0312	0.5742763689330778	110.0	True	
NK → Ccl4 → Cnr2 → CD8	Masopust_054_C:A0311	0.572575688660969	116.0	True	
NK → Ccl4 → Cnr2 → CD8	Masopust_054_C:A0313	0.572575688660969	116.0	True	
NK → Ccl4 → Cnr2 → CD8	Masopust_054_D:A0311	0.5742763689330778	116.0	True	
NK → Ccl4 → Cnr2 → CD8	Masopust_054_D:A0313	0.5742763689330778	109.0	True	
NK → Ccl4 → Cnr2 → CD8	Masopust_054_E:A0311	0.5742763689330778	116.0	True	
T_cell → Tgfb1 → Itgb3 → CD4	Masopust_053_1a:A0307	0.5717728096046482	119.0	True	
T_cell → Tgfb1 → Itgb3 → CD4	Masopust_053_1a:A0308	0.573325604635704	118.0	True	
T_cell → Tgfb1 → Itgb3 → CD4	Masopust_053_1a:A0309	0.573325604635704	118.0	True	
T_cell → Tgfb1 → Itgb3 → CD4	Masopust_053_1a:A0310	0.5717728096046482	119.0	True	
T_cell → Tgfb1 → Itgb3 → CD4	Masopust_053_1a:A0311	0.573325604635704	117.0	True	
T_cell → Tgfb1 → Itgb3 → CD4	Masopust_053_1a:A0312	0.573325604635704	118.0	True	
T_cell → Tgfb1 → Itgb3 → CD4	Masopust_053_1b:A0307	0.5717728096046482	119.0	True	
T_cell → Tgfb1 → Itgb3 → CD4	Masopust_053_1b:A0308	0.5717728096046482	119.0	True	
T_cell → Tgfb1 → Itgb3 → CD4	Masopust_053_1b:A0309	0.573325604635704	117.0	True	
T_cell → Tgfb1 → Itgb3 → CD4	Masopust_053_1b:A0310	0.5717728096046482	119.0	True	
T_cell → Tgfb1 → Itgb3 → CD4	Masopust_053_1b:A0311	0.573325604635704	117.0	True	
T_cell → Tgfb1 → Itgb3 → CD4	Masopust_053_1b:A0312	0.5717728096046482	119.0	True	
T_cell → Tgfb1 → Itgb3 → CD4	Masopust_053_2a:A0307	0.573325604635704	118.0	True	
T_cell → Tgfb1 → Itgb3 → CD4	Masopust_053_2a:A0308	0.5717728096046482	120.0	True	
T_cell → Tgfb1 → Itgb3 → CD4	Masopust_053_2a:A0309	0.5717728096046482	119.0	True	
T_cell → Tgfb1 → Itgb3 → CD4	Masopust_053_2a:A0310	0.5717728096046482	119.0	True	
T_cell → Tgfb1 → Itgb3 → CD4	Masopust_053_2a:A0311	0.5717728096046482	119.0	True	
T_cell → Tgfb1 → Itgb3 → CD4	Masopust_053_2a:A0312	0.5717728096046482	120.0	True	
T_cell → Tgfb1 → Itgb3 → CD4	Masopust_053_2b:A0307	0.5717728096046482	120.0	True	
T_cell → Tgfb1 → Itgb3 → CD4	Masopust_053_2b:A0308	0.5717728096046482	119.0	True	
T_cell → Tgfb1 → Itgb3 → CD4	Masopust_053_2b:A0309	0.5717728096046482	119.0	True	
T_cell → Tgfb1 → Itgb3 → CD4	Masopust_053_2b:A0310	0.5717728096046482	119.0	True	
T_cell → Tgfb1 → Itgb3 → CD4	Masopust_053_2b:A0311	0.5717728096046482	119.0	True	
T_cell → Tgfb1 → Itgb3 → CD4	Masopust_053_2b:A0312	0.5717728096046482	119.0	True	
T_cell → Tgfb1 → Itgb3 → CD4	Masopust_053_3a:A0307	0.573325604635704	117.0	True	
T_cell → Tgfb1 → Itgb3 → CD4	Masopust_053_3a:A0308	0.573325604635704	118.0	True	
T_cell → Tgfb1 → Itgb3 → CD4	Masopust_053_3a:A0309	0.573325604635704	118.0	True	
T_cell → Tgfb1 → Itgb3 → CD4	Masopust_053_3a:A0310	0.573325604635704	117.0	True	
T_cell → Tgfb1 → Itgb3 → CD4	Masopust_053_3a:A0311	0.573325604635704	117.0	True	
T_cell → Tgfb1 → Itgb3 → CD4	Masopust_053_3b:A0307	0.5717728096046482	119.0	True	
T_cell → Tgfb1 → Itgb3 → CD4	Masopust_053_3b:A0308	0.573325604635704	117.0	True	
T_cell → Tgfb1 → Itgb3 → CD4	Masopust_053_3b:A0309	0.573325604635704	119.0	True	
T_cell → Tgfb1 → Itgb3 → CD4	Masopust_053_3b:A0310	0.573325604635704	117.0	True	
T_cell → Tgfb1 → Itgb3 → CD4	Masopust_053_3b:A0311	0.5717728096046482	120.0	True	
T_cell → Tgfb1 → Itgb3 → CD4	Masopust_053_6a:A0308	0.5717728096046482	119.0	True	
T_cell → Tgfb1 → Itgb3 → CD4	Masopust_053_6b:A0308	0.5717728096046482	119.0	True	
T_cell → Tgfb1 → Itgb3 → CD4	Masopust_054_A:A0311	0.5717728096046482	119.0	True	
T_cell → Tgfb1 → Itgb3 → CD4	Masopust_054_A:A0312	0.573325604635704	117.0	True	
T_cell → Tgfb1 → Itgb3 → CD4	Masopust_054_B:A0311	0.5717728096046482	119.0	True	
T_cell → Tgfb1 → Itgb3 → CD4	Masopust_054_B:A0312	0.5717728096046482	119.0	True	
T_cell → Tgfb1 → Itgb3 → CD4	Masopust_054_C:A0311	0.5717728096046482	119.0	True	
T_cell → Tgfb1 → Itgb3 → CD4	Masopust_054_C:A0312	0.573325604635704	117.0	True	
T_cell → Tgfb1 → Itgb3 → CD4	Masopust_054_C:A0313	0.5717728096046482	119.0	True	
T_cell → Tgfb1 → Itgb3 → CD4	Masopust_054_D:A0311	0.573325604635704	118.0	True	
T_cell → Tgfb1 → Itgb3 → CD4	Masopust_054_D:A0312	0.5717728096046482	119.0	True	
T_cell → Tgfb1 → Itgb3 → CD4	Masopust_054_D:A0313	0.5717728096046482	119.0	True	
T_cell → Tgfb1 → Itgb3 → CD4	Masopust_054_E:A0311	0.573325604635704	119.0	True	
T_cell → Fam3c → Pdcd1 → CD4	Masopust_053_1a:A0307	0.5679739019903077	122.0	True	
T_cell → Fam3c → Pdcd1 → CD4	Masopust_053_1a:A0308	0.5695266970213637	121.0	True	
T_cell → Fam3c → Pdcd1 → CD4	Masopust_053_1a:A0309	0.5679739019903077	122.0	True	
T_cell → Fam3c → Pdcd1 → CD4	Masopust_053_1a:A0310	0.5679739019903077	121.0	True	
T_cell → Fam3c → Pdcd1 → CD4	Masopust_053_1a:A0311	0.5679739019903077	121.0	True	
T_cell → Fam3c → Pdcd1 → CD4	Masopust_053_1a:A0312	0.5679739019903077	122.0	True	
T_cell → Fam3c → Pdcd1 → CD4	Masopust_053_1b:A0307	0.5679739019903077	122.0	True	
T_cell → Fam3c → Pdcd1 → CD4	Masopust_053_1b:A0308	0.5679739019903077	122.0	True	
T_cell → Fam3c → Pdcd1 → CD4	Masopust_053_1b:A0309	0.5695266970213637	121.0	True	
T_cell → Fam3c → Pdcd1 → CD4	Masopust_053_1b:A0310	0.5679739019903077	121.0	True	
T_cell → Fam3c → Pdcd1 → CD4	Masopust_053_1b:A0311	0.5679739019903077	126.0	True	
T_cell → Fam3c → Pdcd1 → CD4	Masopust_053_1b:A0312	0.5679739019903077	122.0	True	
T_cell → Fam3c → Pdcd1 → CD4	Masopust_053_2a:A0307	0.5695266970213637	120.0	True	
T_cell → Fam3c → Pdcd1 → CD4	Masopust_053_2a:A0308	0.5679739019903077	126.0	True	
T_cell → Fam3c → Pdcd1 → CD4	Masopust_053_2a:A0309	0.5679739019903077	122.0	True	
T_cell → Fam3c → Pdcd1 → CD4	Masopust_053_2a:A0310	0.5679739019903077	121.0	True	
T_cell → Fam3c → Pdcd1 → CD4	Masopust_053_2a:A0311	0.5679739019903077	122.0	True	
T_cell → Fam3c → Pdcd1 → CD4	Masopust_053_2a:A0312	0.5679739019903077	126.0	True	
T_cell → Fam3c → Pdcd1 → CD4	Masopust_053_2b:A0307	0.5679739019903077	126.0	True	
T_cell → Fam3c → Pdcd1 → CD4	Masopust_053_2b:A0308	0.5695266970213637	121.0	True	
T_cell → Fam3c → Pdcd1 → CD4	Masopust_053_2b:A0309	0.5695266970213637	121.0	True	
T_cell → Fam3c → Pdcd1 → CD4	Masopust_053_2b:A0310	0.5679739019903077	121.0	True	
T_cell → Fam3c → Pdcd1 → CD4	Masopust_053_2b:A0311	0.5679739019903077	122.0	True	
T_cell → Fam3c → Pdcd1 → CD4	Masopust_053_2b:A0312	0.5695266970213637	120.0	True	
T_cell → Fam3c → Pdcd1 → CD4	Masopust_053_3a:A0307	0.5679739019903077	122.0	True	
T_cell → Fam3c → Pdcd1 → CD4	Masopust_053_3a:A0308	0.5679739019903077	122.0	True	
T_cell → Fam3c → Pdcd1 → CD4	Masopust_053_3a:A0309	0.5695266970213637	121.0	True	
T_cell → Fam3c → Pdcd1 → CD4	Masopust_053_3a:A0310	0.5695266970213637	120.0	True	
T_cell → Fam3c → Pdcd1 → CD4	Masopust_053_3a:A0311	0.5695266970213637	120.0	True	
T_cell → Fam3c → Pdcd1 → CD4	Masopust_053_3b:A0307	0.5695266970213637	121.0	True	
T_cell → Fam3c → Pdcd1 → CD4	Masopust_053_3b:A0308	0.5695266970213637	121.0	True	
T_cell → Fam3c → Pdcd1 → CD4	Masopust_053_3b:A0309	0.5679739019903077	122.0	True	
T_cell → Fam3c → Pdcd1 → CD4	Masopust_053_3b:A0310	0.5695266970213637	120.0	True	
T_cell → Fam3c → Pdcd1 → CD4	Masopust_053_3b:A0311	0.5695266970213637	126.0	True	
T_cell → Fam3c → Pdcd1 → CD4	Masopust_053_6a:A0308	0.5679739019903077	121.0	True	
T_cell → Fam3c → Pdcd1 → CD4	Masopust_053_6b:A0308	0.5679739019903077	121.0	True	
T_cell → Fam3c → Pdcd1 → CD4	Masopust_054_A:A0311	0.5679739019903077	122.0	True	
T_cell → Fam3c → Pdcd1 → CD4	Masopust_054_A:A0312	0.5695266970213637	120.0	True	
T_cell → Fam3c → Pdcd1 → CD4	Masopust_054_B:A0311	0.5695266970213637	121.0	True	
T_cell → Fam3c → Pdcd1 → CD4	Masopust_054_B:A0312	0.5695266970213637	121.0	True	
T_cell → Fam3c → Pdcd1 → CD4	Masopust_054_C:A0311	0.5695266970213637	121.0	True	
T_cell → Fam3c → Pdcd1 → CD4	Masopust_054_C:A0312	0.5695266970213637	121.0	True	
T_cell → Fam3c → Pdcd1 → CD4	Masopust_054_C:A0313	0.5695266970213637	121.0	True	
T_cell → Fam3c → Pdcd1 → CD4	Masopust_054_D:A0311	0.5679739019903077	126.0	True	
T_cell → Fam3c → Pdcd1 → CD4	Masopust_054_D:A0312	0.5679739019903077	122.0	True	
T_cell → Fam3c → Pdcd1 → CD4	Masopust_054_D:A0313	0.5679739019903077	122.0	True	
T_cell → Fam3c → Pdcd1 → CD4	Masopust_054_E:A0311	0.5695266970213637	121.0	True	
T_cell → Tnfsf4 → Tnfrsf4 → CD8	Masopust_053_1a:A0307	0.564398784490484	129.0	True	
T_cell → Tnfsf4 → Tnfrsf4 → CD8	Masopust_053_1a:A0308	0.564398784490484	129.0	True	
T_cell → Tnfsf4 → Tnfrsf4 → CD8	Masopust_053_1a:A0309	0.5628459894594281	132.0	True	
T_cell → Tnfsf4 → Tnfrsf4 → CD8	Masopust_053_1a:A0310	0.5628459894594281	130.0	True	
T_cell → Tnfsf4 → Tnfrsf4 → CD8	Masopust_053_1a:A0311	0.564398784490484	131.0	True	
T_cell → Tnfsf4 → Tnfrsf4 → CD8	Masopust_053_1a:A0312	0.564398784490484	129.0	True	
T_cell → Tnfsf4 → Tnfrsf4 → CD8	Masopust_053_1b:A0307	0.5628459894594281	133.0	True	
T_cell → Tnfsf4 → Tnfrsf4 → CD8	Masopust_053_1b:A0308	0.5628459894594281	131.0	True	
T_cell → Tnfsf4 → Tnfrsf4 → CD8	Masopust_053_1b:A0309	0.564398784490484	129.0	True	
T_cell → Tnfsf4 → Tnfrsf4 → CD8	Masopust_053_1b:A0310	0.564398784490484	129.0	True	
T_cell → Tnfsf4 → Tnfrsf4 → CD8	Masopust_053_1b:A0311	0.564398784490484	130.0	True	
T_cell → Tnfsf4 → Tnfrsf4 → CD8	Masopust_053_1b:A0312	0.564398784490484	129.0	True	
T_cell → Tnfsf4 → Tnfrsf4 → CD8	Masopust_053_2a:A0307	0.564398784490484	128.0	True	
T_cell → Tnfsf4 → Tnfrsf4 → CD8	Masopust_053_2a:A0308	0.5628459894594281	131.0	True	
T_cell → Tnfsf4 → Tnfrsf4 → CD8	Masopust_053_2a:A0309	0.564398784490484	129.0	True	
T_cell → Tnfsf4 → Tnfrsf4 → CD8	Masopust_053_2a:A0310	0.5628459894594281	131.0	True	
T_cell → Tnfsf4 → Tnfrsf4 → CD8	Masopust_053_2a:A0311	0.5628459894594281	131.0	True	
T_cell → Tnfsf4 → Tnfrsf4 → CD8	Masopust_053_2a:A0312	0.5628459894594281	130.0	True	
T_cell → Tnfsf4 → Tnfrsf4 → CD8	Masopust_053_2b:A0307	0.564398784490484	128.0	True	
T_cell → Tnfsf4 → Tnfrsf4 → CD8	Masopust_053_2b:A0308	0.5628459894594281	131.0	True	
T_cell → Tnfsf4 → Tnfrsf4 → CD8	Masopust_053_2b:A0309	0.564398784490484	129.0	True	
T_cell → Tnfsf4 → Tnfrsf4 → CD8	Masopust_053_2b:A0310	0.5628459894594281	130.0	True	
T_cell → Tnfsf4 → Tnfrsf4 → CD8	Masopust_053_2b:A0311	0.564398784490484	129.0	True	
T_cell → Tnfsf4 → Tnfrsf4 → CD8	Masopust_053_2b:A0312	0.5628459894594281	130.0	True	
T_cell → Tnfsf4 → Tnfrsf4 → CD8	Masopust_053_3a:A0307	0.5628459894594281	131.0	True	
T_cell → Tnfsf4 → Tnfrsf4 → CD8	Masopust_053_3a:A0308	0.5628459894594281	131.0	True	
T_cell → Tnfsf4 → Tnfrsf4 → CD8	Masopust_053_3a:A0309	0.564398784490484	129.0	True	
T_cell → Tnfsf4 → Tnfrsf4 → CD8	Masopust_053_3a:A0310	0.5628459894594281	131.0	True	
T_cell → Tnfsf4 → Tnfrsf4 → CD8	Masopust_053_3a:A0311	0.5628459894594281	132.0	True	
T_cell → Tnfsf4 → Tnfrsf4 → CD8	Masopust_053_3b:A0307	0.5628459894594281	131.0	True	
T_cell → Tnfsf4 → Tnfrsf4 → CD8	Masopust_053_3b:A0308	0.5628459894594281	131.0	True	
T_cell → Tnfsf4 → Tnfrsf4 → CD8	Masopust_053_3b:A0309	0.564398784490484	129.0	True	
T_cell → Tnfsf4 → Tnfrsf4 → CD8	Masopust_053_3b:A0310	0.5628459894594281	130.0	True	
T_cell → Tnfsf4 → Tnfrsf4 → CD8	Masopust_053_3b:A0311	0.564398784490484	129.0	True	
T_cell → Tnfsf4 → Tnfrsf4 → CD8	Masopust_053_6a:A0308	0.5628459894594281	133.0	True	
T_cell → Tnfsf4 → Tnfrsf4 → CD8	Masopust_053_6b:A0308	0.5628459894594281	133.0	True	
T_cell → Tnfsf4 → Tnfrsf4 → CD8	Masopust_054_A:A0311	0.564398784490484	129.0	True	
T_cell → Tnfsf4 → Tnfrsf4 → CD8	Masopust_054_A:A0312	0.5628459894594281	130.0	True	
T_cell → Tnfsf4 → Tnfrsf4 → CD8	Masopust_054_B:A0311	0.5628459894594281	133.0	True	
T_cell → Tnfsf4 → Tnfrsf4 → CD8	Masopust_054_B:A0312	0.5628459894594281	132.0	True	
T_cell → Tnfsf4 → Tnfrsf4 → CD8	Masopust_054_C:A0311	0.5628459894594281	133.0	True	
T_cell → Tnfsf4 → Tnfrsf4 → CD8	Masopust_054_C:A0312	0.5628459894594281	132.0	True	
T_cell → Tnfsf4 → Tnfrsf4 → CD8	Masopust_054_C:A0313	0.5628459894594281	132.0	True	
T_cell → Tnfsf4 → Tnfrsf4 → CD8	Masopust_054_D:A0311	0.564398784490484	131.0	True	
T_cell → Tnfsf4 → Tnfrsf4 → CD8	Masopust_054_D:A0312	0.5628459894594281	131.0	True	
T_cell → Tnfsf4 → Tnfrsf4 → CD8	Masopust_054_D:A0313	0.564398784490484	130.0	True	
T_cell → Tnfsf4 → Tnfrsf4 → CD8	Masopust_054_E:A0311	0.564398784490484	129.0	True	
melanoma → Sema3e → Plxnd1 → CD8	Masopust_053_1a:A0307	0.5619399274321802	133.0	True	
melanoma → Sema3e → Plxnd1 → CD8	Masopust_053_1a:A0309	0.5601977671534346	135.0	True	
melanoma → Sema3e → Plxnd1 → CD8	Masopust_053_1a:A0310	0.5619399274321802	133.0	True	
melanoma → Sema3e → Plxnd1 → CD8	Masopust_053_1a:A0311	0.5601977671534346	136.0	True	
melanoma → Sema3e → Plxnd1 → CD8	Masopust_053_1a:A0312	0.5601977671534346	135.0	True	
melanoma → Sema3e → Plxnd1 → CD8	Masopust_053_1b:A0307	0.5601977671534346	136.0	True	
melanoma → Sema3e → Plxnd1 → CD8	Masopust_053_1b:A0309	0.5619399274321802	135.0	True	
melanoma → Sema3e → Plxnd1 → CD8	Masopust_053_1b:A0310	0.5601977671534346	135.0	True	
melanoma → Sema3e → Plxnd1 → CD8	Masopust_053_1b:A0311	0.5601977671534346	135.0	True	
melanoma → Sema3e → Plxnd1 → CD8	Masopust_053_1b:A0312	0.5601977671534346	135.0	True	
melanoma → Sema3e → Plxnd1 → CD8	Masopust_053_2a:A0307	0.5619399274321802	134.0	True	
melanoma → Sema3e → Plxnd1 → CD8	Masopust_053_2a:A0308	0.5619399274321802	134.0	True	
melanoma → Sema3e → Plxnd1 → CD8	Masopust_053_2a:A0309	0.5601977671534346	137.0	True	
melanoma → Sema3e → Plxnd1 → CD8	Masopust_053_2a:A0310	0.5619399274321802	133.0	True	
melanoma → Sema3e → Plxnd1 → CD8	Masopust_053_2a:A0312	0.5601977671534346	136.0	True	
melanoma → Sema3e → Plxnd1 → CD8	Masopust_053_2b:A0307	0.5601977671534346	135.0	True	
melanoma → Sema3e → Plxnd1 → CD8	Masopust_053_2b:A0308	0.5619399274321802	134.0	True	
melanoma → Sema3e → Plxnd1 → CD8	Masopust_053_2b:A0309	0.5601977671534346	135.0	True	
melanoma → Sema3e → Plxnd1 → CD8	Masopust_053_2b:A0310	0.5601977671534346	135.0	True	
melanoma → Sema3e → Plxnd1 → CD8	Masopust_053_2b:A0312	0.5619399274321802	134.0	True	
melanoma → Sema3e → Plxnd1 → CD8	Masopust_053_3a:A0307	0.5619399274321802	133.0	True	
melanoma → Sema3e → Plxnd1 → CD8	Masopust_053_3a:A0308	0.5619399274321802	134.0	True	
melanoma → Sema3e → Plxnd1 → CD8	Masopust_053_3a:A0309	0.5601977671534346	137.0	True	
melanoma → Sema3e → Plxnd1 → CD8	Masopust_053_3a:A0310	0.5619399274321802	134.0	True	
melanoma → Sema3e → Plxnd1 → CD8	Masopust_053_3a:A0311	0.5601977671534346	137.0	True	
melanoma → Sema3e → Plxnd1 → CD8	Masopust_053_3b:A0307	0.5601977671534346	135.0	True	
melanoma → Sema3e → Plxnd1 → CD8	Masopust_053_3b:A0308	0.5619399274321802	134.0	True	
melanoma → Sema3e → Plxnd1 → CD8	Masopust_053_3b:A0309	0.5601977671534346	138.0	True	
melanoma → Sema3e → Plxnd1 → CD8	Masopust_053_3b:A0310	0.5619399274321802	135.0	True	
melanoma → Sema3e → Plxnd1 → CD8	Masopust_053_3b:A0311	0.5601977671534346	135.0	True	
melanoma → Sema3e → Plxnd1 → CD8	Masopust_053_6a:A0308	0.5601977671534346	135.0	True	
melanoma → Sema3e → Plxnd1 → CD8	Masopust_053_6b:A0307	0.5601977671534346	136.0	True	
melanoma → Sema3e → Plxnd1 → CD8	Masopust_053_6b:A0308	0.5601977671534346	135.0	True	
melanoma → Sema3e → Plxnd1 → CD8	Masopust_054_A:A0312	0.5619399274321802	133.0	True	
melanoma → Sema3e → Plxnd1 → CD8	Masopust_054_B:A0311	0.5619399274321802	135.0	True	
melanoma → Sema3e → Plxnd1 → CD8	Masopust_054_B:A0312	0.5619399274321802	135.0	True	
melanoma → Sema3e → Plxnd1 → CD8	Masopust_054_C:A0311	0.5601977671534346	137.0	True	
melanoma → Sema3e → Plxnd1 → CD8	Masopust_054_C:A0313	0.5601977671534346	138.0	True	
melanoma → Sema3e → Plxnd1 → CD8	Masopust_054_D:A0311	0.5601977671534346	135.0	True	
melanoma → Sema3e → Plxnd1 → CD8	Masopust_054_D:A0312	0.5619399274321802	133.0	True	
melanoma → Sema3e → Plxnd1 → CD8	Masopust_054_D:A0313	0.5601977671534346	135.0	True	
melanoma → Sema3e → Plxnd1 → CD8	Masopust_054_E:A0311	0.5619399274321802	135.0	True	
T_cell → Tgfb3 → Itgb3 → CD8	Masopust_053_1a:A0307	0.5620249346134801	132.0	True	
T_cell → Tgfb3 → Itgb3 → CD8	Masopust_053_1a:A0308	0.5620249346134801	133.0	True	
T_cell → Tgfb3 → Itgb3 → CD8	Masopust_053_1a:A0309	0.5620249346134801	133.0	True	
T_cell → Tgfb3 → Itgb3 → CD8	Masopust_053_1a:A0310	0.5620249346134801	132.0	True	
T_cell → Tgfb3 → Itgb3 → CD8	Masopust_053_1a:A0311	0.5635777296445361	133.0	True	
T_cell → Tgfb3 → Itgb3 → CD8	Masopust_053_1a:A0312	0.5620249346134801	133.0	True	
T_cell → Tgfb3 → Itgb3 → CD8	Masopust_053_1b:A0307	0.5635777296445361	132.0	True	
T_cell → Tgfb3 → Itgb3 → CD8	Masopust_053_1b:A0308	0.5620249346134801	134.0	True	
T_cell → Tgfb3 → Itgb3 → CD8	Masopust_053_1b:A0309	0.5620249346134801	134.0	True	
T_cell → Tgfb3 → Itgb3 → CD8	Masopust_053_1b:A0310	0.5635777296445361	131.0	True	
T_cell → Tgfb3 → Itgb3 → CD8	Masopust_053_1b:A0311	0.5620249346134801	132.0	True	
T_cell → Tgfb3 → Itgb3 → CD8	Masopust_053_1b:A0312	0.5620249346134801	133.0	True	
T_cell → Tgfb3 → Itgb3 → CD8	Masopust_053_2a:A0307	0.5635777296445361	129.0	True	
T_cell → Tgfb3 → Itgb3 → CD8	Masopust_053_2a:A0308	0.5635777296445361	128.0	True	
T_cell → Tgfb3 → Itgb3 → CD8	Masopust_053_2a:A0309	0.5620249346134801	133.0	True	
T_cell → Tgfb3 → Itgb3 → CD8	Masopust_053_2a:A0310	0.5620249346134801	132.0	True	
T_cell → Tgfb3 → Itgb3 → CD8	Masopust_053_2a:A0311	0.5620249346134801	133.0	True	
T_cell → Tgfb3 → Itgb3 → CD8	Masopust_053_2a:A0312	0.5620249346134801	132.0	True	
T_cell → Tgfb3 → Itgb3 → CD8	Masopust_053_2b:A0307	0.5635777296445361	129.0	True	
T_cell → Tgfb3 → Itgb3 → CD8	Masopust_053_2b:A0308	0.5620249346134801	133.0	True	
T_cell → Tgfb3 → Itgb3 → CD8	Masopust_053_2b:A0309	0.5620249346134801	132.0	True	
T_cell → Tgfb3 → Itgb3 → CD8	Masopust_053_2b:A0310	0.5620249346134801	132.0	True	
T_cell → Tgfb3 → Itgb3 → CD8	Masopust_053_2b:A0311	0.5635777296445361	132.0	True	
T_cell → Tgfb3 → Itgb3 → CD8	Masopust_053_2b:A0312	0.5620249346134801	133.0	True	
T_cell → Tgfb3 → Itgb3 → CD8	Masopust_053_3a:A0307	0.5620249346134801	132.0	True	
T_cell → Tgfb3 → Itgb3 → CD8	Masopust_053_3a:A0308	0.5620249346134801	133.0	True	
T_cell → Tgfb3 → Itgb3 → CD8	Masopust_053_3a:A0309	0.5620249346134801	134.0	True	
T_cell → Tgfb3 → Itgb3 → CD8	Masopust_053_3a:A0310	0.5635777296445361	128.0	True	
T_cell → Tgfb3 → Itgb3 → CD8	Masopust_053_3a:A0311	0.5635777296445361	130.0	True	
T_cell → Tgfb3 → Itgb3 → CD8	Masopust_053_3b:A0307	0.5620249346134801	132.0	True	
T_cell → Tgfb3 → Itgb3 → CD8	Masopust_053_3b:A0308	0.5620249346134801	133.0	True	
T_cell → Tgfb3 → Itgb3 → CD8	Masopust_053_3b:A0309	0.5620249346134801	134.0	True	
T_cell → Tgfb3 → Itgb3 → CD8	Masopust_053_3b:A0310	0.5620249346134801	134.0	True	
T_cell → Tgfb3 → Itgb3 → CD8	Masopust_053_3b:A0311	0.5620249346134801	133.0	True	
T_cell → Tgfb3 → Itgb3 → CD8	Masopust_053_6a:A0308	0.5635777296445361	132.0	True	
T_cell → Tgfb3 → Itgb3 → CD8	Masopust_053_6b:A0308	0.5635777296445361	132.0	True	
T_cell → Tgfb3 → Itgb3 → CD8	Masopust_054_A:A0311	0.5635777296445361	132.0	True	
T_cell → Tgfb3 → Itgb3 → CD8	Masopust_054_A:A0312	0.5620249346134801	132.0	True	
T_cell → Tgfb3 → Itgb3 → CD8	Masopust_054_B:A0311	0.5635777296445361	132.0	True	
T_cell → Tgfb3 → Itgb3 → CD8	Masopust_054_B:A0312	0.5635777296445361	131.0	True	
T_cell → Tgfb3 → Itgb3 → CD8	Masopust_054_C:A0311	0.5635777296445361	132.0	True	
T_cell → Tgfb3 → Itgb3 → CD8	Masopust_054_C:A0312	0.5635777296445361	130.0	True	
T_cell → Tgfb3 → Itgb3 → CD8	Masopust_054_C:A0313	0.5635777296445361	130.0	True	
T_cell → Tgfb3 → Itgb3 → CD8	Masopust_054_D:A0311	0.5620249346134801	133.0	True	
T_cell → Tgfb3 → Itgb3 → CD8	Masopust_054_D:A0312	0.5620249346134801	132.0	True	
T_cell → Tgfb3 → Itgb3 → CD8	Masopust_054_D:A0313	0.5635777296445361	133.0	True	
T_cell → Tgfb3 → Itgb3 → CD8	Masopust_054_E:A0311	0.5635777296445361	132.0	True	
T_cell → Timp2 → Itga3 → CD4	Masopust_053_1a:A0307	0.5608817077167341	135.0	True	
T_cell → Timp2 → Itga3 → CD4	Masopust_053_1a:A0308	0.5608817077167341	136.0	True	
T_cell → Timp2 → Itga3 → CD4	Masopust_053_1a:A0309	0.5608817077167341	134.0	True	
T_cell → Timp2 → Itga3 → CD4	Masopust_053_1a:A0310	0.5608817077167341	136.0	True	
T_cell → Timp2 → Itga3 → CD4	Masopust_053_1a:A0311	0.5608817077167341	135.0	True	
T_cell → Timp2 → Itga3 → CD4	Masopust_053_1a:A0312	0.5608817077167341	134.0	True	
T_cell → Timp2 → Itga3 → CD4	Masopust_053_1b:A0307	0.5608817077167341	135.0	True	
T_cell → Timp2 → Itga3 → CD4	Masopust_053_1b:A0308	0.56243450274779	132.0	True	
T_cell → Timp2 → Itga3 → CD4	Masopust_053_1b:A0309	0.56243450274779	132.0	True	
T_cell → Timp2 → Itga3 → CD4	Masopust_053_1b:A0310	0.5608817077167341	134.0	True	
T_cell → Timp2 → Itga3 → CD4	Masopust_053_1b:A0311	0.5608817077167341	134.0	True	
T_cell → Timp2 → Itga3 → CD4	Masopust_053_1b:A0312	0.5608817077167341	134.0	True	
T_cell → Timp2 → Itga3 → CD4	Masopust_053_2a:A0307	0.56243450274779	133.0	True	
T_cell → Timp2 → Itga3 → CD4	Masopust_053_2a:A0308	0.56243450274779	133.0	True	
T_cell → Timp2 → Itga3 → CD4	Masopust_053_2a:A0309	0.56243450274779	132.0	True	
T_cell → Timp2 → Itga3 → CD4	Masopust_053_2a:A0310	0.5608817077167341	135.0	True	
T_cell → Timp2 → Itga3 → CD4	Masopust_053_2a:A0311	0.5608817077167341	135.0	True	
T_cell → Timp2 → Itga3 → CD4	Masopust_053_2a:A0312	0.5608817077167341	135.0	True	
T_cell → Timp2 → Itga3 → CD4	Masopust_053_2b:A0307	0.5608817077167341	134.0	True	
T_cell → Timp2 → Itga3 → CD4	Masopust_053_2b:A0308	0.56243450274779	132.0	True	
T_cell → Timp2 → Itga3 → CD4	Masopust_053_2b:A0309	0.5608817077167341	134.0	True	
T_cell → Timp2 → Itga3 → CD4	Masopust_053_2b:A0310	0.5608817077167341	134.0	True	
T_cell → Timp2 → Itga3 → CD4	Masopust_053_2b:A0311	0.5608817077167341	136.0	True	
T_cell → Timp2 → Itga3 → CD4	Masopust_053_2b:A0312	0.56243450274779	132.0	True	
T_cell → Timp2 → Itga3 → CD4	Masopust_053_3a:A0307	0.5608817077167341	136.0	True	
T_cell → Timp2 → Itga3 → CD4	Masopust_053_3a:A0308	0.56243450274779	132.0	True	
T_cell → Timp2 → Itga3 → CD4	Masopust_053_3a:A0309	0.56243450274779	132.0	True	
T_cell → Timp2 → Itga3 → CD4	Masopust_053_3a:A0310	0.56243450274779	133.0	True	
T_cell → Timp2 → Itga3 → CD4	Masopust_053_3a:A0311	0.56243450274779	134.0	True	
T_cell → Timp2 → Itga3 → CD4	Masopust_053_3b:A0307	0.5608817077167341	134.0	True	
T_cell → Timp2 → Itga3 → CD4	Masopust_053_3b:A0308	0.5608817077167341	135.0	True	
T_cell → Timp2 → Itga3 → CD4	Masopust_053_3b:A0309	0.56243450274779	132.0	True	
T_cell → Timp2 → Itga3 → CD4	Masopust_053_3b:A0310	0.56243450274779	132.0	True	
T_cell → Timp2 → Itga3 → CD4	Masopust_053_3b:A0311	0.5608817077167341	134.0	True	
T_cell → Timp2 → Itga3 → CD4	Masopust_053_6a:A0308	0.5608817077167341	134.0	True	
T_cell → Timp2 → Itga3 → CD4	Masopust_053_6b:A0308	0.5608817077167341	134.0	True	
T_cell → Timp2 → Itga3 → CD4	Masopust_054_A:A0311	0.5608817077167341	135.0	True	
T_cell → Timp2 → Itga3 → CD4	Masopust_054_A:A0312	0.5608817077167341	135.0	True	
T_cell → Timp2 → Itga3 → CD4	Masopust_054_B:A0311	0.56243450274779	134.0	True	
T_cell → Timp2 → Itga3 → CD4	Masopust_054_B:A0312	0.56243450274779	133.0	True	
T_cell → Timp2 → Itga3 → CD4	Masopust_054_C:A0311	0.56243450274779	134.0	True	
T_cell → Timp2 → Itga3 → CD4	Masopust_054_C:A0312	0.56243450274779	133.0	True	
T_cell → Timp2 → Itga3 → CD4	Masopust_054_C:A0313	0.56243450274779	133.0	True	
T_cell → Timp2 → Itga3 → CD4	Masopust_054_D:A0311	0.5608817077167341	134.0	True	
T_cell → Timp2 → Itga3 → CD4	Masopust_054_D:A0312	0.5608817077167341	135.0	True	
T_cell → Timp2 → Itga3 → CD4	Masopust_054_D:A0313	0.5608817077167341	134.0	True	
T_cell → Timp2 → Itga3 → CD4	Masopust_054_E:A0311	0.56243450274779	133.0	True	
T_cell → Timp2 → Cd44 → CD4	Masopust_053_1a:A0307	0.5600967783603762	136.0	True	
T_cell → Timp2 → Cd44 → CD4	Masopust_053_1a:A0308	0.5600967783603762	137.0	True	
T_cell → Timp2 → Cd44 → CD4	Masopust_053_1a:A0309	0.5600967783603762	136.0	True	
T_cell → Timp2 → Cd44 → CD4	Masopust_053_1a:A0310	0.5600967783603762	137.0	True	
T_cell → Timp2 → Cd44 → CD4	Masopust_053_1a:A0311	0.5600967783603762	137.0	True	
T_cell → Timp2 → Cd44 → CD4	Masopust_053_1a:A0312	0.5600967783603762	136.0	True	
T_cell → Timp2 → Cd44 → CD4	Masopust_053_1b:A0307	0.5600967783603762	137.0	True	
T_cell → Timp2 → Cd44 → CD4	Masopust_053_1b:A0308	0.5616495733914321	135.0	True	
T_cell → Timp2 → Cd44 → CD4	Masopust_053_1b:A0309	0.5616495733914321	136.0	True	
T_cell → Timp2 → Cd44 → CD4	Masopust_053_1b:A0310	0.5600967783603762	136.0	True	
T_cell → Timp2 → Cd44 → CD4	Masopust_053_1b:A0311	0.5600967783603762	136.0	True	
T_cell → Timp2 → Cd44 → CD4	Masopust_053_1b:A0312	0.5600967783603762	136.0	True	
T_cell → Timp2 → Cd44 → CD4	Masopust_053_2a:A0307	0.5616495733914321	135.0	True	
T_cell → Timp2 → Cd44 → CD4	Masopust_053_2a:A0308	0.5616495733914321	135.0	True	
T_cell → Timp2 → Cd44 → CD4	Masopust_053_2a:A0309	0.5616495733914321	134.0	True	
T_cell → Timp2 → Cd44 → CD4	Masopust_053_2a:A0310	0.5600967783603762	136.0	True	
T_cell → Timp2 → Cd44 → CD4	Masopust_053_2a:A0311	0.5600967783603762	136.0	True	
T_cell → Timp2 → Cd44 → CD4	Masopust_053_2a:A0312	0.5600967783603762	137.0	True	
T_cell → Timp2 → Cd44 → CD4	Masopust_053_2b:A0307	0.5600967783603762	136.0	True	
T_cell → Timp2 → Cd44 → CD4	Masopust_053_2b:A0308	0.5616495733914321	135.0	True	
T_cell → Timp2 → Cd44 → CD4	Masopust_053_2b:A0309	0.5600967783603762	136.0	True	
T_cell → Timp2 → Cd44 → CD4	Masopust_053_2b:A0310	0.5600967783603762	136.0	True	
T_cell → Timp2 → Cd44 → CD4	Masopust_053_2b:A0311	0.5600967783603762	137.0	True	
T_cell → Timp2 → Cd44 → CD4	Masopust_053_2b:A0312	0.5616495733914321	135.0	True	
T_cell → Timp2 → Cd44 → CD4	Masopust_053_3a:A0307	0.5600967783603762	137.0	True	
T_cell → Timp2 → Cd44 → CD4	Masopust_053_3a:A0308	0.5616495733914321	135.0	True	
T_cell → Timp2 → Cd44 → CD4	Masopust_053_3a:A0309	0.5616495733914321	135.0	True	
T_cell → Timp2 → Cd44 → CD4	Masopust_053_3a:A0310	0.5616495733914321	135.0	True	
T_cell → Timp2 → Cd44 → CD4	Masopust_053_3a:A0311	0.5616495733914321	135.0	True	
T_cell → Timp2 → Cd44 → CD4	Masopust_053_3b:A0307	0.5600967783603762	136.0	True	
T_cell → Timp2 → Cd44 → CD4	Masopust_053_3b:A0308	0.5600967783603762	136.0	True	
T_cell → Timp2 → Cd44 → CD4	Masopust_053_3b:A0309	0.5616495733914321	135.0	True	
T_cell → Timp2 → Cd44 → CD4	Masopust_053_3b:A0310	0.5616495733914321	136.0	True	
T_cell → Timp2 → Cd44 → CD4	Masopust_053_3b:A0311	0.5600967783603762	136.0	True	
T_cell → Timp2 → Cd44 → CD4	Masopust_053_6a:A0308	0.5600967783603762	136.0	True	
T_cell → Timp2 → Cd44 → CD4	Masopust_053_6b:A0308	0.5600967783603762	136.0	True	
T_cell → Timp2 → Cd44 → CD4	Masopust_054_A:A0311	0.5600967783603762	136.0	True	
T_cell → Timp2 → Cd44 → CD4	Masopust_054_A:A0312	0.5600967783603762	136.0	True	
T_cell → Timp2 → Cd44 → CD4	Masopust_054_B:A0311	0.5616495733914321	136.0	True	
T_cell → Timp2 → Cd44 → CD4	Masopust_054_B:A0312	0.5616495733914321	136.0	True	
T_cell → Timp2 → Cd44 → CD4	Masopust_054_C:A0311	0.5616495733914321	135.0	True	
T_cell → Timp2 → Cd44 → CD4	Masopust_054_C:A0312	0.5616495733914321	134.0	True	
T_cell → Timp2 → Cd44 → CD4	Masopust_054_C:A0313	0.5616495733914321	134.0	True	
T_cell → Timp2 → Cd44 → CD4	Masopust_054_D:A0311	0.5600967783603762	136.0	True	
T_cell → Timp2 → Cd44 → CD4	Masopust_054_D:A0312	0.5600967783603762	136.0	True	
T_cell → Timp2 → Cd44 → CD4	Masopust_054_D:A0313	0.5600967783603762	136.0	True	
T_cell → Timp2 → Cd44 → CD4	Masopust_054_E:A0311	0.5616495733914321	136.0	True	
T_cell → Timp2 → Itgb1 → CD4	Masopust_053_1a:A0307	0.5592404917898038	138.0	True	
T_cell → Timp2 → Itgb1 → CD4	Masopust_053_1a:A0308	0.5592404917898038	138.0	True	
T_cell → Timp2 → Itgb1 → CD4	Masopust_053_1a:A0309	0.5592404917898038	139.0	True	
T_cell → Timp2 → Itgb1 → CD4	Masopust_053_1a:A0310	0.5592404917898038	138.0	True	
T_cell → Timp2 → Itgb1 → CD4	Masopust_053_1a:A0311	0.5592404917898038	138.0	True	
T_cell → Timp2 → Itgb1 → CD4	Masopust_053_1a:A0312	0.5592404917898038	138.0	True	
T_cell → Timp2 → Itgb1 → CD4	Masopust_053_1b:A0307	0.5592404917898038	139.0	True	
T_cell → Timp2 → Itgb1 → CD4	Masopust_053_1b:A0308	0.5607932868208598	137.0	True	
T_cell → Timp2 → Itgb1 → CD4	Masopust_053_1b:A0309	0.5607932868208598	137.0	True	
T_cell → Timp2 → Itgb1 → CD4	Masopust_053_1b:A0310	0.5592404917898038	139.0	True	
T_cell → Timp2 → Itgb1 → CD4	Masopust_053_1b:A0311	0.5592404917898038	138.0	True	
T_cell → Timp2 → Itgb1 → CD4	Masopust_053_1b:A0312	0.5592404917898038	138.0	True	
T_cell → Timp2 → Itgb1 → CD4	Masopust_053_2a:A0307	0.5607932868208598	137.0	True	
T_cell → Timp2 → Itgb1 → CD4	Masopust_053_2a:A0308	0.5607932868208598	137.0	True	
T_cell → Timp2 → Itgb1 → CD4	Masopust_053_2a:A0309	0.5607932868208598	136.0	True	
T_cell → Timp2 → Itgb1 → CD4	Masopust_053_2a:A0310	0.5592404917898038	139.0	True	
T_cell → Timp2 → Itgb1 → CD4	Masopust_053_2a:A0311	0.5592404917898038	138.0	True	
T_cell → Timp2 → Itgb1 → CD4	Masopust_053_2a:A0312	0.5592404917898038	139.0	True	
T_cell → Timp2 → Itgb1 → CD4	Masopust_053_2b:A0307	0.5592404917898038	138.0	True	
T_cell → Timp2 → Itgb1 → CD4	Masopust_053_2b:A0308	0.5607932868208598	137.0	True	
T_cell → Timp2 → Itgb1 → CD4	Masopust_053_2b:A0309	0.5592404917898038	138.0	True	
T_cell → Timp2 → Itgb1 → CD4	Masopust_053_2b:A0310	0.5592404917898038	138.0	True	
T_cell → Timp2 → Itgb1 → CD4	Masopust_053_2b:A0311	0.5592404917898038	138.0	True	
T_cell → Timp2 → Itgb1 → CD4	Masopust_053_2b:A0312	0.5607932868208598	137.0	True	
T_cell → Timp2 → Itgb1 → CD4	Masopust_053_3a:A0307	0.5592404917898038	138.0	True	
T_cell → Timp2 → Itgb1 → CD4	Masopust_053_3a:A0308	0.5607932868208598	137.0	True	
T_cell → Timp2 → Itgb1 → CD4	Masopust_053_3a:A0309	0.5607932868208598	136.0	True	
T_cell → Timp2 → Itgb1 → CD4	Masopust_053_3a:A0310	0.5607932868208598	137.0	True	
T_cell → Timp2 → Itgb1 → CD4	Masopust_053_3a:A0311	0.5607932868208598	136.0	True	
T_cell → Timp2 → Itgb1 → CD4	Masopust_053_3b:A0307	0.5592404917898038	138.0	True	
T_cell → Timp2 → Itgb1 → CD4	Masopust_053_3b:A0308	0.5592404917898038	138.0	True	
T_cell → Timp2 → Itgb1 → CD4	Masopust_053_3b:A0309	0.5607932868208598	137.0	True	
T_cell → Timp2 → Itgb1 → CD4	Masopust_053_3b:A0310	0.5607932868208598	137.0	True	
T_cell → Timp2 → Itgb1 → CD4	Masopust_053_3b:A0311	0.5592404917898038	139.0	True	
T_cell → Timp2 → Itgb1 → CD4	Masopust_053_6a:A0308	0.5592404917898038	138.0	True	
T_cell → Timp2 → Itgb1 → CD4	Masopust_053_6b:A0308	0.5592404917898038	138.0	True	
T_cell → Timp2 → Itgb1 → CD4	Masopust_054_A:A0311	0.5592404917898038	138.0	True	
T_cell → Timp2 → Itgb1 → CD4	Masopust_054_A:A0312	0.5592404917898038	138.0	True	
T_cell → Timp2 → Itgb1 → CD4	Masopust_054_B:A0311	0.5607932868208598	137.0	True	
T_cell → Timp2 → Itgb1 → CD4	Masopust_054_B:A0312	0.5607932868208598	137.0	True	
T_cell → Timp2 → Itgb1 → CD4	Masopust_054_C:A0311	0.5607932868208598	136.0	True	
T_cell → Timp2 → Itgb1 → CD4	Masopust_054_C:A0312	0.5607932868208598	137.0	True	
T_cell → Timp2 → Itgb1 → CD4	Masopust_054_C:A0313	0.5607932868208598	137.0	True	
T_cell → Timp2 → Itgb1 → CD4	Masopust_054_D:A0311	0.5592404917898038	138.0	True	
T_cell → Timp2 → Itgb1 → CD4	Masopust_054_D:A0312	0.5592404917898038	138.0	True	
T_cell → Timp2 → Itgb1 → CD4	Masopust_054_D:A0313	0.5592404917898038	138.0	True	
T_cell → Timp2 → Itgb1 → CD4	Masopust_054_E:A0311	0.5607932868208598	138.0	True	
T_cell → Fam3c → Ffar2 → CD4	Masopust_053_1a:A0307	0.5563416142584833	140.0	True	
T_cell → Fam3c → Ffar2 → CD4	Masopust_053_1a:A0308	0.5578944092895392	140.0	True	
T_cell → Fam3c → Ffar2 → CD4	Masopust_053_1a:A0309	0.5563416142584833	140.0	True	
T_cell → Fam3c → Ffar2 → CD4	Masopust_053_1a:A0310	0.5563416142584833	141.0	True	
T_cell → Fam3c → Ffar2 → CD4	Masopust_053_1a:A0311	0.5563416142584833	141.0	True	
T_cell → Fam3c → Ffar2 → CD4	Masopust_053_1a:A0312	0.5563416142584833	141.0	True	
T_cell → Fam3c → Ffar2 → CD4	Masopust_053_1b:A0307	0.5563416142584833	140.0	True	
T_cell → Fam3c → Ffar2 → CD4	Masopust_053_1b:A0308	0.5563416142584833	140.0	True	
T_cell → Fam3c → Ffar2 → CD4	Masopust_053_1b:A0309	0.5578944092895392	140.0	True	
T_cell → Fam3c → Ffar2 → CD4	Masopust_053_1b:A0310	0.5563416142584833	141.0	True	
T_cell → Fam3c → Ffar2 → CD4	Masopust_053_1b:A0311	0.5563416142584833	141.0	True	
T_cell → Fam3c → Ffar2 → CD4	Masopust_053_1b:A0312	0.5563416142584833	140.0	True	
T_cell → Fam3c → Ffar2 → CD4	Masopust_053_2a:A0307	0.5578944092895392	140.0	True	
T_cell → Fam3c → Ffar2 → CD4	Masopust_053_2a:A0308	0.5563416142584833	140.0	True	
T_cell → Fam3c → Ffar2 → CD4	Masopust_053_2a:A0309	0.5563416142584833	140.0	True	
T_cell → Fam3c → Ffar2 → CD4	Masopust_053_2a:A0310	0.5563416142584833	140.0	True	
T_cell → Fam3c → Ffar2 → CD4	Masopust_053_2a:A0311	0.5563416142584833	140.0	True	
T_cell → Fam3c → Ffar2 → CD4	Masopust_053_2a:A0312	0.5563416142584833	140.0	True	
T_cell → Fam3c → Ffar2 → CD4	Masopust_053_2b:A0307	0.5563416142584833	140.0	True	
T_cell → Fam3c → Ffar2 → CD4	Masopust_053_2b:A0308	0.5578944092895392	140.0	True	
T_cell → Fam3c → Ffar2 → CD4	Masopust_053_2b:A0309	0.5578944092895392	140.0	True	
T_cell → Fam3c → Ffar2 → CD4	Masopust_053_2b:A0310	0.5563416142584833	140.0	True	
T_cell → Fam3c → Ffar2 → CD4	Masopust_053_2b:A0311	0.5563416142584833	140.0	True	
T_cell → Fam3c → Ffar2 → CD4	Masopust_053_2b:A0312	0.5578944092895392	140.0	True	
T_cell → Fam3c → Ffar2 → CD4	Masopust_053_3a:A0307	0.5563416142584833	140.0	True	
T_cell → Fam3c → Ffar2 → CD4	Masopust_053_3a:A0308	0.5563416142584833	140.0	True	
T_cell → Fam3c → Ffar2 → CD4	Masopust_053_3a:A0309	0.5578944092895392	140.0	True	
T_cell → Fam3c → Ffar2 → CD4	Masopust_053_3a:A0310	0.5578944092895392	140.0	True	
T_cell → Fam3c → Ffar2 → CD4	Masopust_053_3a:A0311	0.5578944092895392	140.0	True	
T_cell → Fam3c → Ffar2 → CD4	Masopust_053_3b:A0307	0.5578944092895392	140.0	True	
T_cell → Fam3c → Ffar2 → CD4	Masopust_053_3b:A0308	0.5578944092895392	140.0	True	
T_cell → Fam3c → Ffar2 → CD4	Masopust_053_3b:A0309	0.5563416142584833	141.0	True	
T_cell → Fam3c → Ffar2 → CD4	Masopust_053_3b:A0310	0.5578944092895392	140.0	True	
T_cell → Fam3c → Ffar2 → CD4	Masopust_053_3b:A0311	0.5578944092895392	140.0	True	
T_cell → Fam3c → Ffar2 → CD4	Masopust_053_6a:A0308	0.5563416142584833	140.0	True	
T_cell → Fam3c → Ffar2 → CD4	Masopust_053_6b:A0308	0.5563416142584833	140.0	True	
T_cell → Fam3c → Ffar2 → CD4	Masopust_054_A:A0311	0.5563416142584833	140.0	True	
T_cell → Fam3c → Ffar2 → CD4	Masopust_054_A:A0312	0.5578944092895392	140.0	True	
T_cell → Fam3c → Ffar2 → CD4	Masopust_054_B:A0311	0.5578944092895392	140.0	True	
T_cell → Fam3c → Ffar2 → CD4	Masopust_054_B:A0312	0.5578944092895392	140.0	True	
T_cell → Fam3c → Ffar2 → CD4	Masopust_054_C:A0311	0.5578944092895392	140.0	True	
T_cell → Fam3c → Ffar2 → CD4	Masopust_054_C:A0312	0.5578944092895392	140.0	True	
T_cell → Fam3c → Ffar2 → CD4	Masopust_054_C:A0313	0.5578944092895392	140.0	True	
T_cell → Fam3c → Ffar2 → CD4	Masopust_054_D:A0311	0.5563416142584833	140.0	True	
T_cell → Fam3c → Ffar2 → CD4	Masopust_054_D:A0312	0.5563416142584833	140.0	True	
T_cell → Fam3c → Ffar2 → CD4	Masopust_054_D:A0313	0.5563416142584833	140.0	True	
T_cell → Fam3c → Ffar2 → CD4	Masopust_054_E:A0311	0.5578944092895392	140.0	True	
T_cell → Fam3c → Lifr → CD4	Masopust_053_1a:A0307	0.5563216555512168	141.0	True	
T_cell → Fam3c → Lifr → CD4	Masopust_053_1a:A0308	0.5578744505822727	141.0	True	
T_cell → Fam3c → Lifr → CD4	Masopust_053_1a:A0309	0.5563216555512168	141.0	True	
T_cell → Fam3c → Lifr → CD4	Masopust_053_1a:A0310	0.5563216555512168	142.0	True	
T_cell → Fam3c → Lifr → CD4	Masopust_053_1a:A0311	0.5563216555512168	142.0	True	
T_cell → Fam3c → Lifr → CD4	Masopust_053_1a:A0312	0.5563216555512168	142.0	True	
T_cell → Fam3c → Lifr → CD4	Masopust_053_1b:A0307	0.5563216555512168	141.0	True	
T_cell → Fam3c → Lifr → CD4	Masopust_053_1b:A0308	0.5563216555512168	141.0	True	
T_cell → Fam3c → Lifr → CD4	Masopust_053_1b:A0309	0.5578744505822727	141.0	True	
T_cell → Fam3c → Lifr → CD4	Masopust_053_1b:A0310	0.5563216555512168	142.0	True	
T_cell → Fam3c → Lifr → CD4	Masopust_053_1b:A0311	0.5563216555512168	142.0	True	
T_cell → Fam3c → Lifr → CD4	Masopust_053_1b:A0312	0.5563216555512168	141.0	True	
T_cell → Fam3c → Lifr → CD4	Masopust_053_2a:A0307	0.5578744505822727	141.0	True	
T_cell → Fam3c → Lifr → CD4	Masopust_053_2a:A0308	0.5563216555512168	141.0	True	
T_cell → Fam3c → Lifr → CD4	Masopust_053_2a:A0309	0.5563216555512168	141.0	True	
T_cell → Fam3c → Lifr → CD4	Masopust_053_2a:A0310	0.5563216555512168	141.0	True	
T_cell → Fam3c → Lifr → CD4	Masopust_053_2a:A0311	0.5563216555512168	141.0	True	
T_cell → Fam3c → Lifr → CD4	Masopust_053_2a:A0312	0.5563216555512168	141.0	True	
T_cell → Fam3c → Lifr → CD4	Masopust_053_2b:A0307	0.5563216555512168	141.0	True	
T_cell → Fam3c → Lifr → CD4	Masopust_053_2b:A0308	0.5578744505822727	141.0	True	
T_cell → Fam3c → Lifr → CD4	Masopust_053_2b:A0309	0.5578744505822727	141.0	True	
T_cell → Fam3c → Lifr → CD4	Masopust_053_2b:A0310	0.5563216555512168	141.0	True	
T_cell → Fam3c → Lifr → CD4	Masopust_053_2b:A0311	0.5563216555512168	141.0	True	
T_cell → Fam3c → Lifr → CD4	Masopust_053_2b:A0312	0.5578744505822727	141.0	True	
T_cell → Fam3c → Lifr → CD4	Masopust_053_3a:A0307	0.5563216555512168	141.0	True	
T_cell → Fam3c → Lifr → CD4	Masopust_053_3a:A0308	0.5563216555512168	141.0	True	
T_cell → Fam3c → Lifr → CD4	Masopust_053_3a:A0309	0.5578744505822727	141.0	True	
T_cell → Fam3c → Lifr → CD4	Masopust_053_3a:A0310	0.5578744505822727	141.0	True	
T_cell → Fam3c → Lifr → CD4	Masopust_053_3a:A0311	0.5578744505822727	141.0	True	
T_cell → Fam3c → Lifr → CD4	Masopust_053_3b:A0307	0.5578744505822727	141.0	True	
T_cell → Fam3c → Lifr → CD4	Masopust_053_3b:A0308	0.5578744505822727	141.0	True	
T_cell → Fam3c → Lifr → CD4	Masopust_053_3b:A0309	0.5563216555512168	142.0	True	
T_cell → Fam3c → Lifr → CD4	Masopust_053_3b:A0310	0.5578744505822727	141.0	True	
T_cell → Fam3c → Lifr → CD4	Masopust_053_3b:A0311	0.5578744505822727	141.0	True	
T_cell → Fam3c → Lifr → CD4	Masopust_053_6a:A0308	0.5563216555512168	141.0	True	
T_cell → Fam3c → Lifr → CD4	Masopust_053_6b:A0308	0.5563216555512168	141.0	True	
T_cell → Fam3c → Lifr → CD4	Masopust_054_A:A0311	0.5563216555512168	141.0	True	
T_cell → Fam3c → Lifr → CD4	Masopust_054_A:A0312	0.5578744505822727	141.0	True	
T_cell → Fam3c → Lifr → CD4	Masopust_054_B:A0311	0.5578744505822727	141.0	True	
T_cell → Fam3c → Lifr → CD4	Masopust_054_B:A0312	0.5578744505822727	141.0	True	
T_cell → Fam3c → Lifr → CD4	Masopust_054_C:A0311	0.5578744505822727	141.0	True	
T_cell → Fam3c → Lifr → CD4	Masopust_054_C:A0312	0.5578744505822727	141.0	True	
T_cell → Fam3c → Lifr → CD4	Masopust_054_C:A0313	0.5578744505822727	141.0	True	
T_cell → Fam3c → Lifr → CD4	Masopust_054_D:A0311	0.5563216555512168	141.0	True	
T_cell → Fam3c → Lifr → CD4	Masopust_054_D:A0312	0.5563216555512168	141.0	True	
T_cell → Fam3c → Lifr → CD4	Masopust_054_D:A0313	0.5563216555512168	141.0	True	
T_cell → Fam3c → Lifr → CD4	Masopust_054_E:A0311	0.5578744505822727	141.0	True	
T_cell → Penk → Ogfr → CD4	Masopust_053_1a:A0307	0.5546256885769189	143.0	True	
T_cell → Penk → Ogfr → CD4	Masopust_053_1a:A0308	0.5546256885769189	143.0	True	
T_cell → Penk → Ogfr → CD4	Masopust_053_1a:A0309	0.5546256885769189	144.0	True	
T_cell → Penk → Ogfr → CD4	Masopust_053_1a:A0310	0.5561784836079748	143.0	True	
T_cell → Penk → Ogfr → CD4	Masopust_053_1a:A0311	0.5546256885769189	145.0	True	
T_cell → Penk → Ogfr → CD4	Masopust_053_1a:A0312	0.5561784836079748	143.0	True	
T_cell → Penk → Ogfr → CD4	Masopust_053_1b:A0307	0.5561784836079748	142.0	True	
T_cell → Penk → Ogfr → CD4	Masopust_053_1b:A0308	0.5546256885769189	143.0	True	
T_cell → Penk → Ogfr → CD4	Masopust_053_1b:A0309	0.5546256885769189	143.0	True	
T_cell → Penk → Ogfr → CD4	Masopust_053_1b:A0310	0.5561784836079748	143.0	True	
T_cell → Penk → Ogfr → CD4	Masopust_053_1b:A0311	0.5546256885769189	144.0	True	
T_cell → Penk → Ogfr → CD4	Masopust_053_1b:A0312	0.5561784836079748	142.0	True	
T_cell → Penk → Ogfr → CD4	Masopust_053_2a:A0307	0.5546256885769189	143.0	True	
T_cell → Penk → Ogfr → CD4	Masopust_053_2a:A0308	0.5561784836079748	142.0	True	
T_cell → Penk → Ogfr → CD4	Masopust_053_2a:A0309	0.5546256885769189	143.0	True	
T_cell → Penk → Ogfr → CD4	Masopust_053_2a:A0310	0.5561784836079748	142.0	True	
T_cell → Penk → Ogfr → CD4	Masopust_053_2a:A0311	0.5561784836079748	142.0	True	
T_cell → Penk → Ogfr → CD4	Masopust_053_2a:A0312	0.5561784836079748	142.0	True	
T_cell → Penk → Ogfr → CD4	Masopust_053_2b:A0307	0.5561784836079748	142.0	True	
T_cell → Penk → Ogfr → CD4	Masopust_053_2b:A0308	0.5546256885769189	143.0	True	
T_cell → Penk → Ogfr → CD4	Masopust_053_2b:A0309	0.5546256885769189	143.0	True	
T_cell → Penk → Ogfr → CD4	Masopust_053_2b:A0310	0.5561784836079748	142.0	True	
T_cell → Penk → Ogfr → CD4	Masopust_053_2b:A0311	0.5561784836079748	142.0	True	
T_cell → Penk → Ogfr → CD4	Masopust_053_2b:A0312	0.5546256885769189	143.0	True	
T_cell → Penk → Ogfr → CD4	Masopust_053_3a:A0307	0.5546256885769189	143.0	True	
T_cell → Penk → Ogfr → CD4	Masopust_053_3a:A0308	0.5561784836079748	142.0	True	
T_cell → Penk → Ogfr → CD4	Masopust_053_3a:A0309	0.5546256885769189	143.0	True	
T_cell → Penk → Ogfr → CD4	Masopust_053_3a:A0310	0.5546256885769189	143.0	True	
T_cell → Penk → Ogfr → CD4	Masopust_053_3a:A0311	0.5546256885769189	144.0	True	
T_cell → Penk → Ogfr → CD4	Masopust_053_3b:A0307	0.5561784836079748	142.0	True	
T_cell → Penk → Ogfr → CD4	Masopust_053_3b:A0308	0.5546256885769189	143.0	True	
T_cell → Penk → Ogfr → CD4	Masopust_053_3b:A0309	0.5561784836079748	143.0	True	
T_cell → Penk → Ogfr → CD4	Masopust_053_3b:A0310	0.5546256885769189	143.0	True	
T_cell → Penk → Ogfr → CD4	Masopust_053_3b:A0311	0.5561784836079748	143.0	True	
T_cell → Penk → Ogfr → CD4	Masopust_053_6a:A0308	0.5546256885769189	145.0	True	
T_cell → Penk → Ogfr → CD4	Masopust_053_6b:A0308	0.5546256885769189	145.0	True	
T_cell → Penk → Ogfr → CD4	Masopust_054_A:A0311	0.5561784836079748	142.0	True	
T_cell → Penk → Ogfr → CD4	Masopust_054_A:A0312	0.5546256885769189	143.0	True	
T_cell → Penk → Ogfr → CD4	Masopust_054_B:A0311	0.5546256885769189	144.0	True	
T_cell → Penk → Ogfr → CD4	Masopust_054_B:A0312	0.5546256885769189	143.0	True	
T_cell → Penk → Ogfr → CD4	Masopust_054_C:A0311	0.5546256885769189	144.0	True	
T_cell → Penk → Ogfr → CD4	Masopust_054_C:A0312	0.5546256885769189	143.0	True	
T_cell → Penk → Ogfr → CD4	Masopust_054_C:A0313	0.5546256885769189	143.0	True	
T_cell → Penk → Ogfr → CD4	Masopust_054_D:A0311	0.5546256885769189	145.0	True	
T_cell → Penk → Ogfr → CD4	Masopust_054_D:A0312	0.5561784836079748	142.0	True	
T_cell → Penk → Ogfr → CD4	Masopust_054_D:A0313	0.5561784836079748	142.0	True	
T_cell → Penk → Ogfr → CD4	Masopust_054_E:A0311	0.5561784836079748	142.0	True	
T_cell → Cd28 → Cd80 → CD8	Masopust_053_1a:A0307	0.5522728043172359	151.0	True	
T_cell → Cd28 → Cd80 → CD8	Masopust_053_1a:A0308	0.5538255993482918	146.0	True	
T_cell → Cd28 → Cd80 → CD8	Masopust_053_1a:A0309	0.5538255993482918	145.0	True	
T_cell → Cd28 → Cd80 → CD8	Masopust_053_1a:A0310	0.5522728043172359	155.0	True	
T_cell → Cd28 → Cd80 → CD8	Masopust_053_1a:A0311	0.5538255993482918	147.0	True	
T_cell → Cd28 → Cd80 → CD8	Masopust_053_1a:A0312	0.5538255993482918	145.0	True	
T_cell → Cd28 → Cd80 → CD8	Masopust_053_1b:A0307	0.5538255993482918	148.0	True	
T_cell → Cd28 → Cd80 → CD8	Masopust_053_1b:A0308	0.5538255993482918	144.0	True	
T_cell → Cd28 → Cd80 → CD8	Masopust_053_1b:A0309	0.5522728043172359	151.0	True	
T_cell → Cd28 → Cd80 → CD8	Masopust_053_1b:A0310	0.5538255993482918	148.0	True	
T_cell → Cd28 → Cd80 → CD8	Masopust_053_1b:A0311	0.5538255993482918	147.0	True	
T_cell → Cd28 → Cd80 → CD8	Masopust_053_1b:A0312	0.5538255993482918	146.0	True	
T_cell → Cd28 → Cd80 → CD8	Masopust_053_2a:A0307	0.5538255993482918	148.0	True	
T_cell → Cd28 → Cd80 → CD8	Masopust_053_2a:A0308	0.5538255993482918	148.0	True	
T_cell → Cd28 → Cd80 → CD8	Masopust_053_2a:A0309	0.5522728043172359	151.0	True	
T_cell → Cd28 → Cd80 → CD8	Masopust_053_2a:A0310	0.5522728043172359	157.0	True	
T_cell → Cd28 → Cd80 → CD8	Masopust_053_2a:A0311	0.5522728043172359	152.0	True	
T_cell → Cd28 → Cd80 → CD8	Masopust_053_2a:A0312	0.5538255993482918	148.0	True	
T_cell → Cd28 → Cd80 → CD8	Masopust_053_2b:A0307	0.5538255993482918	147.0	True	
T_cell → Cd28 → Cd80 → CD8	Masopust_053_2b:A0308	0.5522728043172359	153.0	True	
T_cell → Cd28 → Cd80 → CD8	Masopust_053_2b:A0309	0.5538255993482918	146.0	True	
T_cell → Cd28 → Cd80 → CD8	Masopust_053_2b:A0310	0.5522728043172359	153.0	True	
T_cell → Cd28 → Cd80 → CD8	Masopust_053_2b:A0311	0.5538255993482918	146.0	True	
T_cell → Cd28 → Cd80 → CD8	Masopust_053_2b:A0312	0.5538255993482918	145.0	True	
T_cell → Cd28 → Cd80 → CD8	Masopust_053_3a:A0307	0.5522728043172359	153.0	True	
T_cell → Cd28 → Cd80 → CD8	Masopust_053_3a:A0308	0.5522728043172359	155.0	True	
T_cell → Cd28 → Cd80 → CD8	Masopust_053_3a:A0309	0.5522728043172359	151.0	True	
T_cell → Cd28 → Cd80 → CD8	Masopust_053_3a:A0310	0.5522728043172359	153.0	True	
T_cell → Cd28 → Cd80 → CD8	Masopust_053_3a:A0311	0.5522728043172359	151.0	True	
T_cell → Cd28 → Cd80 → CD8	Masopust_053_3b:A0307	0.5522728043172359	152.0	True	
T_cell → Cd28 → Cd80 → CD8	Masopust_053_3b:A0308	0.5522728043172359	152.0	True	
T_cell → Cd28 → Cd80 → CD8	Masopust_053_3b:A0309	0.5522728043172359	153.0	True	
T_cell → Cd28 → Cd80 → CD8	Masopust_053_3b:A0310	0.5522728043172359	152.0	True	
T_cell → Cd28 → Cd80 → CD8	Masopust_053_3b:A0311	0.5522728043172359	157.0	True	
T_cell → Cd28 → Cd80 → CD8	Masopust_053_6a:A0308	0.5538255993482918	147.0	True	
T_cell → Cd28 → Cd80 → CD8	Masopust_053_6b:A0308	0.5538255993482918	147.0	True	
T_cell → Cd28 → Cd80 → CD8	Masopust_054_A:A0311	0.5522728043172359	153.0	True	
T_cell → Cd28 → Cd80 → CD8	Masopust_054_A:A0312	0.5538255993482918	145.0	True	
T_cell → Cd28 → Cd80 → CD8	Masopust_054_B:A0311	0.5522728043172359	152.0	True	
T_cell → Cd28 → Cd80 → CD8	Masopust_054_B:A0312	0.5522728043172359	151.0	True	
T_cell → Cd28 → Cd80 → CD8	Masopust_054_C:A0311	0.5522728043172359	152.0	True	
T_cell → Cd28 → Cd80 → CD8	Masopust_054_C:A0312	0.5522728043172359	151.0	True	
T_cell → Cd28 → Cd80 → CD8	Masopust_054_C:A0313	0.5522728043172359	151.0	True	
T_cell → Cd28 → Cd80 → CD8	Masopust_054_D:A0311	0.5522728043172359	158.0	True	
T_cell → Cd28 → Cd80 → CD8	Masopust_054_D:A0312	0.5522728043172359	153.0	True	
T_cell → Cd28 → Cd80 → CD8	Masopust_054_D:A0313	0.5538255993482918	147.0	True	
T_cell → Cd28 → Cd80 → CD8	Masopust_054_E:A0311	0.5538255993482918	148.0	True	
monocyte_macrophage → Plau → Igf2r → CD8	Masopust_053_1a:A0307	0.553993807349619	144.0	True	
monocyte_macrophage → Plau → Igf2r → CD8	Masopust_053_1a:A0308	0.5523704307262424	152.0	True	
monocyte_macrophage → Plau → Igf2r → CD8	Masopust_053_1a:A0309	0.5523704307262424	152.0	True	
monocyte_macrophage → Plau → Igf2r → CD8	Masopust_053_1a:A0310	0.5523704307262424	154.0	True	
monocyte_macrophage → Plau → Igf2r → CD8	Masopust_053_1a:A0311	0.5523704307262424	154.0	True	
monocyte_macrophage → Plau → Igf2r → CD8	Masopust_053_1a:A0312	0.5523704307262424	154.0	True	
monocyte_macrophage → Plau → Igf2r → CD8	Masopust_053_1b:A0307	0.553993807349619	146.0	True	
monocyte_macrophage → Plau → Igf2r → CD8	Masopust_053_1b:A0308	0.5523704307262424	151.0	True	
monocyte_macrophage → Plau → Igf2r → CD8	Masopust_053_1b:A0309	0.5523704307262424	150.0	True	
monocyte_macrophage → Plau → Igf2r → CD8	Masopust_053_1b:A0310	0.553993807349619	146.0	True	
monocyte_macrophage → Plau → Igf2r → CD8	Masopust_053_1b:A0311	0.5523704307262424	159.0	True	
monocyte_macrophage → Plau → Igf2r → CD8	Masopust_053_1b:A0312	0.553993807349619	144.0	True	
monocyte_macrophage → Plau → Igf2r → CD8	Masopust_053_2a:A0307	0.553993807349619	146.0	True	
monocyte_macrophage → Plau → Igf2r → CD8	Masopust_053_2a:A0308	0.5523704307262424	162.0	True	
monocyte_macrophage → Plau → Igf2r → CD8	Masopust_053_2a:A0309	0.553993807349619	144.0	True	
monocyte_macrophage → Plau → Igf2r → CD8	Masopust_053_2a:A0310	0.5523704307262424	156.0	True	
monocyte_macrophage → Plau → Igf2r → CD8	Masopust_053_2a:A0312	0.5523704307262424	157.0	True	
monocyte_macrophage → Plau → Igf2r → CD8	Masopust_053_2b:A0307	0.5523704307262424	157.0	True	
monocyte_macrophage → Plau → Igf2r → CD8	Masopust_053_2b:A0308	0.553993807349619	145.0	True	
monocyte_macrophage → Plau → Igf2r → CD8	Masopust_053_2b:A0309	0.553993807349619	145.0	True	
monocyte_macrophage → Plau → Igf2r → CD8	Masopust_053_2b:A0310	0.5523704307262424	152.0	True	
monocyte_macrophage → Plau → Igf2r → CD8	Masopust_053_2b:A0312	0.5523704307262424	153.0	True	
monocyte_macrophage → Plau → Igf2r → CD8	Masopust_053_3a:A0307	0.553993807349619	145.0	True	
monocyte_macrophage → Plau → Igf2r → CD8	Masopust_053_3a:A0308	0.553993807349619	144.0	True	
monocyte_macrophage → Plau → Igf2r → CD8	Masopust_053_3a:A0309	0.553993807349619	145.0	True	
monocyte_macrophage → Plau → Igf2r → CD8	Masopust_053_3a:A0310	0.5523704307262424	152.0	True	
monocyte_macrophage → Plau → Igf2r → CD8	Masopust_053_3a:A0311	0.5523704307262424	150.0	True	
monocyte_macrophage → Plau → Igf2r → CD8	Masopust_053_3b:A0307	0.553993807349619	145.0	True	
monocyte_macrophage → Plau → Igf2r → CD8	Masopust_053_3b:A0308	0.5523704307262424	151.0	True	
monocyte_macrophage → Plau → Igf2r → CD8	Masopust_053_3b:A0309	0.553993807349619	145.0	True	
monocyte_macrophage → Plau → Igf2r → CD8	Masopust_053_3b:A0310	0.5523704307262424	151.0	True	
monocyte_macrophage → Plau → Igf2r → CD8	Masopust_053_3b:A0311	0.5523704307262424	156.0	True	
monocyte_macrophage → Plau → Igf2r → CD8	Masopust_053_6a:A0308	0.553993807349619	146.0	True	
monocyte_macrophage → Plau → Igf2r → CD8	Masopust_053_6b:A0308	0.553993807349619	146.0	True	
monocyte_macrophage → Plau → Igf2r → CD8	Masopust_054_A:A0311	0.5523704307262424	152.0	True	
monocyte_macrophage → Plau → Igf2r → CD8	Masopust_054_A:A0312	0.5523704307262424	154.0	True	
monocyte_macrophage → Plau → Igf2r → CD8	Masopust_054_B:A0311	0.5523704307262424	151.0	True	
monocyte_macrophage → Plau → Igf2r → CD8	Masopust_054_B:A0312	0.5523704307262424	150.0	True	
monocyte_macrophage → Plau → Igf2r → CD8	Masopust_054_C:A0311	0.553993807349619	146.0	True	
monocyte_macrophage → Plau → Igf2r → CD8	Masopust_054_C:A0312	0.5523704307262424	150.0	True	
monocyte_macrophage → Plau → Igf2r → CD8	Masopust_054_C:A0313	0.5523704307262424	150.0	True	
monocyte_macrophage → Plau → Igf2r → CD8	Masopust_054_D:A0311	0.553993807349619	147.0	True	
monocyte_macrophage → Plau → Igf2r → CD8	Masopust_054_D:A0312	0.553993807349619	144.0	True	
monocyte_macrophage → Plau → Igf2r → CD8	Masopust_054_D:A0313	0.553993807349619	145.0	True	
monocyte_macrophage → Plau → Igf2r → CD8	Masopust_054_E:A0311	0.553993807349619	146.0	True	
T_cell → Cd28 → Cd86 → CD8	Masopust_053_1a:A0307	0.5522014471030215	153.0	True	
T_cell → Cd28 → Cd86 → CD8	Masopust_053_1a:A0308	0.5537542421340775	147.0	True	
T_cell → Cd28 → Cd86 → CD8	Masopust_053_1a:A0309	0.5537542421340775	146.0	True	
T_cell → Cd28 → Cd86 → CD8	Masopust_053_1a:A0310	0.5522014471030215	156.0	True	
T_cell → Cd28 → Cd86 → CD8	Masopust_053_1a:A0311	0.5537542421340775	148.0	True	
T_cell → Cd28 → Cd86 → CD8	Masopust_053_1a:A0312	0.5537542421340775	147.0	True	
T_cell → Cd28 → Cd86 → CD8	Masopust_053_1b:A0307	0.5537542421340775	150.0	True	
T_cell → Cd28 → Cd86 → CD8	Masopust_053_1b:A0308	0.5537542421340775	145.0	True	
T_cell → Cd28 → Cd86 → CD8	Masopust_053_1b:A0309	0.5522014471030215	153.0	True	
T_cell → Cd28 → Cd86 → CD8	Masopust_053_1b:A0310	0.5537542421340775	150.0	True	
T_cell → Cd28 → Cd86 → CD8	Masopust_053_1b:A0311	0.5537542421340775	148.0	True	
T_cell → Cd28 → Cd86 → CD8	Masopust_053_1b:A0312	0.5537542421340775	148.0	True	
T_cell → Cd28 → Cd86 → CD8	Masopust_053_2a:A0307	0.5537542421340775	149.0	True	
T_cell → Cd28 → Cd86 → CD8	Masopust_053_2a:A0308	0.5537542421340775	150.0	True	
T_cell → Cd28 → Cd86 → CD8	Masopust_053_2a:A0309	0.5522014471030215	153.0	True	
T_cell → Cd28 → Cd86 → CD8	Masopust_053_2a:A0310	0.5522014471030215	158.0	True	
T_cell → Cd28 → Cd86 → CD8	Masopust_053_2a:A0311	0.5522014471030215	153.0	True	
T_cell → Cd28 → Cd86 → CD8	Masopust_053_2a:A0312	0.5537542421340775	150.0	True	
T_cell → Cd28 → Cd86 → CD8	Masopust_053_2b:A0307	0.5537542421340775	149.0	True	
T_cell → Cd28 → Cd86 → CD8	Masopust_053_2b:A0308	0.5522014471030215	155.0	True	
T_cell → Cd28 → Cd86 → CD8	Masopust_053_2b:A0309	0.5537542421340775	147.0	True	
T_cell → Cd28 → Cd86 → CD8	Masopust_053_2b:A0310	0.5522014471030215	154.0	True	
T_cell → Cd28 → Cd86 → CD8	Masopust_053_2b:A0311	0.5537542421340775	148.0	True	
T_cell → Cd28 → Cd86 → CD8	Masopust_053_2b:A0312	0.5537542421340775	146.0	True	
T_cell → Cd28 → Cd86 → CD8	Masopust_053_3a:A0307	0.5522014471030215	155.0	True	
T_cell → Cd28 → Cd86 → CD8	Masopust_053_3a:A0308	0.5522014471030215	156.0	True	
T_cell → Cd28 → Cd86 → CD8	Masopust_053_3a:A0309	0.5522014471030215	153.0	True	
T_cell → Cd28 → Cd86 → CD8	Masopust_053_3a:A0310	0.5522014471030215	155.0	True	
T_cell → Cd28 → Cd86 → CD8	Masopust_053_3a:A0311	0.5522014471030215	153.0	True	
T_cell → Cd28 → Cd86 → CD8	Masopust_053_3b:A0307	0.5522014471030215	153.0	True	
T_cell → Cd28 → Cd86 → CD8	Masopust_053_3b:A0308	0.5522014471030215	154.0	True	
T_cell → Cd28 → Cd86 → CD8	Masopust_053_3b:A0309	0.5522014471030215	154.0	True	
T_cell → Cd28 → Cd86 → CD8	Masopust_053_3b:A0310	0.5522014471030215	154.0	True	
T_cell → Cd28 → Cd86 → CD8	Masopust_053_3b:A0311	0.5522014471030215	158.0	True	
T_cell → Cd28 → Cd86 → CD8	Masopust_053_6a:A0308	0.5537542421340775	148.0	True	
T_cell → Cd28 → Cd86 → CD8	Masopust_053_6b:A0308	0.5537542421340775	148.0	True	
T_cell → Cd28 → Cd86 → CD8	Masopust_054_A:A0311	0.5522014471030215	154.0	True	
T_cell → Cd28 → Cd86 → CD8	Masopust_054_A:A0312	0.5537542421340775	146.0	True	
T_cell → Cd28 → Cd86 → CD8	Masopust_054_B:A0311	0.5522014471030215	154.0	True	
T_cell → Cd28 → Cd86 → CD8	Masopust_054_B:A0312	0.5522014471030215	153.0	True	
T_cell → Cd28 → Cd86 → CD8	Masopust_054_C:A0311	0.5522014471030215	154.0	True	
T_cell → Cd28 → Cd86 → CD8	Masopust_054_C:A0312	0.5522014471030215	153.0	True	
T_cell → Cd28 → Cd86 → CD8	Masopust_054_C:A0313	0.5522014471030215	153.0	True	
T_cell → Cd28 → Cd86 → CD8	Masopust_054_D:A0311	0.5522014471030215	160.0	True	
T_cell → Cd28 → Cd86 → CD8	Masopust_054_D:A0312	0.5522014471030215	154.0	True	
T_cell → Cd28 → Cd86 → CD8	Masopust_054_D:A0313	0.5537542421340775	149.0	True	
T_cell → Cd28 → Cd86 → CD8	Masopust_054_E:A0311	0.5537542421340775	150.0	True	
T_cell → Fam3c → Glra2 → CD4	Masopust_053_1a:A0307	0.5529274990525752	146.0	True	
T_cell → Fam3c → Glra2 → CD4	Masopust_053_1a:A0308	0.5544802940836311	145.0	True	
T_cell → Fam3c → Glra2 → CD4	Masopust_053_1a:A0309	0.5529274990525752	148.0	True	
T_cell → Fam3c → Glra2 → CD4	Masopust_053_1a:A0310	0.5529274990525752	149.0	True	
T_cell → Fam3c → Glra2 → CD4	Masopust_053_1a:A0311	0.5529274990525752	150.0	True	
T_cell → Fam3c → Glra2 → CD4	Masopust_053_1a:A0312	0.5529274990525752	150.0	True	
T_cell → Fam3c → Glra2 → CD4	Masopust_053_1b:A0307	0.5529274990525752	152.0	True	
T_cell → Fam3c → Glra2 → CD4	Masopust_053_1b:A0308	0.5529274990525752	148.0	True	
T_cell → Fam3c → Glra2 → CD4	Masopust_053_1b:A0309	0.5544802940836311	144.0	True	
T_cell → Fam3c → Glra2 → CD4	Masopust_053_1b:A0310	0.5529274990525752	154.0	True	
T_cell → Fam3c → Glra2 → CD4	Masopust_053_1b:A0311	0.5529274990525752	151.0	True	
T_cell → Fam3c → Glra2 → CD4	Masopust_053_1b:A0312	0.5529274990525752	151.0	True	
T_cell → Fam3c → Glra2 → CD4	Masopust_053_2a:A0307	0.5544802940836311	144.0	True	
T_cell → Fam3c → Glra2 → CD4	Masopust_053_2a:A0308	0.5529274990525752	154.0	True	
T_cell → Fam3c → Glra2 → CD4	Masopust_053_2a:A0309	0.5529274990525752	146.0	True	
T_cell → Fam3c → Glra2 → CD4	Masopust_053_2a:A0310	0.5529274990525752	149.0	True	
T_cell → Fam3c → Glra2 → CD4	Masopust_053_2a:A0311	0.5529274990525752	149.0	True	
T_cell → Fam3c → Glra2 → CD4	Masopust_053_2a:A0312	0.5529274990525752	151.0	True	
T_cell → Fam3c → Glra2 → CD4	Masopust_053_2b:A0307	0.5529274990525752	151.0	True	
T_cell → Fam3c → Glra2 → CD4	Masopust_053_2b:A0308	0.5544802940836311	144.0	True	
T_cell → Fam3c → Glra2 → CD4	Masopust_053_2b:A0309	0.5544802940836311	144.0	True	
T_cell → Fam3c → Glra2 → CD4	Masopust_053_2b:A0310	0.5529274990525752	149.0	True	
T_cell → Fam3c → Glra2 → CD4	Masopust_053_2b:A0311	0.5529274990525752	151.0	True	
T_cell → Fam3c → Glra2 → CD4	Masopust_053_2b:A0312	0.5544802940836311	144.0	True	
T_cell → Fam3c → Glra2 → CD4	Masopust_053_3a:A0307	0.5529274990525752	147.0	True	
T_cell → Fam3c → Glra2 → CD4	Masopust_053_3a:A0308	0.5529274990525752	149.0	True	
T_cell → Fam3c → Glra2 → CD4	Masopust_053_3a:A0309	0.5544802940836311	144.0	True	
T_cell → Fam3c → Glra2 → CD4	Masopust_053_3a:A0310	0.5544802940836311	144.0	True	
T_cell → Fam3c → Glra2 → CD4	Masopust_053_3a:A0311	0.5544802940836311	145.0	True	
T_cell → Fam3c → Glra2 → CD4	Masopust_053_3b:A0307	0.5544802940836311	144.0	True	
T_cell → Fam3c → Glra2 → CD4	Masopust_053_3b:A0308	0.5544802940836311	144.0	True	
T_cell → Fam3c → Glra2 → CD4	Masopust_053_3b:A0309	0.5529274990525752	149.0	True	
T_cell → Fam3c → Glra2 → CD4	Masopust_053_3b:A0310	0.5544802940836311	144.0	True	
T_cell → Fam3c → Glra2 → CD4	Masopust_053_3b:A0311	0.5544802940836311	145.0	True	
T_cell → Fam3c → Glra2 → CD4	Masopust_053_6a:A0308	0.5529274990525752	151.0	True	
T_cell → Fam3c → Glra2 → CD4	Masopust_053_6b:A0308	0.5529274990525752	151.0	True	
T_cell → Fam3c → Glra2 → CD4	Masopust_054_A:A0311	0.5529274990525752	148.0	True	
T_cell → Fam3c → Glra2 → CD4	Masopust_054_A:A0312	0.5544802940836311	144.0	True	
T_cell → Fam3c → Glra2 → CD4	Masopust_054_B:A0311	0.5544802940836311	145.0	True	
T_cell → Fam3c → Glra2 → CD4	Masopust_054_B:A0312	0.5544802940836311	144.0	True	
T_cell → Fam3c → Glra2 → CD4	Masopust_054_C:A0311	0.5544802940836311	145.0	True	
T_cell → Fam3c → Glra2 → CD4	Masopust_054_C:A0312	0.5544802940836311	144.0	True	
T_cell → Fam3c → Glra2 → CD4	Masopust_054_C:A0313	0.5544802940836311	145.0	True	
T_cell → Fam3c → Glra2 → CD4	Masopust_054_D:A0311	0.5529274990525752	152.0	True	
T_cell → Fam3c → Glra2 → CD4	Masopust_054_D:A0312	0.5529274990525752	148.0	True	
T_cell → Fam3c → Glra2 → CD4	Masopust_054_D:A0313	0.5529274990525752	151.0	True	
T_cell → Fam3c → Glra2 → CD4	Masopust_054_E:A0311	0.5544802940836311	145.0	True	
T_cell → Pdcd1lg2 → Pdcd1 → CD4	Masopust_053_1a:A0307	0.5508492045073938	159.0	True	
T_cell → Pdcd1lg2 → Pdcd1 → CD4	Masopust_053_1a:A0308	0.5524019995384497	150.0	True	
T_cell → Pdcd1lg2 → Pdcd1 → CD4	Masopust_053_1a:A0309	0.5524019995384497	150.0	True	
T_cell → Pdcd1lg2 → Pdcd1 → CD4	Masopust_053_1a:A0310	0.5508492045073938	162.0	True	
T_cell → Pdcd1lg2 → Pdcd1 → CD4	Masopust_053_1a:A0311	0.5524019995384497	152.0	True	
T_cell → Pdcd1lg2 → Pdcd1 → CD4	Masopust_053_1a:A0312	0.5524019995384497	153.0	True	
T_cell → Pdcd1lg2 → Pdcd1 → CD4	Masopust_053_1b:A0307	0.5508492045073938	161.0	True	
T_cell → Pdcd1lg2 → Pdcd1 → CD4	Masopust_053_1b:A0308	0.5508492045073938	159.0	True	
T_cell → Pdcd1lg2 → Pdcd1 → CD4	Masopust_053_1b:A0309	0.5508492045073938	159.0	True	
T_cell → Pdcd1lg2 → Pdcd1 → CD4	Masopust_053_1b:A0310	0.5508492045073938	164.0	True	
T_cell → Pdcd1lg2 → Pdcd1 → CD4	Masopust_053_1b:A0311	0.5524019995384497	157.0	True	
T_cell → Pdcd1lg2 → Pdcd1 → CD4	Masopust_053_1b:A0312	0.5508492045073938	161.0	True	
T_cell → Pdcd1lg2 → Pdcd1 → CD4	Masopust_053_2a:A0307	0.5524019995384497	157.0	True	
T_cell → Pdcd1lg2 → Pdcd1 → CD4	Masopust_053_2a:A0308	0.5508492045073938	168.0	True	
T_cell → Pdcd1lg2 → Pdcd1 → CD4	Masopust_053_2a:A0309	0.5524019995384497	149.0	True	
T_cell → Pdcd1lg2 → Pdcd1 → CD4	Masopust_053_2a:A0310	0.5508492045073938	163.0	True	
T_cell → Pdcd1lg2 → Pdcd1 → CD4	Masopust_053_2a:A0311	0.5508492045073938	161.0	True	
T_cell → Pdcd1lg2 → Pdcd1 → CD4	Masopust_053_2a:A0312	0.5508492045073938	163.0	True	
T_cell → Pdcd1lg2 → Pdcd1 → CD4	Masopust_053_2b:A0307	0.5508492045073938	163.0	True	
T_cell → Pdcd1lg2 → Pdcd1 → CD4	Masopust_053_2b:A0308	0.5524019995384497	151.0	True	
T_cell → Pdcd1lg2 → Pdcd1 → CD4	Masopust_053_2b:A0309	0.5508492045073938	159.0	True	
T_cell → Pdcd1lg2 → Pdcd1 → CD4	Masopust_053_2b:A0310	0.5508492045073938	159.0	True	
T_cell → Pdcd1lg2 → Pdcd1 → CD4	Masopust_053_2b:A0311	0.5508492045073938	161.0	True	
T_cell → Pdcd1lg2 → Pdcd1 → CD4	Masopust_053_2b:A0312	0.5508492045073938	157.0	True	
T_cell → Pdcd1lg2 → Pdcd1 → CD4	Masopust_053_3a:A0307	0.5524019995384497	151.0	True	
T_cell → Pdcd1lg2 → Pdcd1 → CD4	Masopust_053_3a:A0308	0.5524019995384497	154.0	True	
T_cell → Pdcd1lg2 → Pdcd1 → CD4	Masopust_053_3a:A0309	0.5524019995384497	149.0	True	
T_cell → Pdcd1lg2 → Pdcd1 → CD4	Masopust_053_3a:A0310	0.5524019995384497	150.0	True	
T_cell → Pdcd1lg2 → Pdcd1 → CD4	Masopust_053_3a:A0311	0.5524019995384497	148.0	True	
T_cell → Pdcd1lg2 → Pdcd1 → CD4	Masopust_053_3b:A0307	0.5508492045073938	161.0	True	
T_cell → Pdcd1lg2 → Pdcd1 → CD4	Masopust_053_3b:A0308	0.5524019995384497	149.0	True	
T_cell → Pdcd1lg2 → Pdcd1 → CD4	Masopust_053_3b:A0309	0.5524019995384497	152.0	True	
T_cell → Pdcd1lg2 → Pdcd1 → CD4	Masopust_053_3b:A0310	0.5524019995384497	149.0	True	
T_cell → Pdcd1lg2 → Pdcd1 → CD4	Masopust_053_3b:A0311	0.5508492045073938	165.0	True	
T_cell → Pdcd1lg2 → Pdcd1 → CD4	Masopust_053_6a:A0308	0.5508492045073938	160.0	True	
T_cell → Pdcd1lg2 → Pdcd1 → CD4	Masopust_053_6b:A0308	0.5508492045073938	160.0	True	
T_cell → Pdcd1lg2 → Pdcd1 → CD4	Masopust_054_A:A0311	0.5524019995384497	151.0	True	
T_cell → Pdcd1lg2 → Pdcd1 → CD4	Masopust_054_A:A0312	0.5524019995384497	152.0	True	
T_cell → Pdcd1lg2 → Pdcd1 → CD4	Masopust_054_B:A0311	0.5508492045073938	159.0	True	
T_cell → Pdcd1lg2 → Pdcd1 → CD4	Masopust_054_B:A0312	0.5508492045073938	159.0	True	
T_cell → Pdcd1lg2 → Pdcd1 → CD4	Masopust_054_C:A0311	0.5524019995384497	150.0	True	
T_cell → Pdcd1lg2 → Pdcd1 → CD4	Masopust_054_C:A0312	0.5524019995384497	148.0	True	
T_cell → Pdcd1lg2 → Pdcd1 → CD4	Masopust_054_C:A0313	0.5508492045073938	159.0	True	
T_cell → Pdcd1lg2 → Pdcd1 → CD4	Masopust_054_D:A0311	0.5508492045073938	168.0	True	
T_cell → Pdcd1lg2 → Pdcd1 → CD4	Masopust_054_D:A0312	0.5508492045073938	161.0	True	
T_cell → Pdcd1lg2 → Pdcd1 → CD4	Masopust_054_D:A0313	0.5508492045073938	161.0	True	
T_cell → Pdcd1lg2 → Pdcd1 → CD4	Masopust_054_E:A0311	0.5524019995384497	155.0	True	
T_cell → Penk → Oprd1 → CD4	Masopust_053_1a:A0307	0.5523868001605938	150.0	True	
T_cell → Penk → Oprd1 → CD4	Masopust_053_1a:A0308	0.5523868001605938	151.0	True	
T_cell → Penk → Oprd1 → CD4	Masopust_053_1a:A0309	0.5523868001605938	151.0	True	
T_cell → Penk → Oprd1 → CD4	Masopust_053_1a:A0310	0.5539395951916497	146.0	True	
T_cell → Penk → Oprd1 → CD4	Masopust_053_1a:A0311	0.5523868001605938	153.0	True	
T_cell → Penk → Oprd1 → CD4	Masopust_053_1a:A0312	0.5539395951916497	144.0	True	
T_cell → Penk → Oprd1 → CD4	Masopust_053_1b:A0307	0.5539395951916497	147.0	True	
T_cell → Penk → Oprd1 → CD4	Masopust_053_1b:A0308	0.5523868001605938	150.0	True	
T_cell → Penk → Oprd1 → CD4	Masopust_053_1b:A0309	0.5523868001605938	149.0	True	
T_cell → Penk → Oprd1 → CD4	Masopust_053_1b:A0310	0.5539395951916497	147.0	True	
T_cell → Penk → Oprd1 → CD4	Masopust_053_1b:A0311	0.5523868001605938	158.0	True	
T_cell → Penk → Oprd1 → CD4	Masopust_053_1b:A0312	0.5539395951916497	145.0	True	
T_cell → Penk → Oprd1 → CD4	Masopust_053_2a:A0307	0.5523868001605938	158.0	True	
T_cell → Penk → Oprd1 → CD4	Masopust_053_2a:A0308	0.5539395951916497	146.0	True	
T_cell → Penk → Oprd1 → CD4	Masopust_053_2a:A0309	0.5523868001605938	150.0	True	
T_cell → Penk → Oprd1 → CD4	Masopust_053_2a:A0310	0.5539395951916497	145.0	True	
T_cell → Penk → Oprd1 → CD4	Masopust_053_2a:A0311	0.5539395951916497	144.0	True	
T_cell → Penk → Oprd1 → CD4	Masopust_053_2a:A0312	0.5539395951916497	146.0	True	
T_cell → Penk → Oprd1 → CD4	Masopust_053_2b:A0307	0.5539395951916497	145.0	True	
T_cell → Penk → Oprd1 → CD4	Masopust_053_2b:A0308	0.5523868001605938	152.0	True	
T_cell → Penk → Oprd1 → CD4	Masopust_053_2b:A0309	0.5523868001605938	151.0	True	
T_cell → Penk → Oprd1 → CD4	Masopust_053_2b:A0310	0.5539395951916497	144.0	True	
T_cell → Penk → Oprd1 → CD4	Masopust_053_2b:A0311	0.5539395951916497	145.0	True	
T_cell → Penk → Oprd1 → CD4	Masopust_053_2b:A0312	0.5523868001605938	152.0	True	
T_cell → Penk → Oprd1 → CD4	Masopust_053_3a:A0307	0.5523868001605938	152.0	True	
T_cell → Penk → Oprd1 → CD4	Masopust_053_3a:A0308	0.5539395951916497	145.0	True	
T_cell → Penk → Oprd1 → CD4	Masopust_053_3a:A0309	0.5523868001605938	150.0	True	
T_cell → Penk → Oprd1 → CD4	Masopust_053_3a:A0310	0.5523868001605938	151.0	True	
T_cell → Penk → Oprd1 → CD4	Masopust_053_3a:A0311	0.5523868001605938	149.0	True	
T_cell → Penk → Oprd1 → CD4	Masopust_053_3b:A0307	0.5539395951916497	146.0	True	
T_cell → Penk → Oprd1 → CD4	Masopust_053_3b:A0308	0.5523868001605938	150.0	True	
T_cell → Penk → Oprd1 → CD4	Masopust_053_3b:A0309	0.5539395951916497	146.0	True	
T_cell → Penk → Oprd1 → CD4	Masopust_053_3b:A0310	0.5523868001605938	150.0	True	
T_cell → Penk → Oprd1 → CD4	Masopust_053_3b:A0311	0.5539395951916497	147.0	True	
T_cell → Penk → Oprd1 → CD4	Masopust_053_6a:A0308	0.5523868001605938	153.0	True	
T_cell → Penk → Oprd1 → CD4	Masopust_053_6b:A0308	0.5523868001605938	153.0	True	
T_cell → Penk → Oprd1 → CD4	Masopust_054_A:A0311	0.5539395951916497	144.0	True	
T_cell → Penk → Oprd1 → CD4	Masopust_054_A:A0312	0.5523868001605938	153.0	True	
T_cell → Penk → Oprd1 → CD4	Masopust_054_B:A0311	0.5523868001605938	150.0	True	
T_cell → Penk → Oprd1 → CD4	Masopust_054_B:A0312	0.5523868001605938	149.0	True	
T_cell → Penk → Oprd1 → CD4	Masopust_054_C:A0311	0.5523868001605938	151.0	True	
T_cell → Penk → Oprd1 → CD4	Masopust_054_C:A0312	0.5523868001605938	149.0	True	
T_cell → Penk → Oprd1 → CD4	Masopust_054_C:A0313	0.5523868001605938	149.0	True	
T_cell → Penk → Oprd1 → CD4	Masopust_054_D:A0311	0.5523868001605938	157.0	True	
T_cell → Penk → Oprd1 → CD4	Masopust_054_D:A0312	0.5539395951916497	145.0	True	
T_cell → Penk → Oprd1 → CD4	Masopust_054_D:A0313	0.5539395951916497	146.0	True	
T_cell → Penk → Oprd1 → CD4	Masopust_054_E:A0311	0.5539395951916497	147.0	True	
T_cell → Penk → Mtnr1a → CD4	Masopust_053_1a:A0307	0.5522386720808522	152.0	True	
T_cell → Penk → Mtnr1a → CD4	Masopust_053_1a:A0308	0.5522386720808522	153.0	True	
T_cell → Penk → Mtnr1a → CD4	Masopust_053_1a:A0309	0.5522386720808522	153.0	True	
T_cell → Penk → Mtnr1a → CD4	Masopust_053_1a:A0310	0.5537914671119081	147.0	True	
T_cell → Penk → Mtnr1a → CD4	Masopust_053_1a:A0311	0.5522386720808522	155.0	True	
T_cell → Penk → Mtnr1a → CD4	Masopust_053_1a:A0312	0.5537914671119081	146.0	True	
T_cell → Penk → Mtnr1a → CD4	Masopust_053_1b:A0307	0.5537914671119081	149.0	True	
T_cell → Penk → Mtnr1a → CD4	Masopust_053_1b:A0308	0.5522386720808522	152.0	True	
T_cell → Penk → Mtnr1a → CD4	Masopust_053_1b:A0309	0.5522386720808522	152.0	True	
T_cell → Penk → Mtnr1a → CD4	Masopust_053_1b:A0310	0.5537914671119081	149.0	True	
T_cell → Penk → Mtnr1a → CD4	Masopust_053_1b:A0311	0.5522386720808522	160.0	True	
T_cell → Penk → Mtnr1a → CD4	Masopust_053_1b:A0312	0.5537914671119081	147.0	True	
T_cell → Penk → Mtnr1a → CD4	Masopust_053_2a:A0307	0.5522386720808522	159.0	True	
T_cell → Penk → Mtnr1a → CD4	Masopust_053_2a:A0308	0.5537914671119081	149.0	True	
T_cell → Penk → Mtnr1a → CD4	Masopust_053_2a:A0309	0.5522386720808522	152.0	True	
T_cell → Penk → Mtnr1a → CD4	Masopust_053_2a:A0310	0.5537914671119081	147.0	True	
T_cell → Penk → Mtnr1a → CD4	Masopust_053_2a:A0311	0.5537914671119081	145.0	True	
T_cell → Penk → Mtnr1a → CD4	Masopust_053_2a:A0312	0.5537914671119081	149.0	True	
T_cell → Penk → Mtnr1a → CD4	Masopust_053_2b:A0307	0.5537914671119081	148.0	True	
T_cell → Penk → Mtnr1a → CD4	Masopust_053_2b:A0308	0.5522386720808522	154.0	True	
T_cell → Penk → Mtnr1a → CD4	Masopust_053_2b:A0309	0.5522386720808522	152.0	True	
T_cell → Penk → Mtnr1a → CD4	Masopust_053_2b:A0310	0.5537914671119081	145.0	True	
T_cell → Penk → Mtnr1a → CD4	Masopust_053_2b:A0311	0.5537914671119081	147.0	True	
T_cell → Penk → Mtnr1a → CD4	Masopust_053_2b:A0312	0.5522386720808522	154.0	True	
T_cell → Penk → Mtnr1a → CD4	Masopust_053_3a:A0307	0.5522386720808522	154.0	True	
T_cell → Penk → Mtnr1a → CD4	Masopust_053_3a:A0308	0.5537914671119081	146.0	True	
T_cell → Penk → Mtnr1a → CD4	Masopust_053_3a:A0309	0.5522386720808522	152.0	True	
T_cell → Penk → Mtnr1a → CD4	Masopust_053_3a:A0310	0.5522386720808522	154.0	True	
T_cell → Penk → Mtnr1a → CD4	Masopust_053_3a:A0311	0.5522386720808522	152.0	True	
T_cell → Penk → Mtnr1a → CD4	Masopust_053_3b:A0307	0.5537914671119081	147.0	True	
T_cell → Penk → Mtnr1a → CD4	Masopust_053_3b:A0308	0.5522386720808522	153.0	True	
T_cell → Penk → Mtnr1a → CD4	Masopust_053_3b:A0309	0.5537914671119081	147.0	True	
T_cell → Penk → Mtnr1a → CD4	Masopust_053_3b:A0310	0.5522386720808522	153.0	True	
T_cell → Penk → Mtnr1a → CD4	Masopust_053_3b:A0311	0.5537914671119081	149.0	True	
T_cell → Penk → Mtnr1a → CD4	Masopust_053_6a:A0308	0.5522386720808522	154.0	True	
T_cell → Penk → Mtnr1a → CD4	Masopust_053_6b:A0308	0.5522386720808522	154.0	True	
T_cell → Penk → Mtnr1a → CD4	Masopust_054_A:A0311	0.5537914671119081	145.0	True	
T_cell → Penk → Mtnr1a → CD4	Masopust_054_A:A0312	0.5522386720808522	155.0	True	
T_cell → Penk → Mtnr1a → CD4	Masopust_054_B:A0311	0.5522386720808522	153.0	True	
T_cell → Penk → Mtnr1a → CD4	Masopust_054_B:A0312	0.5522386720808522	152.0	True	
T_cell → Penk → Mtnr1a → CD4	Masopust_054_C:A0311	0.5522386720808522	153.0	True	
T_cell → Penk → Mtnr1a → CD4	Masopust_054_C:A0312	0.5522386720808522	152.0	True	
T_cell → Penk → Mtnr1a → CD4	Masopust_054_C:A0313	0.5522386720808522	152.0	True	
T_cell → Penk → Mtnr1a → CD4	Masopust_054_D:A0311	0.5522386720808522	159.0	True	
T_cell → Penk → Mtnr1a → CD4	Masopust_054_D:A0312	0.5537914671119081	146.0	True	
T_cell → Penk → Mtnr1a → CD4	Masopust_054_D:A0313	0.5537914671119081	148.0	True	
T_cell → Penk → Mtnr1a → CD4	Masopust_054_E:A0311	0.5537914671119081	149.0	True	
melanoma → Sema3e → Nrp1 → CD8	Masopust_053_1a:A0307	0.5526740575298558	148.0	True	
melanoma → Sema3e → Nrp1 → CD8	Masopust_053_1a:A0309	0.5509318972511101	158.0	True	
melanoma → Sema3e → Nrp1 → CD8	Masopust_053_1a:A0310	0.5526740575298558	153.0	True	
melanoma → Sema3e → Nrp1 → CD8	Masopust_053_1a:A0311	0.5509318972511101	159.0	True	
melanoma → Sema3e → Nrp1 → CD8	Masopust_053_1a:A0312	0.5509318972511101	161.0	True	
melanoma → Sema3e → Nrp1 → CD8	Masopust_053_1b:A0307	0.5509318972511101	160.0	True	
melanoma → Sema3e → Nrp1 → CD8	Masopust_053_1b:A0309	0.5526740575298558	147.0	True	
melanoma → Sema3e → Nrp1 → CD8	Masopust_053_1b:A0310	0.5509318972511101	162.0	True	
melanoma → Sema3e → Nrp1 → CD8	Masopust_053_1b:A0311	0.5509318972511101	165.0	True	
melanoma → Sema3e → Nrp1 → CD8	Masopust_053_1b:A0312	0.5509318972511101	160.0	True	
melanoma → Sema3e → Nrp1 → CD8	Masopust_053_2a:A0307	0.5526740575298558	155.0	True	
melanoma → Sema3e → Nrp1 → CD8	Masopust_053_2a:A0308	0.5526740575298558	160.0	True	
melanoma → Sema3e → Nrp1 → CD8	Masopust_053_2a:A0309	0.5509318972511101	158.0	True	
melanoma → Sema3e → Nrp1 → CD8	Masopust_053_2a:A0310	0.5526740575298558	154.0	True	
melanoma → Sema3e → Nrp1 → CD8	Masopust_053_2a:A0312	0.5509318972511101	161.0	True	
melanoma → Sema3e → Nrp1 → CD8	Masopust_053_2b:A0307	0.5509318972511101	161.0	True	
melanoma → Sema3e → Nrp1 → CD8	Masopust_053_2b:A0308	0.5526740575298558	149.0	True	
melanoma → Sema3e → Nrp1 → CD8	Masopust_053_2b:A0309	0.5509318972511101	157.0	True	
melanoma → Sema3e → Nrp1 → CD8	Masopust_053_2b:A0310	0.5509318972511101	158.0	True	
melanoma → Sema3e → Nrp1 → CD8	Masopust_053_2b:A0312	0.5526740575298558	151.0	True	
melanoma → Sema3e → Nrp1 → CD8	Masopust_053_3a:A0307	0.5526740575298558	149.0	True	
melanoma → Sema3e → Nrp1 → CD8	Masopust_053_3a:A0308	0.5526740575298558	152.0	True	
melanoma → Sema3e → Nrp1 → CD8	Masopust_053_3a:A0309	0.5509318972511101	159.0	True	
melanoma → Sema3e → Nrp1 → CD8	Masopust_053_3a:A0310	0.5526740575298558	149.0	True	
melanoma → Sema3e → Nrp1 → CD8	Masopust_053_3a:A0311	0.5509318972511101	155.0	True	
melanoma → Sema3e → Nrp1 → CD8	Masopust_053_3b:A0307	0.5509318972511101	159.0	True	
melanoma → Sema3e → Nrp1 → CD8	Masopust_053_3b:A0308	0.5526740575298558	147.0	True	
melanoma → Sema3e → Nrp1 → CD8	Masopust_053_3b:A0309	0.5509318972511101	161.0	True	
melanoma → Sema3e → Nrp1 → CD8	Masopust_053_3b:A0310	0.5526740575298558	148.0	True	
melanoma → Sema3e → Nrp1 → CD8	Masopust_053_3b:A0311	0.5509318972511101	163.0	True	
melanoma → Sema3e → Nrp1 → CD8	Masopust_053_6a:A0308	0.5509318972511101	158.0	True	
melanoma → Sema3e → Nrp1 → CD8	Masopust_053_6b:A0307	0.5509318972511101	158.0	True	
melanoma → Sema3e → Nrp1 → CD8	Masopust_053_6b:A0308	0.5509318972511101	158.0	True	
melanoma → Sema3e → Nrp1 → CD8	Masopust_054_A:A0312	0.5526740575298558	151.0	True	
melanoma → Sema3e → Nrp1 → CD8	Masopust_054_B:A0311	0.5526740575298558	148.0	True	
melanoma → Sema3e → Nrp1 → CD8	Masopust_054_B:A0312	0.5526740575298558	147.0	True	
melanoma → Sema3e → Nrp1 → CD8	Masopust_054_C:A0311	0.5509318972511101	159.0	True	
melanoma → Sema3e → Nrp1 → CD8	Masopust_054_C:A0313	0.5509318972511101	158.0	True	
melanoma → Sema3e → Nrp1 → CD8	Masopust_054_D:A0311	0.5509318972511101	166.0	True	
melanoma → Sema3e → Nrp1 → CD8	Masopust_054_D:A0312	0.5526740575298558	151.0	True	
melanoma → Sema3e → Nrp1 → CD8	Masopust_054_D:A0313	0.5509318972511101	159.0	True	
melanoma → Sema3e → Nrp1 → CD8	Masopust_054_E:A0311	0.5526740575298558	153.0	True	
T_cell → Penk → Grm7 → CD4	Masopust_053_1a:A0307	0.5511274445278604	156.0	True	
T_cell → Penk → Grm7 → CD4	Masopust_053_1a:A0308	0.5511274445278604	158.0	True	
T_cell → Penk → Grm7 → CD4	Masopust_053_1a:A0309	0.5511274445278604	156.0	True	
T_cell → Penk → Grm7 → CD4	Masopust_053_1a:A0310	0.5526802395589163	152.0	True	
T_cell → Penk → Grm7 → CD4	Masopust_053_1a:A0311	0.5511274445278604	157.0	True	
T_cell → Penk → Grm7 → CD4	Masopust_053_1a:A0312	0.5526802395589163	151.0	True	
T_cell → Penk → Grm7 → CD4	Masopust_053_1b:A0307	0.5526802395589163	153.0	True	
T_cell → Penk → Grm7 → CD4	Masopust_053_1b:A0308	0.5511274445278604	157.0	True	
T_cell → Penk → Grm7 → CD4	Masopust_053_1b:A0309	0.5511274445278604	157.0	True	
T_cell → Penk → Grm7 → CD4	Masopust_053_1b:A0310	0.5526802395589163	156.0	True	
T_cell → Penk → Grm7 → CD4	Masopust_053_1b:A0311	0.5511274445278604	163.0	True	
T_cell → Penk → Grm7 → CD4	Masopust_053_1b:A0312	0.5526802395589163	152.0	True	
T_cell → Penk → Grm7 → CD4	Masopust_053_2a:A0307	0.5511274445278604	161.0	True	
T_cell → Penk → Grm7 → CD4	Masopust_053_2a:A0308	0.5526802395589163	159.0	True	
T_cell → Penk → Grm7 → CD4	Masopust_053_2a:A0309	0.5511274445278604	156.0	True	
T_cell → Penk → Grm7 → CD4	Masopust_053_2a:A0310	0.5526802395589163	153.0	True	
T_cell → Penk → Grm7 → CD4	Masopust_053_2a:A0311	0.5526802395589163	150.0	True	
T_cell → Penk → Grm7 → CD4	Masopust_053_2a:A0312	0.5526802395589163	155.0	True	
T_cell → Penk → Grm7 → CD4	Masopust_053_2b:A0307	0.5526802395589163	155.0	True	
T_cell → Penk → Grm7 → CD4	Masopust_053_2b:A0308	0.5511274445278604	158.0	True	
T_cell → Penk → Grm7 → CD4	Masopust_053_2b:A0309	0.5511274445278604	155.0	True	
T_cell → Penk → Grm7 → CD4	Masopust_053_2b:A0310	0.5526802395589163	151.0	True	
T_cell → Penk → Grm7 → CD4	Masopust_053_2b:A0311	0.5526802395589163	152.0	True	
T_cell → Penk → Grm7 → CD4	Masopust_053_2b:A0312	0.5511274445278604	156.0	True	
T_cell → Penk → Grm7 → CD4	Masopust_053_3a:A0307	0.5511274445278604	158.0	True	
T_cell → Penk → Grm7 → CD4	Masopust_053_3a:A0308	0.5526802395589163	151.0	True	
T_cell → Penk → Grm7 → CD4	Masopust_053_3a:A0309	0.5511274445278604	157.0	True	
T_cell → Penk → Grm7 → CD4	Masopust_053_3a:A0310	0.5511274445278604	157.0	True	
T_cell → Penk → Grm7 → CD4	Masopust_053_3a:A0311	0.5511274445278604	154.0	True	
T_cell → Penk → Grm7 → CD4	Masopust_053_3b:A0307	0.5526802395589163	150.0	True	
T_cell → Penk → Grm7 → CD4	Masopust_053_3b:A0308	0.5511274445278604	158.0	True	
T_cell → Penk → Grm7 → CD4	Masopust_053_3b:A0309	0.5526802395589163	150.0	True	
T_cell → Penk → Grm7 → CD4	Masopust_053_3b:A0310	0.5511274445278604	157.0	True	
T_cell → Penk → Grm7 → CD4	Masopust_053_3b:A0311	0.5526802395589163	154.0	True	
T_cell → Penk → Grm7 → CD4	Masopust_053_6a:A0308	0.5511274445278604	156.0	True	
T_cell → Penk → Grm7 → CD4	Masopust_053_6b:A0308	0.5511274445278604	156.0	True	
T_cell → Penk → Grm7 → CD4	Masopust_054_A:A0311	0.5526802395589163	149.0	True	
T_cell → Penk → Grm7 → CD4	Masopust_054_A:A0312	0.5511274445278604	157.0	True	
T_cell → Penk → Grm7 → CD4	Masopust_054_B:A0311	0.5511274445278604	157.0	True	
T_cell → Penk → Grm7 → CD4	Masopust_054_B:A0312	0.5511274445278604	157.0	True	
T_cell → Penk → Grm7 → CD4	Masopust_054_C:A0311	0.5511274445278604	157.0	True	
T_cell → Penk → Grm7 → CD4	Masopust_054_C:A0312	0.5511274445278604	157.0	True	
T_cell → Penk → Grm7 → CD4	Masopust_054_C:A0313	0.5511274445278604	156.0	True	
T_cell → Penk → Grm7 → CD4	Masopust_054_D:A0311	0.5511274445278604	164.0	True	
T_cell → Penk → Grm7 → CD4	Masopust_054_D:A0312	0.5526802395589163	150.0	True	
T_cell → Penk → Grm7 → CD4	Masopust_054_D:A0313	0.5526802395589163	152.0	True	
T_cell → Penk → Grm7 → CD4	Masopust_054_E:A0311	0.5526802395589163	152.0	True	
T_cell → Penk → Oprl1 → CD4	Masopust_053_1a:A0307	0.5499552412259928	165.0	True	
T_cell → Penk → Oprl1 → CD4	Masopust_053_1a:A0308	0.5499552412259928	165.0	True	
T_cell → Penk → Oprl1 → CD4	Masopust_053_1a:A0309	0.5499552412259928	165.0	True	
T_cell → Penk → Oprl1 → CD4	Masopust_053_1a:A0310	0.5515080362570487	157.0	True	
T_cell → Penk → Oprl1 → CD4	Masopust_053_1a:A0311	0.5499552412259928	162.0	True	
T_cell → Penk → Oprl1 → CD4	Masopust_053_1a:A0312	0.5515080362570487	158.0	True	
T_cell → Penk → Oprl1 → CD4	Masopust_053_1b:A0307	0.5515080362570487	157.0	True	
T_cell → Penk → Oprl1 → CD4	Masopust_053_1b:A0308	0.5499552412259928	165.0	True	
T_cell → Penk → Oprl1 → CD4	Masopust_053_1b:A0309	0.5499552412259928	165.0	True	
T_cell → Penk → Oprl1 → CD4	Masopust_053_1b:A0310	0.5515080362570487	158.0	True	
T_cell → Penk → Oprl1 → CD4	Masopust_053_1b:A0311	0.5499552412259928	167.0	True	
T_cell → Penk → Oprl1 → CD4	Masopust_053_1b:A0312	0.5515080362570487	157.0	True	
T_cell → Penk → Oprl1 → CD4	Masopust_053_2a:A0307	0.5499552412259928	163.0	True	
T_cell → Penk → Oprl1 → CD4	Masopust_053_2a:A0308	0.5515080362570487	164.0	True	
T_cell → Penk → Oprl1 → CD4	Masopust_053_2a:A0309	0.5499552412259928	165.0	True	
T_cell → Penk → Oprl1 → CD4	Masopust_053_2a:A0310	0.5515080362570487	160.0	True	
T_cell → Penk → Oprl1 → CD4	Masopust_053_2a:A0311	0.5515080362570487	158.0	True	
T_cell → Penk → Oprl1 → CD4	Masopust_053_2a:A0312	0.5515080362570487	159.0	True	
T_cell → Penk → Oprl1 → CD4	Masopust_053_2b:A0307	0.5515080362570487	159.0	True	
T_cell → Penk → Oprl1 → CD4	Masopust_053_2b:A0308	0.5499552412259928	165.0	True	
T_cell → Penk → Oprl1 → CD4	Masopust_053_2b:A0309	0.5499552412259928	165.0	True	
T_cell → Penk → Oprl1 → CD4	Masopust_053_2b:A0310	0.5515080362570487	156.0	True	
T_cell → Penk → Oprl1 → CD4	Masopust_053_2b:A0311	0.5515080362570487	158.0	True	
T_cell → Penk → Oprl1 → CD4	Masopust_053_2b:A0312	0.5499552412259928	160.0	True	
T_cell → Penk → Oprl1 → CD4	Masopust_053_3a:A0307	0.5499552412259928	165.0	True	
T_cell → Penk → Oprl1 → CD4	Masopust_053_3a:A0308	0.5515080362570487	159.0	True	
T_cell → Penk → Oprl1 → CD4	Masopust_053_3a:A0309	0.5499552412259928	165.0	True	
T_cell → Penk → Oprl1 → CD4	Masopust_053_3a:A0310	0.5499552412259928	160.0	True	
T_cell → Penk → Oprl1 → CD4	Masopust_053_3a:A0311	0.5499552412259928	158.0	True	
T_cell → Penk → Oprl1 → CD4	Masopust_053_3b:A0307	0.5515080362570487	156.0	True	
T_cell → Penk → Oprl1 → CD4	Masopust_053_3b:A0308	0.5499552412259928	165.0	True	
T_cell → Penk → Oprl1 → CD4	Masopust_053_3b:A0309	0.5515080362570487	158.0	True	
T_cell → Penk → Oprl1 → CD4	Masopust_053_3b:A0310	0.5499552412259928	160.0	True	
T_cell → Penk → Oprl1 → CD4	Masopust_053_3b:A0311	0.5515080362570487	161.0	True	
T_cell → Penk → Oprl1 → CD4	Masopust_053_6a:A0308	0.5499552412259928	162.0	True	
T_cell → Penk → Oprl1 → CD4	Masopust_053_6b:A0308	0.5499552412259928	162.0	True	
T_cell → Penk → Oprl1 → CD4	Masopust_054_A:A0311	0.5515080362570487	159.0	True	
T_cell → Penk → Oprl1 → CD4	Masopust_054_A:A0312	0.5499552412259928	160.0	True	
T_cell → Penk → Oprl1 → CD4	Masopust_054_B:A0311	0.5499552412259928	165.0	True	
T_cell → Penk → Oprl1 → CD4	Masopust_054_B:A0312	0.5499552412259928	165.0	True	
T_cell → Penk → Oprl1 → CD4	Masopust_054_C:A0311	0.5499552412259928	165.0	True	
T_cell → Penk → Oprl1 → CD4	Masopust_054_C:A0312	0.5499552412259928	165.0	True	
T_cell → Penk → Oprl1 → CD4	Masopust_054_C:A0313	0.5499552412259928	165.0	True	
T_cell → Penk → Oprl1 → CD4	Masopust_054_D:A0311	0.5499552412259928	169.0	True	
T_cell → Penk → Oprl1 → CD4	Masopust_054_D:A0312	0.5515080362570487	157.0	True	
T_cell → Penk → Oprl1 → CD4	Masopust_054_D:A0313	0.5515080362570487	156.0	True	
T_cell → Penk → Oprl1 → CD4	Masopust_054_E:A0311	0.5515080362570487	159.0	True	
T_cell → Penk → Adra2a → CD4	Masopust_053_1a:A0307	0.5497097091303583	167.0	True	
T_cell → Penk → Adra2a → CD4	Masopust_053_1a:A0308	0.5497097091303583	167.0	True	
T_cell → Penk → Adra2a → CD4	Masopust_053_1a:A0309	0.5497097091303583	167.0	True	
T_cell → Penk → Adra2a → CD4	Masopust_053_1a:A0310	0.5512625041614142	159.0	True	
T_cell → Penk → Adra2a → CD4	Masopust_053_1a:A0311	0.5497097091303583	164.0	True	
T_cell → Penk → Adra2a → CD4	Masopust_053_1a:A0312	0.5512625041614142	159.0	True	
T_cell → Penk → Adra2a → CD4	Masopust_053_1b:A0307	0.5512625041614142	158.0	True	
T_cell → Penk → Adra2a → CD4	Masopust_053_1b:A0308	0.5497097091303583	167.0	True	
T_cell → Penk → Adra2a → CD4	Masopust_053_1b:A0309	0.5497097091303583	167.0	True	
T_cell → Penk → Adra2a → CD4	Masopust_053_1b:A0310	0.5512625041614142	160.0	True	
T_cell → Penk → Adra2a → CD4	Masopust_053_1b:A0311	0.5497097091303583	168.0	True	
T_cell → Penk → Adra2a → CD4	Masopust_053_1b:A0312	0.5512625041614142	158.0	True	
T_cell → Penk → Adra2a → CD4	Masopust_053_2a:A0307	0.5497097091303583	164.0	True	
T_cell → Penk → Adra2a → CD4	Masopust_053_2a:A0308	0.5512625041614142	166.0	True	
T_cell → Penk → Adra2a → CD4	Masopust_053_2a:A0309	0.5497097091303583	167.0	True	
T_cell → Penk → Adra2a → CD4	Masopust_053_2a:A0310	0.5512625041614142	161.0	True	
T_cell → Penk → Adra2a → CD4	Masopust_053_2a:A0311	0.5512625041614142	159.0	True	
T_cell → Penk → Adra2a → CD4	Masopust_053_2a:A0312	0.5512625041614142	160.0	True	
T_cell → Penk → Adra2a → CD4	Masopust_053_2b:A0307	0.5512625041614142	160.0	True	
T_cell → Penk → Adra2a → CD4	Masopust_053_2b:A0308	0.5497097091303583	167.0	True	
T_cell → Penk → Adra2a → CD4	Masopust_053_2b:A0309	0.5497097091303583	167.0	True	
T_cell → Penk → Adra2a → CD4	Masopust_053_2b:A0310	0.5512625041614142	157.0	True	
T_cell → Penk → Adra2a → CD4	Masopust_053_2b:A0311	0.5512625041614142	159.0	True	
T_cell → Penk → Adra2a → CD4	Masopust_053_2b:A0312	0.5497097091303583	162.0	True	
T_cell → Penk → Adra2a → CD4	Masopust_053_3a:A0307	0.5497097091303583	167.0	True	
T_cell → Penk → Adra2a → CD4	Masopust_053_3a:A0308	0.5512625041614142	160.0	True	
T_cell → Penk → Adra2a → CD4	Masopust_053_3a:A0309	0.5497097091303583	167.0	True	
T_cell → Penk → Adra2a → CD4	Masopust_053_3a:A0310	0.5497097091303583	162.0	True	
T_cell → Penk → Adra2a → CD4	Masopust_053_3a:A0311	0.5497097091303583	160.0	True	
T_cell → Penk → Adra2a → CD4	Masopust_053_3b:A0307	0.5512625041614142	157.0	True	
T_cell → Penk → Adra2a → CD4	Masopust_053_3b:A0308	0.5497097091303583	167.0	True	
T_cell → Penk → Adra2a → CD4	Masopust_053_3b:A0309	0.5512625041614142	159.0	True	
T_cell → Penk → Adra2a → CD4	Masopust_053_3b:A0310	0.5497097091303583	162.0	True	
T_cell → Penk → Adra2a → CD4	Masopust_053_3b:A0311	0.5512625041614142	162.0	True	
T_cell → Penk → Adra2a → CD4	Masopust_053_6a:A0308	0.5497097091303583	164.0	True	
T_cell → Penk → Adra2a → CD4	Masopust_053_6b:A0308	0.5497097091303583	164.0	True	
T_cell → Penk → Adra2a → CD4	Masopust_054_A:A0311	0.5512625041614142	160.0	True	
T_cell → Penk → Adra2a → CD4	Masopust_054_A:A0312	0.5497097091303583	162.0	True	
T_cell → Penk → Adra2a → CD4	Masopust_054_B:A0311	0.5497097091303583	167.0	True	
T_cell → Penk → Adra2a → CD4	Masopust_054_B:A0312	0.5497097091303583	167.0	True	
T_cell → Penk → Adra2a → CD4	Masopust_054_C:A0311	0.5497097091303583	167.0	True	
T_cell → Penk → Adra2a → CD4	Masopust_054_C:A0312	0.5497097091303583	167.0	True	
T_cell → Penk → Adra2a → CD4	Masopust_054_C:A0313	0.5497097091303583	167.0	True	
T_cell → Penk → Adra2a → CD4	Masopust_054_D:A0311	0.5497097091303583	170.0	True	
T_cell → Penk → Adra2a → CD4	Masopust_054_D:A0312	0.5512625041614142	158.0	True	
T_cell → Penk → Adra2a → CD4	Masopust_054_D:A0313	0.5512625041614142	157.0	True	
T_cell → Penk → Adra2a → CD4	Masopust_054_E:A0311	0.5512625041614142	160.0	True	
T_cell → Penk → Oprk1 → CD4	Masopust_053_1a:A0307	0.5490989546554205	169.0	True	
T_cell → Penk → Oprk1 → CD4	Masopust_053_1a:A0308	0.5490989546554205	169.0	True	
T_cell → Penk → Oprk1 → CD4	Masopust_053_1a:A0309	0.5490989546554205	169.0	True	
T_cell → Penk → Oprk1 → CD4	Masopust_053_1a:A0310	0.5506517496864763	163.0	True	
T_cell → Penk → Oprk1 → CD4	Masopust_053_1a:A0311	0.5490989546554205	166.0	True	
T_cell → Penk → Oprk1 → CD4	Masopust_053_1a:A0312	0.5506517496864763	163.0	True	
T_cell → Penk → Oprk1 → CD4	Masopust_053_1b:A0307	0.5506517496864763	163.0	True	
T_cell → Penk → Oprk1 → CD4	Masopust_053_1b:A0308	0.5490989546554205	169.0	True	
T_cell → Penk → Oprk1 → CD4	Masopust_053_1b:A0309	0.5490989546554205	169.0	True	
T_cell → Penk → Oprk1 → CD4	Masopust_053_1b:A0310	0.5506517496864763	165.0	True	
T_cell → Penk → Oprk1 → CD4	Masopust_053_1b:A0311	0.5490989546554205	170.0	True	
T_cell → Penk → Oprk1 → CD4	Masopust_053_1b:A0312	0.5506517496864763	163.0	True	
T_cell → Penk → Oprk1 → CD4	Masopust_053_2a:A0307	0.5490989546554205	166.0	True	
T_cell → Penk → Oprk1 → CD4	Masopust_053_2a:A0308	0.5506517496864763	169.0	True	
T_cell → Penk → Oprk1 → CD4	Masopust_053_2a:A0309	0.5490989546554205	169.0	True	
T_cell → Penk → Oprk1 → CD4	Masopust_053_2a:A0310	0.5506517496864763	165.0	True	
T_cell → Penk → Oprk1 → CD4	Masopust_053_2a:A0311	0.5506517496864763	163.0	True	
T_cell → Penk → Oprk1 → CD4	Masopust_053_2a:A0312	0.5506517496864763	165.0	True	
T_cell → Penk → Oprk1 → CD4	Masopust_053_2b:A0307	0.5506517496864763	165.0	True	
T_cell → Penk → Oprk1 → CD4	Masopust_053_2b:A0308	0.5490989546554205	169.0	True	
T_cell → Penk → Oprk1 → CD4	Masopust_053_2b:A0309	0.5490989546554205	169.0	True	
T_cell → Penk → Oprk1 → CD4	Masopust_053_2b:A0310	0.5506517496864763	161.0	True	
T_cell → Penk → Oprk1 → CD4	Masopust_053_2b:A0311	0.5506517496864763	163.0	True	
T_cell → Penk → Oprk1 → CD4	Masopust_053_2b:A0312	0.5490989546554205	164.0	True	
T_cell → Penk → Oprk1 → CD4	Masopust_053_3a:A0307	0.5490989546554205	170.0	True	
T_cell → Penk → Oprk1 → CD4	Masopust_053_3a:A0308	0.5506517496864763	163.0	True	
T_cell → Penk → Oprk1 → CD4	Masopust_053_3a:A0309	0.5490989546554205	169.0	True	
T_cell → Penk → Oprk1 → CD4	Masopust_053_3a:A0310	0.5490989546554205	164.0	True	
T_cell → Penk → Oprk1 → CD4	Masopust_053_3a:A0311	0.5490989546554205	162.0	True	
T_cell → Penk → Oprk1 → CD4	Masopust_053_3b:A0307	0.5506517496864763	163.0	True	
T_cell → Penk → Oprk1 → CD4	Masopust_053_3b:A0308	0.5490989546554205	169.0	True	
T_cell → Penk → Oprk1 → CD4	Masopust_053_3b:A0309	0.5506517496864763	163.0	True	
T_cell → Penk → Oprk1 → CD4	Masopust_053_3b:A0310	0.5490989546554205	164.0	True	
T_cell → Penk → Oprk1 → CD4	Masopust_053_3b:A0311	0.5506517496864763	167.0	True	
T_cell → Penk → Oprk1 → CD4	Masopust_053_6a:A0308	0.5490989546554205	165.0	True	
T_cell → Penk → Oprk1 → CD4	Masopust_053_6b:A0308	0.5490989546554205	165.0	True	
T_cell → Penk → Oprk1 → CD4	Masopust_054_A:A0311	0.5506517496864763	163.0	True	
T_cell → Penk → Oprk1 → CD4	Masopust_054_A:A0312	0.5490989546554205	164.0	True	
T_cell → Penk → Oprk1 → CD4	Masopust_054_B:A0311	0.5490989546554205	169.0	True	
T_cell → Penk → Oprk1 → CD4	Masopust_054_B:A0312	0.5490989546554205	169.0	True	
T_cell → Penk → Oprk1 → CD4	Masopust_054_C:A0311	0.5490989546554205	169.0	True	
T_cell → Penk → Oprk1 → CD4	Masopust_054_C:A0312	0.5490989546554205	169.0	True	
T_cell → Penk → Oprk1 → CD4	Masopust_054_C:A0313	0.5490989546554205	170.0	True	
T_cell → Penk → Oprk1 → CD4	Masopust_054_D:A0311	0.5490989546554205	172.0	True	
T_cell → Penk → Oprk1 → CD4	Masopust_054_D:A0312	0.5506517496864763	163.0	True	
T_cell → Penk → Oprk1 → CD4	Masopust_054_D:A0313	0.5506517496864763	163.0	True	
T_cell → Penk → Oprk1 → CD4	Masopust_054_E:A0311	0.5506517496864763	163.0	True	
T_cell → Areg → Erbb3 → CD4	Masopust_053_1a:A0307	0.5474936621571175	174.0	True	
T_cell → Areg → Erbb3 → CD4	Masopust_053_1a:A0308	0.5474936621571175	174.0	True	
T_cell → Areg → Erbb3 → CD4	Masopust_053_1a:A0309	0.5474936621571175	174.0	True	
T_cell → Areg → Erbb3 → CD4	Masopust_053_1a:A0310	0.5490464571881734	167.0	True	
T_cell → Areg → Erbb3 → CD4	Masopust_053_1a:A0311	0.5474936621571175	174.0	True	
T_cell → Areg → Erbb3 → CD4	Masopust_053_1a:A0312	0.5474936621571175	174.0	True	
T_cell → Areg → Erbb3 → CD4	Masopust_053_1b:A0307	0.5474936621571175	174.0	True	
T_cell → Areg → Erbb3 → CD4	Masopust_053_1b:A0308	0.5490464571881734	171.0	True	
T_cell → Areg → Erbb3 → CD4	Masopust_053_1b:A0309	0.5490464571881734	171.0	True	
T_cell → Areg → Erbb3 → CD4	Masopust_053_1b:A0310	0.5474936621571175	174.0	True	
T_cell → Areg → Erbb3 → CD4	Masopust_053_1b:A0311	0.5474936621571175	174.0	True	
T_cell → Areg → Erbb3 → CD4	Masopust_053_1b:A0312	0.5474936621571175	174.0	True	
T_cell → Areg → Erbb3 → CD4	Masopust_053_2a:A0307	0.5490464571881734	167.0	True	
T_cell → Areg → Erbb3 → CD4	Masopust_053_2a:A0308	0.5474936621571175	174.0	True	
T_cell → Areg → Erbb3 → CD4	Masopust_053_2a:A0309	0.5490464571881734	171.0	True	
T_cell → Areg → Erbb3 → CD4	Masopust_053_2a:A0310	0.5474936621571175	172.0	True	
T_cell → Areg → Erbb3 → CD4	Masopust_053_2a:A0311	0.5474936621571175	174.0	True	
T_cell → Areg → Erbb3 → CD4	Masopust_053_2a:A0312	0.5474936621571175	172.0	True	
T_cell → Areg → Erbb3 → CD4	Masopust_053_2b:A0307	0.5474936621571175	172.0	True	
T_cell → Areg → Erbb3 → CD4	Masopust_053_2b:A0308	0.5490464571881734	171.0	True	
T_cell → Areg → Erbb3 → CD4	Masopust_053_2b:A0309	0.5490464571881734	171.0	True	
T_cell → Areg → Erbb3 → CD4	Masopust_053_2b:A0310	0.5474936621571175	172.0	True	
T_cell → Areg → Erbb3 → CD4	Masopust_053_2b:A0311	0.5474936621571175	174.0	True	
T_cell → Areg → Erbb3 → CD4	Masopust_053_2b:A0312	0.5490464571881734	165.0	True	
T_cell → Areg → Erbb3 → CD4	Masopust_053_3a:A0307	0.5490464571881734	172.0	True	
T_cell → Areg → Erbb3 → CD4	Masopust_053_3a:A0308	0.5474936621571175	174.0	True	
T_cell → Areg → Erbb3 → CD4	Masopust_053_3a:A0309	0.5474936621571175	174.0	True	
T_cell → Areg → Erbb3 → CD4	Masopust_053_3a:A0310	0.5490464571881734	165.0	True	
T_cell → Areg → Erbb3 → CD4	Masopust_053_3a:A0311	0.5490464571881734	163.0	True	
T_cell → Areg → Erbb3 → CD4	Masopust_053_3b:A0307	0.5490464571881734	172.0	True	
T_cell → Areg → Erbb3 → CD4	Masopust_053_3b:A0308	0.5490464571881734	171.0	True	
T_cell → Areg → Erbb3 → CD4	Masopust_053_3b:A0309	0.5490464571881734	173.0	True	
T_cell → Areg → Erbb3 → CD4	Masopust_053_3b:A0310	0.5490464571881734	165.0	True	
T_cell → Areg → Erbb3 → CD4	Masopust_053_3b:A0311	0.5474936621571175	172.0	True	
T_cell → Areg → Erbb3 → CD4	Masopust_053_6a:A0308	0.5490464571881734	166.0	True	
T_cell → Areg → Erbb3 → CD4	Masopust_053_6b:A0308	0.5490464571881734	166.0	True	
T_cell → Areg → Erbb3 → CD4	Masopust_054_A:A0311	0.5474936621571175	174.0	True	
T_cell → Areg → Erbb3 → CD4	Masopust_054_A:A0312	0.5474936621571175	172.0	True	
T_cell → Areg → Erbb3 → CD4	Masopust_054_B:A0311	0.5490464571881734	171.0	True	
T_cell → Areg → Erbb3 → CD4	Masopust_054_B:A0312	0.5490464571881734	171.0	True	
T_cell → Areg → Erbb3 → CD4	Masopust_054_C:A0311	0.5474936621571175	174.0	True	
T_cell → Areg → Erbb3 → CD4	Masopust_054_C:A0312	0.5474936621571175	174.0	True	
T_cell → Areg → Erbb3 → CD4	Masopust_054_C:A0313	0.5490464571881734	172.0	True	
T_cell → Areg → Erbb3 → CD4	Masopust_054_D:A0311	0.5474936621571175	174.0	True	
T_cell → Areg → Erbb3 → CD4	Masopust_054_D:A0312	0.5474936621571175	174.0	True	
T_cell → Areg → Erbb3 → CD4	Masopust_054_D:A0313	0.5474936621571175	174.0	True	
T_cell → Areg → Erbb3 → CD4	Masopust_054_E:A0311	0.5490464571881734	172.0	True	
T_cell → Penk → Mrgprb2 → CD4	Masopust_053_1a:A0307	0.5484380905848851	172.0	True	
T_cell → Penk → Mrgprb2 → CD4	Masopust_053_1a:A0308	0.5484380905848851	172.0	True	
T_cell → Penk → Mrgprb2 → CD4	Masopust_053_1a:A0309	0.5484380905848851	172.0	True	
T_cell → Penk → Mrgprb2 → CD4	Masopust_053_1a:A0310	0.549990885615941	165.0	True	
T_cell → Penk → Mrgprb2 → CD4	Masopust_053_1a:A0311	0.5484380905848851	171.0	True	
T_cell → Penk → Mrgprb2 → CD4	Masopust_053_1a:A0312	0.549990885615941	168.0	True	
T_cell → Penk → Mrgprb2 → CD4	Masopust_053_1b:A0307	0.549990885615941	168.0	True	
T_cell → Penk → Mrgprb2 → CD4	Masopust_053_1b:A0308	0.5484380905848851	173.0	True	
T_cell → Penk → Mrgprb2 → CD4	Masopust_053_1b:A0309	0.5484380905848851	173.0	True	
T_cell → Penk → Mrgprb2 → CD4	Masopust_053_1b:A0310	0.549990885615941	167.0	True	
T_cell → Penk → Mrgprb2 → CD4	Masopust_053_1b:A0311	0.5484380905848851	172.0	True	
T_cell → Penk → Mrgprb2 → CD4	Masopust_053_1b:A0312	0.549990885615941	168.0	True	
T_cell → Penk → Mrgprb2 → CD4	Masopust_053_2a:A0307	0.5484380905848851	170.0	True	
T_cell → Penk → Mrgprb2 → CD4	Masopust_053_2a:A0308	0.549990885615941	170.0	True	
T_cell → Penk → Mrgprb2 → CD4	Masopust_053_2a:A0309	0.5484380905848851	173.0	True	
T_cell → Penk → Mrgprb2 → CD4	Masopust_053_2a:A0310	0.549990885615941	166.0	True	
T_cell → Penk → Mrgprb2 → CD4	Masopust_053_2a:A0311	0.549990885615941	168.0	True	
T_cell → Penk → Mrgprb2 → CD4	Masopust_053_2a:A0312	0.549990885615941	166.0	True	
T_cell → Penk → Mrgprb2 → CD4	Masopust_053_2b:A0307	0.549990885615941	166.0	True	
T_cell → Penk → Mrgprb2 → CD4	Masopust_053_2b:A0308	0.5484380905848851	173.0	True	
T_cell → Penk → Mrgprb2 → CD4	Masopust_053_2b:A0309	0.5484380905848851	173.0	True	
T_cell → Penk → Mrgprb2 → CD4	Masopust_053_2b:A0310	0.549990885615941	163.0	True	
T_cell → Penk → Mrgprb2 → CD4	Masopust_053_2b:A0311	0.549990885615941	168.0	True	
T_cell → Penk → Mrgprb2 → CD4	Masopust_053_2b:A0312	0.5484380905848851	170.0	True	
T_cell → Penk → Mrgprb2 → CD4	Masopust_053_3a:A0307	0.5484380905848851	174.0	True	
T_cell → Penk → Mrgprb2 → CD4	Masopust_053_3a:A0308	0.549990885615941	168.0	True	
T_cell → Penk → Mrgprb2 → CD4	Masopust_053_3a:A0309	0.5484380905848851	172.0	True	
T_cell → Penk → Mrgprb2 → CD4	Masopust_053_3a:A0310	0.5484380905848851	170.0	True	
T_cell → Penk → Mrgprb2 → CD4	Masopust_053_3a:A0311	0.5484380905848851	169.0	True	
T_cell → Penk → Mrgprb2 → CD4	Masopust_053_3b:A0307	0.549990885615941	168.0	True	
T_cell → Penk → Mrgprb2 → CD4	Masopust_053_3b:A0308	0.5484380905848851	173.0	True	
T_cell → Penk → Mrgprb2 → CD4	Masopust_053_3b:A0309	0.549990885615941	168.0	True	
T_cell → Penk → Mrgprb2 → CD4	Masopust_053_3b:A0310	0.5484380905848851	170.0	True	
T_cell → Penk → Mrgprb2 → CD4	Masopust_053_3b:A0311	0.549990885615941	168.0	True	
T_cell → Penk → Mrgprb2 → CD4	Masopust_053_6a:A0308	0.5484380905848851	171.0	True	
T_cell → Penk → Mrgprb2 → CD4	Masopust_053_6b:A0308	0.5484380905848851	171.0	True	
T_cell → Penk → Mrgprb2 → CD4	Masopust_054_A:A0311	0.549990885615941	168.0	True	
T_cell → Penk → Mrgprb2 → CD4	Masopust_054_A:A0312	0.5484380905848851	169.0	True	
T_cell → Penk → Mrgprb2 → CD4	Masopust_054_B:A0311	0.5484380905848851	173.0	True	
T_cell → Penk → Mrgprb2 → CD4	Masopust_054_B:A0312	0.5484380905848851	173.0	True	
T_cell → Penk → Mrgprb2 → CD4	Masopust_054_C:A0311	0.5484380905848851	172.0	True	
T_cell → Penk → Mrgprb2 → CD4	Masopust_054_C:A0312	0.5484380905848851	172.0	True	
T_cell → Penk → Mrgprb2 → CD4	Masopust_054_C:A0313	0.5484380905848851	174.0	True	
T_cell → Penk → Mrgprb2 → CD4	Masopust_054_D:A0311	0.5484380905848851	173.0	True	
T_cell → Penk → Mrgprb2 → CD4	Masopust_054_D:A0312	0.549990885615941	168.0	True	
T_cell → Penk → Mrgprb2 → CD4	Masopust_054_D:A0313	0.549990885615941	168.0	True	
T_cell → Penk → Mrgprb2 → CD4	Masopust_054_E:A0311	0.549990885615941	168.0	True	
T_cell → Adam17 → Itgb1 → CD8	Masopust_053_1a:A0307	0.5596126895614758	137.0	True	
T_cell → Adam17 → Itgb1 → CD8	Masopust_053_1a:A0308	0.5611654845925317	134.0	True	
T_cell → Adam17 → Itgb1 → CD8	Masopust_053_1a:A0309	0.5596126895614758	138.0	True	
T_cell → Adam17 → Itgb1 → CD8	Masopust_053_1a:A0310	0.5611654845925317	135.0	True	
T_cell → Adam17 → Itgb1 → CD8	Masopust_053_1a:A0311	0.5611654845925317	134.0	True	
T_cell → Adam17 → Itgb1 → CD8	Masopust_053_1a:A0312	0.5596126895614758	137.0	True	
T_cell → Adam17 → Itgb1 → CD8	Masopust_053_1b:A0307	0.5611654845925317	134.0	True	
T_cell → Adam17 → Itgb1 → CD8	Masopust_053_1b:A0308	0.5596126895614758	138.0	True	
T_cell → Adam17 → Itgb1 → CD8	Masopust_053_1b:A0309	0.5596126895614758	138.0	True	
T_cell → Adam17 → Itgb1 → CD8	Masopust_053_1b:A0310	0.5596126895614758	138.0	True	
T_cell → Adam17 → Itgb1 → CD8	Masopust_053_1b:A0311	0.5596126895614758	137.0	True	
T_cell → Adam17 → Itgb1 → CD8	Masopust_053_1b:A0312	0.5596126895614758	137.0	True	
T_cell → Adam17 → Itgb1 → CD8	Masopust_053_2a:A0307	0.5596126895614758	138.0	True	
T_cell → Adam17 → Itgb1 → CD8	Masopust_053_2a:A0308	0.5596126895614758	138.0	True	
T_cell → Adam17 → Itgb1 → CD8	Masopust_053_2a:A0309	0.5596126895614758	138.0	True	
T_cell → Adam17 → Itgb1 → CD8	Masopust_053_2a:A0310	0.5596126895614758	138.0	True	
T_cell → Adam17 → Itgb1 → CD8	Masopust_053_2a:A0311	0.5596126895614758	137.0	True	
T_cell → Adam17 → Itgb1 → CD8	Masopust_053_2a:A0312	0.5611654845925317	134.0	True	
T_cell → Adam17 → Itgb1 → CD8	Masopust_053_2b:A0307	0.5596126895614758	137.0	True	
T_cell → Adam17 → Itgb1 → CD8	Masopust_053_2b:A0308	0.5596126895614758	138.0	True	
T_cell → Adam17 → Itgb1 → CD8	Masopust_053_2b:A0309	0.5596126895614758	137.0	True	
T_cell → Adam17 → Itgb1 → CD8	Masopust_053_2b:A0310	0.5596126895614758	137.0	True	
T_cell → Adam17 → Itgb1 → CD8	Masopust_053_2b:A0311	0.5611654845925317	134.0	True	
T_cell → Adam17 → Itgb1 → CD8	Masopust_053_2b:A0312	0.5596126895614758	138.0	True	
T_cell → Adam17 → Itgb1 → CD8	Masopust_053_3a:A0307	0.5611654845925317	135.0	True	
T_cell → Adam17 → Itgb1 → CD8	Masopust_053_3a:A0308	0.5596126895614758	138.0	True	
T_cell → Adam17 → Itgb1 → CD8	Masopust_053_3a:A0309	0.5596126895614758	139.0	True	
T_cell → Adam17 → Itgb1 → CD8	Masopust_053_3a:A0310	0.5596126895614758	138.0	True	
T_cell → Adam17 → Itgb1 → CD8	Masopust_053_3a:A0311	0.5596126895614758	138.0	True	
T_cell → Adam17 → Itgb1 → CD8	Masopust_053_3b:A0307	0.5596126895614758	137.0	True	
T_cell → Adam17 → Itgb1 → CD8	Masopust_053_3b:A0308	0.5596126895614758	137.0	True	
T_cell → Adam17 → Itgb1 → CD8	Masopust_053_3b:A0309	0.5611654845925317	136.0	True	
T_cell → Adam17 → Itgb1 → CD8	Masopust_053_3b:A0310	0.5596126895614758	138.0	True	
T_cell → Adam17 → Itgb1 → CD8	Masopust_053_3b:A0311	0.5596126895614758	138.0	True	
T_cell → Adam17 → Itgb1 → CD8	Masopust_053_6a:A0308	0.5596126895614758	137.0	True	
T_cell → Adam17 → Itgb1 → CD8	Masopust_053_6b:A0308	0.5596126895614758	137.0	True	
T_cell → Adam17 → Itgb1 → CD8	Masopust_054_A:A0311	0.5596126895614758	137.0	True	
T_cell → Adam17 → Itgb1 → CD8	Masopust_054_A:A0312	0.5596126895614758	137.0	True	
T_cell → Adam17 → Itgb1 → CD8	Masopust_054_B:A0311	0.5596126895614758	138.0	True	
T_cell → Adam17 → Itgb1 → CD8	Masopust_054_B:A0312	0.5596126895614758	138.0	True	
T_cell → Adam17 → Itgb1 → CD8	Masopust_054_C:A0311	0.5596126895614758	138.0	True	
T_cell → Adam17 → Itgb1 → CD8	Masopust_054_C:A0312	0.5596126895614758	138.0	True	
T_cell → Adam17 → Itgb1 → CD8	Masopust_054_C:A0313	0.5611654845925317	136.0	True	
T_cell → Adam17 → Itgb1 → CD8	Masopust_054_D:A0311	0.5596126895614758	137.0	True	
T_cell → Adam17 → Itgb1 → CD8	Masopust_054_D:A0312	0.5596126895614758	137.0	True	
T_cell → Adam17 → Itgb1 → CD8	Masopust_054_D:A0313	0.5596126895614758	137.0	True	
T_cell → Adam17 → Itgb1 → CD8	Masopust_054_E:A0311	0.5611654845925317	137.0	True	
T_cell → Col18a1 → Itgb3 → CD4	Masopust_053_1a:A0307	0.5410875214113292	178.0	True	
T_cell → Col18a1 → Itgb3 → CD4	Masopust_053_1a:A0308	0.5410875214113292	177.0	True	
T_cell → Col18a1 → Itgb3 → CD4	Masopust_053_1a:A0309	0.5426403164423851	177.0	True	
T_cell → Col18a1 → Itgb3 → CD4	Masopust_053_1a:A0310	0.5410875214113292	178.0	True	
T_cell → Col18a1 → Itgb3 → CD4	Masopust_053_1a:A0311	0.5410875214113292	178.0	True	
T_cell → Col18a1 → Itgb3 → CD4	Masopust_053_1a:A0312	0.5410875214113292	177.0	True	
T_cell → Col18a1 → Itgb3 → CD4	Masopust_053_1b:A0307	0.5410875214113292	177.0	True	
T_cell → Col18a1 → Itgb3 → CD4	Masopust_053_1b:A0308	0.5410875214113292	177.0	True	
T_cell → Col18a1 → Itgb3 → CD4	Masopust_053_1b:A0309	0.5426403164423851	176.0	True	
T_cell → Col18a1 → Itgb3 → CD4	Masopust_053_1b:A0310	0.5426403164423851	176.0	True	
T_cell → Col18a1 → Itgb3 → CD4	Masopust_053_1b:A0311	0.5410875214113292	179.0	True	
T_cell → Col18a1 → Itgb3 → CD4	Masopust_053_1b:A0312	0.5410875214113292	177.0	True	
T_cell → Col18a1 → Itgb3 → CD4	Masopust_053_2a:A0307	0.5426403164423851	177.0	True	
T_cell → Col18a1 → Itgb3 → CD4	Masopust_053_2a:A0308	0.5426403164423851	177.0	True	
T_cell → Col18a1 → Itgb3 → CD4	Masopust_053_2a:A0309	0.5410875214113292	177.0	True	
T_cell → Col18a1 → Itgb3 → CD4	Masopust_053_2a:A0310	0.5410875214113292	177.0	True	
T_cell → Col18a1 → Itgb3 → CD4	Masopust_053_2a:A0311	0.5410875214113292	178.0	True	
T_cell → Col18a1 → Itgb3 → CD4	Masopust_053_2a:A0312	0.5410875214113292	177.0	True	
T_cell → Col18a1 → Itgb3 → CD4	Masopust_053_2b:A0307	0.5410875214113292	177.0	True	
T_cell → Col18a1 → Itgb3 → CD4	Masopust_053_2b:A0308	0.5426403164423851	176.0	True	
T_cell → Col18a1 → Itgb3 → CD4	Masopust_053_2b:A0309	0.5426403164423851	177.0	True	
T_cell → Col18a1 → Itgb3 → CD4	Masopust_053_2b:A0310	0.5410875214113292	177.0	True	
T_cell → Col18a1 → Itgb3 → CD4	Masopust_053_2b:A0311	0.5410875214113292	178.0	True	
T_cell → Col18a1 → Itgb3 → CD4	Masopust_053_2b:A0312	0.5426403164423851	176.0	True	
T_cell → Col18a1 → Itgb3 → CD4	Masopust_053_3a:A0307	0.5410875214113292	177.0	True	
T_cell → Col18a1 → Itgb3 → CD4	Masopust_053_3a:A0308	0.5410875214113292	178.0	True	
T_cell → Col18a1 → Itgb3 → CD4	Masopust_053_3a:A0309	0.5426403164423851	176.0	True	
T_cell → Col18a1 → Itgb3 → CD4	Masopust_053_3a:A0310	0.5426403164423851	177.0	True	
T_cell → Col18a1 → Itgb3 → CD4	Masopust_053_3a:A0311	0.5426403164423851	176.0	True	
T_cell → Col18a1 → Itgb3 → CD4	Masopust_053_3b:A0307	0.5426403164423851	176.0	True	
T_cell → Col18a1 → Itgb3 → CD4	Masopust_053_3b:A0308	0.5426403164423851	176.0	True	
T_cell → Col18a1 → Itgb3 → CD4	Masopust_053_3b:A0309	0.5410875214113292	177.0	True	
T_cell → Col18a1 → Itgb3 → CD4	Masopust_053_3b:A0310	0.5426403164423851	176.0	True	
T_cell → Col18a1 → Itgb3 → CD4	Masopust_053_3b:A0311	0.5426403164423851	177.0	True	
T_cell → Col18a1 → Itgb3 → CD4	Masopust_053_6a:A0308	0.5410875214113292	177.0	True	
T_cell → Col18a1 → Itgb3 → CD4	Masopust_053_6b:A0308	0.5410875214113292	177.0	True	
T_cell → Col18a1 → Itgb3 → CD4	Masopust_054_A:A0311	0.5410875214113292	177.0	True	
T_cell → Col18a1 → Itgb3 → CD4	Masopust_054_A:A0312	0.5426403164423851	176.0	True	
T_cell → Col18a1 → Itgb3 → CD4	Masopust_054_B:A0311	0.5426403164423851	176.0	True	
T_cell → Col18a1 → Itgb3 → CD4	Masopust_054_B:A0312	0.5426403164423851	176.0	True	
T_cell → Col18a1 → Itgb3 → CD4	Masopust_054_C:A0311	0.5426403164423851	176.0	True	
T_cell → Col18a1 → Itgb3 → CD4	Masopust_054_C:A0312	0.5410875214113292	177.0	True	
T_cell → Col18a1 → Itgb3 → CD4	Masopust_054_C:A0313	0.5426403164423851	177.0	True	
T_cell → Col18a1 → Itgb3 → CD4	Masopust_054_D:A0311	0.5410875214113292	179.0	True	
T_cell → Col18a1 → Itgb3 → CD4	Masopust_054_D:A0312	0.5410875214113292	177.0	True	
T_cell → Col18a1 → Itgb3 → CD4	Masopust_054_D:A0313	0.5410875214113292	178.0	True	
T_cell → Col18a1 → Itgb3 → CD4	Masopust_054_E:A0311	0.5426403164423851	177.0	True	
NK → Itgav → Thy1 → CD8	Masopust_053_1a:A0307	0.557961375083324	139.0	True	
NK → Itgav → Thy1 → CD8	Masopust_053_1a:A0308	0.557961375083324	139.0	True	
NK → Itgav → Thy1 → CD8	Masopust_053_1a:A0309	0.5596620553554329	137.0	True	
NK → Itgav → Thy1 → CD8	Masopust_053_1a:A0310	0.557961375083324	139.0	True	
NK → Itgav → Thy1 → CD8	Masopust_053_1a:A0311	0.557961375083324	139.0	True	
NK → Itgav → Thy1 → CD8	Masopust_053_1a:A0312	0.557961375083324	139.0	True	
NK → Itgav → Thy1 → CD8	Masopust_053_1b:A0307	0.5596620553554329	138.0	True	
NK → Itgav → Thy1 → CD8	Masopust_053_1b:A0308	0.557961375083324	139.0	True	
NK → Itgav → Thy1 → CD8	Masopust_053_1b:A0309	0.557961375083324	139.0	True	
NK → Itgav → Thy1 → CD8	Masopust_053_1b:A0310	0.5596620553554329	137.0	True	
NK → Itgav → Thy1 → CD8	Masopust_053_1b:A0311	0.557961375083324	139.0	True	
NK → Itgav → Thy1 → CD8	Masopust_053_1b:A0312	0.557961375083324	139.0	True	
NK → Itgav → Thy1 → CD8	Masopust_053_2a:A0307	0.557961375083324	139.0	True	
NK → Itgav → Thy1 → CD8	Masopust_053_2a:A0308	0.557961375083324	139.0	True	
NK → Itgav → Thy1 → CD8	Masopust_053_2a:A0309	0.557961375083324	139.0	True	
NK → Itgav → Thy1 → CD8	Masopust_053_2a:A0310	0.5596620553554329	137.0	True	
NK → Itgav → Thy1 → CD8	Masopust_053_2a:A0312	0.5596620553554329	138.0	True	
NK → Itgav → Thy1 → CD8	Masopust_053_2b:A0307	0.557961375083324	139.0	True	
NK → Itgav → Thy1 → CD8	Masopust_053_2b:A0308	0.557961375083324	139.0	True	
NK → Itgav → Thy1 → CD8	Masopust_053_2b:A0309	0.557961375083324	139.0	True	
NK → Itgav → Thy1 → CD8	Masopust_053_2b:A0310	0.557961375083324	139.0	True	
NK → Itgav → Thy1 → CD8	Masopust_053_2b:A0312	0.557961375083324	139.0	True	
NK → Itgav → Thy1 → CD8	Masopust_053_3a:A0307	0.557961375083324	139.0	True	
NK → Itgav → Thy1 → CD8	Masopust_053_3a:A0308	0.557961375083324	139.0	True	
NK → Itgav → Thy1 → CD8	Masopust_053_3a:A0309	0.5596620553554329	138.0	True	
NK → Itgav → Thy1 → CD8	Masopust_053_3a:A0310	0.557961375083324	139.0	True	
NK → Itgav → Thy1 → CD8	Masopust_053_3a:A0311	0.557961375083324	139.0	True	
NK → Itgav → Thy1 → CD8	Masopust_053_3b:A0307	0.557961375083324	139.0	True	
NK → Itgav → Thy1 → CD8	Masopust_053_3b:A0308	0.557961375083324	139.0	True	
NK → Itgav → Thy1 → CD8	Masopust_053_3b:A0309	0.5596620553554329	139.0	True	
NK → Itgav → Thy1 → CD8	Masopust_053_3b:A0310	0.557961375083324	139.0	True	
NK → Itgav → Thy1 → CD8	Masopust_053_3b:A0311	0.5596620553554329	137.0	True	
NK → Itgav → Thy1 → CD8	Masopust_053_6a:A0308	0.557961375083324	139.0	True	
NK → Itgav → Thy1 → CD8	Masopust_053_6b:A0308	0.557961375083324	139.0	True	
NK → Itgav → Thy1 → CD8	Masopust_054_A:A0311	0.557961375083324	139.0	True	
NK → Itgav → Thy1 → CD8	Masopust_054_A:A0312	0.557961375083324	139.0	True	
NK → Itgav → Thy1 → CD8	Masopust_054_B:A0311	0.557961375083324	139.0	True	
NK → Itgav → Thy1 → CD8	Masopust_054_B:A0312	0.557961375083324	139.0	True	
NK → Itgav → Thy1 → CD8	Masopust_054_C:A0311	0.557961375083324	139.0	True	
NK → Itgav → Thy1 → CD8	Masopust_054_C:A0313	0.557961375083324	139.0	True	
NK → Itgav → Thy1 → CD8	Masopust_054_D:A0311	0.557961375083324	139.0	True	
NK → Itgav → Thy1 → CD8	Masopust_054_D:A0313	0.557961375083324	139.0	True	
NK → Itgav → Thy1 → CD8	Masopust_054_E:A0311	0.5596620553554329	139.0	True	
T_cell → Col18a1 → Itga3 → CD4	Masopust_053_1a:A0307	0.5402312348407569	179.0	True	
T_cell → Col18a1 → Itga3 → CD4	Masopust_053_1a:A0308	0.5402312348407569	179.0	True	
T_cell → Col18a1 → Itga3 → CD4	Masopust_053_1a:A0309	0.5417840298718127	178.0	True	
T_cell → Col18a1 → Itga3 → CD4	Masopust_053_1a:A0310	0.5402312348407569	179.0	True	
T_cell → Col18a1 → Itga3 → CD4	Masopust_053_1a:A0311	0.5402312348407569	179.0	True	
T_cell → Col18a1 → Itga3 → CD4	Masopust_053_1a:A0312	0.5402312348407569	179.0	True	
T_cell → Col18a1 → Itga3 → CD4	Masopust_053_1b:A0307	0.5402312348407569	179.0	True	
T_cell → Col18a1 → Itga3 → CD4	Masopust_053_1b:A0308	0.5402312348407569	179.0	True	
T_cell → Col18a1 → Itga3 → CD4	Masopust_053_1b:A0309	0.5417840298718127	178.0	True	
T_cell → Col18a1 → Itga3 → CD4	Masopust_053_1b:A0310	0.5417840298718127	178.0	True	
T_cell → Col18a1 → Itga3 → CD4	Masopust_053_1b:A0311	0.5402312348407569	180.0	True	
T_cell → Col18a1 → Itga3 → CD4	Masopust_053_1b:A0312	0.5402312348407569	179.0	True	
T_cell → Col18a1 → Itga3 → CD4	Masopust_053_2a:A0307	0.5417840298718127	178.0	True	
T_cell → Col18a1 → Itga3 → CD4	Masopust_053_2a:A0308	0.5417840298718127	178.0	True	
T_cell → Col18a1 → Itga3 → CD4	Masopust_053_2a:A0309	0.5402312348407569	179.0	True	
T_cell → Col18a1 → Itga3 → CD4	Masopust_053_2a:A0310	0.5402312348407569	179.0	True	
T_cell → Col18a1 → Itga3 → CD4	Masopust_053_2a:A0311	0.5402312348407569	179.0	True	
T_cell → Col18a1 → Itga3 → CD4	Masopust_053_2a:A0312	0.5402312348407569	179.0	True	
T_cell → Col18a1 → Itga3 → CD4	Masopust_053_2b:A0307	0.5402312348407569	179.0	True	
T_cell → Col18a1 → Itga3 → CD4	Masopust_053_2b:A0308	0.5417840298718127	178.0	True	
T_cell → Col18a1 → Itga3 → CD4	Masopust_053_2b:A0309	0.5417840298718127	179.0	True	
T_cell → Col18a1 → Itga3 → CD4	Masopust_053_2b:A0310	0.5402312348407569	179.0	True	
T_cell → Col18a1 → Itga3 → CD4	Masopust_053_2b:A0311	0.5402312348407569	179.0	True	
T_cell → Col18a1 → Itga3 → CD4	Masopust_053_2b:A0312	0.5417840298718127	178.0	True	
T_cell → Col18a1 → Itga3 → CD4	Masopust_053_3a:A0307	0.5402312348407569	179.0	True	
T_cell → Col18a1 → Itga3 → CD4	Masopust_053_3a:A0308	0.5402312348407569	179.0	True	
T_cell → Col18a1 → Itga3 → CD4	Masopust_053_3a:A0309	0.5417840298718127	178.0	True	
T_cell → Col18a1 → Itga3 → CD4	Masopust_053_3a:A0310	0.5417840298718127	179.0	True	
T_cell → Col18a1 → Itga3 → CD4	Masopust_053_3a:A0311	0.5417840298718127	179.0	True	
T_cell → Col18a1 → Itga3 → CD4	Masopust_053_3b:A0307	0.5417840298718127	178.0	True	
T_cell → Col18a1 → Itga3 → CD4	Masopust_053_3b:A0308	0.5417840298718127	178.0	True	
T_cell → Col18a1 → Itga3 → CD4	Masopust_053_3b:A0309	0.5402312348407569	179.0	True	
T_cell → Col18a1 → Itga3 → CD4	Masopust_053_3b:A0310	0.5417840298718127	178.0	True	
T_cell → Col18a1 → Itga3 → CD4	Masopust_053_3b:A0311	0.5417840298718127	179.0	True	
T_cell → Col18a1 → Itga3 → CD4	Masopust_053_6a:A0308	0.5402312348407569	179.0	True	
T_cell → Col18a1 → Itga3 → CD4	Masopust_053_6b:A0308	0.5402312348407569	179.0	True	
T_cell → Col18a1 → Itga3 → CD4	Masopust_054_A:A0311	0.5402312348407569	179.0	True	
T_cell → Col18a1 → Itga3 → CD4	Masopust_054_A:A0312	0.5417840298718127	178.0	True	
T_cell → Col18a1 → Itga3 → CD4	Masopust_054_B:A0311	0.5417840298718127	179.0	True	
T_cell → Col18a1 → Itga3 → CD4	Masopust_054_B:A0312	0.5417840298718127	179.0	True	
T_cell → Col18a1 → Itga3 → CD4	Masopust_054_C:A0311	0.5417840298718127	178.0	True	
T_cell → Col18a1 → Itga3 → CD4	Masopust_054_C:A0312	0.5402312348407569	179.0	True	
T_cell → Col18a1 → Itga3 → CD4	Masopust_054_C:A0313	0.5417840298718127	179.0	True	
T_cell → Col18a1 → Itga3 → CD4	Masopust_054_D:A0311	0.5402312348407569	180.0	True	
T_cell → Col18a1 → Itga3 → CD4	Masopust_054_D:A0312	0.5402312348407569	179.0	True	
T_cell → Col18a1 → Itga3 → CD4	Masopust_054_D:A0313	0.5402312348407569	179.0	True	
T_cell → Col18a1 → Itga3 → CD4	Masopust_054_E:A0311	0.5417840298718127	179.0	True	
T_cell → Col18a1 → Itga11_Itgb1 → CD4	Masopust_053_1a:A0307	0.5397317343412564	180.0	True	
T_cell → Col18a1 → Itga11_Itgb1 → CD4	Masopust_053_1a:A0308	0.5397317343412564	180.0	True	
T_cell → Col18a1 → Itga11_Itgb1 → CD4	Masopust_053_1a:A0309	0.5412845293723123	179.0	True	
T_cell → Col18a1 → Itga11_Itgb1 → CD4	Masopust_053_1a:A0310	0.5397317343412564	181.0	True	
T_cell → Col18a1 → Itga11_Itgb1 → CD4	Masopust_053_1a:A0311	0.5397317343412564	180.0	True	
T_cell → Col18a1 → Itga11_Itgb1 → CD4	Masopust_053_1a:A0312	0.5397317343412564	180.0	True	
T_cell → Col18a1 → Itga11_Itgb1 → CD4	Masopust_053_1b:A0307	0.5397317343412564	180.0	True	
T_cell → Col18a1 → Itga11_Itgb1 → CD4	Masopust_053_1b:A0308	0.5397317343412564	181.0	True	
T_cell → Col18a1 → Itga11_Itgb1 → CD4	Masopust_053_1b:A0309	0.5412845293723123	179.0	True	
T_cell → Col18a1 → Itga11_Itgb1 → CD4	Masopust_053_1b:A0310	0.5412845293723123	179.0	True	
T_cell → Col18a1 → Itga11_Itgb1 → CD4	Masopust_053_1b:A0311	0.5397317343412564	181.0	True	
T_cell → Col18a1 → Itga11_Itgb1 → CD4	Masopust_053_1b:A0312	0.5397317343412564	180.0	True	
T_cell → Col18a1 → Itga11_Itgb1 → CD4	Masopust_053_2a:A0307	0.5412845293723123	179.0	True	
T_cell → Col18a1 → Itga11_Itgb1 → CD4	Masopust_053_2a:A0308	0.5412845293723123	179.0	True	
T_cell → Col18a1 → Itga11_Itgb1 → CD4	Masopust_053_2a:A0309	0.5397317343412564	181.0	True	
T_cell → Col18a1 → Itga11_Itgb1 → CD4	Masopust_053_2a:A0310	0.5397317343412564	180.0	True	
T_cell → Col18a1 → Itga11_Itgb1 → CD4	Masopust_053_2a:A0311	0.5397317343412564	180.0	True	
T_cell → Col18a1 → Itga11_Itgb1 → CD4	Masopust_053_2a:A0312	0.5397317343412564	180.0	True	
T_cell → Col18a1 → Itga11_Itgb1 → CD4	Masopust_053_2b:A0307	0.5397317343412564	180.0	True	
T_cell → Col18a1 → Itga11_Itgb1 → CD4	Masopust_053_2b:A0308	0.5412845293723123	179.0	True	
T_cell → Col18a1 → Itga11_Itgb1 → CD4	Masopust_053_2b:A0309	0.5412845293723123	180.0	True	
T_cell → Col18a1 → Itga11_Itgb1 → CD4	Masopust_053_2b:A0310	0.5397317343412564	180.0	True	
T_cell → Col18a1 → Itga11_Itgb1 → CD4	Masopust_053_2b:A0311	0.5397317343412564	180.0	True	
T_cell → Col18a1 → Itga11_Itgb1 → CD4	Masopust_053_2b:A0312	0.5412845293723123	179.0	True	
T_cell → Col18a1 → Itga11_Itgb1 → CD4	Masopust_053_3a:A0307	0.5397317343412564	181.0	True	
T_cell → Col18a1 → Itga11_Itgb1 → CD4	Masopust_053_3a:A0308	0.5397317343412564	180.0	True	
T_cell → Col18a1 → Itga11_Itgb1 → CD4	Masopust_053_3a:A0309	0.5412845293723123	179.0	True	
T_cell → Col18a1 → Itga11_Itgb1 → CD4	Masopust_053_3a:A0310	0.5412845293723123	180.0	True	
T_cell → Col18a1 → Itga11_Itgb1 → CD4	Masopust_053_3a:A0311	0.5412845293723123	180.0	True	
T_cell → Col18a1 → Itga11_Itgb1 → CD4	Masopust_053_3b:A0307	0.5412845293723123	179.0	True	
T_cell → Col18a1 → Itga11_Itgb1 → CD4	Masopust_053_3b:A0308	0.5412845293723123	179.0	True	
T_cell → Col18a1 → Itga11_Itgb1 → CD4	Masopust_053_3b:A0309	0.5397317343412564	181.0	True	
T_cell → Col18a1 → Itga11_Itgb1 → CD4	Masopust_053_3b:A0310	0.5412845293723123	179.0	True	
T_cell → Col18a1 → Itga11_Itgb1 → CD4	Masopust_053_3b:A0311	0.5412845293723123	180.0	True	
T_cell → Col18a1 → Itga11_Itgb1 → CD4	Masopust_053_6a:A0308	0.5397317343412564	181.0	True	
T_cell → Col18a1 → Itga11_Itgb1 → CD4	Masopust_053_6b:A0308	0.5397317343412564	181.0	True	
T_cell → Col18a1 → Itga11_Itgb1 → CD4	Masopust_054_A:A0311	0.5397317343412564	180.0	True	
T_cell → Col18a1 → Itga11_Itgb1 → CD4	Masopust_054_A:A0312	0.5412845293723123	179.0	True	
T_cell → Col18a1 → Itga11_Itgb1 → CD4	Masopust_054_B:A0311	0.5412845293723123	180.0	True	
T_cell → Col18a1 → Itga11_Itgb1 → CD4	Masopust_054_B:A0312	0.5412845293723123	180.0	True	
T_cell → Col18a1 → Itga11_Itgb1 → CD4	Masopust_054_C:A0311	0.5412845293723123	179.0	True	
T_cell → Col18a1 → Itga11_Itgb1 → CD4	Masopust_054_C:A0312	0.5397317343412564	180.0	True	
T_cell → Col18a1 → Itga11_Itgb1 → CD4	Masopust_054_C:A0313	0.5412845293723123	180.0	True	
T_cell → Col18a1 → Itga11_Itgb1 → CD4	Masopust_054_D:A0311	0.5397317343412564	181.0	True	
T_cell → Col18a1 → Itga11_Itgb1 → CD4	Masopust_054_D:A0312	0.5397317343412564	180.0	True	
T_cell → Col18a1 → Itga11_Itgb1 → CD4	Masopust_054_D:A0313	0.5397317343412564	180.0	True	
T_cell → Col18a1 → Itga11_Itgb1 → CD4	Masopust_054_E:A0311	0.5412845293723123	180.0	True	
T_cell → Col18a1 → Itga1_Itgb1 → CD4	Masopust_053_1a:A0307	0.5395890199128277	181.0	True	
T_cell → Col18a1 → Itga1_Itgb1 → CD4	Masopust_053_1a:A0308	0.5395890199128277	181.0	True	
T_cell → Col18a1 → Itga1_Itgb1 → CD4	Masopust_053_1a:A0309	0.5411418149438836	180.0	True	
T_cell → Col18a1 → Itga1_Itgb1 → CD4	Masopust_053_1a:A0310	0.5395890199128277	182.0	True	
T_cell → Col18a1 → Itga1_Itgb1 → CD4	Masopust_053_1a:A0311	0.5395890199128277	181.0	True	
T_cell → Col18a1 → Itga1_Itgb1 → CD4	Masopust_053_1a:A0312	0.5395890199128277	181.0	True	
T_cell → Col18a1 → Itga1_Itgb1 → CD4	Masopust_053_1b:A0307	0.5395890199128277	181.0	True	
T_cell → Col18a1 → Itga1_Itgb1 → CD4	Masopust_053_1b:A0308	0.5395890199128277	182.0	True	
T_cell → Col18a1 → Itga1_Itgb1 → CD4	Masopust_053_1b:A0309	0.5411418149438836	180.0	True	
T_cell → Col18a1 → Itga1_Itgb1 → CD4	Masopust_053_1b:A0310	0.5411418149438836	180.0	True	
T_cell → Col18a1 → Itga1_Itgb1 → CD4	Masopust_053_1b:A0311	0.5395890199128277	183.0	True	
T_cell → Col18a1 → Itga1_Itgb1 → CD4	Masopust_053_1b:A0312	0.5395890199128277	181.0	True	
T_cell → Col18a1 → Itga1_Itgb1 → CD4	Masopust_053_2a:A0307	0.5411418149438836	180.0	True	
T_cell → Col18a1 → Itga1_Itgb1 → CD4	Masopust_053_2a:A0308	0.5411418149438836	180.0	True	
T_cell → Col18a1 → Itga1_Itgb1 → CD4	Masopust_053_2a:A0309	0.5395890199128277	182.0	True	
T_cell → Col18a1 → Itga1_Itgb1 → CD4	Masopust_053_2a:A0310	0.5395890199128277	182.0	True	
T_cell → Col18a1 → Itga1_Itgb1 → CD4	Masopust_053_2a:A0311	0.5395890199128277	181.0	True	
T_cell → Col18a1 → Itga1_Itgb1 → CD4	Masopust_053_2a:A0312	0.5395890199128277	182.0	True	
T_cell → Col18a1 → Itga1_Itgb1 → CD4	Masopust_053_2b:A0307	0.5395890199128277	182.0	True	
T_cell → Col18a1 → Itga1_Itgb1 → CD4	Masopust_053_2b:A0308	0.5411418149438836	180.0	True	
T_cell → Col18a1 → Itga1_Itgb1 → CD4	Masopust_053_2b:A0309	0.5411418149438836	181.0	True	
T_cell → Col18a1 → Itga1_Itgb1 → CD4	Masopust_053_2b:A0310	0.5395890199128277	181.0	True	
T_cell → Col18a1 → Itga1_Itgb1 → CD4	Masopust_053_2b:A0311	0.5395890199128277	181.0	True	
T_cell → Col18a1 → Itga1_Itgb1 → CD4	Masopust_053_2b:A0312	0.5411418149438836	180.0	True	
T_cell → Col18a1 → Itga1_Itgb1 → CD4	Masopust_053_3a:A0307	0.5395890199128277	182.0	True	
T_cell → Col18a1 → Itga1_Itgb1 → CD4	Masopust_053_3a:A0308	0.5395890199128277	181.0	True	
T_cell → Col18a1 → Itga1_Itgb1 → CD4	Masopust_053_3a:A0309	0.5411418149438836	180.0	True	
T_cell → Col18a1 → Itga1_Itgb1 → CD4	Masopust_053_3a:A0310	0.5411418149438836	181.0	True	
T_cell → Col18a1 → Itga1_Itgb1 → CD4	Masopust_053_3a:A0311	0.5411418149438836	181.0	True	
T_cell → Col18a1 → Itga1_Itgb1 → CD4	Masopust_053_3b:A0307	0.5411418149438836	180.0	True	
T_cell → Col18a1 → Itga1_Itgb1 → CD4	Masopust_053_3b:A0308	0.5411418149438836	180.0	True	
T_cell → Col18a1 → Itga1_Itgb1 → CD4	Masopust_053_3b:A0309	0.5395890199128277	182.0	True	
T_cell → Col18a1 → Itga1_Itgb1 → CD4	Masopust_053_3b:A0310	0.5411418149438836	180.0	True	
T_cell → Col18a1 → Itga1_Itgb1 → CD4	Masopust_053_3b:A0311	0.5411418149438836	181.0	True	
T_cell → Col18a1 → Itga1_Itgb1 → CD4	Masopust_053_6a:A0308	0.5395890199128277	182.0	True	
T_cell → Col18a1 → Itga1_Itgb1 → CD4	Masopust_053_6b:A0308	0.5395890199128277	182.0	True	
T_cell → Col18a1 → Itga1_Itgb1 → CD4	Masopust_054_A:A0311	0.5395890199128277	181.0	True	
T_cell → Col18a1 → Itga1_Itgb1 → CD4	Masopust_054_A:A0312	0.5411418149438836	180.0	True	
T_cell → Col18a1 → Itga1_Itgb1 → CD4	Masopust_054_B:A0311	0.5411418149438836	181.0	True	
T_cell → Col18a1 → Itga1_Itgb1 → CD4	Masopust_054_B:A0312	0.5411418149438836	181.0	True	
T_cell → Col18a1 → Itga1_Itgb1 → CD4	Masopust_054_C:A0311	0.5411418149438836	180.0	True	
T_cell → Col18a1 → Itga1_Itgb1 → CD4	Masopust_054_C:A0312	0.5395890199128277	181.0	True	
T_cell → Col18a1 → Itga1_Itgb1 → CD4	Masopust_054_C:A0313	0.5411418149438836	181.0	True	
T_cell → Col18a1 → Itga1_Itgb1 → CD4	Masopust_054_D:A0311	0.5395890199128277	183.0	True	
T_cell → Col18a1 → Itga1_Itgb1 → CD4	Masopust_054_D:A0312	0.5395890199128277	181.0	True	
T_cell → Col18a1 → Itga1_Itgb1 → CD4	Masopust_054_D:A0313	0.5395890199128277	181.0	True	
T_cell → Col18a1 → Itga1_Itgb1 → CD4	Masopust_054_E:A0311	0.5411418149438836	181.0	True	
NK → Tnfsf4 → Tnfrsf4 → CD4	Masopust_053_1a:A0307	0.5391120563605822	182.0	True	
NK → Tnfsf4 → Tnfrsf4 → CD4	Masopust_053_1a:A0308	0.5374113760884734	188.0	True	
NK → Tnfsf4 → Tnfrsf4 → CD4	Masopust_053_1a:A0309	0.5374113760884734	186.0	True	
NK → Tnfsf4 → Tnfrsf4 → CD4	Masopust_053_1a:A0310	0.5374113760884734	188.0	True	
NK → Tnfsf4 → Tnfrsf4 → CD4	Masopust_053_1a:A0311	0.5374113760884734	188.0	True	
NK → Tnfsf4 → Tnfrsf4 → CD4	Masopust_053_1a:A0312	0.5391120563605822	182.0	True	
NK → Tnfsf4 → Tnfrsf4 → CD4	Masopust_053_1b:A0307	0.5391120563605822	182.0	True	
NK → Tnfsf4 → Tnfrsf4 → CD4	Masopust_053_1b:A0308	0.5374113760884734	186.0	True	
NK → Tnfsf4 → Tnfrsf4 → CD4	Masopust_053_1b:A0309	0.5374113760884734	186.0	True	
NK → Tnfsf4 → Tnfrsf4 → CD4	Masopust_053_1b:A0310	0.5391120563605822	182.0	True	
NK → Tnfsf4 → Tnfrsf4 → CD4	Masopust_053_1b:A0311	0.5391120563605822	184.0	True	
NK → Tnfsf4 → Tnfrsf4 → CD4	Masopust_053_1b:A0312	0.5374113760884734	186.0	True	
NK → Tnfsf4 → Tnfrsf4 → CD4	Masopust_053_2a:A0307	0.5391120563605822	184.0	True	
NK → Tnfsf4 → Tnfrsf4 → CD4	Masopust_053_2a:A0308	0.5374113760884734	190.0	True	
NK → Tnfsf4 → Tnfrsf4 → CD4	Masopust_053_2a:A0309	0.5374113760884734	185.0	True	
NK → Tnfsf4 → Tnfrsf4 → CD4	Masopust_053_2a:A0310	0.5374113760884734	190.0	True	
NK → Tnfsf4 → Tnfrsf4 → CD4	Masopust_053_2a:A0312	0.5391120563605822	183.0	True	
NK → Tnfsf4 → Tnfrsf4 → CD4	Masopust_053_2b:A0307	0.5374113760884734	190.0	True	
NK → Tnfsf4 → Tnfrsf4 → CD4	Masopust_053_2b:A0308	0.5391120563605822	183.0	True	
NK → Tnfsf4 → Tnfrsf4 → CD4	Masopust_053_2b:A0309	0.5391120563605822	183.0	True	
NK → Tnfsf4 → Tnfrsf4 → CD4	Masopust_053_2b:A0310	0.5374113760884734	187.0	True	
NK → Tnfsf4 → Tnfrsf4 → CD4	Masopust_053_2b:A0312	0.5391120563605822	183.0	True	
NK → Tnfsf4 → Tnfrsf4 → CD4	Masopust_053_3a:A0307	0.5374113760884734	187.0	True	
NK → Tnfsf4 → Tnfrsf4 → CD4	Masopust_053_3a:A0308	0.5391120563605822	182.0	True	
NK → Tnfsf4 → Tnfrsf4 → CD4	Masopust_053_3a:A0309	0.5374113760884734	187.0	True	
NK → Tnfsf4 → Tnfrsf4 → CD4	Masopust_053_3a:A0310	0.5374113760884734	186.0	True	
NK → Tnfsf4 → Tnfrsf4 → CD4	Masopust_053_3a:A0311	0.5374113760884734	186.0	True	
NK → Tnfsf4 → Tnfrsf4 → CD4	Masopust_053_3b:A0307	0.5374113760884734	186.0	True	
NK → Tnfsf4 → Tnfrsf4 → CD4	Masopust_053_3b:A0308	0.5374113760884734	187.0	True	
NK → Tnfsf4 → Tnfrsf4 → CD4	Masopust_053_3b:A0309	0.5374113760884734	187.0	True	
NK → Tnfsf4 → Tnfrsf4 → CD4	Masopust_053_3b:A0310	0.5374113760884734	186.0	True	
NK → Tnfsf4 → Tnfrsf4 → CD4	Masopust_053_3b:A0311	0.5391120563605822	183.0	True	
NK → Tnfsf4 → Tnfrsf4 → CD4	Masopust_053_6a:A0308	0.5391120563605822	183.0	True	
NK → Tnfsf4 → Tnfrsf4 → CD4	Masopust_053_6b:A0308	0.5391120563605822	183.0	True	
NK → Tnfsf4 → Tnfrsf4 → CD4	Masopust_054_A:A0311	0.5391120563605822	182.0	True	
NK → Tnfsf4 → Tnfrsf4 → CD4	Masopust_054_A:A0312	0.5374113760884734	186.0	True	
NK → Tnfsf4 → Tnfrsf4 → CD4	Masopust_054_B:A0311	0.5391120563605822	183.0	True	
NK → Tnfsf4 → Tnfrsf4 → CD4	Masopust_054_B:A0312	0.5391120563605822	183.0	True	
NK → Tnfsf4 → Tnfrsf4 → CD4	Masopust_054_C:A0311	0.5374113760884734	187.0	True	
NK → Tnfsf4 → Tnfrsf4 → CD4	Masopust_054_C:A0313	0.5374113760884734	187.0	True	
NK → Tnfsf4 → Tnfrsf4 → CD4	Masopust_054_D:A0311	0.5391120563605822	184.0	True	
NK → Tnfsf4 → Tnfrsf4 → CD4	Masopust_054_D:A0313	0.5391120563605822	182.0	True	
NK → Tnfsf4 → Tnfrsf4 → CD4	Masopust_054_E:A0311	0.5391120563605822	183.0	True	
T_cell → Il10 → Cd27 → CD4	Masopust_053_1a:A0307	0.5385925340725054	184.0	True	
T_cell → Il10 → Cd27 → CD4	Masopust_053_1a:A0308	0.5385925340725054	183.0	True	
T_cell → Il10 → Cd27 → CD4	Masopust_053_1a:A0309	0.5385925340725054	183.0	True	
T_cell → Il10 → Cd27 → CD4	Masopust_053_1a:A0310	0.5370397390414494	190.0	True	
T_cell → Il10 → Cd27 → CD4	Masopust_053_1a:A0311	0.5385925340725054	183.0	True	
T_cell → Il10 → Cd27 → CD4	Masopust_053_1a:A0312	0.5370397390414494	187.0	True	
T_cell → Il10 → Cd27 → CD4	Masopust_053_1b:A0307	0.5385925340725054	184.0	True	
T_cell → Il10 → Cd27 → CD4	Masopust_053_1b:A0308	0.5385925340725054	184.0	True	
T_cell → Il10 → Cd27 → CD4	Masopust_053_1b:A0309	0.5370397390414494	189.0	True	
T_cell → Il10 → Cd27 → CD4	Masopust_053_1b:A0310	0.5370397390414494	188.0	True	
T_cell → Il10 → Cd27 → CD4	Masopust_053_1b:A0311	0.5370397390414494	194.0	True	
T_cell → Il10 → Cd27 → CD4	Masopust_053_1b:A0312	0.5385925340725054	183.0	True	
T_cell → Il10 → Cd27 → CD4	Masopust_053_2a:A0307	0.5370397390414494	191.0	True	
T_cell → Il10 → Cd27 → CD4	Masopust_053_2a:A0308	0.5385925340725054	184.0	True	
T_cell → Il10 → Cd27 → CD4	Masopust_053_2a:A0309	0.5370397390414494	187.0	True	
T_cell → Il10 → Cd27 → CD4	Masopust_053_2a:A0310	0.5385925340725054	184.0	True	
T_cell → Il10 → Cd27 → CD4	Masopust_053_2a:A0311	0.5385925340725054	183.0	True	
T_cell → Il10 → Cd27 → CD4	Masopust_053_2a:A0312	0.5385925340725054	185.0	True	
T_cell → Il10 → Cd27 → CD4	Masopust_053_2b:A0307	0.5385925340725054	184.0	True	
T_cell → Il10 → Cd27 → CD4	Masopust_053_2b:A0308	0.5370397390414494	188.0	True	
T_cell → Il10 → Cd27 → CD4	Masopust_053_2b:A0309	0.5370397390414494	188.0	True	
T_cell → Il10 → Cd27 → CD4	Masopust_053_2b:A0310	0.5385925340725054	183.0	True	
T_cell → Il10 → Cd27 → CD4	Masopust_053_2b:A0311	0.5385925340725054	183.0	True	
T_cell → Il10 → Cd27 → CD4	Masopust_053_2b:A0312	0.5370397390414494	188.0	True	
T_cell → Il10 → Cd27 → CD4	Masopust_053_3a:A0307	0.5385925340725054	184.0	True	
T_cell → Il10 → Cd27 → CD4	Masopust_053_3a:A0308	0.5370397390414494	187.0	True	
T_cell → Il10 → Cd27 → CD4	Masopust_053_3a:A0309	0.5370397390414494	189.0	True	
T_cell → Il10 → Cd27 → CD4	Masopust_053_3a:A0310	0.5370397390414494	187.0	True	
T_cell → Il10 → Cd27 → CD4	Masopust_053_3a:A0311	0.5370397390414494	187.0	True	
T_cell → Il10 → Cd27 → CD4	Masopust_053_3b:A0307	0.5385925340725054	184.0	True	
T_cell → Il10 → Cd27 → CD4	Masopust_053_3b:A0308	0.5385925340725054	184.0	True	
T_cell → Il10 → Cd27 → CD4	Masopust_053_3b:A0309	0.5370397390414494	189.0	True	
T_cell → Il10 → Cd27 → CD4	Masopust_053_3b:A0310	0.5370397390414494	187.0	True	
T_cell → Il10 → Cd27 → CD4	Masopust_053_3b:A0311	0.5385925340725054	185.0	True	
T_cell → Il10 → Cd27 → CD4	Masopust_053_6a:A0308	0.5370397390414494	188.0	True	
T_cell → Il10 → Cd27 → CD4	Masopust_053_6b:A0308	0.5370397390414494	188.0	True	
T_cell → Il10 → Cd27 → CD4	Masopust_054_A:A0311	0.5370397390414494	187.0	True	
T_cell → Il10 → Cd27 → CD4	Masopust_054_A:A0312	0.5370397390414494	187.0	True	
T_cell → Il10 → Cd27 → CD4	Masopust_054_B:A0311	0.5370397390414494	189.0	True	
T_cell → Il10 → Cd27 → CD4	Masopust_054_B:A0312	0.5370397390414494	187.0	True	
T_cell → Il10 → Cd27 → CD4	Masopust_054_C:A0311	0.5370397390414494	189.0	True	
T_cell → Il10 → Cd27 → CD4	Masopust_054_C:A0312	0.5370397390414494	189.0	True	
T_cell → Il10 → Cd27 → CD4	Masopust_054_C:A0313	0.5370397390414494	189.0	True	
T_cell → Il10 → Cd27 → CD4	Masopust_054_D:A0311	0.5385925340725054	185.0	True	
T_cell → Il10 → Cd27 → CD4	Masopust_054_D:A0312	0.5385925340725054	183.0	True	
T_cell → Il10 → Cd27 → CD4	Masopust_054_D:A0313	0.5385925340725054	184.0	True	
T_cell → Il10 → Cd27 → CD4	Masopust_054_E:A0311	0.5385925340725054	185.0	True	
T_cell → Areg → Egfr_Erbb2 → CD4	Masopust_053_1a:A0307	0.5384998609128588	185.0	True	
T_cell → Areg → Egfr_Erbb2 → CD4	Masopust_053_1a:A0308	0.5384998609128588	184.0	True	
T_cell → Areg → Egfr_Erbb2 → CD4	Masopust_053_1a:A0309	0.5384998609128588	184.0	True	
T_cell → Areg → Egfr_Erbb2 → CD4	Masopust_053_1a:A0310	0.5400526559439148	180.0	True	
T_cell → Areg → Egfr_Erbb2 → CD4	Masopust_053_1a:A0311	0.5384998609128588	184.0	True	
T_cell → Areg → Egfr_Erbb2 → CD4	Masopust_053_1a:A0312	0.5384998609128588	184.0	True	
T_cell → Areg → Egfr_Erbb2 → CD4	Masopust_053_1b:A0307	0.5384998609128588	185.0	True	
T_cell → Areg → Egfr_Erbb2 → CD4	Masopust_053_1b:A0308	0.5400526559439148	180.0	True	
T_cell → Areg → Egfr_Erbb2 → CD4	Masopust_053_1b:A0309	0.5400526559439148	182.0	True	
T_cell → Areg → Egfr_Erbb2 → CD4	Masopust_053_1b:A0310	0.5384998609128588	184.0	True	
T_cell → Areg → Egfr_Erbb2 → CD4	Masopust_053_1b:A0311	0.5384998609128588	185.0	True	
T_cell → Areg → Egfr_Erbb2 → CD4	Masopust_053_1b:A0312	0.5384998609128588	184.0	True	
T_cell → Areg → Egfr_Erbb2 → CD4	Masopust_053_2a:A0307	0.5400526559439148	182.0	True	
T_cell → Areg → Egfr_Erbb2 → CD4	Masopust_053_2a:A0308	0.5384998609128588	185.0	True	
T_cell → Areg → Egfr_Erbb2 → CD4	Masopust_053_2a:A0309	0.5400526559439148	180.0	True	
T_cell → Areg → Egfr_Erbb2 → CD4	Masopust_053_2a:A0310	0.5384998609128588	186.0	True	
T_cell → Areg → Egfr_Erbb2 → CD4	Masopust_053_2a:A0311	0.5384998609128588	184.0	True	
T_cell → Areg → Egfr_Erbb2 → CD4	Masopust_053_2a:A0312	0.5384998609128588	186.0	True	
T_cell → Areg → Egfr_Erbb2 → CD4	Masopust_053_2b:A0307	0.5384998609128588	185.0	True	
T_cell → Areg → Egfr_Erbb2 → CD4	Masopust_053_2b:A0308	0.5400526559439148	182.0	True	
T_cell → Areg → Egfr_Erbb2 → CD4	Masopust_053_2b:A0309	0.5400526559439148	182.0	True	
T_cell → Areg → Egfr_Erbb2 → CD4	Masopust_053_2b:A0310	0.5384998609128588	185.0	True	
T_cell → Areg → Egfr_Erbb2 → CD4	Masopust_053_2b:A0311	0.5384998609128588	184.0	True	
T_cell → Areg → Egfr_Erbb2 → CD4	Masopust_053_2b:A0312	0.5400526559439148	182.0	True	
T_cell → Areg → Egfr_Erbb2 → CD4	Masopust_053_3a:A0307	0.5400526559439148	180.0	True	
T_cell → Areg → Egfr_Erbb2 → CD4	Masopust_053_3a:A0308	0.5384998609128588	184.0	True	
T_cell → Areg → Egfr_Erbb2 → CD4	Masopust_053_3a:A0309	0.5384998609128588	185.0	True	
T_cell → Areg → Egfr_Erbb2 → CD4	Masopust_053_3a:A0310	0.5400526559439148	182.0	True	
T_cell → Areg → Egfr_Erbb2 → CD4	Masopust_053_3a:A0311	0.5400526559439148	182.0	True	
T_cell → Areg → Egfr_Erbb2 → CD4	Masopust_053_3b:A0307	0.5400526559439148	182.0	True	
T_cell → Areg → Egfr_Erbb2 → CD4	Masopust_053_3b:A0308	0.5400526559439148	182.0	True	
T_cell → Areg → Egfr_Erbb2 → CD4	Masopust_053_3b:A0309	0.5400526559439148	180.0	True	
T_cell → Areg → Egfr_Erbb2 → CD4	Masopust_053_3b:A0310	0.5400526559439148	182.0	True	
T_cell → Areg → Egfr_Erbb2 → CD4	Masopust_053_3b:A0311	0.5384998609128588	186.0	True	
T_cell → Areg → Egfr_Erbb2 → CD4	Masopust_053_6a:A0308	0.5400526559439148	180.0	True	
T_cell → Areg → Egfr_Erbb2 → CD4	Masopust_053_6b:A0308	0.5400526559439148	180.0	True	
T_cell → Areg → Egfr_Erbb2 → CD4	Masopust_054_A:A0311	0.5384998609128588	184.0	True	
T_cell → Areg → Egfr_Erbb2 → CD4	Masopust_054_A:A0312	0.5384998609128588	183.0	True	
T_cell → Areg → Egfr_Erbb2 → CD4	Masopust_054_B:A0311	0.5400526559439148	182.0	True	
T_cell → Areg → Egfr_Erbb2 → CD4	Masopust_054_B:A0312	0.5400526559439148	182.0	True	
T_cell → Areg → Egfr_Erbb2 → CD4	Masopust_054_C:A0311	0.5384998609128588	183.0	True	
T_cell → Areg → Egfr_Erbb2 → CD4	Masopust_054_C:A0312	0.5384998609128588	184.0	True	
T_cell → Areg → Egfr_Erbb2 → CD4	Masopust_054_C:A0313	0.5400526559439148	182.0	True	
T_cell → Areg → Egfr_Erbb2 → CD4	Masopust_054_D:A0311	0.5384998609128588	186.0	True	
T_cell → Areg → Egfr_Erbb2 → CD4	Masopust_054_D:A0312	0.5384998609128588	185.0	True	
T_cell → Areg → Egfr_Erbb2 → CD4	Masopust_054_D:A0313	0.5384998609128588	185.0	True	
T_cell → Areg → Egfr_Erbb2 → CD4	Masopust_054_E:A0311	0.5400526559439148	182.0	True	
T_cell → Cd80 → Cd28 → CD4	Masopust_053_1a:A0307	0.53419569197825	200.0	True	
T_cell → Cd80 → Cd28 → CD4	Masopust_053_1a:A0308	0.535748487009306	191.0	True	
T_cell → Cd80 → Cd28 → CD4	Masopust_053_1a:A0309	0.53419569197825	202.0	True	
T_cell → Cd80 → Cd28 → CD4	Masopust_053_1a:A0310	0.53419569197825	199.0	True	
T_cell → Cd80 → Cd28 → CD4	Masopust_053_1a:A0311	0.535748487009306	194.0	True	
T_cell → Cd80 → Cd28 → CD4	Masopust_053_1a:A0312	0.53419569197825	202.0	True	
T_cell → Cd80 → Cd28 → CD4	Masopust_053_1b:A0307	0.53419569197825	202.0	True	
T_cell → Cd80 → Cd28 → CD4	Masopust_053_1b:A0308	0.53419569197825	202.0	True	
T_cell → Cd80 → Cd28 → CD4	Masopust_053_1b:A0309	0.535748487009306	191.0	True	
T_cell → Cd80 → Cd28 → CD4	Masopust_053_1b:A0310	0.535748487009306	192.0	True	
T_cell → Cd80 → Cd28 → CD4	Masopust_053_1b:A0311	0.535748487009306	200.0	True	
T_cell → Cd80 → Cd28 → CD4	Masopust_053_1b:A0312	0.535748487009306	191.0	True	
T_cell → Cd80 → Cd28 → CD4	Masopust_053_2a:A0307	0.535748487009306	198.0	True	
T_cell → Cd80 → Cd28 → CD4	Masopust_053_2a:A0308	0.535748487009306	198.0	True	
T_cell → Cd80 → Cd28 → CD4	Masopust_053_2a:A0309	0.53419569197825	200.0	True	
T_cell → Cd80 → Cd28 → CD4	Masopust_053_2a:A0310	0.53419569197825	200.0	True	
T_cell → Cd80 → Cd28 → CD4	Masopust_053_2a:A0311	0.53419569197825	202.0	True	
T_cell → Cd80 → Cd28 → CD4	Masopust_053_2a:A0312	0.53419569197825	199.0	True	
T_cell → Cd80 → Cd28 → CD4	Masopust_053_2b:A0307	0.53419569197825	199.0	True	
T_cell → Cd80 → Cd28 → CD4	Masopust_053_2b:A0308	0.535748487009306	191.0	True	
T_cell → Cd80 → Cd28 → CD4	Masopust_053_2b:A0309	0.53419569197825	201.0	True	
T_cell → Cd80 → Cd28 → CD4	Masopust_053_2b:A0310	0.53419569197825	193.0	True	
T_cell → Cd80 → Cd28 → CD4	Masopust_053_2b:A0311	0.53419569197825	203.0	True	
T_cell → Cd80 → Cd28 → CD4	Masopust_053_2b:A0312	0.535748487009306	190.0	True	
T_cell → Cd80 → Cd28 → CD4	Masopust_053_3a:A0307	0.535748487009306	192.0	True	
T_cell → Cd80 → Cd28 → CD4	Masopust_053_3a:A0308	0.53419569197825	199.0	True	
T_cell → Cd80 → Cd28 → CD4	Masopust_053_3a:A0309	0.535748487009306	191.0	True	
T_cell → Cd80 → Cd28 → CD4	Masopust_053_3a:A0310	0.535748487009306	190.0	True	
T_cell → Cd80 → Cd28 → CD4	Masopust_053_3a:A0311	0.535748487009306	190.0	True	
T_cell → Cd80 → Cd28 → CD4	Masopust_053_3b:A0307	0.535748487009306	191.0	True	
T_cell → Cd80 → Cd28 → CD4	Masopust_053_3b:A0308	0.535748487009306	191.0	True	
T_cell → Cd80 → Cd28 → CD4	Masopust_053_3b:A0309	0.535748487009306	191.0	True	
T_cell → Cd80 → Cd28 → CD4	Masopust_053_3b:A0310	0.535748487009306	190.0	True	
T_cell → Cd80 → Cd28 → CD4	Masopust_053_3b:A0311	0.53419569197825	200.0	True	
T_cell → Cd80 → Cd28 → CD4	Masopust_053_6a:A0308	0.53419569197825	201.0	True	
T_cell → Cd80 → Cd28 → CD4	Masopust_053_6b:A0308	0.53419569197825	201.0	True	
T_cell → Cd80 → Cd28 → CD4	Masopust_054_A:A0311	0.53419569197825	202.0	True	
T_cell → Cd80 → Cd28 → CD4	Masopust_054_A:A0312	0.535748487009306	191.0	True	
T_cell → Cd80 → Cd28 → CD4	Masopust_054_B:A0311	0.53419569197825	202.0	True	
T_cell → Cd80 → Cd28 → CD4	Masopust_054_B:A0312	0.53419569197825	202.0	True	
T_cell → Cd80 → Cd28 → CD4	Masopust_054_C:A0311	0.535748487009306	192.0	True	
T_cell → Cd80 → Cd28 → CD4	Masopust_054_C:A0312	0.535748487009306	192.0	True	
T_cell → Cd80 → Cd28 → CD4	Masopust_054_C:A0313	0.535748487009306	192.0	True	
T_cell → Cd80 → Cd28 → CD4	Masopust_054_D:A0311	0.53419569197825	205.0	True	
T_cell → Cd80 → Cd28 → CD4	Masopust_054_D:A0312	0.53419569197825	200.0	True	
T_cell → Cd80 → Cd28 → CD4	Masopust_054_D:A0313	0.53419569197825	201.0	True	
T_cell → Cd80 → Cd28 → CD4	Masopust_054_E:A0311	0.535748487009306	191.0	True	
NK → Ifnk → Ifnar1_Ifnar2 → CD8	Masopust_053_1a:A0307	0.518381308885007	228.0	True	
NK → Ifnk → Ifnar1_Ifnar2 → CD8	Masopust_053_1a:A0308	0.518381308885007	230.0	True	
NK → Ifnk → Ifnar1_Ifnar2 → CD8	Masopust_053_1a:A0309	0.518381308885007	229.0	True	
NK → Ifnk → Ifnar1_Ifnar2 → CD8	Masopust_053_1a:A0310	0.518381308885007	230.0	True	
NK → Ifnk → Ifnar1_Ifnar2 → CD8	Masopust_053_1a:A0311	0.5166806286128981	232.0	True	
NK → Ifnk → Ifnar1_Ifnar2 → CD8	Masopust_053_1a:A0312	0.5166806286128981	232.0	True	
NK → Ifnk → Ifnar1_Ifnar2 → CD8	Masopust_053_1b:A0307	0.518381308885007	230.0	True	
NK → Ifnk → Ifnar1_Ifnar2 → CD8	Masopust_053_1b:A0308	0.518381308885007	229.0	True	
NK → Ifnk → Ifnar1_Ifnar2 → CD8	Masopust_053_1b:A0309	0.518381308885007	230.0	True	
NK → Ifnk → Ifnar1_Ifnar2 → CD8	Masopust_053_1b:A0310	0.5166806286128981	232.0	True	
NK → Ifnk → Ifnar1_Ifnar2 → CD8	Masopust_053_1b:A0311	0.5166806286128981	233.0	True	
NK → Ifnk → Ifnar1_Ifnar2 → CD8	Masopust_053_1b:A0312	0.5166806286128981	232.0	True	
NK → Ifnk → Ifnar1_Ifnar2 → CD8	Masopust_053_2a:A0307	0.5166806286128981	232.0	True	
NK → Ifnk → Ifnar1_Ifnar2 → CD8	Masopust_053_2a:A0308	0.518381308885007	229.0	True	
NK → Ifnk → Ifnar1_Ifnar2 → CD8	Masopust_053_2a:A0309	0.518381308885007	228.0	True	
NK → Ifnk → Ifnar1_Ifnar2 → CD8	Masopust_053_2a:A0310	0.5166806286128981	233.0	True	
NK → Ifnk → Ifnar1_Ifnar2 → CD8	Masopust_053_2a:A0312	0.518381308885007	227.0	True	
NK → Ifnk → Ifnar1_Ifnar2 → CD8	Masopust_053_2b:A0307	0.5166806286128981	233.0	True	
NK → Ifnk → Ifnar1_Ifnar2 → CD8	Masopust_053_2b:A0308	0.518381308885007	230.0	True	
NK → Ifnk → Ifnar1_Ifnar2 → CD8	Masopust_053_2b:A0309	0.518381308885007	228.0	True	
NK → Ifnk → Ifnar1_Ifnar2 → CD8	Masopust_053_2b:A0310	0.518381308885007	229.0	True	
NK → Ifnk → Ifnar1_Ifnar2 → CD8	Masopust_053_2b:A0312	0.518381308885007	229.0	True	
NK → Ifnk → Ifnar1_Ifnar2 → CD8	Masopust_053_3a:A0307	0.518381308885007	231.0	True	
NK → Ifnk → Ifnar1_Ifnar2 → CD8	Masopust_053_3a:A0308	0.518381308885007	231.0	True	
NK → Ifnk → Ifnar1_Ifnar2 → CD8	Masopust_053_3a:A0309	0.518381308885007	230.0	True	
NK → Ifnk → Ifnar1_Ifnar2 → CD8	Masopust_053_3a:A0310	0.518381308885007	230.0	True	
NK → Ifnk → Ifnar1_Ifnar2 → CD8	Masopust_053_3a:A0311	0.518381308885007	228.0	True	
NK → Ifnk → Ifnar1_Ifnar2 → CD8	Masopust_053_3b:A0307	0.518381308885007	228.0	True	
NK → Ifnk → Ifnar1_Ifnar2 → CD8	Masopust_053_3b:A0308	0.518381308885007	230.0	True	
NK → Ifnk → Ifnar1_Ifnar2 → CD8	Masopust_053_3b:A0309	0.518381308885007	230.0	True	
NK → Ifnk → Ifnar1_Ifnar2 → CD8	Masopust_053_3b:A0310	0.518381308885007	229.0	True	
NK → Ifnk → Ifnar1_Ifnar2 → CD8	Masopust_053_3b:A0311	0.518381308885007	227.0	True	
NK → Ifnk → Ifnar1_Ifnar2 → CD8	Masopust_053_6a:A0308	0.5166806286128981	233.0	True	
NK → Ifnk → Ifnar1_Ifnar2 → CD8	Masopust_053_6b:A0308	0.5166806286128981	233.0	True	
NK → Ifnk → Ifnar1_Ifnar2 → CD8	Masopust_054_A:A0311	0.518381308885007	229.0	True	
NK → Ifnk → Ifnar1_Ifnar2 → CD8	Masopust_054_A:A0312	0.518381308885007	228.0	True	
NK → Ifnk → Ifnar1_Ifnar2 → CD8	Masopust_054_B:A0311	0.518381308885007	230.0	True	
NK → Ifnk → Ifnar1_Ifnar2 → CD8	Masopust_054_B:A0312	0.518381308885007	229.0	True	
NK → Ifnk → Ifnar1_Ifnar2 → CD8	Masopust_054_C:A0311	0.5166806286128981	232.0	True	
NK → Ifnk → Ifnar1_Ifnar2 → CD8	Masopust_054_C:A0313	0.5166806286128981	232.0	True	
NK → Ifnk → Ifnar1_Ifnar2 → CD8	Masopust_054_D:A0311	0.518381308885007	231.0	True	
NK → Ifnk → Ifnar1_Ifnar2 → CD8	Masopust_054_D:A0313	0.518381308885007	228.0	True	
NK → Ifnk → Ifnar1_Ifnar2 → CD8	Masopust_054_E:A0311	0.518381308885007	230.0	True	
T_cell → Adam17 → Notch1 → CD8	Masopust_053_1a:A0307	0.5529425505570013	145.0	True	
T_cell → Adam17 → Notch1 → CD8	Masopust_053_1a:A0308	0.5544953455880571	144.0	True	
T_cell → Adam17 → Notch1 → CD8	Masopust_053_1a:A0309	0.5529425505570013	147.0	True	
T_cell → Adam17 → Notch1 → CD8	Masopust_053_1a:A0310	0.5544953455880571	145.0	True	
T_cell → Adam17 → Notch1 → CD8	Masopust_053_1a:A0311	0.5544953455880571	146.0	True	
T_cell → Adam17 → Notch1 → CD8	Masopust_053_1a:A0312	0.5529425505570013	149.0	True	
T_cell → Adam17 → Notch1 → CD8	Masopust_053_1b:A0307	0.5544953455880571	145.0	True	
T_cell → Adam17 → Notch1 → CD8	Masopust_053_1b:A0308	0.5529425505570013	147.0	True	
T_cell → Adam17 → Notch1 → CD8	Masopust_053_1b:A0309	0.5529425505570013	146.0	True	
T_cell → Adam17 → Notch1 → CD8	Masopust_053_1b:A0310	0.5529425505570013	153.0	True	
T_cell → Adam17 → Notch1 → CD8	Masopust_053_1b:A0311	0.5529425505570013	150.0	True	
T_cell → Adam17 → Notch1 → CD8	Masopust_053_1b:A0312	0.5529425505570013	150.0	True	
T_cell → Adam17 → Notch1 → CD8	Masopust_053_2a:A0307	0.5529425505570013	151.0	True	
T_cell → Adam17 → Notch1 → CD8	Masopust_053_2a:A0308	0.5529425505570013	153.0	True	
T_cell → Adam17 → Notch1 → CD8	Masopust_053_2a:A0309	0.5529425505570013	145.0	True	
T_cell → Adam17 → Notch1 → CD8	Masopust_053_2a:A0310	0.5529425505570013	148.0	True	
T_cell → Adam17 → Notch1 → CD8	Masopust_053_2a:A0311	0.5529425505570013	148.0	True	
T_cell → Adam17 → Notch1 → CD8	Masopust_053_2a:A0312	0.5544953455880571	144.0	True	
T_cell → Adam17 → Notch1 → CD8	Masopust_053_2b:A0307	0.5529425505570013	150.0	True	
T_cell → Adam17 → Notch1 → CD8	Masopust_053_2b:A0308	0.5529425505570013	147.0	True	
T_cell → Adam17 → Notch1 → CD8	Masopust_053_2b:A0309	0.5529425505570013	148.0	True	
T_cell → Adam17 → Notch1 → CD8	Masopust_053_2b:A0310	0.5529425505570013	148.0	True	
T_cell → Adam17 → Notch1 → CD8	Masopust_053_2b:A0311	0.5544953455880571	144.0	True	
T_cell → Adam17 → Notch1 → CD8	Masopust_053_2b:A0312	0.5529425505570013	149.0	True	
T_cell → Adam17 → Notch1 → CD8	Masopust_053_3a:A0307	0.5544953455880571	144.0	True	
T_cell → Adam17 → Notch1 → CD8	Masopust_053_3a:A0308	0.5529425505570013	148.0	True	
T_cell → Adam17 → Notch1 → CD8	Masopust_053_3a:A0309	0.5529425505570013	147.0	True	
T_cell → Adam17 → Notch1 → CD8	Masopust_053_3a:A0310	0.5529425505570013	147.0	True	
T_cell → Adam17 → Notch1 → CD8	Masopust_053_3a:A0311	0.5529425505570013	147.0	True	
T_cell → Adam17 → Notch1 → CD8	Masopust_053_3b:A0307	0.5529425505570013	148.0	True	
T_cell → Adam17 → Notch1 → CD8	Masopust_053_3b:A0308	0.5529425505570013	146.0	True	
T_cell → Adam17 → Notch1 → CD8	Masopust_053_3b:A0309	0.5544953455880571	144.0	True	
T_cell → Adam17 → Notch1 → CD8	Masopust_053_3b:A0310	0.5529425505570013	147.0	True	
T_cell → Adam17 → Notch1 → CD8	Masopust_053_3b:A0311	0.5529425505570013	151.0	True	
T_cell → Adam17 → Notch1 → CD8	Masopust_053_6a:A0308	0.5529425505570013	150.0	True	
T_cell → Adam17 → Notch1 → CD8	Masopust_053_6b:A0308	0.5529425505570013	150.0	True	
T_cell → Adam17 → Notch1 → CD8	Masopust_054_A:A0311	0.5529425505570013	147.0	True	
T_cell → Adam17 → Notch1 → CD8	Masopust_054_A:A0312	0.5529425505570013	149.0	True	
T_cell → Adam17 → Notch1 → CD8	Masopust_054_B:A0311	0.5529425505570013	147.0	True	
T_cell → Adam17 → Notch1 → CD8	Masopust_054_B:A0312	0.5529425505570013	146.0	True	
T_cell → Adam17 → Notch1 → CD8	Masopust_054_C:A0311	0.5529425505570013	148.0	True	
T_cell → Adam17 → Notch1 → CD8	Masopust_054_C:A0312	0.5529425505570013	145.0	True	
T_cell → Adam17 → Notch1 → CD8	Masopust_054_C:A0313	0.5544953455880571	144.0	True	
T_cell → Adam17 → Notch1 → CD8	Masopust_054_D:A0311	0.5529425505570013	151.0	True	
T_cell → Adam17 → Notch1 → CD8	Masopust_054_D:A0312	0.5529425505570013	147.0	True	
T_cell → Adam17 → Notch1 → CD8	Masopust_054_D:A0313	0.5529425505570013	150.0	True	
T_cell → Adam17 → Notch1 → CD8	Masopust_054_E:A0311	0.5544953455880571	144.0	True	
T_cell → Grn → Tnfrsf1b → CD8	Masopust_053_1a:A0307	0.542009727648624	177.0	True	
T_cell → Grn → Tnfrsf1b → CD8	Masopust_053_1a:A0308	0.542009727648624	176.0	True	
T_cell → Grn → Tnfrsf1b → CD8	Masopust_053_1a:A0309	0.5435625226796799	176.0	True	
T_cell → Grn → Tnfrsf1b → CD8	Masopust_053_1a:A0310	0.542009727648624	177.0	True	
T_cell → Grn → Tnfrsf1b → CD8	Masopust_053_1a:A0311	0.542009727648624	177.0	True	
T_cell → Grn → Tnfrsf1b → CD8	Masopust_053_1a:A0312	0.542009727648624	176.0	True	
T_cell → Grn → Tnfrsf1b → CD8	Masopust_053_1b:A0307	0.5435625226796799	176.0	True	
T_cell → Grn → Tnfrsf1b → CD8	Masopust_053_1b:A0308	0.542009727648624	176.0	True	
T_cell → Grn → Tnfrsf1b → CD8	Masopust_053_1b:A0309	0.542009727648624	177.0	True	
T_cell → Grn → Tnfrsf1b → CD8	Masopust_053_1b:A0310	0.542009727648624	177.0	True	
T_cell → Grn → Tnfrsf1b → CD8	Masopust_053_1b:A0311	0.542009727648624	178.0	True	
T_cell → Grn → Tnfrsf1b → CD8	Masopust_053_1b:A0312	0.542009727648624	176.0	True	
T_cell → Grn → Tnfrsf1b → CD8	Masopust_053_2a:A0307	0.5435625226796799	176.0	True	
T_cell → Grn → Tnfrsf1b → CD8	Masopust_053_2a:A0308	0.5435625226796799	176.0	True	
T_cell → Grn → Tnfrsf1b → CD8	Masopust_053_2a:A0309	0.542009727648624	176.0	True	
T_cell → Grn → Tnfrsf1b → CD8	Masopust_053_2a:A0310	0.542009727648624	176.0	True	
T_cell → Grn → Tnfrsf1b → CD8	Masopust_053_2a:A0311	0.542009727648624	176.0	True	
T_cell → Grn → Tnfrsf1b → CD8	Masopust_053_2a:A0312	0.5435625226796799	176.0	True	
T_cell → Grn → Tnfrsf1b → CD8	Masopust_053_2b:A0307	0.5435625226796799	176.0	True	
T_cell → Grn → Tnfrsf1b → CD8	Masopust_053_2b:A0308	0.542009727648624	177.0	True	
T_cell → Grn → Tnfrsf1b → CD8	Masopust_053_2b:A0309	0.5435625226796799	176.0	True	
T_cell → Grn → Tnfrsf1b → CD8	Masopust_053_2b:A0310	0.542009727648624	176.0	True	
T_cell → Grn → Tnfrsf1b → CD8	Masopust_053_2b:A0311	0.542009727648624	176.0	True	
T_cell → Grn → Tnfrsf1b → CD8	Masopust_053_2b:A0312	0.542009727648624	177.0	True	
T_cell → Grn → Tnfrsf1b → CD8	Masopust_053_3a:A0307	0.5435625226796799	176.0	True	
T_cell → Grn → Tnfrsf1b → CD8	Masopust_053_3a:A0308	0.542009727648624	177.0	True	
T_cell → Grn → Tnfrsf1b → CD8	Masopust_053_3a:A0309	0.542009727648624	177.0	True	
T_cell → Grn → Tnfrsf1b → CD8	Masopust_053_3a:A0310	0.5435625226796799	176.0	True	
T_cell → Grn → Tnfrsf1b → CD8	Masopust_053_3a:A0311	0.542009727648624	178.0	True	
T_cell → Grn → Tnfrsf1b → CD8	Masopust_053_3b:A0307	0.542009727648624	177.0	True	
T_cell → Grn → Tnfrsf1b → CD8	Masopust_053_3b:A0308	0.542009727648624	177.0	True	
T_cell → Grn → Tnfrsf1b → CD8	Masopust_053_3b:A0309	0.5435625226796799	176.0	True	
T_cell → Grn → Tnfrsf1b → CD8	Masopust_053_3b:A0310	0.542009727648624	177.0	True	
T_cell → Grn → Tnfrsf1b → CD8	Masopust_053_3b:A0311	0.5435625226796799	176.0	True	
T_cell → Grn → Tnfrsf1b → CD8	Masopust_053_6a:A0308	0.5435625226796799	176.0	True	
T_cell → Grn → Tnfrsf1b → CD8	Masopust_053_6b:A0308	0.5435625226796799	176.0	True	
T_cell → Grn → Tnfrsf1b → CD8	Masopust_054_A:A0311	0.542009727648624	176.0	True	
T_cell → Grn → Tnfrsf1b → CD8	Masopust_054_A:A0312	0.542009727648624	177.0	True	
T_cell → Grn → Tnfrsf1b → CD8	Masopust_054_B:A0311	0.542009727648624	178.0	True	
T_cell → Grn → Tnfrsf1b → CD8	Masopust_054_B:A0312	0.542009727648624	178.0	True	
T_cell → Grn → Tnfrsf1b → CD8	Masopust_054_C:A0311	0.542009727648624	177.0	True	
T_cell → Grn → Tnfrsf1b → CD8	Masopust_054_C:A0312	0.542009727648624	176.0	True	
T_cell → Grn → Tnfrsf1b → CD8	Masopust_054_C:A0313	0.5435625226796799	176.0	True	
T_cell → Grn → Tnfrsf1b → CD8	Masopust_054_D:A0311	0.542009727648624	178.0	True	
T_cell → Grn → Tnfrsf1b → CD8	Masopust_054_D:A0312	0.542009727648624	176.0	True	
T_cell → Grn → Tnfrsf1b → CD8	Masopust_054_D:A0313	0.5435625226796799	176.0	True	
T_cell → Grn → Tnfrsf1b → CD8	Masopust_054_E:A0311	0.5435625226796799	176.0	True	
melanoma → Nid1 → Itgav → CD8	Masopust_053_1a:A0307	0.5336265294202177	202.0	True	
melanoma → Nid1 → Itgav → CD8	Masopust_053_1a:A0309	0.5353686896989633	193.0	True	
melanoma → Nid1 → Itgav → CD8	Masopust_053_1a:A0310	0.5336265294202177	203.0	True	
melanoma → Nid1 → Itgav → CD8	Masopust_053_1a:A0311	0.5353686896989633	197.0	True	
melanoma → Nid1 → Itgav → CD8	Masopust_053_1a:A0312	0.5353686896989633	193.0	True	
melanoma → Nid1 → Itgav → CD8	Masopust_053_1b:A0307	0.5353686896989633	192.0	True	
melanoma → Nid1 → Itgav → CD8	Masopust_053_1b:A0309	0.5336265294202177	202.0	True	
melanoma → Nid1 → Itgav → CD8	Masopust_053_1b:A0310	0.5336265294202177	204.0	True	
melanoma → Nid1 → Itgav → CD8	Masopust_053_1b:A0311	0.5353686896989633	203.0	True	
melanoma → Nid1 → Itgav → CD8	Masopust_053_1b:A0312	0.5353686896989633	194.0	True	
melanoma → Nid1 → Itgav → CD8	Masopust_053_2a:A0307	0.5353686896989633	199.0	True	
melanoma → Nid1 → Itgav → CD8	Masopust_053_2a:A0308	0.5336265294202177	207.0	True	
melanoma → Nid1 → Itgav → CD8	Masopust_053_2a:A0309	0.5336265294202177	203.0	True	
melanoma → Nid1 → Itgav → CD8	Masopust_053_2a:A0310	0.5353686896989633	196.0	True	
melanoma → Nid1 → Itgav → CD8	Masopust_053_2a:A0312	0.5336265294202177	202.0	True	
melanoma → Nid1 → Itgav → CD8	Masopust_053_2b:A0307	0.5336265294202177	202.0	True	
melanoma → Nid1 → Itgav → CD8	Masopust_053_2b:A0308	0.5336265294202177	202.0	True	
melanoma → Nid1 → Itgav → CD8	Masopust_053_2b:A0309	0.5336265294202177	203.0	True	
melanoma → Nid1 → Itgav → CD8	Masopust_053_2b:A0310	0.5336265294202177	197.0	True	
melanoma → Nid1 → Itgav → CD8	Masopust_053_2b:A0312	0.5336265294202177	197.0	True	
melanoma → Nid1 → Itgav → CD8	Masopust_053_3a:A0307	0.5336265294202177	202.0	True	
melanoma → Nid1 → Itgav → CD8	Masopust_053_3a:A0308	0.5336265294202177	202.0	True	
melanoma → Nid1 → Itgav → CD8	Masopust_053_3a:A0309	0.5353686896989633	194.0	True	
melanoma → Nid1 → Itgav → CD8	Masopust_053_3a:A0310	0.5353686896989633	192.0	True	
melanoma → Nid1 → Itgav → CD8	Masopust_053_3a:A0311	0.5353686896989633	193.0	True	
melanoma → Nid1 → Itgav → CD8	Masopust_053_3b:A0307	0.5336265294202177	202.0	True	
melanoma → Nid1 → Itgav → CD8	Masopust_053_3b:A0308	0.5336265294202177	202.0	True	
melanoma → Nid1 → Itgav → CD8	Masopust_053_3b:A0309	0.5336265294202177	202.0	True	
melanoma → Nid1 → Itgav → CD8	Masopust_053_3b:A0310	0.5336265294202177	197.0	True	
melanoma → Nid1 → Itgav → CD8	Masopust_053_3b:A0311	0.5336265294202177	202.0	True	
melanoma → Nid1 → Itgav → CD8	Masopust_053_6a:A0308	0.5353686896989633	195.0	True	
melanoma → Nid1 → Itgav → CD8	Masopust_053_6b:A0307	0.5353686896989633	193.0	True	
melanoma → Nid1 → Itgav → CD8	Masopust_053_6b:A0308	0.5353686896989633	195.0	True	
melanoma → Nid1 → Itgav → CD8	Masopust_054_A:A0312	0.5336265294202177	197.0	True	
melanoma → Nid1 → Itgav → CD8	Masopust_054_B:A0311	0.5353686896989633	194.0	True	
melanoma → Nid1 → Itgav → CD8	Masopust_054_B:A0312	0.5353686896989633	193.0	True	
melanoma → Nid1 → Itgav → CD8	Masopust_054_C:A0311	0.5353686896989633	194.0	True	
melanoma → Nid1 → Itgav → CD8	Masopust_054_C:A0313	0.5353686896989633	194.0	True	
melanoma → Nid1 → Itgav → CD8	Masopust_054_D:A0311	0.5336265294202177	207.0	True	
melanoma → Nid1 → Itgav → CD8	Masopust_054_D:A0312	0.5336265294202177	202.0	True	
melanoma → Nid1 → Itgav → CD8	Masopust_054_D:A0313	0.5336265294202177	203.0	True	
melanoma → Nid1 → Itgav → CD8	Masopust_054_E:A0311	0.5353686896989633	194.0	True	
melanoma → Nid1 → Itgb1 → CD8	Masopust_053_1a:A0307	0.5336265294202177	202.0	True	
melanoma → Nid1 → Itgb1 → CD8	Masopust_053_1a:A0309	0.5353686896989633	193.0	True	
melanoma → Nid1 → Itgb1 → CD8	Masopust_053_1a:A0310	0.5336265294202177	203.0	True	
melanoma → Nid1 → Itgb1 → CD8	Masopust_053_1a:A0311	0.5353686896989633	197.0	True	
melanoma → Nid1 → Itgb1 → CD8	Masopust_053_1a:A0312	0.5353686896989633	193.0	True	
melanoma → Nid1 → Itgb1 → CD8	Masopust_053_1b:A0307	0.5353686896989633	192.0	True	
melanoma → Nid1 → Itgb1 → CD8	Masopust_053_1b:A0309	0.5336265294202177	202.0	True	
melanoma → Nid1 → Itgb1 → CD8	Masopust_053_1b:A0310	0.5336265294202177	204.0	True	
melanoma → Nid1 → Itgb1 → CD8	Masopust_053_1b:A0311	0.5353686896989633	203.0	True	
melanoma → Nid1 → Itgb1 → CD8	Masopust_053_1b:A0312	0.5353686896989633	194.0	True	
melanoma → Nid1 → Itgb1 → CD8	Masopust_053_2a:A0307	0.5353686896989633	199.0	True	
melanoma → Nid1 → Itgb1 → CD8	Masopust_053_2a:A0308	0.5336265294202177	207.0	True	
melanoma → Nid1 → Itgb1 → CD8	Masopust_053_2a:A0309	0.5336265294202177	203.0	True	
melanoma → Nid1 → Itgb1 → CD8	Masopust_053_2a:A0310	0.5353686896989633	196.0	True	
melanoma → Nid1 → Itgb1 → CD8	Masopust_053_2a:A0312	0.5336265294202177	202.0	True	
melanoma → Nid1 → Itgb1 → CD8	Masopust_053_2b:A0307	0.5336265294202177	202.0	True	
melanoma → Nid1 → Itgb1 → CD8	Masopust_053_2b:A0308	0.5336265294202177	202.0	True	
melanoma → Nid1 → Itgb1 → CD8	Masopust_053_2b:A0309	0.5336265294202177	203.0	True	
melanoma → Nid1 → Itgb1 → CD8	Masopust_053_2b:A0310	0.5336265294202177	197.0	True	
melanoma → Nid1 → Itgb1 → CD8	Masopust_053_2b:A0312	0.5336265294202177	197.0	True	
melanoma → Nid1 → Itgb1 → CD8	Masopust_053_3a:A0307	0.5336265294202177	202.0	True	
melanoma → Nid1 → Itgb1 → CD8	Masopust_053_3a:A0308	0.5336265294202177	202.0	True	
melanoma → Nid1 → Itgb1 → CD8	Masopust_053_3a:A0309	0.5353686896989633	194.0	True	
melanoma → Nid1 → Itgb1 → CD8	Masopust_053_3a:A0310	0.5353686896989633	192.0	True	
melanoma → Nid1 → Itgb1 → CD8	Masopust_053_3a:A0311	0.5353686896989633	193.0	True	
melanoma → Nid1 → Itgb1 → CD8	Masopust_053_3b:A0307	0.5336265294202177	202.0	True	
melanoma → Nid1 → Itgb1 → CD8	Masopust_053_3b:A0308	0.5336265294202177	202.0	True	
melanoma → Nid1 → Itgb1 → CD8	Masopust_053_3b:A0309	0.5336265294202177	202.0	True	
melanoma → Nid1 → Itgb1 → CD8	Masopust_053_3b:A0310	0.5336265294202177	197.0	True	
melanoma → Nid1 → Itgb1 → CD8	Masopust_053_3b:A0311	0.5336265294202177	202.0	True	
melanoma → Nid1 → Itgb1 → CD8	Masopust_053_6a:A0308	0.5353686896989633	195.0	True	
melanoma → Nid1 → Itgb1 → CD8	Masopust_053_6b:A0307	0.5353686896989633	193.0	True	
melanoma → Nid1 → Itgb1 → CD8	Masopust_053_6b:A0308	0.5353686896989633	195.0	True	
melanoma → Nid1 → Itgb1 → CD8	Masopust_054_A:A0312	0.5336265294202177	197.0	True	
melanoma → Nid1 → Itgb1 → CD8	Masopust_054_B:A0311	0.5353686896989633	194.0	True	
melanoma → Nid1 → Itgb1 → CD8	Masopust_054_B:A0312	0.5353686896989633	193.0	True	
melanoma → Nid1 → Itgb1 → CD8	Masopust_054_C:A0311	0.5353686896989633	194.0	True	
melanoma → Nid1 → Itgb1 → CD8	Masopust_054_C:A0313	0.5353686896989633	194.0	True	
melanoma → Nid1 → Itgb1 → CD8	Masopust_054_D:A0311	0.5336265294202177	207.0	True	
melanoma → Nid1 → Itgb1 → CD8	Masopust_054_D:A0312	0.5336265294202177	202.0	True	
melanoma → Nid1 → Itgb1 → CD8	Masopust_054_D:A0313	0.5336265294202177	203.0	True	
melanoma → Nid1 → Itgb1 → CD8	Masopust_054_E:A0311	0.5353686896989633	194.0	True	
NK → H2-Ab1 → Lag3 → CD8	Masopust_053_1a:A0307	0.5445574289535142	175.0	True	
NK → H2-Ab1 → Lag3 → CD8	Masopust_053_1a:A0308	0.546258109225623	175.0	True	
NK → H2-Ab1 → Lag3 → CD8	Masopust_053_1a:A0309	0.5445574289535142	175.0	True	
NK → H2-Ab1 → Lag3 → CD8	Masopust_053_1a:A0310	0.5445574289535142	175.0	True	
NK → H2-Ab1 → Lag3 → CD8	Masopust_053_1a:A0311	0.5445574289535142	175.0	True	
NK → H2-Ab1 → Lag3 → CD8	Masopust_053_1a:A0312	0.546258109225623	175.0	True	
NK → H2-Ab1 → Lag3 → CD8	Masopust_053_1b:A0307	0.546258109225623	175.0	True	
NK → H2-Ab1 → Lag3 → CD8	Masopust_053_1b:A0308	0.5445574289535142	175.0	True	
NK → H2-Ab1 → Lag3 → CD8	Masopust_053_1b:A0309	0.5445574289535142	175.0	True	
NK → H2-Ab1 → Lag3 → CD8	Masopust_053_1b:A0310	0.5445574289535142	175.0	True	
NK → H2-Ab1 → Lag3 → CD8	Masopust_053_1b:A0311	0.5445574289535142	175.0	True	
NK → H2-Ab1 → Lag3 → CD8	Masopust_053_1b:A0312	0.5445574289535142	175.0	True	
NK → H2-Ab1 → Lag3 → CD8	Masopust_053_2a:A0307	0.5445574289535142	175.0	True	
NK → H2-Ab1 → Lag3 → CD8	Masopust_053_2a:A0308	0.5445574289535142	175.0	True	
NK → H2-Ab1 → Lag3 → CD8	Masopust_053_2a:A0309	0.546258109225623	175.0	True	
NK → H2-Ab1 → Lag3 → CD8	Masopust_053_2a:A0310	0.546258109225623	175.0	True	
NK → H2-Ab1 → Lag3 → CD8	Masopust_053_2a:A0312	0.5445574289535142	175.0	True	
NK → H2-Ab1 → Lag3 → CD8	Masopust_053_2b:A0307	0.546258109225623	175.0	True	
NK → H2-Ab1 → Lag3 → CD8	Masopust_053_2b:A0308	0.5445574289535142	175.0	True	
NK → H2-Ab1 → Lag3 → CD8	Masopust_053_2b:A0309	0.5445574289535142	175.0	True	
NK → H2-Ab1 → Lag3 → CD8	Masopust_053_2b:A0310	0.5445574289535142	175.0	True	
NK → H2-Ab1 → Lag3 → CD8	Masopust_053_2b:A0312	0.546258109225623	175.0	True	
NK → H2-Ab1 → Lag3 → CD8	Masopust_053_3a:A0307	0.5445574289535142	175.0	True	
NK → H2-Ab1 → Lag3 → CD8	Masopust_053_3a:A0308	0.5445574289535142	175.0	True	
NK → H2-Ab1 → Lag3 → CD8	Masopust_053_3a:A0309	0.546258109225623	175.0	True	
NK → H2-Ab1 → Lag3 → CD8	Masopust_053_3a:A0310	0.5445574289535142	175.0	True	
NK → H2-Ab1 → Lag3 → CD8	Masopust_053_3a:A0311	0.546258109225623	175.0	True	
NK → H2-Ab1 → Lag3 → CD8	Masopust_053_3b:A0307	0.5445574289535142	175.0	True	
NK → H2-Ab1 → Lag3 → CD8	Masopust_053_3b:A0308	0.5445574289535142	175.0	True	
NK → H2-Ab1 → Lag3 → CD8	Masopust_053_3b:A0309	0.5445574289535142	175.0	True	
NK → H2-Ab1 → Lag3 → CD8	Masopust_053_3b:A0310	0.5445574289535142	175.0	True	
NK → H2-Ab1 → Lag3 → CD8	Masopust_053_3b:A0311	0.546258109225623	175.0	True	
NK → H2-Ab1 → Lag3 → CD8	Masopust_053_6a:A0308	0.5445574289535142	175.0	True	
NK → H2-Ab1 → Lag3 → CD8	Masopust_053_6b:A0308	0.5445574289535142	175.0	True	
NK → H2-Ab1 → Lag3 → CD8	Masopust_054_A:A0311	0.5445574289535142	175.0	True	
NK → H2-Ab1 → Lag3 → CD8	Masopust_054_A:A0312	0.5445574289535142	175.0	True	
NK → H2-Ab1 → Lag3 → CD8	Masopust_054_B:A0311	0.5445574289535142	175.0	True	
NK → H2-Ab1 → Lag3 → CD8	Masopust_054_B:A0312	0.5445574289535142	175.0	True	
NK → H2-Ab1 → Lag3 → CD8	Masopust_054_C:A0311	0.546258109225623	175.0	True	
NK → H2-Ab1 → Lag3 → CD8	Masopust_054_C:A0313	0.546258109225623	175.0	True	
NK → H2-Ab1 → Lag3 → CD8	Masopust_054_D:A0311	0.5445574289535142	175.0	True	
NK → H2-Ab1 → Lag3 → CD8	Masopust_054_D:A0313	0.5445574289535142	175.0	True	
NK → H2-Ab1 → Lag3 → CD8	Masopust_054_E:A0311	0.546258109225623	175.0	True	
melanoma → Nid1 → Itgb3 → CD8	Masopust_053_1a:A0307	0.5323420995643592	208.0	True	
melanoma → Nid1 → Itgb3 → CD8	Masopust_053_1a:A0309	0.5340842598431049	203.0	True	
melanoma → Nid1 → Itgb3 → CD8	Masopust_053_1a:A0310	0.5323420995643592	209.0	True	
melanoma → Nid1 → Itgb3 → CD8	Masopust_053_1a:A0311	0.5340842598431049	204.0	True	
melanoma → Nid1 → Itgb3 → CD8	Masopust_053_1a:A0312	0.5340842598431049	203.0	True	
melanoma → Nid1 → Itgb3 → CD8	Masopust_053_1b:A0307	0.5340842598431049	203.0	True	
melanoma → Nid1 → Itgb3 → CD8	Masopust_053_1b:A0309	0.5323420995643592	208.0	True	
melanoma → Nid1 → Itgb3 → CD8	Masopust_053_1b:A0310	0.5323420995643592	210.0	True	
melanoma → Nid1 → Itgb3 → CD8	Masopust_053_1b:A0311	0.5340842598431049	209.0	True	
melanoma → Nid1 → Itgb3 → CD8	Masopust_053_1b:A0312	0.5340842598431049	204.0	True	
melanoma → Nid1 → Itgb3 → CD8	Masopust_053_2a:A0307	0.5340842598431049	203.0	True	
melanoma → Nid1 → Itgb3 → CD8	Masopust_053_2a:A0308	0.5323420995643592	211.0	True	
melanoma → Nid1 → Itgb3 → CD8	Masopust_053_2a:A0309	0.5323420995643592	208.0	True	
melanoma → Nid1 → Itgb3 → CD8	Masopust_053_2a:A0310	0.5340842598431049	201.0	True	
melanoma → Nid1 → Itgb3 → CD8	Masopust_053_2a:A0312	0.5323420995643592	205.0	True	
melanoma → Nid1 → Itgb3 → CD8	Masopust_053_2b:A0307	0.5323420995643592	205.0	True	
melanoma → Nid1 → Itgb3 → CD8	Masopust_053_2b:A0308	0.5323420995643592	208.0	True	
melanoma → Nid1 → Itgb3 → CD8	Masopust_053_2b:A0309	0.5323420995643592	208.0	True	
melanoma → Nid1 → Itgb3 → CD8	Masopust_053_2b:A0310	0.5323420995643592	204.0	True	
melanoma → Nid1 → Itgb3 → CD8	Masopust_053_2b:A0312	0.5323420995643592	204.0	True	
melanoma → Nid1 → Itgb3 → CD8	Masopust_053_3a:A0307	0.5323420995643592	208.0	True	
melanoma → Nid1 → Itgb3 → CD8	Masopust_053_3a:A0308	0.5323420995643592	208.0	True	
melanoma → Nid1 → Itgb3 → CD8	Masopust_053_3a:A0309	0.5340842598431049	204.0	True	
melanoma → Nid1 → Itgb3 → CD8	Masopust_053_3a:A0310	0.5340842598431049	196.0	True	
melanoma → Nid1 → Itgb3 → CD8	Masopust_053_3a:A0311	0.5340842598431049	197.0	True	
melanoma → Nid1 → Itgb3 → CD8	Masopust_053_3b:A0307	0.5323420995643592	208.0	True	
melanoma → Nid1 → Itgb3 → CD8	Masopust_053_3b:A0308	0.5323420995643592	208.0	True	
melanoma → Nid1 → Itgb3 → CD8	Masopust_053_3b:A0309	0.5323420995643592	208.0	True	
melanoma → Nid1 → Itgb3 → CD8	Masopust_053_3b:A0310	0.5323420995643592	204.0	True	
melanoma → Nid1 → Itgb3 → CD8	Masopust_053_3b:A0311	0.5323420995643592	206.0	True	
melanoma → Nid1 → Itgb3 → CD8	Masopust_053_6a:A0308	0.5340842598431049	203.0	True	
melanoma → Nid1 → Itgb3 → CD8	Masopust_053_6b:A0307	0.5340842598431049	203.0	True	
melanoma → Nid1 → Itgb3 → CD8	Masopust_053_6b:A0308	0.5340842598431049	203.0	True	
melanoma → Nid1 → Itgb3 → CD8	Masopust_054_A:A0312	0.5323420995643592	204.0	True	
melanoma → Nid1 → Itgb3 → CD8	Masopust_054_B:A0311	0.5340842598431049	203.0	True	
melanoma → Nid1 → Itgb3 → CD8	Masopust_054_B:A0312	0.5340842598431049	203.0	True	
melanoma → Nid1 → Itgb3 → CD8	Masopust_054_C:A0311	0.5340842598431049	203.0	True	
melanoma → Nid1 → Itgb3 → CD8	Masopust_054_C:A0313	0.5340842598431049	203.0	True	
melanoma → Nid1 → Itgb3 → CD8	Masopust_054_D:A0311	0.5323420995643592	211.0	True	
melanoma → Nid1 → Itgb3 → CD8	Masopust_054_D:A0312	0.5323420995643592	208.0	True	
melanoma → Nid1 → Itgb3 → CD8	Masopust_054_D:A0313	0.5323420995643592	208.0	True	
melanoma → Nid1 → Itgb3 → CD8	Masopust_054_E:A0311	0.5340842598431049	204.0	True	
monocyte_macrophage → Cd80 → Ctla4 → CD8	Masopust_053_1a:A0307	0.5423932503535858	176.0	True	
monocyte_macrophage → Cd80 → Ctla4 → CD8	Masopust_053_1a:A0308	0.5407698737302092	178.0	True	
monocyte_macrophage → Cd80 → Ctla4 → CD8	Masopust_053_1a:A0309	0.5407698737302092	181.0	True	
monocyte_macrophage → Cd80 → Ctla4 → CD8	Masopust_053_1a:A0310	0.5423932503535858	176.0	True	
monocyte_macrophage → Cd80 → Ctla4 → CD8	Masopust_053_1a:A0311	0.5423932503535858	176.0	True	
monocyte_macrophage → Cd80 → Ctla4 → CD8	Masopust_053_1a:A0312	0.5407698737302092	178.0	True	
monocyte_macrophage → Cd80 → Ctla4 → CD8	Masopust_053_1b:A0307	0.5407698737302092	178.0	True	
monocyte_macrophage → Cd80 → Ctla4 → CD8	Masopust_053_1b:A0308	0.5407698737302092	178.0	True	
monocyte_macrophage → Cd80 → Ctla4 → CD8	Masopust_053_1b:A0309	0.5407698737302092	181.0	True	
monocyte_macrophage → Cd80 → Ctla4 → CD8	Masopust_053_1b:A0310	0.5407698737302092	181.0	True	
monocyte_macrophage → Cd80 → Ctla4 → CD8	Masopust_053_1b:A0311	0.5423932503535858	177.0	True	
monocyte_macrophage → Cd80 → Ctla4 → CD8	Masopust_053_1b:A0312	0.5407698737302092	178.0	True	
monocyte_macrophage → Cd80 → Ctla4 → CD8	Masopust_053_2a:A0307	0.5407698737302092	181.0	True	
monocyte_macrophage → Cd80 → Ctla4 → CD8	Masopust_053_2a:A0308	0.5407698737302092	181.0	True	
monocyte_macrophage → Cd80 → Ctla4 → CD8	Masopust_053_2a:A0309	0.5407698737302092	178.0	True	
monocyte_macrophage → Cd80 → Ctla4 → CD8	Masopust_053_2a:A0310	0.5407698737302092	178.0	True	
monocyte_macrophage → Cd80 → Ctla4 → CD8	Masopust_053_2a:A0312	0.5407698737302092	178.0	True	
monocyte_macrophage → Cd80 → Ctla4 → CD8	Masopust_053_2b:A0307	0.5407698737302092	178.0	True	
monocyte_macrophage → Cd80 → Ctla4 → CD8	Masopust_053_2b:A0308	0.5407698737302092	181.0	True	
monocyte_macrophage → Cd80 → Ctla4 → CD8	Masopust_053_2b:A0309	0.5423932503535858	178.0	True	
monocyte_macrophage → Cd80 → Ctla4 → CD8	Masopust_053_2b:A0310	0.5407698737302092	178.0	True	
monocyte_macrophage → Cd80 → Ctla4 → CD8	Masopust_053_2b:A0312	0.5407698737302092	181.0	True	
monocyte_macrophage → Cd80 → Ctla4 → CD8	Masopust_053_3a:A0307	0.5407698737302092	178.0	True	
monocyte_macrophage → Cd80 → Ctla4 → CD8	Masopust_053_3a:A0308	0.5423932503535858	176.0	True	
monocyte_macrophage → Cd80 → Ctla4 → CD8	Masopust_053_3a:A0309	0.5407698737302092	181.0	True	
monocyte_macrophage → Cd80 → Ctla4 → CD8	Masopust_053_3a:A0310	0.5423932503535858	178.0	True	
monocyte_macrophage → Cd80 → Ctla4 → CD8	Masopust_053_3a:A0311	0.5423932503535858	177.0	True	
monocyte_macrophage → Cd80 → Ctla4 → CD8	Masopust_053_3b:A0307	0.5407698737302092	181.0	True	
monocyte_macrophage → Cd80 → Ctla4 → CD8	Masopust_053_3b:A0308	0.5407698737302092	181.0	True	
monocyte_macrophage → Cd80 → Ctla4 → CD8	Masopust_053_3b:A0309	0.5407698737302092	178.0	True	
monocyte_macrophage → Cd80 → Ctla4 → CD8	Masopust_053_3b:A0310	0.5407698737302092	181.0	True	
monocyte_macrophage → Cd80 → Ctla4 → CD8	Masopust_053_3b:A0311	0.5423932503535858	178.0	True	
monocyte_macrophage → Cd80 → Ctla4 → CD8	Masopust_053_6a:A0308	0.5407698737302092	178.0	True	
monocyte_macrophage → Cd80 → Ctla4 → CD8	Masopust_053_6b:A0308	0.5407698737302092	178.0	True	
monocyte_macrophage → Cd80 → Ctla4 → CD8	Masopust_054_A:A0311	0.5407698737302092	178.0	True	
monocyte_macrophage → Cd80 → Ctla4 → CD8	Masopust_054_A:A0312	0.5407698737302092	181.0	True	
monocyte_macrophage → Cd80 → Ctla4 → CD8	Masopust_054_B:A0311	0.5423932503535858	177.0	True	
monocyte_macrophage → Cd80 → Ctla4 → CD8	Masopust_054_B:A0312	0.5423932503535858	177.0	True	
monocyte_macrophage → Cd80 → Ctla4 → CD8	Masopust_054_C:A0311	0.5407698737302092	181.0	True	
monocyte_macrophage → Cd80 → Ctla4 → CD8	Masopust_054_C:A0312	0.5407698737302092	178.0	True	
monocyte_macrophage → Cd80 → Ctla4 → CD8	Masopust_054_C:A0313	0.5423932503535858	178.0	True	
monocyte_macrophage → Cd80 → Ctla4 → CD8	Masopust_054_D:A0311	0.5423932503535858	177.0	True	
monocyte_macrophage → Cd80 → Ctla4 → CD8	Masopust_054_D:A0312	0.5407698737302092	178.0	True	
monocyte_macrophage → Cd80 → Ctla4 → CD8	Masopust_054_D:A0313	0.5423932503535858	177.0	True	
monocyte_macrophage → Cd80 → Ctla4 → CD8	Masopust_054_E:A0311	0.5423932503535858	178.0	True	
T_cell → Itgav → Thy1 → CD4	Masopust_053_1a:A0307	0.5361519913906501	189.0	True	
T_cell → Itgav → Thy1 → CD4	Masopust_053_1a:A0308	0.5377047864217059	187.0	True	
T_cell → Itgav → Thy1 → CD4	Masopust_053_1a:A0309	0.5361519913906501	190.0	True	
T_cell → Itgav → Thy1 → CD4	Masopust_053_1a:A0310	0.5377047864217059	186.0	True	
T_cell → Itgav → Thy1 → CD4	Masopust_053_1a:A0311	0.5361519913906501	191.0	True	
T_cell → Itgav → Thy1 → CD4	Masopust_053_1a:A0312	0.5361519913906501	190.0	True	
T_cell → Itgav → Thy1 → CD4	Masopust_053_1b:A0307	0.5361519913906501	189.0	True	
T_cell → Itgav → Thy1 → CD4	Masopust_053_1b:A0308	0.5361519913906501	189.0	True	
T_cell → Itgav → Thy1 → CD4	Masopust_053_1b:A0309	0.5377047864217059	185.0	True	
T_cell → Itgav → Thy1 → CD4	Masopust_053_1b:A0310	0.5361519913906501	190.0	True	
T_cell → Itgav → Thy1 → CD4	Masopust_053_1b:A0311	0.5361519913906501	198.0	True	
T_cell → Itgav → Thy1 → CD4	Masopust_053_1b:A0312	0.5361519913906501	190.0	True	
T_cell → Itgav → Thy1 → CD4	Masopust_053_2a:A0307	0.5377047864217059	188.0	True	
T_cell → Itgav → Thy1 → CD4	Masopust_053_2a:A0308	0.5361519913906501	195.0	True	
T_cell → Itgav → Thy1 → CD4	Masopust_053_2a:A0309	0.5361519913906501	191.0	True	
T_cell → Itgav → Thy1 → CD4	Masopust_053_2a:A0310	0.5361519913906501	193.0	True	
T_cell → Itgav → Thy1 → CD4	Masopust_053_2a:A0311	0.5361519913906501	190.0	True	
T_cell → Itgav → Thy1 → CD4	Masopust_053_2a:A0312	0.5361519913906501	193.0	True	
T_cell → Itgav → Thy1 → CD4	Masopust_053_2b:A0307	0.5361519913906501	195.0	True	
T_cell → Itgav → Thy1 → CD4	Masopust_053_2b:A0308	0.5377047864217059	186.0	True	
T_cell → Itgav → Thy1 → CD4	Masopust_053_2b:A0309	0.5377047864217059	186.0	True	
T_cell → Itgav → Thy1 → CD4	Masopust_053_2b:A0310	0.5361519913906501	188.0	True	
T_cell → Itgav → Thy1 → CD4	Masopust_053_2b:A0311	0.5361519913906501	190.0	True	
T_cell → Itgav → Thy1 → CD4	Masopust_053_2b:A0312	0.5377047864217059	187.0	True	
T_cell → Itgav → Thy1 → CD4	Masopust_053_3a:A0307	0.5361519913906501	189.0	True	
T_cell → Itgav → Thy1 → CD4	Masopust_053_3a:A0308	0.5361519913906501	189.0	True	
T_cell → Itgav → Thy1 → CD4	Masopust_053_3a:A0309	0.5377047864217059	186.0	True	
T_cell → Itgav → Thy1 → CD4	Masopust_053_3a:A0310	0.5377047864217059	185.0	True	
T_cell → Itgav → Thy1 → CD4	Masopust_053_3a:A0311	0.5377047864217059	185.0	True	
T_cell → Itgav → Thy1 → CD4	Masopust_053_3b:A0307	0.5361519913906501	189.0	True	
T_cell → Itgav → Thy1 → CD4	Masopust_053_3b:A0308	0.5377047864217059	186.0	True	
T_cell → Itgav → Thy1 → CD4	Masopust_053_3b:A0309	0.5361519913906501	190.0	True	
T_cell → Itgav → Thy1 → CD4	Masopust_053_3b:A0310	0.5377047864217059	185.0	True	
T_cell → Itgav → Thy1 → CD4	Masopust_053_3b:A0311	0.5377047864217059	190.0	True	
T_cell → Itgav → Thy1 → CD4	Masopust_053_6a:A0308	0.5361519913906501	190.0	True	
T_cell → Itgav → Thy1 → CD4	Masopust_053_6b:A0308	0.5361519913906501	190.0	True	
T_cell → Itgav → Thy1 → CD4	Masopust_054_A:A0311	0.5361519913906501	189.0	True	
T_cell → Itgav → Thy1 → CD4	Masopust_054_A:A0312	0.5377047864217059	185.0	True	
T_cell → Itgav → Thy1 → CD4	Masopust_054_B:A0311	0.5361519913906501	191.0	True	
T_cell → Itgav → Thy1 → CD4	Masopust_054_B:A0312	0.5361519913906501	190.0	True	
T_cell → Itgav → Thy1 → CD4	Masopust_054_C:A0311	0.5377047864217059	186.0	True	
T_cell → Itgav → Thy1 → CD4	Masopust_054_C:A0312	0.5377047864217059	187.0	True	
T_cell → Itgav → Thy1 → CD4	Masopust_054_C:A0313	0.5377047864217059	186.0	True	
T_cell → Itgav → Thy1 → CD4	Masopust_054_D:A0311	0.5361519913906501	196.0	True	
T_cell → Itgav → Thy1 → CD4	Masopust_054_D:A0312	0.5361519913906501	189.0	True	
T_cell → Itgav → Thy1 → CD4	Masopust_054_D:A0313	0.5361519913906501	191.0	True	
T_cell → Itgav → Thy1 → CD4	Masopust_054_E:A0311	0.5377047864217059	188.0	True	
melanoma → Agrn → Itgb1 → CD8	Masopust_053_1a:A0307	0.5294675817407996	213.0	True	
melanoma → Agrn → Itgb1 → CD8	Masopust_053_1a:A0309	0.5277254214620539	216.0	True	
melanoma → Agrn → Itgb1 → CD8	Masopust_053_1a:A0310	0.5294675817407996	213.0	True	
melanoma → Agrn → Itgb1 → CD8	Masopust_053_1a:A0311	0.5277254214620539	216.0	True	
melanoma → Agrn → Itgb1 → CD8	Masopust_053_1a:A0312	0.5277254214620539	217.0	True	
melanoma → Agrn → Itgb1 → CD8	Masopust_053_1b:A0307	0.5294675817407996	215.0	True	
melanoma → Agrn → Itgb1 → CD8	Masopust_053_1b:A0309	0.5277254214620539	216.0	True	
melanoma → Agrn → Itgb1 → CD8	Masopust_053_1b:A0310	0.5277254214620539	216.0	True	
melanoma → Agrn → Itgb1 → CD8	Masopust_053_1b:A0311	0.5277254214620539	216.0	True	
melanoma → Agrn → Itgb1 → CD8	Masopust_053_1b:A0312	0.5277254214620539	216.0	True	
melanoma → Agrn → Itgb1 → CD8	Masopust_053_2a:A0307	0.5277254214620539	216.0	True	
melanoma → Agrn → Itgb1 → CD8	Masopust_053_2a:A0308	0.5294675817407996	213.0	True	
melanoma → Agrn → Itgb1 → CD8	Masopust_053_2a:A0309	0.5277254214620539	217.0	True	
melanoma → Agrn → Itgb1 → CD8	Masopust_053_2a:A0310	0.5277254214620539	217.0	True	
melanoma → Agrn → Itgb1 → CD8	Masopust_053_2a:A0312	0.5277254214620539	216.0	True	
melanoma → Agrn → Itgb1 → CD8	Masopust_053_2b:A0307	0.5277254214620539	217.0	True	
melanoma → Agrn → Itgb1 → CD8	Masopust_053_2b:A0308	0.5294675817407996	216.0	True	
melanoma → Agrn → Itgb1 → CD8	Masopust_053_2b:A0309	0.5277254214620539	216.0	True	
melanoma → Agrn → Itgb1 → CD8	Masopust_053_2b:A0310	0.5294675817407996	213.0	True	
melanoma → Agrn → Itgb1 → CD8	Masopust_053_2b:A0312	0.5294675817407996	215.0	True	
melanoma → Agrn → Itgb1 → CD8	Masopust_053_3a:A0307	0.5294675817407996	213.0	True	
melanoma → Agrn → Itgb1 → CD8	Masopust_053_3a:A0308	0.5294675817407996	213.0	True	
melanoma → Agrn → Itgb1 → CD8	Masopust_053_3a:A0309	0.5294675817407996	213.0	True	
melanoma → Agrn → Itgb1 → CD8	Masopust_053_3a:A0310	0.5277254214620539	216.0	True	
melanoma → Agrn → Itgb1 → CD8	Masopust_053_3a:A0311	0.5277254214620539	216.0	True	
melanoma → Agrn → Itgb1 → CD8	Masopust_053_3b:A0307	0.5294675817407996	214.0	True	
melanoma → Agrn → Itgb1 → CD8	Masopust_053_3b:A0308	0.5294675817407996	213.0	True	
melanoma → Agrn → Itgb1 → CD8	Masopust_053_3b:A0309	0.5277254214620539	216.0	True	
melanoma → Agrn → Itgb1 → CD8	Masopust_053_3b:A0310	0.5294675817407996	213.0	True	
melanoma → Agrn → Itgb1 → CD8	Masopust_053_3b:A0311	0.5277254214620539	216.0	True	
melanoma → Agrn → Itgb1 → CD8	Masopust_053_6a:A0308	0.5294675817407996	213.0	True	
melanoma → Agrn → Itgb1 → CD8	Masopust_053_6b:A0307	0.5277254214620539	216.0	True	
melanoma → Agrn → Itgb1 → CD8	Masopust_053_6b:A0308	0.5277254214620539	216.0	True	
melanoma → Agrn → Itgb1 → CD8	Masopust_054_A:A0312	0.5294675817407996	213.0	True	
melanoma → Agrn → Itgb1 → CD8	Masopust_054_B:A0311	0.5294675817407996	214.0	True	
melanoma → Agrn → Itgb1 → CD8	Masopust_054_B:A0312	0.5294675817407996	214.0	True	
melanoma → Agrn → Itgb1 → CD8	Masopust_054_C:A0311	0.5277254214620539	216.0	True	
melanoma → Agrn → Itgb1 → CD8	Masopust_054_C:A0313	0.5277254214620539	216.0	True	
melanoma → Agrn → Itgb1 → CD8	Masopust_054_D:A0311	0.5294675817407996	214.0	True	
melanoma → Agrn → Itgb1 → CD8	Masopust_054_D:A0312	0.5294675817407996	214.0	True	
melanoma → Agrn → Itgb1 → CD8	Masopust_054_D:A0313	0.5277254214620539	216.0	True	
melanoma → Agrn → Itgb1 → CD8	Masopust_054_E:A0311	0.5294675817407996	216.0	True	
T_cell → Cd80 → Ctla4 → CD8	Masopust_053_1a:A0307	0.533468108159436	204.0	True	
T_cell → Cd80 → Ctla4 → CD8	Masopust_053_1a:A0308	0.533468108159436	204.0	True	
T_cell → Cd80 → Ctla4 → CD8	Masopust_053_1a:A0309	0.5350209031904919	199.0	True	
T_cell → Cd80 → Ctla4 → CD8	Masopust_053_1a:A0310	0.5350209031904919	196.0	True	
T_cell → Cd80 → Ctla4 → CD8	Masopust_053_1a:A0311	0.5350209031904919	200.0	True	
T_cell → Cd80 → Ctla4 → CD8	Masopust_053_1a:A0312	0.533468108159436	205.0	True	
T_cell → Cd80 → Ctla4 → CD8	Masopust_053_1b:A0307	0.5350209031904919	198.0	True	
T_cell → Cd80 → Ctla4 → CD8	Masopust_053_1b:A0308	0.533468108159436	204.0	True	
T_cell → Cd80 → Ctla4 → CD8	Masopust_053_1b:A0309	0.533468108159436	204.0	True	
T_cell → Cd80 → Ctla4 → CD8	Masopust_053_1b:A0310	0.5350209031904919	197.0	True	
T_cell → Cd80 → Ctla4 → CD8	Masopust_053_1b:A0311	0.5350209031904919	206.0	True	
T_cell → Cd80 → Ctla4 → CD8	Masopust_053_1b:A0312	0.5350209031904919	200.0	True	
T_cell → Cd80 → Ctla4 → CD8	Masopust_053_2a:A0307	0.5350209031904919	201.0	True	
T_cell → Cd80 → Ctla4 → CD8	Masopust_053_2a:A0308	0.533468108159436	209.0	True	
T_cell → Cd80 → Ctla4 → CD8	Masopust_053_2a:A0309	0.5350209031904919	197.0	True	
T_cell → Cd80 → Ctla4 → CD8	Masopust_053_2a:A0310	0.533468108159436	204.0	True	
T_cell → Cd80 → Ctla4 → CD8	Masopust_053_2a:A0311	0.533468108159436	204.0	True	
T_cell → Cd80 → Ctla4 → CD8	Masopust_053_2a:A0312	0.5350209031904919	196.0	True	
T_cell → Cd80 → Ctla4 → CD8	Masopust_053_2b:A0307	0.5350209031904919	197.0	True	
T_cell → Cd80 → Ctla4 → CD8	Masopust_053_2b:A0308	0.533468108159436	204.0	True	
T_cell → Cd80 → Ctla4 → CD8	Masopust_053_2b:A0309	0.5350209031904919	198.0	True	
T_cell → Cd80 → Ctla4 → CD8	Masopust_053_2b:A0310	0.533468108159436	200.0	True	
T_cell → Cd80 → Ctla4 → CD8	Masopust_053_2b:A0311	0.5350209031904919	197.0	True	
T_cell → Cd80 → Ctla4 → CD8	Masopust_053_2b:A0312	0.533468108159436	200.0	True	
T_cell → Cd80 → Ctla4 → CD8	Masopust_053_3a:A0307	0.533468108159436	204.0	True	
T_cell → Cd80 → Ctla4 → CD8	Masopust_053_3a:A0308	0.533468108159436	204.0	True	
T_cell → Cd80 → Ctla4 → CD8	Masopust_053_3a:A0309	0.5350209031904919	200.0	True	
T_cell → Cd80 → Ctla4 → CD8	Masopust_053_3a:A0310	0.533468108159436	201.0	True	
T_cell → Cd80 → Ctla4 → CD8	Masopust_053_3a:A0311	0.533468108159436	202.0	True	
T_cell → Cd80 → Ctla4 → CD8	Masopust_053_3b:A0307	0.533468108159436	204.0	True	
T_cell → Cd80 → Ctla4 → CD8	Masopust_053_3b:A0308	0.533468108159436	204.0	True	
T_cell → Cd80 → Ctla4 → CD8	Masopust_053_3b:A0309	0.533468108159436	204.0	True	
T_cell → Cd80 → Ctla4 → CD8	Masopust_053_3b:A0310	0.533468108159436	200.0	True	
T_cell → Cd80 → Ctla4 → CD8	Masopust_053_3b:A0311	0.533468108159436	204.0	True	
T_cell → Cd80 → Ctla4 → CD8	Masopust_053_6a:A0308	0.533468108159436	206.0	True	
T_cell → Cd80 → Ctla4 → CD8	Masopust_053_6b:A0308	0.533468108159436	206.0	True	
T_cell → Cd80 → Ctla4 → CD8	Masopust_054_A:A0311	0.533468108159436	204.0	True	
T_cell → Cd80 → Ctla4 → CD8	Masopust_054_A:A0312	0.533468108159436	200.0	True	
T_cell → Cd80 → Ctla4 → CD8	Masopust_054_B:A0311	0.533468108159436	205.0	True	
T_cell → Cd80 → Ctla4 → CD8	Masopust_054_B:A0312	0.533468108159436	205.0	True	
T_cell → Cd80 → Ctla4 → CD8	Masopust_054_C:A0311	0.533468108159436	205.0	True	
T_cell → Cd80 → Ctla4 → CD8	Masopust_054_C:A0312	0.533468108159436	204.0	True	
T_cell → Cd80 → Ctla4 → CD8	Masopust_054_C:A0313	0.5350209031904919	200.0	True	
T_cell → Cd80 → Ctla4 → CD8	Masopust_054_D:A0311	0.533468108159436	209.0	True	
T_cell → Cd80 → Ctla4 → CD8	Masopust_054_D:A0312	0.533468108159436	204.0	True	
T_cell → Cd80 → Ctla4 → CD8	Masopust_054_D:A0313	0.5350209031904919	198.0	True	
T_cell → Cd80 → Ctla4 → CD8	Masopust_054_E:A0311	0.5350209031904919	200.0	True	
melanoma → Col4a4 → Cd47 → CD8	Masopust_053_1a:A0307	0.528092033261332	217.0	True	
melanoma → Col4a4 → Cd47 → CD8	Masopust_053_1a:A0309	0.5263498729825864	217.0	True	
melanoma → Col4a4 → Cd47 → CD8	Masopust_053_1a:A0310	0.528092033261332	217.0	True	
melanoma → Col4a4 → Cd47 → CD8	Masopust_053_1a:A0311	0.5263498729825864	217.0	True	
melanoma → Col4a4 → Cd47 → CD8	Masopust_053_1a:A0312	0.528092033261332	216.0	True	
melanoma → Col4a4 → Cd47 → CD8	Masopust_053_1b:A0307	0.5263498729825864	217.0	True	
melanoma → Col4a4 → Cd47 → CD8	Masopust_053_1b:A0309	0.5263498729825864	217.0	True	
melanoma → Col4a4 → Cd47 → CD8	Masopust_053_1b:A0310	0.5263498729825864	217.0	True	
melanoma → Col4a4 → Cd47 → CD8	Masopust_053_1b:A0311	0.5263498729825864	217.0	True	
melanoma → Col4a4 → Cd47 → CD8	Masopust_053_1b:A0312	0.5263498729825864	217.0	True	
melanoma → Col4a4 → Cd47 → CD8	Masopust_053_2a:A0307	0.5263498729825864	217.0	True	
melanoma → Col4a4 → Cd47 → CD8	Masopust_053_2a:A0308	0.528092033261332	217.0	True	
melanoma → Col4a4 → Cd47 → CD8	Masopust_053_2a:A0309	0.528092033261332	216.0	True	
melanoma → Col4a4 → Cd47 → CD8	Masopust_053_2a:A0310	0.528092033261332	216.0	True	
melanoma → Col4a4 → Cd47 → CD8	Masopust_053_2a:A0312	0.5263498729825864	217.0	True	
melanoma → Col4a4 → Cd47 → CD8	Masopust_053_2b:A0307	0.528092033261332	216.0	True	
melanoma → Col4a4 → Cd47 → CD8	Masopust_053_2b:A0308	0.528092033261332	217.0	True	
melanoma → Col4a4 → Cd47 → CD8	Masopust_053_2b:A0309	0.5263498729825864	217.0	True	
melanoma → Col4a4 → Cd47 → CD8	Masopust_053_2b:A0310	0.5263498729825864	217.0	True	
melanoma → Col4a4 → Cd47 → CD8	Masopust_053_2b:A0312	0.5263498729825864	217.0	True	
melanoma → Col4a4 → Cd47 → CD8	Masopust_053_3a:A0307	0.528092033261332	217.0	True	
melanoma → Col4a4 → Cd47 → CD8	Masopust_053_3a:A0308	0.528092033261332	217.0	True	
melanoma → Col4a4 → Cd47 → CD8	Masopust_053_3a:A0309	0.528092033261332	217.0	True	
melanoma → Col4a4 → Cd47 → CD8	Masopust_053_3a:A0310	0.5263498729825864	217.0	True	
melanoma → Col4a4 → Cd47 → CD8	Masopust_053_3a:A0311	0.5263498729825864	217.0	True	
melanoma → Col4a4 → Cd47 → CD8	Masopust_053_3b:A0307	0.528092033261332	217.0	True	
melanoma → Col4a4 → Cd47 → CD8	Masopust_053_3b:A0308	0.528092033261332	217.0	True	
melanoma → Col4a4 → Cd47 → CD8	Masopust_053_3b:A0309	0.5263498729825864	217.0	True	
melanoma → Col4a4 → Cd47 → CD8	Masopust_053_3b:A0310	0.528092033261332	217.0	True	
melanoma → Col4a4 → Cd47 → CD8	Masopust_053_3b:A0311	0.5263498729825864	217.0	True	
melanoma → Col4a4 → Cd47 → CD8	Masopust_053_6a:A0308	0.5263498729825864	217.0	True	
melanoma → Col4a4 → Cd47 → CD8	Masopust_053_6b:A0307	0.5263498729825864	217.0	True	
melanoma → Col4a4 → Cd47 → CD8	Masopust_053_6b:A0308	0.5263498729825864	217.0	True	
melanoma → Col4a4 → Cd47 → CD8	Masopust_054_A:A0312	0.528092033261332	217.0	True	
melanoma → Col4a4 → Cd47 → CD8	Masopust_054_B:A0311	0.528092033261332	217.0	True	
melanoma → Col4a4 → Cd47 → CD8	Masopust_054_B:A0312	0.528092033261332	217.0	True	
melanoma → Col4a4 → Cd47 → CD8	Masopust_054_C:A0311	0.5263498729825864	217.0	True	
melanoma → Col4a4 → Cd47 → CD8	Masopust_054_C:A0313	0.5263498729825864	217.0	True	
melanoma → Col4a4 → Cd47 → CD8	Masopust_054_D:A0311	0.5263498729825864	217.0	True	
melanoma → Col4a4 → Cd47 → CD8	Masopust_054_D:A0312	0.528092033261332	217.0	True	
melanoma → Col4a4 → Cd47 → CD8	Masopust_054_D:A0313	0.5263498729825864	217.0	True	
melanoma → Col4a4 → Cd47 → CD8	Masopust_054_E:A0311	0.528092033261332	217.0	True	
T_cell → Cd28 → Cd80 → CD4	Masopust_053_1a:A0307	0.5218037992085235	220.0	True	
T_cell → Cd28 → Cd80 → CD4	Masopust_053_1a:A0308	0.5218037992085235	220.0	True	
T_cell → Cd28 → Cd80 → CD4	Masopust_053_1a:A0309	0.5218037992085235	220.0	True	
T_cell → Cd28 → Cd80 → CD4	Masopust_053_1a:A0310	0.5233565942395794	220.0	True	
T_cell → Cd28 → Cd80 → CD4	Masopust_053_1a:A0311	0.5233565942395794	219.0	True	
T_cell → Cd28 → Cd80 → CD4	Masopust_053_1a:A0312	0.5233565942395794	218.0	True	
T_cell → Cd28 → Cd80 → CD4	Masopust_053_1b:A0307	0.5218037992085235	221.0	True	
T_cell → Cd28 → Cd80 → CD4	Masopust_053_1b:A0308	0.5233565942395794	219.0	True	
T_cell → Cd28 → Cd80 → CD4	Masopust_053_1b:A0309	0.5233565942395794	219.0	True	
T_cell → Cd28 → Cd80 → CD4	Masopust_053_1b:A0310	0.5233565942395794	219.0	True	
T_cell → Cd28 → Cd80 → CD4	Masopust_053_1b:A0311	0.5233565942395794	219.0	True	
T_cell → Cd28 → Cd80 → CD4	Masopust_053_1b:A0312	0.5233565942395794	218.0	True	
T_cell → Cd28 → Cd80 → CD4	Masopust_053_2a:A0307	0.5233565942395794	219.0	True	
T_cell → Cd28 → Cd80 → CD4	Masopust_053_2a:A0308	0.5218037992085235	220.0	True	
T_cell → Cd28 → Cd80 → CD4	Masopust_053_2a:A0309	0.5233565942395794	218.0	True	
T_cell → Cd28 → Cd80 → CD4	Masopust_053_2a:A0310	0.5218037992085235	219.0	True	
T_cell → Cd28 → Cd80 → CD4	Masopust_053_2a:A0311	0.5218037992085235	220.0	True	
T_cell → Cd28 → Cd80 → CD4	Masopust_053_2a:A0312	0.5218037992085235	219.0	True	
T_cell → Cd28 → Cd80 → CD4	Masopust_053_2b:A0307	0.5218037992085235	219.0	True	
T_cell → Cd28 → Cd80 → CD4	Masopust_053_2b:A0308	0.5233565942395794	219.0	True	
T_cell → Cd28 → Cd80 → CD4	Masopust_053_2b:A0309	0.5218037992085235	220.0	True	
T_cell → Cd28 → Cd80 → CD4	Masopust_053_2b:A0310	0.5218037992085235	219.0	True	
T_cell → Cd28 → Cd80 → CD4	Masopust_053_2b:A0311	0.5218037992085235	220.0	True	
T_cell → Cd28 → Cd80 → CD4	Masopust_053_2b:A0312	0.5218037992085235	219.0	True	
T_cell → Cd28 → Cd80 → CD4	Masopust_053_3a:A0307	0.5233565942395794	218.0	True	
T_cell → Cd28 → Cd80 → CD4	Masopust_053_3a:A0308	0.5218037992085235	220.0	True	
T_cell → Cd28 → Cd80 → CD4	Masopust_053_3a:A0309	0.5218037992085235	220.0	True	
T_cell → Cd28 → Cd80 → CD4	Masopust_053_3a:A0310	0.5233565942395794	219.0	True	
T_cell → Cd28 → Cd80 → CD4	Masopust_053_3a:A0311	0.5233565942395794	218.0	True	
T_cell → Cd28 → Cd80 → CD4	Masopust_053_3b:A0307	0.5233565942395794	218.0	True	
T_cell → Cd28 → Cd80 → CD4	Masopust_053_3b:A0308	0.5233565942395794	219.0	True	
T_cell → Cd28 → Cd80 → CD4	Masopust_053_3b:A0309	0.5233565942395794	218.0	True	
T_cell → Cd28 → Cd80 → CD4	Masopust_053_3b:A0310	0.5233565942395794	219.0	True	
T_cell → Cd28 → Cd80 → CD4	Masopust_053_3b:A0311	0.5218037992085235	219.0	True	
T_cell → Cd28 → Cd80 → CD4	Masopust_053_6a:A0308	0.5233565942395794	218.0	True	
T_cell → Cd28 → Cd80 → CD4	Masopust_053_6b:A0308	0.5233565942395794	218.0	True	
T_cell → Cd28 → Cd80 → CD4	Masopust_054_A:A0311	0.5218037992085235	221.0	True	
T_cell → Cd28 → Cd80 → CD4	Masopust_054_A:A0312	0.5218037992085235	220.0	True	
T_cell → Cd28 → Cd80 → CD4	Masopust_054_B:A0311	0.5218037992085235	220.0	True	
T_cell → Cd28 → Cd80 → CD4	Masopust_054_B:A0312	0.5218037992085235	220.0	True	
T_cell → Cd28 → Cd80 → CD4	Masopust_054_C:A0311	0.5233565942395794	219.0	True	
T_cell → Cd28 → Cd80 → CD4	Masopust_054_C:A0312	0.5233565942395794	219.0	True	
T_cell → Cd28 → Cd80 → CD4	Masopust_054_C:A0313	0.5218037992085235	220.0	True	
T_cell → Cd28 → Cd80 → CD4	Masopust_054_D:A0311	0.5218037992085235	222.0	True	
T_cell → Cd28 → Cd80 → CD4	Masopust_054_D:A0312	0.5218037992085235	221.0	True	
T_cell → Cd28 → Cd80 → CD4	Masopust_054_D:A0313	0.5218037992085235	221.0	True	
T_cell → Cd28 → Cd80 → CD4	Masopust_054_E:A0311	0.5233565942395794	219.0	True	
T_cell → Cd28 → Cd86 → CD4	Masopust_053_1a:A0307	0.5212329414948086	222.0	True	
T_cell → Cd28 → Cd86 → CD4	Masopust_053_1a:A0308	0.5212329414948086	221.0	True	
T_cell → Cd28 → Cd86 → CD4	Masopust_053_1a:A0309	0.5212329414948086	222.0	True	
T_cell → Cd28 → Cd86 → CD4	Masopust_053_1a:A0310	0.5227857365258645	221.0	True	
T_cell → Cd28 → Cd86 → CD4	Masopust_053_1a:A0311	0.5227857365258645	221.0	True	
T_cell → Cd28 → Cd86 → CD4	Masopust_053_1a:A0312	0.5227857365258645	220.0	True	
T_cell → Cd28 → Cd86 → CD4	Masopust_053_1b:A0307	0.5212329414948086	224.0	True	
T_cell → Cd28 → Cd86 → CD4	Masopust_053_1b:A0308	0.5227857365258645	220.0	True	
T_cell → Cd28 → Cd86 → CD4	Masopust_053_1b:A0309	0.5227857365258645	220.0	True	
T_cell → Cd28 → Cd86 → CD4	Masopust_053_1b:A0310	0.5227857365258645	220.0	True	
T_cell → Cd28 → Cd86 → CD4	Masopust_053_1b:A0311	0.5227857365258645	221.0	True	
T_cell → Cd28 → Cd86 → CD4	Masopust_053_1b:A0312	0.5227857365258645	220.0	True	
T_cell → Cd28 → Cd86 → CD4	Masopust_053_2a:A0307	0.5227857365258645	220.0	True	
T_cell → Cd28 → Cd86 → CD4	Masopust_053_2a:A0308	0.5212329414948086	225.0	True	
T_cell → Cd28 → Cd86 → CD4	Masopust_053_2a:A0309	0.5227857365258645	220.0	True	
T_cell → Cd28 → Cd86 → CD4	Masopust_053_2a:A0310	0.5212329414948086	221.0	True	
T_cell → Cd28 → Cd86 → CD4	Masopust_053_2a:A0311	0.5212329414948086	222.0	True	
T_cell → Cd28 → Cd86 → CD4	Masopust_053_2a:A0312	0.5212329414948086	222.0	True	
T_cell → Cd28 → Cd86 → CD4	Masopust_053_2b:A0307	0.5212329414948086	221.0	True	
T_cell → Cd28 → Cd86 → CD4	Masopust_053_2b:A0308	0.5227857365258645	220.0	True	
T_cell → Cd28 → Cd86 → CD4	Masopust_053_2b:A0309	0.5212329414948086	222.0	True	
T_cell → Cd28 → Cd86 → CD4	Masopust_053_2b:A0310	0.5212329414948086	222.0	True	
T_cell → Cd28 → Cd86 → CD4	Masopust_053_2b:A0311	0.5212329414948086	222.0	True	
T_cell → Cd28 → Cd86 → CD4	Masopust_053_2b:A0312	0.5212329414948086	223.0	True	
T_cell → Cd28 → Cd86 → CD4	Masopust_053_3a:A0307	0.5227857365258645	220.0	True	
T_cell → Cd28 → Cd86 → CD4	Masopust_053_3a:A0308	0.5212329414948086	222.0	True	
T_cell → Cd28 → Cd86 → CD4	Masopust_053_3a:A0309	0.5212329414948086	221.0	True	
T_cell → Cd28 → Cd86 → CD4	Masopust_053_3a:A0310	0.5227857365258645	220.0	True	
T_cell → Cd28 → Cd86 → CD4	Masopust_053_3a:A0311	0.5227857365258645	220.0	True	
T_cell → Cd28 → Cd86 → CD4	Masopust_053_3b:A0307	0.5227857365258645	220.0	True	
T_cell → Cd28 → Cd86 → CD4	Masopust_053_3b:A0308	0.5227857365258645	220.0	True	
T_cell → Cd28 → Cd86 → CD4	Masopust_053_3b:A0309	0.5227857365258645	220.0	True	
T_cell → Cd28 → Cd86 → CD4	Masopust_053_3b:A0310	0.5227857365258645	220.0	True	
T_cell → Cd28 → Cd86 → CD4	Masopust_053_3b:A0311	0.5212329414948086	223.0	True	
T_cell → Cd28 → Cd86 → CD4	Masopust_053_6a:A0308	0.5227857365258645	220.0	True	
T_cell → Cd28 → Cd86 → CD4	Masopust_053_6b:A0308	0.5227857365258645	220.0	True	
T_cell → Cd28 → Cd86 → CD4	Masopust_054_A:A0311	0.5212329414948086	222.0	True	
T_cell → Cd28 → Cd86 → CD4	Masopust_054_A:A0312	0.5212329414948086	222.0	True	
T_cell → Cd28 → Cd86 → CD4	Masopust_054_B:A0311	0.5212329414948086	224.0	True	
T_cell → Cd28 → Cd86 → CD4	Masopust_054_B:A0312	0.5212329414948086	222.0	True	
T_cell → Cd28 → Cd86 → CD4	Masopust_054_C:A0311	0.5227857365258645	220.0	True	
T_cell → Cd28 → Cd86 → CD4	Masopust_054_C:A0312	0.5227857365258645	220.0	True	
T_cell → Cd28 → Cd86 → CD4	Masopust_054_C:A0313	0.5212329414948086	222.0	True	
T_cell → Cd28 → Cd86 → CD4	Masopust_054_D:A0311	0.5212329414948086	224.0	True	
T_cell → Cd28 → Cd86 → CD4	Masopust_054_D:A0312	0.5212329414948086	223.0	True	
T_cell → Cd28 → Cd86 → CD4	Masopust_054_D:A0313	0.5212329414948086	223.0	True	
T_cell → Cd28 → Cd86 → CD4	Masopust_054_E:A0311	0.5227857365258645	220.0	True	
T_cell → Ntng2 → Lrrc4 → CD4	Masopust_053_1a:A0307	0.5282282608167397	216.0	True	
T_cell → Ntng2 → Lrrc4 → CD4	Masopust_053_1a:A0308	0.5282282608167397	216.0	True	
T_cell → Ntng2 → Lrrc4 → CD4	Masopust_053_1a:A0309	0.5282282608167397	215.0	True	
T_cell → Ntng2 → Lrrc4 → CD4	Masopust_053_1a:A0310	0.5282282608167397	216.0	True	
T_cell → Ntng2 → Lrrc4 → CD4	Masopust_053_1a:A0311	0.5297810558477956	213.0	True	
T_cell → Ntng2 → Lrrc4 → CD4	Masopust_053_1a:A0312	0.5282282608167397	215.0	True	
T_cell → Ntng2 → Lrrc4 → CD4	Masopust_053_1b:A0307	0.5282282608167397	216.0	True	
T_cell → Ntng2 → Lrrc4 → CD4	Masopust_053_1b:A0308	0.5282282608167397	216.0	True	
T_cell → Ntng2 → Lrrc4 → CD4	Masopust_053_1b:A0309	0.5297810558477956	213.0	True	
T_cell → Ntng2 → Lrrc4 → CD4	Masopust_053_1b:A0310	0.5282282608167397	215.0	True	
T_cell → Ntng2 → Lrrc4 → CD4	Masopust_053_1b:A0311	0.5282282608167397	215.0	True	
T_cell → Ntng2 → Lrrc4 → CD4	Masopust_053_1b:A0312	0.5282282608167397	215.0	True	
T_cell → Ntng2 → Lrrc4 → CD4	Masopust_053_2a:A0307	0.5297810558477956	212.0	True	
T_cell → Ntng2 → Lrrc4 → CD4	Masopust_053_2a:A0308	0.5282282608167397	216.0	True	
T_cell → Ntng2 → Lrrc4 → CD4	Masopust_053_2a:A0309	0.5297810558477956	214.0	True	
T_cell → Ntng2 → Lrrc4 → CD4	Masopust_053_2a:A0310	0.5282282608167397	215.0	True	
T_cell → Ntng2 → Lrrc4 → CD4	Masopust_053_2a:A0311	0.5282282608167397	216.0	True	
T_cell → Ntng2 → Lrrc4 → CD4	Masopust_053_2a:A0312	0.5297810558477956	212.0	True	
T_cell → Ntng2 → Lrrc4 → CD4	Masopust_053_2b:A0307	0.5282282608167397	215.0	True	
T_cell → Ntng2 → Lrrc4 → CD4	Masopust_053_2b:A0308	0.5297810558477956	215.0	True	
T_cell → Ntng2 → Lrrc4 → CD4	Masopust_053_2b:A0309	0.5297810558477956	213.0	True	
T_cell → Ntng2 → Lrrc4 → CD4	Masopust_053_2b:A0310	0.5282282608167397	216.0	True	
T_cell → Ntng2 → Lrrc4 → CD4	Masopust_053_2b:A0311	0.5282282608167397	216.0	True	
T_cell → Ntng2 → Lrrc4 → CD4	Masopust_053_2b:A0312	0.5297810558477956	214.0	True	
T_cell → Ntng2 → Lrrc4 → CD4	Masopust_053_3a:A0307	0.5282282608167397	216.0	True	
T_cell → Ntng2 → Lrrc4 → CD4	Masopust_053_3a:A0308	0.5282282608167397	216.0	True	
T_cell → Ntng2 → Lrrc4 → CD4	Masopust_053_3a:A0309	0.5282282608167397	216.0	True	
T_cell → Ntng2 → Lrrc4 → CD4	Masopust_053_3a:A0310	0.5297810558477956	212.0	True	
T_cell → Ntng2 → Lrrc4 → CD4	Masopust_053_3a:A0311	0.5282282608167397	215.0	True	
T_cell → Ntng2 → Lrrc4 → CD4	Masopust_053_3b:A0307	0.5297810558477956	213.0	True	
T_cell → Ntng2 → Lrrc4 → CD4	Masopust_053_3b:A0308	0.5282282608167397	216.0	True	
T_cell → Ntng2 → Lrrc4 → CD4	Masopust_053_3b:A0309	0.5282282608167397	215.0	True	
T_cell → Ntng2 → Lrrc4 → CD4	Masopust_053_3b:A0310	0.5297810558477956	212.0	True	
T_cell → Ntng2 → Lrrc4 → CD4	Masopust_053_3b:A0311	0.5297810558477956	212.0	True	
T_cell → Ntng2 → Lrrc4 → CD4	Masopust_053_6a:A0308	0.5282282608167397	216.0	True	
T_cell → Ntng2 → Lrrc4 → CD4	Masopust_053_6b:A0308	0.5282282608167397	215.0	True	
T_cell → Ntng2 → Lrrc4 → CD4	Masopust_054_A:A0311	0.5282282608167397	216.0	True	
T_cell → Ntng2 → Lrrc4 → CD4	Masopust_054_A:A0312	0.5297810558477956	212.0	True	
T_cell → Ntng2 → Lrrc4 → CD4	Masopust_054_B:A0311	0.5297810558477956	213.0	True	
T_cell → Ntng2 → Lrrc4 → CD4	Masopust_054_B:A0312	0.5297810558477956	213.0	True	
T_cell → Ntng2 → Lrrc4 → CD4	Masopust_054_C:A0311	0.5297810558477956	215.0	True	
T_cell → Ntng2 → Lrrc4 → CD4	Masopust_054_C:A0312	0.5297810558477956	214.0	True	
T_cell → Ntng2 → Lrrc4 → CD4	Masopust_054_C:A0313	0.5282282608167397	215.0	True	
T_cell → Ntng2 → Lrrc4 → CD4	Masopust_054_D:A0311	0.5282282608167397	216.0	True	
T_cell → Ntng2 → Lrrc4 → CD4	Masopust_054_D:A0312	0.5282282608167397	216.0	True	
T_cell → Ntng2 → Lrrc4 → CD4	Masopust_054_D:A0313	0.5282282608167397	215.0	True	
T_cell → Ntng2 → Lrrc4 → CD4	Masopust_054_E:A0311	0.5297810558477956	215.0	True	
dendritic → Cd72 → Cd5 → CD8	Masopust_053_1a:A0307	0.5360339781559271	190.0	True	
dendritic → Cd72 → Cd5 → CD8	Masopust_053_1a:A0308	0.537964480086429	186.0	True	
dendritic → Cd72 → Cd5 → CD8	Masopust_053_1a:A0309	0.5360339781559271	191.0	True	
dendritic → Cd72 → Cd5 → CD8	Masopust_053_1a:A0310	0.5360339781559271	192.0	True	
dendritic → Cd72 → Cd5 → CD8	Masopust_053_1a:A0311	0.5360339781559271	192.0	True	
dendritic → Cd72 → Cd5 → CD8	Masopust_053_1b:A0307	0.5360339781559271	190.0	True	
dendritic → Cd72 → Cd5 → CD8	Masopust_053_1b:A0308	0.5360339781559271	190.0	True	
dendritic → Cd72 → Cd5 → CD8	Masopust_053_1b:A0309	0.5360339781559271	190.0	True	
dendritic → Cd72 → Cd5 → CD8	Masopust_053_1b:A0310	0.5360339781559271	191.0	True	
dendritic → Cd72 → Cd5 → CD8	Masopust_053_1b:A0311	0.537964480086429	188.0	True	
dendritic → Cd72 → Cd5 → CD8	Masopust_053_2a:A0308	0.5360339781559271	197.0	True	
dendritic → Cd72 → Cd5 → CD8	Masopust_053_2a:A0310	0.5360339781559271	195.0	True	
dendritic → Cd72 → Cd5 → CD8	Masopust_053_2a:A0312	0.5360339781559271	195.0	True	
dendritic → Cd72 → Cd5 → CD8	Masopust_053_2b:A0307	0.537964480086429	187.0	True	
dendritic → Cd72 → Cd5 → CD8	Masopust_053_2b:A0308	0.5360339781559271	190.0	True	
dendritic → Cd72 → Cd5 → CD8	Masopust_053_2b:A0310	0.5360339781559271	189.0	True	
dendritic → Cd72 → Cd5 → CD8	Masopust_053_2b:A0312	0.5360339781559271	189.0	True	
dendritic → Cd72 → Cd5 → CD8	Masopust_053_3a:A0307	0.5360339781559271	190.0	True	
dendritic → Cd72 → Cd5 → CD8	Masopust_053_3a:A0308	0.5360339781559271	190.0	True	
dendritic → Cd72 → Cd5 → CD8	Masopust_053_3a:A0309	0.5360339781559271	190.0	True	
dendritic → Cd72 → Cd5 → CD8	Masopust_053_3a:A0310	0.5360339781559271	189.0	True	
dendritic → Cd72 → Cd5 → CD8	Masopust_053_3a:A0311	0.5360339781559271	189.0	True	
dendritic → Cd72 → Cd5 → CD8	Masopust_053_3b:A0307	0.5360339781559271	190.0	True	
dendritic → Cd72 → Cd5 → CD8	Masopust_053_3b:A0308	0.5360339781559271	190.0	True	
dendritic → Cd72 → Cd5 → CD8	Masopust_053_3b:A0309	0.537964480086429	186.0	True	
dendritic → Cd72 → Cd5 → CD8	Masopust_053_3b:A0310	0.5360339781559271	189.0	True	
dendritic → Cd72 → Cd5 → CD8	Masopust_053_3b:A0311	0.537964480086429	188.0	True	
dendritic → Cd72 → Cd5 → CD8	Masopust_053_6a:A0308	0.5360339781559271	191.0	True	
dendritic → Cd72 → Cd5 → CD8	Masopust_053_6b:A0308	0.5360339781559271	191.0	True	
dendritic → Cd72 → Cd5 → CD8	Masopust_054_A:A0311	0.5360339781559271	190.0	True	
dendritic → Cd72 → Cd5 → CD8	Masopust_054_A:A0312	0.5360339781559271	189.0	True	
dendritic → Cd72 → Cd5 → CD8	Masopust_054_B:A0311	0.537964480086429	187.0	True	
dendritic → Cd72 → Cd5 → CD8	Masopust_054_C:A0311	0.537964480086429	185.0	True	
dendritic → Cd72 → Cd5 → CD8	Masopust_054_C:A0313	0.537964480086429	185.0	True	
dendritic → Cd72 → Cd5 → CD8	Masopust_054_D:A0311	0.5360339781559271	198.0	True	
dendritic → Cd72 → Cd5 → CD8	Masopust_054_D:A0312	0.5360339781559271	190.0	True	
dendritic → Cd72 → Cd5 → CD8	Masopust_054_D:A0313	0.537964480086429	187.0	True	
dendritic → Cd72 → Cd5 → CD8	Masopust_054_E:A0311	0.537964480086429	187.0	True	
NK → Gpi1 → Amfr → CD8	Masopust_053_1a:A0307	0.5293177444228009	214.0	True	
NK → Gpi1 → Amfr → CD8	Masopust_053_1a:A0308	0.5293177444228009	213.0	True	
NK → Gpi1 → Amfr → CD8	Masopust_053_1a:A0309	0.5310184246949098	213.0	True	
NK → Gpi1 → Amfr → CD8	Masopust_053_1a:A0310	0.5293177444228009	214.0	True	
NK → Gpi1 → Amfr → CD8	Masopust_053_1a:A0311	0.5293177444228009	214.0	True	
NK → Gpi1 → Amfr → CD8	Masopust_053_1a:A0312	0.5293177444228009	213.0	True	
NK → Gpi1 → Amfr → CD8	Masopust_053_1b:A0307	0.5310184246949098	213.0	True	
NK → Gpi1 → Amfr → CD8	Masopust_053_1b:A0308	0.5310184246949098	212.0	True	
NK → Gpi1 → Amfr → CD8	Masopust_053_1b:A0309	0.5293177444228009	214.0	True	
NK → Gpi1 → Amfr → CD8	Masopust_053_1b:A0310	0.5310184246949098	213.0	True	
NK → Gpi1 → Amfr → CD8	Masopust_053_1b:A0311	0.5293177444228009	213.0	True	
NK → Gpi1 → Amfr → CD8	Masopust_053_1b:A0312	0.5293177444228009	214.0	True	
NK → Gpi1 → Amfr → CD8	Masopust_053_2a:A0307	0.5293177444228009	214.0	True	
NK → Gpi1 → Amfr → CD8	Masopust_053_2a:A0308	0.5293177444228009	214.0	True	
NK → Gpi1 → Amfr → CD8	Masopust_053_2a:A0309	0.5293177444228009	215.0	True	
NK → Gpi1 → Amfr → CD8	Masopust_053_2a:A0310	0.5310184246949098	209.0	True	
NK → Gpi1 → Amfr → CD8	Masopust_053_2a:A0312	0.5293177444228009	214.0	True	
NK → Gpi1 → Amfr → CD8	Masopust_053_2b:A0307	0.5293177444228009	213.0	True	
NK → Gpi1 → Amfr → CD8	Masopust_053_2b:A0308	0.5310184246949098	213.0	True	
NK → Gpi1 → Amfr → CD8	Masopust_053_2b:A0309	0.5293177444228009	214.0	True	
NK → Gpi1 → Amfr → CD8	Masopust_053_2b:A0310	0.5310184246949098	209.0	True	
NK → Gpi1 → Amfr → CD8	Masopust_053_2b:A0312	0.5310184246949098	209.0	True	
NK → Gpi1 → Amfr → CD8	Masopust_053_3a:A0307	0.5293177444228009	214.0	True	
NK → Gpi1 → Amfr → CD8	Masopust_053_3a:A0308	0.5293177444228009	214.0	True	
NK → Gpi1 → Amfr → CD8	Masopust_053_3a:A0309	0.5293177444228009	214.0	True	
NK → Gpi1 → Amfr → CD8	Masopust_053_3a:A0310	0.5293177444228009	214.0	True	
NK → Gpi1 → Amfr → CD8	Masopust_053_3a:A0311	0.5293177444228009	213.0	True	
NK → Gpi1 → Amfr → CD8	Masopust_053_3b:A0307	0.5293177444228009	215.0	True	
NK → Gpi1 → Amfr → CD8	Masopust_053_3b:A0308	0.5293177444228009	214.0	True	
NK → Gpi1 → Amfr → CD8	Masopust_053_3b:A0309	0.5293177444228009	214.0	True	
NK → Gpi1 → Amfr → CD8	Masopust_053_3b:A0310	0.5293177444228009	215.0	True	
NK → Gpi1 → Amfr → CD8	Masopust_053_3b:A0311	0.5293177444228009	214.0	True	
NK → Gpi1 → Amfr → CD8	Masopust_053_6a:A0308	0.5293177444228009	214.0	True	
NK → Gpi1 → Amfr → CD8	Masopust_053_6b:A0308	0.5293177444228009	213.0	True	
NK → Gpi1 → Amfr → CD8	Masopust_054_A:A0311	0.5293177444228009	213.0	True	
NK → Gpi1 → Amfr → CD8	Masopust_054_A:A0312	0.5293177444228009	215.0	True	
NK → Gpi1 → Amfr → CD8	Masopust_054_B:A0311	0.5293177444228009	215.0	True	
NK → Gpi1 → Amfr → CD8	Masopust_054_B:A0312	0.5293177444228009	215.0	True	
NK → Gpi1 → Amfr → CD8	Masopust_054_C:A0311	0.5310184246949098	213.0	True	
NK → Gpi1 → Amfr → CD8	Masopust_054_C:A0313	0.5310184246949098	213.0	True	
NK → Gpi1 → Amfr → CD8	Masopust_054_D:A0311	0.5310184246949098	212.0	True	
NK → Gpi1 → Amfr → CD8	Masopust_054_D:A0313	0.5310184246949098	212.0	True	
NK → Gpi1 → Amfr → CD8	Masopust_054_E:A0311	0.5310184246949098	213.0	True	
NK → Pkm → Cd44 → CD8	Masopust_053_1a:A0307	0.528971824082195	215.0	True	
NK → Pkm → Cd44 → CD8	Masopust_053_1a:A0308	0.528971824082195	214.0	True	
NK → Pkm → Cd44 → CD8	Masopust_053_1a:A0309	0.5306725043543039	214.0	True	
NK → Pkm → Cd44 → CD8	Masopust_053_1a:A0310	0.528971824082195	215.0	True	
NK → Pkm → Cd44 → CD8	Masopust_053_1a:A0311	0.528971824082195	215.0	True	
NK → Pkm → Cd44 → CD8	Masopust_053_1a:A0312	0.528971824082195	214.0	True	
NK → Pkm → Cd44 → CD8	Masopust_053_1b:A0307	0.5306725043543039	214.0	True	
NK → Pkm → Cd44 → CD8	Masopust_053_1b:A0308	0.528971824082195	214.0	True	
NK → Pkm → Cd44 → CD8	Masopust_053_1b:A0309	0.528971824082195	215.0	True	
NK → Pkm → Cd44 → CD8	Masopust_053_1b:A0310	0.5306725043543039	214.0	True	
NK → Pkm → Cd44 → CD8	Masopust_053_1b:A0311	0.528971824082195	214.0	True	
NK → Pkm → Cd44 → CD8	Masopust_053_1b:A0312	0.5306725043543039	212.0	True	
NK → Pkm → Cd44 → CD8	Masopust_053_2a:A0307	0.528971824082195	215.0	True	
NK → Pkm → Cd44 → CD8	Masopust_053_2a:A0308	0.528971824082195	215.0	True	
NK → Pkm → Cd44 → CD8	Masopust_053_2a:A0309	0.5306725043543039	212.0	True	
NK → Pkm → Cd44 → CD8	Masopust_053_2a:A0310	0.5306725043543039	210.0	True	
NK → Pkm → Cd44 → CD8	Masopust_053_2a:A0312	0.528971824082195	215.0	True	
NK → Pkm → Cd44 → CD8	Masopust_053_2b:A0307	0.528971824082195	214.0	True	
NK → Pkm → Cd44 → CD8	Masopust_053_2b:A0308	0.5306725043543039	214.0	True	
NK → Pkm → Cd44 → CD8	Masopust_053_2b:A0309	0.528971824082195	215.0	True	
NK → Pkm → Cd44 → CD8	Masopust_053_2b:A0310	0.528971824082195	215.0	True	
NK → Pkm → Cd44 → CD8	Masopust_053_2b:A0312	0.5306725043543039	210.0	True	
NK → Pkm → Cd44 → CD8	Masopust_053_3a:A0307	0.528971824082195	215.0	True	
NK → Pkm → Cd44 → CD8	Masopust_053_3a:A0308	0.528971824082195	215.0	True	
NK → Pkm → Cd44 → CD8	Masopust_053_3a:A0309	0.528971824082195	215.0	True	
NK → Pkm → Cd44 → CD8	Masopust_053_3a:A0310	0.528971824082195	215.0	True	
NK → Pkm → Cd44 → CD8	Masopust_053_3a:A0311	0.528971824082195	214.0	True	
NK → Pkm → Cd44 → CD8	Masopust_053_3b:A0307	0.528971824082195	216.0	True	
NK → Pkm → Cd44 → CD8	Masopust_053_3b:A0308	0.528971824082195	215.0	True	
NK → Pkm → Cd44 → CD8	Masopust_053_3b:A0309	0.5306725043543039	213.0	True	
NK → Pkm → Cd44 → CD8	Masopust_053_3b:A0310	0.528971824082195	216.0	True	
NK → Pkm → Cd44 → CD8	Masopust_053_3b:A0311	0.528971824082195	215.0	True	
NK → Pkm → Cd44 → CD8	Masopust_053_6a:A0308	0.528971824082195	215.0	True	
NK → Pkm → Cd44 → CD8	Masopust_053_6b:A0308	0.528971824082195	214.0	True	
NK → Pkm → Cd44 → CD8	Masopust_054_A:A0311	0.528971824082195	214.0	True	
NK → Pkm → Cd44 → CD8	Masopust_054_A:A0312	0.528971824082195	216.0	True	
NK → Pkm → Cd44 → CD8	Masopust_054_B:A0311	0.528971824082195	216.0	True	
NK → Pkm → Cd44 → CD8	Masopust_054_B:A0312	0.528971824082195	216.0	True	
NK → Pkm → Cd44 → CD8	Masopust_054_C:A0311	0.5306725043543039	214.0	True	
NK → Pkm → Cd44 → CD8	Masopust_054_C:A0313	0.5306725043543039	214.0	True	
NK → Pkm → Cd44 → CD8	Masopust_054_D:A0311	0.528971824082195	215.0	True	
NK → Pkm → Cd44 → CD8	Masopust_054_D:A0313	0.528971824082195	214.0	True	
NK → Pkm → Cd44 → CD8	Masopust_054_E:A0311	0.5306725043543039	214.0	True	
NK → Lgals3bp → Itgb1 → CD8	Masopust_053_1a:A0307	0.5306011471400895	212.0	True	
NK → Lgals3bp → Itgb1 → CD8	Masopust_053_1a:A0308	0.5306011471400895	212.0	True	
NK → Lgals3bp → Itgb1 → CD8	Masopust_053_1a:A0309	0.5323018274121983	209.0	True	
NK → Lgals3bp → Itgb1 → CD8	Masopust_053_1a:A0310	0.5306011471400895	212.0	True	
NK → Lgals3bp → Itgb1 → CD8	Masopust_053_1a:A0311	0.5306011471400895	212.0	True	
NK → Lgals3bp → Itgb1 → CD8	Masopust_053_1a:A0312	0.5306011471400895	212.0	True	
NK → Lgals3bp → Itgb1 → CD8	Masopust_053_1b:A0307	0.5323018274121983	209.0	True	
NK → Lgals3bp → Itgb1 → CD8	Masopust_053_1b:A0308	0.5306011471400895	213.0	True	
NK → Lgals3bp → Itgb1 → CD8	Masopust_053_1b:A0309	0.5306011471400895	212.0	True	
NK → Lgals3bp → Itgb1 → CD8	Masopust_053_1b:A0310	0.5323018274121983	211.0	True	
NK → Lgals3bp → Itgb1 → CD8	Masopust_053_1b:A0311	0.5306011471400895	212.0	True	
NK → Lgals3bp → Itgb1 → CD8	Masopust_053_1b:A0312	0.5306011471400895	213.0	True	
NK → Lgals3bp → Itgb1 → CD8	Masopust_053_2a:A0307	0.5306011471400895	209.0	True	
NK → Lgals3bp → Itgb1 → CD8	Masopust_053_2a:A0308	0.5323018274121983	212.0	True	
NK → Lgals3bp → Itgb1 → CD8	Masopust_053_2a:A0309	0.5306011471400895	213.0	True	
NK → Lgals3bp → Itgb1 → CD8	Masopust_053_2a:A0310	0.5306011471400895	211.0	True	
NK → Lgals3bp → Itgb1 → CD8	Masopust_053_2a:A0312	0.5323018274121983	206.0	True	
NK → Lgals3bp → Itgb1 → CD8	Masopust_053_2b:A0307	0.5306011471400895	209.0	True	
NK → Lgals3bp → Itgb1 → CD8	Masopust_053_2b:A0308	0.5323018274121983	209.0	True	
NK → Lgals3bp → Itgb1 → CD8	Masopust_053_2b:A0309	0.5306011471400895	212.0	True	
NK → Lgals3bp → Itgb1 → CD8	Masopust_053_2b:A0310	0.5306011471400895	210.0	True	
NK → Lgals3bp → Itgb1 → CD8	Masopust_053_2b:A0312	0.5306011471400895	211.0	True	
NK → Lgals3bp → Itgb1 → CD8	Masopust_053_3a:A0307	0.5306011471400895	212.0	True	
NK → Lgals3bp → Itgb1 → CD8	Masopust_053_3a:A0308	0.5306011471400895	212.0	True	
NK → Lgals3bp → Itgb1 → CD8	Masopust_053_3a:A0309	0.5306011471400895	212.0	True	
NK → Lgals3bp → Itgb1 → CD8	Masopust_053_3a:A0310	0.5306011471400895	209.0	True	
NK → Lgals3bp → Itgb1 → CD8	Masopust_053_3a:A0311	0.5306011471400895	209.0	True	
NK → Lgals3bp → Itgb1 → CD8	Masopust_053_3b:A0307	0.5306011471400895	212.0	True	
NK → Lgals3bp → Itgb1 → CD8	Masopust_053_3b:A0308	0.5306011471400895	212.0	True	
NK → Lgals3bp → Itgb1 → CD8	Masopust_053_3b:A0309	0.5323018274121983	209.0	True	
NK → Lgals3bp → Itgb1 → CD8	Masopust_053_3b:A0310	0.5306011471400895	209.0	True	
NK → Lgals3bp → Itgb1 → CD8	Masopust_053_3b:A0311	0.5306011471400895	209.0	True	
NK → Lgals3bp → Itgb1 → CD8	Masopust_053_6a:A0308	0.5306011471400895	212.0	True	
NK → Lgals3bp → Itgb1 → CD8	Masopust_053_6b:A0308	0.5306011471400895	212.0	True	
NK → Lgals3bp → Itgb1 → CD8	Masopust_054_A:A0311	0.5306011471400895	212.0	True	
NK → Lgals3bp → Itgb1 → CD8	Masopust_054_A:A0312	0.5323018274121983	205.0	True	
NK → Lgals3bp → Itgb1 → CD8	Masopust_054_B:A0311	0.5306011471400895	212.0	True	
NK → Lgals3bp → Itgb1 → CD8	Masopust_054_B:A0312	0.5306011471400895	212.0	True	
NK → Lgals3bp → Itgb1 → CD8	Masopust_054_C:A0311	0.5323018274121983	209.0	True	
NK → Lgals3bp → Itgb1 → CD8	Masopust_054_C:A0313	0.5323018274121983	209.0	True	
NK → Lgals3bp → Itgb1 → CD8	Masopust_054_D:A0311	0.5306011471400895	213.0	True	
NK → Lgals3bp → Itgb1 → CD8	Masopust_054_D:A0313	0.5306011471400895	213.0	True	
NK → Lgals3bp → Itgb1 → CD8	Masopust_054_E:A0311	0.5323018274121983	209.0	True	
T_cell → Lamc1 → Itga6_Itgb4 → CD4	Masopust_053_1a:A0307	0.5228652879669797	218.0	True	
T_cell → Lamc1 → Itga6_Itgb4 → CD4	Masopust_053_1a:A0308	0.5228652879669797	218.0	True	
T_cell → Lamc1 → Itga6_Itgb4 → CD4	Masopust_053_1a:A0309	0.5228652879669797	218.0	True	
T_cell → Lamc1 → Itga6_Itgb4 → CD4	Masopust_053_1a:A0310	0.5244180829980356	219.0	True	
T_cell → Lamc1 → Itga6_Itgb4 → CD4	Masopust_053_1a:A0311	0.5228652879669797	220.0	True	
T_cell → Lamc1 → Itga6_Itgb4 → CD4	Masopust_053_1a:A0312	0.5228652879669797	219.0	True	
T_cell → Lamc1 → Itga6_Itgb4 → CD4	Masopust_053_1b:A0307	0.5228652879669797	218.0	True	
T_cell → Lamc1 → Itga6_Itgb4 → CD4	Masopust_053_1b:A0308	0.5244180829980356	218.0	True	
T_cell → Lamc1 → Itga6_Itgb4 → CD4	Masopust_053_1b:A0309	0.5244180829980356	218.0	True	
T_cell → Lamc1 → Itga6_Itgb4 → CD4	Masopust_053_1b:A0310	0.5244180829980356	218.0	True	
T_cell → Lamc1 → Itga6_Itgb4 → CD4	Masopust_053_1b:A0311	0.5228652879669797	220.0	True	
T_cell → Lamc1 → Itga6_Itgb4 → CD4	Masopust_053_1b:A0312	0.5228652879669797	219.0	True	
T_cell → Lamc1 → Itga6_Itgb4 → CD4	Masopust_053_2a:A0307	0.5244180829980356	218.0	True	
T_cell → Lamc1 → Itga6_Itgb4 → CD4	Masopust_053_2a:A0308	0.5228652879669797	218.0	True	
T_cell → Lamc1 → Itga6_Itgb4 → CD4	Masopust_053_2a:A0309	0.5228652879669797	219.0	True	
T_cell → Lamc1 → Itga6_Itgb4 → CD4	Masopust_053_2a:A0310	0.5228652879669797	218.0	True	
T_cell → Lamc1 → Itga6_Itgb4 → CD4	Masopust_053_2a:A0311	0.5228652879669797	218.0	True	
T_cell → Lamc1 → Itga6_Itgb4 → CD4	Masopust_053_2a:A0312	0.5228652879669797	218.0	True	
T_cell → Lamc1 → Itga6_Itgb4 → CD4	Masopust_053_2b:A0307	0.5228652879669797	218.0	True	
T_cell → Lamc1 → Itga6_Itgb4 → CD4	Masopust_053_2b:A0308	0.5244180829980356	218.0	True	
T_cell → Lamc1 → Itga6_Itgb4 → CD4	Masopust_053_2b:A0309	0.5228652879669797	218.0	True	
T_cell → Lamc1 → Itga6_Itgb4 → CD4	Masopust_053_2b:A0310	0.5228652879669797	218.0	True	
T_cell → Lamc1 → Itga6_Itgb4 → CD4	Masopust_053_2b:A0311	0.5228652879669797	218.0	True	
T_cell → Lamc1 → Itga6_Itgb4 → CD4	Masopust_053_2b:A0312	0.5244180829980356	218.0	True	
T_cell → Lamc1 → Itga6_Itgb4 → CD4	Masopust_053_3a:A0307	0.5228652879669797	219.0	True	
T_cell → Lamc1 → Itga6_Itgb4 → CD4	Masopust_053_3a:A0308	0.5228652879669797	218.0	True	
T_cell → Lamc1 → Itga6_Itgb4 → CD4	Masopust_053_3a:A0309	0.5244180829980356	218.0	True	
T_cell → Lamc1 → Itga6_Itgb4 → CD4	Masopust_053_3a:A0310	0.5244180829980356	218.0	True	
T_cell → Lamc1 → Itga6_Itgb4 → CD4	Masopust_053_3a:A0311	0.5228652879669797	219.0	True	
T_cell → Lamc1 → Itga6_Itgb4 → CD4	Masopust_053_3b:A0307	0.5228652879669797	219.0	True	
T_cell → Lamc1 → Itga6_Itgb4 → CD4	Masopust_053_3b:A0308	0.5244180829980356	218.0	True	
T_cell → Lamc1 → Itga6_Itgb4 → CD4	Masopust_053_3b:A0309	0.5228652879669797	219.0	True	
T_cell → Lamc1 → Itga6_Itgb4 → CD4	Masopust_053_3b:A0310	0.5244180829980356	218.0	True	
T_cell → Lamc1 → Itga6_Itgb4 → CD4	Masopust_053_3b:A0311	0.5244180829980356	218.0	True	
T_cell → Lamc1 → Itga6_Itgb4 → CD4	Masopust_053_6a:A0308	0.5228652879669797	219.0	True	
T_cell → Lamc1 → Itga6_Itgb4 → CD4	Masopust_053_6b:A0308	0.5228652879669797	219.0	True	
T_cell → Lamc1 → Itga6_Itgb4 → CD4	Masopust_054_A:A0311	0.5228652879669797	218.0	True	
T_cell → Lamc1 → Itga6_Itgb4 → CD4	Masopust_054_A:A0312	0.5244180829980356	218.0	True	
T_cell → Lamc1 → Itga6_Itgb4 → CD4	Masopust_054_B:A0311	0.5228652879669797	218.0	True	
T_cell → Lamc1 → Itga6_Itgb4 → CD4	Masopust_054_B:A0312	0.5228652879669797	218.0	True	
T_cell → Lamc1 → Itga6_Itgb4 → CD4	Masopust_054_C:A0311	0.5244180829980356	218.0	True	
T_cell → Lamc1 → Itga6_Itgb4 → CD4	Masopust_054_C:A0312	0.5244180829980356	218.0	True	
T_cell → Lamc1 → Itga6_Itgb4 → CD4	Masopust_054_C:A0313	0.5244180829980356	218.0	True	
T_cell → Lamc1 → Itga6_Itgb4 → CD4	Masopust_054_D:A0311	0.5228652879669797	219.0	True	
T_cell → Lamc1 → Itga6_Itgb4 → CD4	Masopust_054_D:A0312	0.5228652879669797	218.0	True	
T_cell → Lamc1 → Itga6_Itgb4 → CD4	Masopust_054_D:A0313	0.5228652879669797	218.0	True	
T_cell → Lamc1 → Itga6_Itgb4 → CD4	Masopust_054_E:A0311	0.5244180829980356	218.0	True	
T_cell → Sertad1 → Ar → CD8	Masopust_053_1a:A0307	0.5214489744404885	221.0	True	
T_cell → Sertad1 → Ar → CD8	Masopust_053_1a:A0308	0.5198961794094327	225.0	True	
T_cell → Sertad1 → Ar → CD8	Masopust_053_1a:A0309	0.5198961794094327	224.0	True	
T_cell → Sertad1 → Ar → CD8	Masopust_053_1a:A0310	0.5214489744404885	224.0	True	
T_cell → Sertad1 → Ar → CD8	Masopust_053_1a:A0311	0.5198961794094327	225.0	True	
T_cell → Sertad1 → Ar → CD8	Masopust_053_1a:A0312	0.5198961794094327	225.0	True	
T_cell → Sertad1 → Ar → CD8	Masopust_053_1b:A0307	0.5198961794094327	227.0	True	
T_cell → Sertad1 → Ar → CD8	Masopust_053_1b:A0308	0.5214489744404885	222.0	True	
T_cell → Sertad1 → Ar → CD8	Masopust_053_1b:A0309	0.5214489744404885	222.0	True	
T_cell → Sertad1 → Ar → CD8	Masopust_053_1b:A0310	0.5198961794094327	227.0	True	
T_cell → Sertad1 → Ar → CD8	Masopust_053_1b:A0311	0.5198961794094327	226.0	True	
T_cell → Sertad1 → Ar → CD8	Masopust_053_1b:A0312	0.5198961794094327	225.0	True	
T_cell → Sertad1 → Ar → CD8	Masopust_053_2a:A0307	0.5198961794094327	227.0	True	
T_cell → Sertad1 → Ar → CD8	Masopust_053_2a:A0308	0.5214489744404885	224.0	True	
T_cell → Sertad1 → Ar → CD8	Masopust_053_2a:A0309	0.5198961794094327	223.0	True	
T_cell → Sertad1 → Ar → CD8	Masopust_053_2a:A0310	0.5198961794094327	223.0	True	
T_cell → Sertad1 → Ar → CD8	Masopust_053_2a:A0311	0.5214489744404885	221.0	True	
T_cell → Sertad1 → Ar → CD8	Masopust_053_2a:A0312	0.5198961794094327	224.0	True	
T_cell → Sertad1 → Ar → CD8	Masopust_053_2b:A0307	0.5198961794094327	223.0	True	
T_cell → Sertad1 → Ar → CD8	Masopust_053_2b:A0308	0.5214489744404885	223.0	True	
T_cell → Sertad1 → Ar → CD8	Masopust_053_2b:A0309	0.5198961794094327	224.0	True	
T_cell → Sertad1 → Ar → CD8	Masopust_053_2b:A0310	0.5198961794094327	226.0	True	
T_cell → Sertad1 → Ar → CD8	Masopust_053_2b:A0311	0.5214489744404885	221.0	True	
T_cell → Sertad1 → Ar → CD8	Masopust_053_2b:A0312	0.5214489744404885	222.0	True	
T_cell → Sertad1 → Ar → CD8	Masopust_053_3a:A0307	0.5198961794094327	226.0	True	
T_cell → Sertad1 → Ar → CD8	Masopust_053_3a:A0308	0.5198961794094327	226.0	True	
T_cell → Sertad1 → Ar → CD8	Masopust_053_3a:A0309	0.5198961794094327	225.0	True	
T_cell → Sertad1 → Ar → CD8	Masopust_053_3a:A0310	0.5198961794094327	226.0	True	
T_cell → Sertad1 → Ar → CD8	Masopust_053_3a:A0311	0.5214489744404885	223.0	True	
T_cell → Sertad1 → Ar → CD8	Masopust_053_3b:A0307	0.5198961794094327	224.0	True	
T_cell → Sertad1 → Ar → CD8	Masopust_053_3b:A0308	0.5198961794094327	225.0	True	
T_cell → Sertad1 → Ar → CD8	Masopust_053_3b:A0309	0.5214489744404885	222.0	True	
T_cell → Sertad1 → Ar → CD8	Masopust_053_3b:A0310	0.5198961794094327	225.0	True	
T_cell → Sertad1 → Ar → CD8	Masopust_053_3b:A0311	0.5214489744404885	222.0	True	
T_cell → Sertad1 → Ar → CD8	Masopust_053_6a:A0308	0.5214489744404885	224.0	True	
T_cell → Sertad1 → Ar → CD8	Masopust_053_6b:A0308	0.5214489744404885	223.0	True	
T_cell → Sertad1 → Ar → CD8	Masopust_054_A:A0311	0.5198961794094327	225.0	True	
T_cell → Sertad1 → Ar → CD8	Masopust_054_A:A0312	0.5198961794094327	223.0	True	
T_cell → Sertad1 → Ar → CD8	Masopust_054_B:A0311	0.5214489744404885	223.0	True	
T_cell → Sertad1 → Ar → CD8	Masopust_054_B:A0312	0.5214489744404885	221.0	True	
T_cell → Sertad1 → Ar → CD8	Masopust_054_C:A0311	0.5198961794094327	226.0	True	
T_cell → Sertad1 → Ar → CD8	Masopust_054_C:A0312	0.5198961794094327	223.0	True	
T_cell → Sertad1 → Ar → CD8	Masopust_054_C:A0313	0.5198961794094327	226.0	True	
T_cell → Sertad1 → Ar → CD8	Masopust_054_D:A0311	0.5198961794094327	226.0	True	
T_cell → Sertad1 → Ar → CD8	Masopust_054_D:A0312	0.5214489744404885	222.0	True	
T_cell → Sertad1 → Ar → CD8	Masopust_054_D:A0313	0.5198961794094327	224.0	True	
T_cell → Sertad1 → Ar → CD8	Masopust_054_E:A0311	0.5214489744404885	223.0	True	
T_cell → Tgfb1 → Lpp → CD4	Masopust_053_1a:A0307	0.5177732377479335	231.0	True	
T_cell → Tgfb1 → Lpp → CD4	Masopust_053_1a:A0308	0.5193260327789894	227.0	True	
T_cell → Tgfb1 → Lpp → CD4	Masopust_053_1a:A0309	0.5193260327789894	226.0	True	
T_cell → Tgfb1 → Lpp → CD4	Masopust_053_1a:A0310	0.5177732377479335	232.0	True	
T_cell → Tgfb1 → Lpp → CD4	Masopust_053_1a:A0311	0.5193260327789894	227.0	True	
T_cell → Tgfb1 → Lpp → CD4	Masopust_053_1a:A0312	0.5193260327789894	227.0	True	
T_cell → Tgfb1 → Lpp → CD4	Masopust_053_1b:A0307	0.5177732377479335	232.0	True	
T_cell → Tgfb1 → Lpp → CD4	Masopust_053_1b:A0308	0.5177732377479335	232.0	True	
T_cell → Tgfb1 → Lpp → CD4	Masopust_053_1b:A0309	0.5193260327789894	227.0	True	
T_cell → Tgfb1 → Lpp → CD4	Masopust_053_1b:A0310	0.5177732377479335	230.0	True	
T_cell → Tgfb1 → Lpp → CD4	Masopust_053_1b:A0311	0.5193260327789894	228.0	True	
T_cell → Tgfb1 → Lpp → CD4	Masopust_053_1b:A0312	0.5177732377479335	231.0	True	
T_cell → Tgfb1 → Lpp → CD4	Masopust_053_2a:A0307	0.5193260327789894	228.0	True	
T_cell → Tgfb1 → Lpp → CD4	Masopust_053_2a:A0308	0.5177732377479335	231.0	True	
T_cell → Tgfb1 → Lpp → CD4	Masopust_053_2a:A0309	0.5177732377479335	231.0	True	
T_cell → Tgfb1 → Lpp → CD4	Masopust_053_2a:A0310	0.5177732377479335	230.0	True	
T_cell → Tgfb1 → Lpp → CD4	Masopust_053_2a:A0311	0.5177732377479335	232.0	True	
T_cell → Tgfb1 → Lpp → CD4	Masopust_053_2a:A0312	0.5177732377479335	230.0	True	
T_cell → Tgfb1 → Lpp → CD4	Masopust_053_2b:A0307	0.5177732377479335	230.0	True	
T_cell → Tgfb1 → Lpp → CD4	Masopust_053_2b:A0308	0.5177732377479335	232.0	True	
T_cell → Tgfb1 → Lpp → CD4	Masopust_053_2b:A0309	0.5177732377479335	231.0	True	
T_cell → Tgfb1 → Lpp → CD4	Masopust_053_2b:A0310	0.5177732377479335	231.0	True	
T_cell → Tgfb1 → Lpp → CD4	Masopust_053_2b:A0311	0.5177732377479335	232.0	True	
T_cell → Tgfb1 → Lpp → CD4	Masopust_053_2b:A0312	0.5177732377479335	231.0	True	
T_cell → Tgfb1 → Lpp → CD4	Masopust_053_3a:A0307	0.5193260327789894	227.0	True	
T_cell → Tgfb1 → Lpp → CD4	Masopust_053_3a:A0308	0.5193260327789894	227.0	True	
T_cell → Tgfb1 → Lpp → CD4	Masopust_053_3a:A0309	0.5193260327789894	227.0	True	
T_cell → Tgfb1 → Lpp → CD4	Masopust_053_3a:A0310	0.5193260327789894	227.0	True	
T_cell → Tgfb1 → Lpp → CD4	Masopust_053_3a:A0311	0.5193260327789894	226.0	True	
T_cell → Tgfb1 → Lpp → CD4	Masopust_053_3b:A0307	0.5177732377479335	231.0	True	
T_cell → Tgfb1 → Lpp → CD4	Masopust_053_3b:A0308	0.5193260327789894	227.0	True	
T_cell → Tgfb1 → Lpp → CD4	Masopust_053_3b:A0309	0.5193260327789894	227.0	True	
T_cell → Tgfb1 → Lpp → CD4	Masopust_053_3b:A0310	0.5193260327789894	227.0	True	
T_cell → Tgfb1 → Lpp → CD4	Masopust_053_3b:A0311	0.5177732377479335	230.0	True	
T_cell → Tgfb1 → Lpp → CD4	Masopust_053_6a:A0308	0.5177732377479335	231.0	True	
T_cell → Tgfb1 → Lpp → CD4	Masopust_053_6b:A0308	0.5177732377479335	231.0	True	
T_cell → Tgfb1 → Lpp → CD4	Masopust_054_A:A0311	0.5177732377479335	232.0	True	
T_cell → Tgfb1 → Lpp → CD4	Masopust_054_A:A0312	0.5193260327789894	225.0	True	
T_cell → Tgfb1 → Lpp → CD4	Masopust_054_B:A0311	0.5177732377479335	232.0	True	
T_cell → Tgfb1 → Lpp → CD4	Masopust_054_B:A0312	0.5177732377479335	232.0	True	
T_cell → Tgfb1 → Lpp → CD4	Masopust_054_C:A0311	0.5177732377479335	231.0	True	
T_cell → Tgfb1 → Lpp → CD4	Masopust_054_C:A0312	0.5193260327789894	225.0	True	
T_cell → Tgfb1 → Lpp → CD4	Masopust_054_C:A0313	0.5177732377479335	231.0	True	
T_cell → Tgfb1 → Lpp → CD4	Masopust_054_D:A0311	0.5193260327789894	228.0	True	
T_cell → Tgfb1 → Lpp → CD4	Masopust_054_D:A0312	0.5177732377479335	231.0	True	
T_cell → Tgfb1 → Lpp → CD4	Masopust_054_D:A0313	0.5177732377479335	231.0	True	
T_cell → Tgfb1 → Lpp → CD4	Masopust_054_E:A0311	0.5193260327789894	227.0	True	
melanoma → App → Rpsa → CD8	Masopust_053_1a:A0307	0.5102190966549804	236.0	True	
melanoma → App → Rpsa → CD8	Masopust_053_1a:A0309	0.5119612569337261	235.0	True	
melanoma → App → Rpsa → CD8	Masopust_053_1a:A0310	0.5102190966549804	236.0	True	
melanoma → App → Rpsa → CD8	Masopust_053_1a:A0311	0.5119612569337261	235.0	True	
melanoma → App → Rpsa → CD8	Masopust_053_1a:A0312	0.5119612569337261	236.0	True	
melanoma → App → Rpsa → CD8	Masopust_053_1b:A0307	0.5119612569337261	236.0	True	
melanoma → App → Rpsa → CD8	Masopust_053_1b:A0309	0.5102190966549804	236.0	True	
melanoma → App → Rpsa → CD8	Masopust_053_1b:A0310	0.5119612569337261	235.0	True	
melanoma → App → Rpsa → CD8	Masopust_053_1b:A0311	0.5119612569337261	235.0	True	
melanoma → App → Rpsa → CD8	Masopust_053_1b:A0312	0.5119612569337261	236.0	True	
melanoma → App → Rpsa → CD8	Masopust_053_2a:A0307	0.5119612569337261	236.0	True	
melanoma → App → Rpsa → CD8	Masopust_053_2a:A0308	0.5102190966549804	236.0	True	
melanoma → App → Rpsa → CD8	Masopust_053_2a:A0309	0.5119612569337261	235.0	True	
melanoma → App → Rpsa → CD8	Masopust_053_2a:A0310	0.5119612569337261	235.0	True	
melanoma → App → Rpsa → CD8	Masopust_053_2a:A0312	0.5119612569337261	235.0	True	
melanoma → App → Rpsa → CD8	Masopust_053_2b:A0307	0.5102190966549804	236.0	True	
melanoma → App → Rpsa → CD8	Masopust_053_2b:A0308	0.5119612569337261	236.0	True	
melanoma → App → Rpsa → CD8	Masopust_053_2b:A0309	0.5119612569337261	235.0	True	
melanoma → App → Rpsa → CD8	Masopust_053_2b:A0310	0.5102190966549804	237.0	True	
melanoma → App → Rpsa → CD8	Masopust_053_2b:A0312	0.5102190966549804	237.0	True	
melanoma → App → Rpsa → CD8	Masopust_053_3a:A0307	0.5102190966549804	236.0	True	
melanoma → App → Rpsa → CD8	Masopust_053_3a:A0308	0.5119612569337261	236.0	True	
melanoma → App → Rpsa → CD8	Masopust_053_3a:A0309	0.5102190966549804	236.0	True	
melanoma → App → Rpsa → CD8	Masopust_053_3a:A0310	0.5102190966549804	237.0	True	
melanoma → App → Rpsa → CD8	Masopust_053_3a:A0311	0.5102190966549804	237.0	True	
melanoma → App → Rpsa → CD8	Masopust_053_3b:A0307	0.5102190966549804	236.0	True	
melanoma → App → Rpsa → CD8	Masopust_053_3b:A0308	0.5102190966549804	236.0	True	
melanoma → App → Rpsa → CD8	Masopust_053_3b:A0309	0.5102190966549804	236.0	True	
melanoma → App → Rpsa → CD8	Masopust_053_3b:A0310	0.5102190966549804	236.0	True	
melanoma → App → Rpsa → CD8	Masopust_053_3b:A0311	0.5119612569337261	235.0	True	
melanoma → App → Rpsa → CD8	Masopust_053_6a:A0308	0.5119612569337261	235.0	True	
melanoma → App → Rpsa → CD8	Masopust_053_6b:A0307	0.5119612569337261	235.0	True	
melanoma → App → Rpsa → CD8	Masopust_053_6b:A0308	0.5119612569337261	235.0	True	
melanoma → App → Rpsa → CD8	Masopust_054_A:A0312	0.5102190966549804	236.0	True	
melanoma → App → Rpsa → CD8	Masopust_054_B:A0311	0.5102190966549804	236.0	True	
melanoma → App → Rpsa → CD8	Masopust_054_B:A0312	0.5102190966549804	236.0	True	
melanoma → App → Rpsa → CD8	Masopust_054_C:A0311	0.5102190966549804	236.0	True	
melanoma → App → Rpsa → CD8	Masopust_054_C:A0313	0.5102190966549804	236.0	True	
melanoma → App → Rpsa → CD8	Masopust_054_D:A0311	0.5119612569337261	235.0	True	
melanoma → App → Rpsa → CD8	Masopust_054_D:A0312	0.5102190966549804	236.0	True	
melanoma → App → Rpsa → CD8	Masopust_054_D:A0313	0.5119612569337261	235.0	True	
melanoma → App → Rpsa → CD8	Masopust_054_E:A0311	0.5119612569337261	236.0	True	
melanoma → App → Cd74 → CD8	Masopust_053_1a:A0307	0.5102190966549804	236.0	True	
melanoma → App → Cd74 → CD8	Masopust_053_1a:A0309	0.5119612569337261	235.0	True	
melanoma → App → Cd74 → CD8	Masopust_053_1a:A0310	0.5102190966549804	236.0	True	
melanoma → App → Cd74 → CD8	Masopust_053_1a:A0311	0.5119612569337261	235.0	True	
melanoma → App → Cd74 → CD8	Masopust_053_1a:A0312	0.5119612569337261	236.0	True	
melanoma → App → Cd74 → CD8	Masopust_053_1b:A0307	0.5119612569337261	236.0	True	
melanoma → App → Cd74 → CD8	Masopust_053_1b:A0309	0.5102190966549804	236.0	True	
melanoma → App → Cd74 → CD8	Masopust_053_1b:A0310	0.5119612569337261	235.0	True	
melanoma → App → Cd74 → CD8	Masopust_053_1b:A0311	0.5119612569337261	235.0	True	
melanoma → App → Cd74 → CD8	Masopust_053_1b:A0312	0.5119612569337261	236.0	True	
melanoma → App → Cd74 → CD8	Masopust_053_2a:A0307	0.5119612569337261	236.0	True	
melanoma → App → Cd74 → CD8	Masopust_053_2a:A0308	0.5102190966549804	236.0	True	
melanoma → App → Cd74 → CD8	Masopust_053_2a:A0309	0.5119612569337261	235.0	True	
melanoma → App → Cd74 → CD8	Masopust_053_2a:A0310	0.5119612569337261	235.0	True	
melanoma → App → Cd74 → CD8	Masopust_053_2a:A0312	0.5119612569337261	235.0	True	
melanoma → App → Cd74 → CD8	Masopust_053_2b:A0307	0.5102190966549804	236.0	True	
melanoma → App → Cd74 → CD8	Masopust_053_2b:A0308	0.5119612569337261	236.0	True	
melanoma → App → Cd74 → CD8	Masopust_053_2b:A0309	0.5119612569337261	235.0	True	
melanoma → App → Cd74 → CD8	Masopust_053_2b:A0310	0.5102190966549804	237.0	True	
melanoma → App → Cd74 → CD8	Masopust_053_2b:A0312	0.5102190966549804	237.0	True	
melanoma → App → Cd74 → CD8	Masopust_053_3a:A0307	0.5102190966549804	236.0	True	
melanoma → App → Cd74 → CD8	Masopust_053_3a:A0308	0.5119612569337261	236.0	True	
melanoma → App → Cd74 → CD8	Masopust_053_3a:A0309	0.5102190966549804	236.0	True	
melanoma → App → Cd74 → CD8	Masopust_053_3a:A0310	0.5102190966549804	237.0	True	
melanoma → App → Cd74 → CD8	Masopust_053_3a:A0311	0.5102190966549804	237.0	True	
melanoma → App → Cd74 → CD8	Masopust_053_3b:A0307	0.5102190966549804	236.0	True	
melanoma → App → Cd74 → CD8	Masopust_053_3b:A0308	0.5102190966549804	236.0	True	
melanoma → App → Cd74 → CD8	Masopust_053_3b:A0309	0.5102190966549804	236.0	True	
melanoma → App → Cd74 → CD8	Masopust_053_3b:A0310	0.5102190966549804	236.0	True	
melanoma → App → Cd74 → CD8	Masopust_053_3b:A0311	0.5119612569337261	235.0	True	
melanoma → App → Cd74 → CD8	Masopust_053_6a:A0308	0.5119612569337261	235.0	True	
melanoma → App → Cd74 → CD8	Masopust_053_6b:A0307	0.5119612569337261	235.0	True	
melanoma → App → Cd74 → CD8	Masopust_053_6b:A0308	0.5119612569337261	235.0	True	
melanoma → App → Cd74 → CD8	Masopust_054_A:A0312	0.5102190966549804	236.0	True	
melanoma → App → Cd74 → CD8	Masopust_054_B:A0311	0.5102190966549804	236.0	True	
melanoma → App → Cd74 → CD8	Masopust_054_B:A0312	0.5102190966549804	236.0	True	
melanoma → App → Cd74 → CD8	Masopust_054_C:A0311	0.5102190966549804	236.0	True	
melanoma → App → Cd74 → CD8	Masopust_054_C:A0313	0.5102190966549804	236.0	True	
melanoma → App → Cd74 → CD8	Masopust_054_D:A0311	0.5119612569337261	235.0	True	
melanoma → App → Cd74 → CD8	Masopust_054_D:A0312	0.5102190966549804	236.0	True	
melanoma → App → Cd74 → CD8	Masopust_054_D:A0313	0.5119612569337261	235.0	True	
melanoma → App → Cd74 → CD8	Masopust_054_E:A0311	0.5119612569337261	236.0	True	
melanoma → App → Notch2 → CD8	Masopust_053_1a:A0307	0.5102190966549804	236.0	True	
melanoma → App → Notch2 → CD8	Masopust_053_1a:A0309	0.5119612569337261	235.0	True	
melanoma → App → Notch2 → CD8	Masopust_053_1a:A0310	0.5102190966549804	236.0	True	
melanoma → App → Notch2 → CD8	Masopust_053_1a:A0311	0.5119612569337261	235.0	True	
melanoma → App → Notch2 → CD8	Masopust_053_1a:A0312	0.5119612569337261	236.0	True	
melanoma → App → Notch2 → CD8	Masopust_053_1b:A0307	0.5119612569337261	236.0	True	
melanoma → App → Notch2 → CD8	Masopust_053_1b:A0309	0.5102190966549804	236.0	True	
melanoma → App → Notch2 → CD8	Masopust_053_1b:A0310	0.5119612569337261	235.0	True	
melanoma → App → Notch2 → CD8	Masopust_053_1b:A0311	0.5119612569337261	235.0	True	
melanoma → App → Notch2 → CD8	Masopust_053_1b:A0312	0.5119612569337261	236.0	True	
melanoma → App → Notch2 → CD8	Masopust_053_2a:A0307	0.5119612569337261	236.0	True	
melanoma → App → Notch2 → CD8	Masopust_053_2a:A0308	0.5102190966549804	236.0	True	
melanoma → App → Notch2 → CD8	Masopust_053_2a:A0309	0.5119612569337261	235.0	True	
melanoma → App → Notch2 → CD8	Masopust_053_2a:A0310	0.5119612569337261	235.0	True	
melanoma → App → Notch2 → CD8	Masopust_053_2a:A0312	0.5119612569337261	235.0	True	
melanoma → App → Notch2 → CD8	Masopust_053_2b:A0307	0.5102190966549804	236.0	True	
melanoma → App → Notch2 → CD8	Masopust_053_2b:A0308	0.5119612569337261	236.0	True	
melanoma → App → Notch2 → CD8	Masopust_053_2b:A0309	0.5119612569337261	235.0	True	
melanoma → App → Notch2 → CD8	Masopust_053_2b:A0310	0.5102190966549804	237.0	True	
melanoma → App → Notch2 → CD8	Masopust_053_2b:A0312	0.5102190966549804	237.0	True	
melanoma → App → Notch2 → CD8	Masopust_053_3a:A0307	0.5102190966549804	236.0	True	
melanoma → App → Notch2 → CD8	Masopust_053_3a:A0308	0.5119612569337261	236.0	True	
melanoma → App → Notch2 → CD8	Masopust_053_3a:A0309	0.5102190966549804	236.0	True	
melanoma → App → Notch2 → CD8	Masopust_053_3a:A0310	0.5102190966549804	237.0	True	
melanoma → App → Notch2 → CD8	Masopust_053_3a:A0311	0.5102190966549804	237.0	True	
melanoma → App → Notch2 → CD8	Masopust_053_3b:A0307	0.5102190966549804	236.0	True	
melanoma → App → Notch2 → CD8	Masopust_053_3b:A0308	0.5102190966549804	236.0	True	
melanoma → App → Notch2 → CD8	Masopust_053_3b:A0309	0.5102190966549804	236.0	True	
melanoma → App → Notch2 → CD8	Masopust_053_3b:A0310	0.5102190966549804	236.0	True	
melanoma → App → Notch2 → CD8	Masopust_053_3b:A0311	0.5119612569337261	235.0	True	
melanoma → App → Notch2 → CD8	Masopust_053_6a:A0308	0.5119612569337261	235.0	True	
melanoma → App → Notch2 → CD8	Masopust_053_6b:A0307	0.5119612569337261	235.0	True	
melanoma → App → Notch2 → CD8	Masopust_053_6b:A0308	0.5119612569337261	235.0	True	
melanoma → App → Notch2 → CD8	Masopust_054_A:A0312	0.5102190966549804	236.0	True	
melanoma → App → Notch2 → CD8	Masopust_054_B:A0311	0.5102190966549804	236.0	True	
melanoma → App → Notch2 → CD8	Masopust_054_B:A0312	0.5102190966549804	236.0	True	
melanoma → App → Notch2 → CD8	Masopust_054_C:A0311	0.5102190966549804	236.0	True	
melanoma → App → Notch2 → CD8	Masopust_054_C:A0313	0.5102190966549804	236.0	True	
melanoma → App → Notch2 → CD8	Masopust_054_D:A0311	0.5119612569337261	235.0	True	
melanoma → App → Notch2 → CD8	Masopust_054_D:A0312	0.5102190966549804	236.0	True	
melanoma → App → Notch2 → CD8	Masopust_054_D:A0313	0.5119612569337261	235.0	True	
melanoma → App → Notch2 → CD8	Masopust_054_E:A0311	0.5119612569337261	236.0	True	
melanoma → App → Lrp10 → CD8	Masopust_053_1a:A0307	0.5102190966549804	236.0	True	
melanoma → App → Lrp10 → CD8	Masopust_053_1a:A0309	0.5119612569337261	235.0	True	
melanoma → App → Lrp10 → CD8	Masopust_053_1a:A0310	0.5102190966549804	236.0	True	
melanoma → App → Lrp10 → CD8	Masopust_053_1a:A0311	0.5119612569337261	235.0	True	
melanoma → App → Lrp10 → CD8	Masopust_053_1a:A0312	0.5119612569337261	236.0	True	
melanoma → App → Lrp10 → CD8	Masopust_053_1b:A0307	0.5119612569337261	236.0	True	
melanoma → App → Lrp10 → CD8	Masopust_053_1b:A0309	0.5102190966549804	236.0	True	
melanoma → App → Lrp10 → CD8	Masopust_053_1b:A0310	0.5119612569337261	235.0	True	
melanoma → App → Lrp10 → CD8	Masopust_053_1b:A0311	0.5119612569337261	235.0	True	
melanoma → App → Lrp10 → CD8	Masopust_053_1b:A0312	0.5119612569337261	236.0	True	
melanoma → App → Lrp10 → CD8	Masopust_053_2a:A0307	0.5119612569337261	236.0	True	
melanoma → App → Lrp10 → CD8	Masopust_053_2a:A0308	0.5102190966549804	236.0	True	
melanoma → App → Lrp10 → CD8	Masopust_053_2a:A0309	0.5119612569337261	235.0	True	
melanoma → App → Lrp10 → CD8	Masopust_053_2a:A0310	0.5119612569337261	235.0	True	
melanoma → App → Lrp10 → CD8	Masopust_053_2a:A0312	0.5119612569337261	235.0	True	
melanoma → App → Lrp10 → CD8	Masopust_053_2b:A0307	0.5102190966549804	236.0	True	
melanoma → App → Lrp10 → CD8	Masopust_053_2b:A0308	0.5119612569337261	236.0	True	
melanoma → App → Lrp10 → CD8	Masopust_053_2b:A0309	0.5119612569337261	235.0	True	
melanoma → App → Lrp10 → CD8	Masopust_053_2b:A0310	0.5102190966549804	237.0	True	
melanoma → App → Lrp10 → CD8	Masopust_053_2b:A0312	0.5102190966549804	237.0	True	
melanoma → App → Lrp10 → CD8	Masopust_053_3a:A0307	0.5102190966549804	236.0	True	
melanoma → App → Lrp10 → CD8	Masopust_053_3a:A0308	0.5119612569337261	236.0	True	
melanoma → App → Lrp10 → CD8	Masopust_053_3a:A0309	0.5102190966549804	236.0	True	
melanoma → App → Lrp10 → CD8	Masopust_053_3a:A0310	0.5102190966549804	237.0	True	
melanoma → App → Lrp10 → CD8	Masopust_053_3a:A0311	0.5102190966549804	237.0	True	
melanoma → App → Lrp10 → CD8	Masopust_053_3b:A0307	0.5102190966549804	236.0	True	
melanoma → App → Lrp10 → CD8	Masopust_053_3b:A0308	0.5102190966549804	236.0	True	
melanoma → App → Lrp10 → CD8	Masopust_053_3b:A0309	0.5102190966549804	236.0	True	
melanoma → App → Lrp10 → CD8	Masopust_053_3b:A0310	0.5102190966549804	236.0	True	
melanoma → App → Lrp10 → CD8	Masopust_053_3b:A0311	0.5119612569337261	235.0	True	
melanoma → App → Lrp10 → CD8	Masopust_053_6a:A0308	0.5119612569337261	235.0	True	
melanoma → App → Lrp10 → CD8	Masopust_053_6b:A0307	0.5119612569337261	235.0	True	
melanoma → App → Lrp10 → CD8	Masopust_053_6b:A0308	0.5119612569337261	235.0	True	
melanoma → App → Lrp10 → CD8	Masopust_054_A:A0312	0.5102190966549804	236.0	True	
melanoma → App → Lrp10 → CD8	Masopust_054_B:A0311	0.5102190966549804	236.0	True	
melanoma → App → Lrp10 → CD8	Masopust_054_B:A0312	0.5102190966549804	236.0	True	
melanoma → App → Lrp10 → CD8	Masopust_054_C:A0311	0.5102190966549804	236.0	True	
melanoma → App → Lrp10 → CD8	Masopust_054_C:A0313	0.5102190966549804	236.0	True	
melanoma → App → Lrp10 → CD8	Masopust_054_D:A0311	0.5119612569337261	235.0	True	
melanoma → App → Lrp10 → CD8	Masopust_054_D:A0312	0.5102190966549804	236.0	True	
melanoma → App → Lrp10 → CD8	Masopust_054_D:A0313	0.5119612569337261	235.0	True	
melanoma → App → Lrp10 → CD8	Masopust_054_E:A0311	0.5119612569337261	236.0	True	
melanoma → App → Lrp6 → CD8	Masopust_053_1a:A0307	0.5102190966549804	236.0	True	
melanoma → App → Lrp6 → CD8	Masopust_053_1a:A0309	0.5119612569337261	235.0	True	
melanoma → App → Lrp6 → CD8	Masopust_053_1a:A0310	0.5102190966549804	236.0	True	
melanoma → App → Lrp6 → CD8	Masopust_053_1a:A0311	0.5119612569337261	235.0	True	
melanoma → App → Lrp6 → CD8	Masopust_053_1a:A0312	0.5119612569337261	236.0	True	
melanoma → App → Lrp6 → CD8	Masopust_053_1b:A0307	0.5119612569337261	236.0	True	
melanoma → App → Lrp6 → CD8	Masopust_053_1b:A0309	0.5102190966549804	236.0	True	
melanoma → App → Lrp6 → CD8	Masopust_053_1b:A0310	0.5119612569337261	235.0	True	
melanoma → App → Lrp6 → CD8	Masopust_053_1b:A0311	0.5119612569337261	235.0	True	
melanoma → App → Lrp6 → CD8	Masopust_053_1b:A0312	0.5119612569337261	236.0	True	
melanoma → App → Lrp6 → CD8	Masopust_053_2a:A0307	0.5119612569337261	236.0	True	
melanoma → App → Lrp6 → CD8	Masopust_053_2a:A0308	0.5102190966549804	236.0	True	
melanoma → App → Lrp6 → CD8	Masopust_053_2a:A0309	0.5119612569337261	235.0	True	
melanoma → App → Lrp6 → CD8	Masopust_053_2a:A0310	0.5119612569337261	235.0	True	
melanoma → App → Lrp6 → CD8	Masopust_053_2a:A0312	0.5119612569337261	235.0	True	
melanoma → App → Lrp6 → CD8	Masopust_053_2b:A0307	0.5102190966549804	236.0	True	
melanoma → App → Lrp6 → CD8	Masopust_053_2b:A0308	0.5119612569337261	236.0	True	
melanoma → App → Lrp6 → CD8	Masopust_053_2b:A0309	0.5119612569337261	235.0	True	
melanoma → App → Lrp6 → CD8	Masopust_053_2b:A0310	0.5102190966549804	237.0	True	
melanoma → App → Lrp6 → CD8	Masopust_053_2b:A0312	0.5102190966549804	237.0	True	
melanoma → App → Lrp6 → CD8	Masopust_053_3a:A0307	0.5102190966549804	236.0	True	
melanoma → App → Lrp6 → CD8	Masopust_053_3a:A0308	0.5119612569337261	236.0	True	
melanoma → App → Lrp6 → CD8	Masopust_053_3a:A0309	0.5102190966549804	236.0	True	
melanoma → App → Lrp6 → CD8	Masopust_053_3a:A0310	0.5102190966549804	237.0	True	
melanoma → App → Lrp6 → CD8	Masopust_053_3a:A0311	0.5102190966549804	237.0	True	
melanoma → App → Lrp6 → CD8	Masopust_053_3b:A0307	0.5102190966549804	236.0	True	
melanoma → App → Lrp6 → CD8	Masopust_053_3b:A0308	0.5102190966549804	236.0	True	
melanoma → App → Lrp6 → CD8	Masopust_053_3b:A0309	0.5102190966549804	236.0	True	
melanoma → App → Lrp6 → CD8	Masopust_053_3b:A0310	0.5102190966549804	236.0	True	
melanoma → App → Lrp6 → CD8	Masopust_053_3b:A0311	0.5119612569337261	235.0	True	
melanoma → App → Lrp6 → CD8	Masopust_053_6a:A0308	0.5119612569337261	235.0	True	
melanoma → App → Lrp6 → CD8	Masopust_053_6b:A0307	0.5119612569337261	235.0	True	
melanoma → App → Lrp6 → CD8	Masopust_053_6b:A0308	0.5119612569337261	235.0	True	
melanoma → App → Lrp6 → CD8	Masopust_054_A:A0312	0.5102190966549804	236.0	True	
melanoma → App → Lrp6 → CD8	Masopust_054_B:A0311	0.5102190966549804	236.0	True	
melanoma → App → Lrp6 → CD8	Masopust_054_B:A0312	0.5102190966549804	236.0	True	
melanoma → App → Lrp6 → CD8	Masopust_054_C:A0311	0.5102190966549804	236.0	True	
melanoma → App → Lrp6 → CD8	Masopust_054_C:A0313	0.5102190966549804	236.0	True	
melanoma → App → Lrp6 → CD8	Masopust_054_D:A0311	0.5119612569337261	235.0	True	
melanoma → App → Lrp6 → CD8	Masopust_054_D:A0312	0.5102190966549804	236.0	True	
melanoma → App → Lrp6 → CD8	Masopust_054_D:A0313	0.5119612569337261	235.0	True	
melanoma → App → Lrp6 → CD8	Masopust_054_E:A0311	0.5119612569337261	236.0	True	
T_cell → Fam3c → Lamp1 → CD4	Masopust_053_1a:A0307	0.514973331132594	234.0	True	
T_cell → Fam3c → Lamp1 → CD4	Masopust_053_1a:A0308	0.5165261261636499	234.0	True	
T_cell → Fam3c → Lamp1 → CD4	Masopust_053_1a:A0309	0.514973331132594	234.0	True	
T_cell → Fam3c → Lamp1 → CD4	Masopust_053_1a:A0310	0.514973331132594	234.0	True	
T_cell → Fam3c → Lamp1 → CD4	Masopust_053_1a:A0311	0.514973331132594	234.0	True	
T_cell → Fam3c → Lamp1 → CD4	Masopust_053_1a:A0312	0.514973331132594	234.0	True	
T_cell → Fam3c → Lamp1 → CD4	Masopust_053_1b:A0307	0.514973331132594	234.0	True	
T_cell → Fam3c → Lamp1 → CD4	Masopust_053_1b:A0308	0.514973331132594	234.0	True	
T_cell → Fam3c → Lamp1 → CD4	Masopust_053_1b:A0309	0.5165261261636499	234.0	True	
T_cell → Fam3c → Lamp1 → CD4	Masopust_053_1b:A0310	0.514973331132594	234.0	True	
T_cell → Fam3c → Lamp1 → CD4	Masopust_053_1b:A0311	0.514973331132594	234.0	True	
T_cell → Fam3c → Lamp1 → CD4	Masopust_053_1b:A0312	0.514973331132594	234.0	True	
T_cell → Fam3c → Lamp1 → CD4	Masopust_053_2a:A0307	0.5165261261636499	233.0	True	
T_cell → Fam3c → Lamp1 → CD4	Masopust_053_2a:A0308	0.514973331132594	234.0	True	
T_cell → Fam3c → Lamp1 → CD4	Masopust_053_2a:A0309	0.514973331132594	234.0	True	
T_cell → Fam3c → Lamp1 → CD4	Masopust_053_2a:A0310	0.514973331132594	234.0	True	
T_cell → Fam3c → Lamp1 → CD4	Masopust_053_2a:A0311	0.514973331132594	234.0	True	
T_cell → Fam3c → Lamp1 → CD4	Masopust_053_2a:A0312	0.514973331132594	234.0	True	
T_cell → Fam3c → Lamp1 → CD4	Masopust_053_2b:A0307	0.514973331132594	234.0	True	
T_cell → Fam3c → Lamp1 → CD4	Masopust_053_2b:A0308	0.5165261261636499	234.0	True	
T_cell → Fam3c → Lamp1 → CD4	Masopust_053_2b:A0309	0.5165261261636499	234.0	True	
T_cell → Fam3c → Lamp1 → CD4	Masopust_053_2b:A0310	0.514973331132594	234.0	True	
T_cell → Fam3c → Lamp1 → CD4	Masopust_053_2b:A0311	0.514973331132594	234.0	True	
T_cell → Fam3c → Lamp1 → CD4	Masopust_053_2b:A0312	0.5165261261636499	233.0	True	
T_cell → Fam3c → Lamp1 → CD4	Masopust_053_3a:A0307	0.514973331132594	234.0	True	
T_cell → Fam3c → Lamp1 → CD4	Masopust_053_3a:A0308	0.514973331132594	234.0	True	
T_cell → Fam3c → Lamp1 → CD4	Masopust_053_3a:A0309	0.5165261261636499	234.0	True	
T_cell → Fam3c → Lamp1 → CD4	Masopust_053_3a:A0310	0.5165261261636499	233.0	True	
T_cell → Fam3c → Lamp1 → CD4	Masopust_053_3a:A0311	0.5165261261636499	233.0	True	
T_cell → Fam3c → Lamp1 → CD4	Masopust_053_3b:A0307	0.5165261261636499	234.0	True	
T_cell → Fam3c → Lamp1 → CD4	Masopust_053_3b:A0308	0.5165261261636499	234.0	True	
T_cell → Fam3c → Lamp1 → CD4	Masopust_053_3b:A0309	0.514973331132594	234.0	True	
T_cell → Fam3c → Lamp1 → CD4	Masopust_053_3b:A0310	0.5165261261636499	233.0	True	
T_cell → Fam3c → Lamp1 → CD4	Masopust_053_3b:A0311	0.5165261261636499	233.0	True	
T_cell → Fam3c → Lamp1 → CD4	Masopust_053_6a:A0308	0.514973331132594	234.0	True	
T_cell → Fam3c → Lamp1 → CD4	Masopust_053_6b:A0308	0.514973331132594	234.0	True	
T_cell → Fam3c → Lamp1 → CD4	Masopust_054_A:A0311	0.514973331132594	234.0	True	
T_cell → Fam3c → Lamp1 → CD4	Masopust_054_A:A0312	0.5165261261636499	233.0	True	
T_cell → Fam3c → Lamp1 → CD4	Masopust_054_B:A0311	0.5165261261636499	234.0	True	
T_cell → Fam3c → Lamp1 → CD4	Masopust_054_B:A0312	0.5165261261636499	234.0	True	
T_cell → Fam3c → Lamp1 → CD4	Masopust_054_C:A0311	0.5165261261636499	234.0	True	
T_cell → Fam3c → Lamp1 → CD4	Masopust_054_C:A0312	0.5165261261636499	234.0	True	
T_cell → Fam3c → Lamp1 → CD4	Masopust_054_C:A0313	0.5165261261636499	234.0	True	
T_cell → Fam3c → Lamp1 → CD4	Masopust_054_D:A0311	0.514973331132594	234.0	True	
T_cell → Fam3c → Lamp1 → CD4	Masopust_054_D:A0312	0.514973331132594	234.0	True	
T_cell → Fam3c → Lamp1 → CD4	Masopust_054_D:A0313	0.514973331132594	234.0	True	
T_cell → Fam3c → Lamp1 → CD4	Masopust_054_E:A0311	0.5165261261636499	234.0	True	
monocyte_macrophage → Cd38 → Pecam1 → CD8	Masopust_053_1a:A0307	0.5204845320447709	223.0	True	
monocyte_macrophage → Cd38 → Pecam1 → CD8	Masopust_053_1a:A0308	0.5204845320447709	223.0	True	
monocyte_macrophage → Cd38 → Pecam1 → CD8	Masopust_053_1a:A0309	0.5204845320447709	223.0	True	
monocyte_macrophage → Cd38 → Pecam1 → CD8	Masopust_053_1a:A0310	0.5221079086681474	223.0	True	
monocyte_macrophage → Cd38 → Pecam1 → CD8	Masopust_053_1a:A0311	0.5221079086681474	223.0	True	
monocyte_macrophage → Cd38 → Pecam1 → CD8	Masopust_053_1a:A0312	0.5221079086681474	222.0	True	
monocyte_macrophage → Cd38 → Pecam1 → CD8	Masopust_053_1b:A0307	0.5221079086681474	220.0	True	
monocyte_macrophage → Cd38 → Pecam1 → CD8	Masopust_053_1b:A0308	0.5204845320447709	224.0	True	
monocyte_macrophage → Cd38 → Pecam1 → CD8	Masopust_053_1b:A0309	0.5204845320447709	224.0	True	
monocyte_macrophage → Cd38 → Pecam1 → CD8	Masopust_053_1b:A0310	0.5221079086681474	221.0	True	
monocyte_macrophage → Cd38 → Pecam1 → CD8	Masopust_053_1b:A0311	0.5221079086681474	223.0	True	
monocyte_macrophage → Cd38 → Pecam1 → CD8	Masopust_053_1b:A0312	0.5221079086681474	222.0	True	
monocyte_macrophage → Cd38 → Pecam1 → CD8	Masopust_053_2a:A0307	0.5204845320447709	225.0	True	
monocyte_macrophage → Cd38 → Pecam1 → CD8	Masopust_053_2a:A0308	0.5221079086681474	219.0	True	
monocyte_macrophage → Cd38 → Pecam1 → CD8	Masopust_053_2a:A0309	0.5204845320447709	222.0	True	
monocyte_macrophage → Cd38 → Pecam1 → CD8	Masopust_053_2a:A0310	0.5204845320447709	222.0	True	
monocyte_macrophage → Cd38 → Pecam1 → CD8	Masopust_053_2a:A0312	0.5204845320447709	223.0	True	
monocyte_macrophage → Cd38 → Pecam1 → CD8	Masopust_053_2b:A0307	0.5204845320447709	222.0	True	
monocyte_macrophage → Cd38 → Pecam1 → CD8	Masopust_053_2b:A0308	0.5204845320447709	225.0	True	
monocyte_macrophage → Cd38 → Pecam1 → CD8	Masopust_053_2b:A0309	0.5204845320447709	223.0	True	
monocyte_macrophage → Cd38 → Pecam1 → CD8	Masopust_053_2b:A0310	0.5204845320447709	224.0	True	
monocyte_macrophage → Cd38 → Pecam1 → CD8	Masopust_053_2b:A0312	0.5204845320447709	225.0	True	
monocyte_macrophage → Cd38 → Pecam1 → CD8	Masopust_053_3a:A0307	0.5204845320447709	224.0	True	
monocyte_macrophage → Cd38 → Pecam1 → CD8	Masopust_053_3a:A0308	0.5204845320447709	224.0	True	
monocyte_macrophage → Cd38 → Pecam1 → CD8	Masopust_053_3a:A0309	0.5204845320447709	223.0	True	
monocyte_macrophage → Cd38 → Pecam1 → CD8	Masopust_053_3a:A0310	0.5204845320447709	224.0	True	
monocyte_macrophage → Cd38 → Pecam1 → CD8	Masopust_053_3a:A0311	0.5204845320447709	224.0	True	
monocyte_macrophage → Cd38 → Pecam1 → CD8	Masopust_053_3b:A0307	0.5204845320447709	223.0	True	
monocyte_macrophage → Cd38 → Pecam1 → CD8	Masopust_053_3b:A0308	0.5204845320447709	223.0	True	
monocyte_macrophage → Cd38 → Pecam1 → CD8	Masopust_053_3b:A0309	0.5204845320447709	224.0	True	
monocyte_macrophage → Cd38 → Pecam1 → CD8	Masopust_053_3b:A0310	0.5204845320447709	223.0	True	
monocyte_macrophage → Cd38 → Pecam1 → CD8	Masopust_053_3b:A0311	0.5204845320447709	224.0	True	
monocyte_macrophage → Cd38 → Pecam1 → CD8	Masopust_053_6a:A0308	0.5204845320447709	226.0	True	
monocyte_macrophage → Cd38 → Pecam1 → CD8	Masopust_053_6b:A0308	0.5204845320447709	225.0	True	
monocyte_macrophage → Cd38 → Pecam1 → CD8	Masopust_054_A:A0311	0.5221079086681474	220.0	True	
monocyte_macrophage → Cd38 → Pecam1 → CD8	Masopust_054_A:A0312	0.5221079086681474	219.0	True	
monocyte_macrophage → Cd38 → Pecam1 → CD8	Masopust_054_B:A0311	0.5204845320447709	226.0	True	
monocyte_macrophage → Cd38 → Pecam1 → CD8	Masopust_054_B:A0312	0.5204845320447709	224.0	True	
monocyte_macrophage → Cd38 → Pecam1 → CD8	Masopust_054_C:A0311	0.5221079086681474	222.0	True	
monocyte_macrophage → Cd38 → Pecam1 → CD8	Masopust_054_C:A0312	0.5204845320447709	222.0	True	
monocyte_macrophage → Cd38 → Pecam1 → CD8	Masopust_054_C:A0313	0.5204845320447709	224.0	True	
monocyte_macrophage → Cd38 → Pecam1 → CD8	Masopust_054_D:A0311	0.5221079086681474	221.0	True	
monocyte_macrophage → Cd38 → Pecam1 → CD8	Masopust_054_D:A0312	0.5221079086681474	220.0	True	
monocyte_macrophage → Cd38 → Pecam1 → CD8	Masopust_054_D:A0313	0.5221079086681474	220.0	True	
monocyte_macrophage → Cd38 → Pecam1 → CD8	Masopust_054_E:A0311	0.5221079086681474	222.0	True	
melanoma → Mfge8 → Itgav → CD8	Masopust_053_1a:A0307	0.5098367693614688	242.0	True	
melanoma → Mfge8 → Itgav → CD8	Masopust_053_1a:A0309	0.5115789296402145	241.0	True	
melanoma → Mfge8 → Itgav → CD8	Masopust_053_1a:A0310	0.5098367693614688	242.0	True	
melanoma → Mfge8 → Itgav → CD8	Masopust_053_1a:A0311	0.5115789296402145	241.0	True	
melanoma → Mfge8 → Itgav → CD8	Masopust_053_1a:A0312	0.5115789296402145	241.0	True	
melanoma → Mfge8 → Itgav → CD8	Masopust_053_1b:A0307	0.5115789296402145	241.0	True	
melanoma → Mfge8 → Itgav → CD8	Masopust_053_1b:A0309	0.5098367693614688	241.0	True	
melanoma → Mfge8 → Itgav → CD8	Masopust_053_1b:A0310	0.5115789296402145	241.0	True	
melanoma → Mfge8 → Itgav → CD8	Masopust_053_1b:A0311	0.5115789296402145	241.0	True	
melanoma → Mfge8 → Itgav → CD8	Masopust_053_1b:A0312	0.5115789296402145	241.0	True	
melanoma → Mfge8 → Itgav → CD8	Masopust_053_2a:A0307	0.5115789296402145	241.0	True	
melanoma → Mfge8 → Itgav → CD8	Masopust_053_2a:A0308	0.5098367693614688	241.0	True	
melanoma → Mfge8 → Itgav → CD8	Masopust_053_2a:A0309	0.5098367693614688	241.0	True	
melanoma → Mfge8 → Itgav → CD8	Masopust_053_2a:A0310	0.5115789296402145	241.0	True	
melanoma → Mfge8 → Itgav → CD8	Masopust_053_2a:A0312	0.5115789296402145	241.0	True	
melanoma → Mfge8 → Itgav → CD8	Masopust_053_2b:A0307	0.5098367693614688	241.0	True	
melanoma → Mfge8 → Itgav → CD8	Masopust_053_2b:A0308	0.5115789296402145	241.0	True	
melanoma → Mfge8 → Itgav → CD8	Masopust_053_2b:A0309	0.5115789296402145	241.0	True	
melanoma → Mfge8 → Itgav → CD8	Masopust_053_2b:A0310	0.5115789296402145	236.0	True	
melanoma → Mfge8 → Itgav → CD8	Masopust_053_2b:A0312	0.5115789296402145	236.0	True	
melanoma → Mfge8 → Itgav → CD8	Masopust_053_3a:A0307	0.5098367693614688	241.0	True	
melanoma → Mfge8 → Itgav → CD8	Masopust_053_3a:A0308	0.5115789296402145	241.0	True	
melanoma → Mfge8 → Itgav → CD8	Masopust_053_3a:A0309	0.5098367693614688	241.0	True	
melanoma → Mfge8 → Itgav → CD8	Masopust_053_3a:A0310	0.5115789296402145	236.0	True	
melanoma → Mfge8 → Itgav → CD8	Masopust_053_3a:A0311	0.5115789296402145	236.0	True	
melanoma → Mfge8 → Itgav → CD8	Masopust_053_3b:A0307	0.5098367693614688	241.0	True	
melanoma → Mfge8 → Itgav → CD8	Masopust_053_3b:A0308	0.5098367693614688	241.0	True	
melanoma → Mfge8 → Itgav → CD8	Masopust_053_3b:A0309	0.5098367693614688	241.0	True	
melanoma → Mfge8 → Itgav → CD8	Masopust_053_3b:A0310	0.5098367693614688	241.0	True	
melanoma → Mfge8 → Itgav → CD8	Masopust_053_3b:A0311	0.5098367693614688	242.0	True	
melanoma → Mfge8 → Itgav → CD8	Masopust_053_6a:A0308	0.5115789296402145	241.0	True	
melanoma → Mfge8 → Itgav → CD8	Masopust_053_6b:A0307	0.5098367693614688	241.0	True	
melanoma → Mfge8 → Itgav → CD8	Masopust_053_6b:A0308	0.5098367693614688	241.0	True	
melanoma → Mfge8 → Itgav → CD8	Masopust_054_A:A0312	0.5098367693614688	241.0	True	
melanoma → Mfge8 → Itgav → CD8	Masopust_054_B:A0311	0.5098367693614688	242.0	True	
melanoma → Mfge8 → Itgav → CD8	Masopust_054_B:A0312	0.5098367693614688	241.0	True	
melanoma → Mfge8 → Itgav → CD8	Masopust_054_C:A0311	0.5098367693614688	241.0	True	
melanoma → Mfge8 → Itgav → CD8	Masopust_054_C:A0313	0.5098367693614688	241.0	True	
melanoma → Mfge8 → Itgav → CD8	Masopust_054_D:A0311	0.5098367693614688	242.0	True	
melanoma → Mfge8 → Itgav → CD8	Masopust_054_D:A0312	0.5098367693614688	241.0	True	
melanoma → Mfge8 → Itgav → CD8	Masopust_054_D:A0313	0.5115789296402145	241.0	True	
melanoma → Mfge8 → Itgav → CD8	Masopust_054_E:A0311	0.5115789296402145	241.0	True	
