source_cell_type	ligand	receptor	target_lineage	n_mice	source_detection_fraction	target_receptor_detection_fraction	ligand_rho_RNA	ligand_FDR_RNA	ligand_rho_ADT	ligand_FDR_ADT	receptor_log2FC_RNA_selector	receptor_FDR_RNA_selector	receptor_log2FC_ADT_selector	receptor_FDR_ADT_selector	cross_modal_positive_direction	evidence_class	association_component	receptor_component	expression_component	replication_component	interaction_score	evidence_tier	tier_rank	liana_magnitude_rank	liana_specificity_rank	liana_component	final_discovery_score	mechanistic_chain	causality	necessity_test	sufficiency_test	score_definition	early_effect	early_FDR	late_effector_count	late_effector_positive	late_effector_significant_positive	late_effector_best_FDR	temporal_support	temporal_causality_label	candidate	candidate_type	mechanism_class	source	target	effect_size	FDR	direction_consistency	n_mice_supporting	n_mice_opposing	effective_sample_size	RNA_evidence	ADT_evidence	data_driven_state_evidence	interaction_evidence	independence_from_curated_score	power_flag	gene	lineage	cross_modal_score	RNA_FDR	ADT_FDR	data_driven_FDR	data_driven_log2FC	used_in_curated_score	associated_with_data_driven_state	independent_candidate	TF	contrast	level_a	level_b	activity_effect_a_minus_b	pvalue	n_strata	n_cells	interaction_validity	valid_for_mechanistic_ranking	biological_reinterpretation	known_activation_gene	mechanistically_supported	potentially_novel_hypothesis	external_perturbation_support	external_dataset_count	external_direction_consistency	external_effect	external_FDR	external_context	literature_novelty_status	candidate_family_id	candidate_family_label	entity_type	mechanism_level	effect_component	statistical_component	independence_component	multilayer_component	temporal_component	RNA_component	ADT_component	state_component	interaction_component	mechanistic_coherence	mechanistic_family_id	family_rule	family_evidence	family_confidence	n_mice_true	n_mice_supporting_true	n_mice_opposing_true	direction_consistency_true	LOOCV_top10_fraction	LOOCV_rank_median	LOOCV_rank_min	LOOCV_rank_max	empirical_p	empirical_FDR	null_percentile	null_model_type	LOOCV_stability	stability_component	null_model_component	external_perturbation_support_verified	external_perturbation_component	external_assessed	evidence_score	score_contribution_replication_component	score_contribution_effect_component	score_contribution_statistical_component	score_contribution_RNA_component	score_contribution_ADT_component	score_contribution_state_component	score_contribution_temporal_component	score_contribution_interaction_component	score_contribution_stability_component	score_contribution_null_model_component	score_contribution_mechanistic_coherence	score_contribution_independence_component	score_contribution_external_perturbation_component	evidence_gate	causality_tier	causality_label	why_test	suggested_perturbation	expected_readout	negative_control	specificity_control	source_signal_step	receptor_step	tcell_state_step	transcriptional_program_step	effector_response_step	myeloid_response_step	tumor_killing_step	missing_evidence
neutrophil	Gpi1	Amfr	CD8	19	0.2962098075243135	0.3338854206480655	-0.7543859649122807	0.0439502610526744	0.2684210526315789	0.7982133996959528	-0.07263088	1.0	-0.005261183	1.0	False	RNA-supported	0.1342105263157894	0.0	0.3144839203923436	1.0	0.159870468288995	Tier 3 — exploratory	3.0	0.7388949166390744	1.0	0.2611050833609256	0.1801173913033811	neutrophil → Gpi1 → Amfr → CD8 activation-associated program	CORRELATIONAL	Perturb ligand in neutrophil and independently KO/CRISPRi receptor in target T cells	Increase ligand exposure or expression, with receptor-deficient T cells as specificity control	0.80×animal-level interaction score + 0.20×(1−LIANA magnitude rank)	0.1425118673692389	0.8110216463244844	9.0	6.0	0.0	0.8046695441735882	False	ordered cross-sectional support only	neutrophil → Gpi1 → Amfr → CD8	extracellular	cell-cell / extracellular signal	neutrophil	CD8	0.1801173913033811	0.0439502610526744	0.8947368421052632	17.0	2.0	19	True	False	False	True	True	HIGH																			INVALID_AS_LIGAND_RECEPTOR	False		False	True	True	NOT_ASSESSED	0				No external perturbational dataset integrated	NOT_ASSESSED	LR|neutrophil|Gpi1	LR|neutrophil|Gpi1	ligand_receptor	ligand	0.9470013939799282	0.1357038540990681	1.0	0.5	0.0	1.0	0.0	0.0	1.0	0.5714285714285714	LR|neutrophil|Gpi1	candidate family retained; no additional grouping without pathway evidence	shared source and ligand for interaction candidates; same regulator for intrinsic candidates	MODERATE	19.0	17.0	2.0	0.8947368421052632	1.0	4.0	1.0	5.0	0.0019980019980019	0.0070562349043361	1.0	within-candidate mouse-effect sign permutation	1.0	1.0	0.9980019980019981		0.0	False	0.6317256038400828	0.08333333333333333	0.07891678283166069	0.011308654508255675	0.08333333333333333	0.0	0.0	0.0	0.08333333333333333	0.08333333333333333	0.08316683316683317	0.041666666666666664	0.08333333333333333	0.0	False	2	ASSOCIATION_ONLY	Test necessity and sufficiency; Phase 1 is associative.	source-cell ligand knockdown plus T-cell receptor CRISPRi and ligand rescue	CD69/CD137, T-cell effector program and tumor-cell killing	non-targeting guide plus untreated/irrelevant control	receptor-deficient T cells or matched source-cell control	SUPPORTED	SUPPORTED	PARTIALLY_SUPPORTED	SUPPORTED	PARTIALLY_SUPPORTED	MISSING	MISSING	temporal/spatial/perturbational evidence missing
neutrophil	Hdc	Hrh2	CD8	19	0.7945707470527734	0.0707096445407058	0.7578947368421053	0.0439502610526744	-0.4508771929824561	0.4996936315878373	-0.24452806	0.4504325405065879	-0.8792243	0.0029697332057265	False	RNA-supported	0.3789473684210526	0.0	0.237031253396139	1.0	0.2800378296265962	Tier 3 — exploratory	3.0			0.0	0.2240302637012769	neutrophil → Hdc → Hrh2 → CD8 activation-associated program	CORRELATIONAL	Perturb ligand in neutrophil and independently KO/CRISPRi receptor in target T cells	Increase ligand exposure or expression, with receptor-deficient T cells as specificity control	0.80×animal-level interaction score + 0.20×(1−LIANA magnitude rank)	-0.777366541832631	0.6570621287717398	9.0	6.0	0.0	0.8046695441735882	False	ordered cross-sectional support only	neutrophil → Hdc → Hrh2 → CD8	extracellular	cell-cell / extracellular signal	neutrophil	CD8	0.2240302637012769	0.0439502610526744	0.7894736842105263	15.0	4.0	19	True	False	False	True	True	HIGH																			INVALID_AS_LIGAND_RECEPTOR	False		False	True	True	NOT_ASSESSED	0				No external perturbational dataset integrated	NOT_ASSESSED	LR|neutrophil|Hdc	LR|neutrophil|Hdc	ligand_receptor	ligand	1.0	0.1357038540990681	1.0	0.5	0.0	1.0	0.0	0.0	1.0	0.5714285714285714	LR|neutrophil|Hdc	candidate family retained; no additional grouping without pathway evidence	shared source and ligand for interaction candidates; same regulator for intrinsic candidates	MODERATE	19.0	15.0	4.0	0.7894736842105263	0.2105263157894736	11.0	7.0	12.0	0.0089910089910089	0.0266860798775692	1.0	within-candidate mouse-effect sign permutation	0.2105263157894736	0.2105263157894736	0.9910089910089911		0.0	False	0.5697699300747944	0.08333333333333333	0.08333333333333333	0.011308654508255675	0.08333333333333333	0.0	0.0	0.0	0.08333333333333333	0.0175438596491228	0.08258408258408259	0.041666666666666664	0.08333333333333333	0.0	False	2	ASSOCIATION_ONLY	Test necessity and sufficiency; Phase 1 is associative.	source-cell ligand knockdown plus T-cell receptor CRISPRi and ligand rescue	CD69/CD137, T-cell effector program and tumor-cell killing	non-targeting guide plus untreated/irrelevant control	receptor-deficient T cells or matched source-cell control	SUPPORTED	SUPPORTED	PARTIALLY_SUPPORTED	SUPPORTED	PARTIALLY_SUPPORTED	MISSING	MISSING	temporal/spatial/perturbational evidence missing
fibroblast	Il15	Il2ra	CD4	34	0.1956274311890316	0.4436905376502692	0.6678380443086326	0.0460859149636863	-0.335676088617265	0.4892416301471342	2.1923113	1.9767398454773044e-06	2.582612	5.056158660183512e-07	False	RNA-supported	0.3339190221543163	0.7958205500000001	0.2946150711070336	1.0	0.5247498094754175	Tier 3 — exploratory	3.0	1.0	0.4964715352705999	0.0	0.419799847580334	fibroblast → Il15 → Il2ra → CD4 activation-associated program	CORRELATIONAL	Perturb ligand in fibroblast and independently KO/CRISPRi receptor in target T cells	Increase ligand exposure or expression, with receptor-deficient T cells as specificity control	0.80×animal-level interaction score + 0.20×(1−LIANA magnitude rank)	1.2098088588253066	0.7448947530985198	9.0	4.0	0.0	0.8592006085325994	False	ordered cross-sectional support only	fibroblast → Il15 → Il2ra → CD4	extracellular	cell-cell / extracellular signal	fibroblast	CD4	0.419799847580334	0.0460859149636863	0.7352941176470589	25.0	9.0	34	True	False	False	True	True	HIGH																			VALID_FOR_HYPOTHESIS	True		False	True	True	NOT_ASSESSED	0				No external perturbational dataset integrated	NOT_ASSESSED	LR|fibroblast|Il15	LR|fibroblast|Il15	ligand_receptor	ligand	1.0	0.13364317858515096	1.0	0.5	0.0	1.0	0.0	0.0	1.0	0.5714285714285714	LR|fibroblast|Il15	candidate family retained; no additional grouping without pathway evidence	shared source and ligand for interaction candidates; same regulator for intrinsic candidates	MODERATE	34.0	25.0	9.0	0.7352941176470589	0.0	19.0	14.0	21.0	0.0019980019980019	0.0070562349043361	1.0	within-candidate mouse-effect sign permutation	0.0	0.0	0.9980019980019981		0.0	False	0.5526370980489291	0.08333333333333333	0.08333333333333333	0.01113693154876258	0.08333333333333333	0.0	0.0	0.0	0.08333333333333333	0.0	0.08316683316683317	0.041666666666666664	0.08333333333333333	0.0	False	2	ASSOCIATION_ONLY	Test necessity and sufficiency; Phase 1 is associative.	source-cell ligand knockdown plus T-cell receptor CRISPRi and ligand rescue	CD69/CD137, T-cell effector program and tumor-cell killing	non-targeting guide plus untreated/irrelevant control	receptor-deficient T cells or matched source-cell control	SUPPORTED	SUPPORTED	PARTIALLY_SUPPORTED	SUPPORTED	PARTIALLY_SUPPORTED	MISSING	MISSING	temporal/spatial/perturbational evidence missing
fibroblast	Il15	Il15ra_Il2rb_Il2rg	CD4	34	0.1956274311890316	0.0845195073382993	0.6678380443086326	0.0460859149636863	-0.335676088617265	0.4892416301471342	0.12693882	0.0473632243080281	0.06991768	0.2536243574767507	False	RNA-supported	0.3339190221543163	0.0328094166666666	0.1285859016609286	1.0	0.250791192252863	Tier 3 — exploratory	3.0	0.2845771711860886	1.0	0.7154228288139114	0.3437175195650727	fibroblast → Il15 → Il15ra_Il2rb_Il2rg → CD4 activation-associated program	CORRELATIONAL	Perturb ligand in fibroblast and independently KO/CRISPRi receptor in target T cells	Increase ligand exposure or expression, with receptor-deficient T cells as specificity control	0.80×animal-level interaction score + 0.20×(1−LIANA magnitude rank)			9.0	4.0	0.0	0.8592006085325994	False	ordered cross-sectional support only	fibroblast → Il15 → Il15ra_Il2rb_Il2rg → CD4	extracellular	cell-cell / extracellular signal	fibroblast	CD4	0.3437175195650727	0.0460859149636863	0.7352941176470589	25.0	9.0	34	True	False	False	True	True	HIGH																			VALID_FOR_HYPOTHESIS	True		False	True	True	NOT_ASSESSED	0				No external perturbational dataset integrated	NOT_ASSESSED	LR|fibroblast|Il15	LR|fibroblast|Il15	ligand_receptor	ligand	1.0	0.13364317858515096	1.0	0.5	0.0	1.0	0.0	0.0	1.0	0.5714285714285714	LR|fibroblast|Il15	candidate family retained; no additional grouping without pathway evidence	shared source and ligand for interaction candidates; same regulator for intrinsic candidates	MODERATE	34.0	25.0	9.0	0.7352941176470589	0.0	19.0	14.0	21.0	0.0039960039960039	0.0135961599376233	1.0	within-candidate mouse-effect sign permutation	0.0	0.0	0.9960039960039961		0.0	False	0.5524705978824289	0.08333333333333333	0.08333333333333333	0.01113693154876258	0.08333333333333333	0.0	0.0	0.0	0.08333333333333333	0.0	0.08300033300033301	0.041666666666666664	0.08333333333333333	0.0	False	2	ASSOCIATION_ONLY	Test necessity and sufficiency; Phase 1 is associative.	source-cell ligand knockdown plus T-cell receptor CRISPRi and ligand rescue	CD69/CD137, T-cell effector program and tumor-cell killing	non-targeting guide plus untreated/irrelevant control	receptor-deficient T cells or matched source-cell control	SUPPORTED	SUPPORTED	PARTIALLY_SUPPORTED	SUPPORTED	PARTIALLY_SUPPORTED	MISSING	MISSING	temporal/spatial/perturbational evidence missing
neutrophil	Pdcd1lg2	Pdcd1	CD4	19	0.2267366865816974	0.2493546721734641	-0.4771929824561403	0.5844638489261795	0.8122807017543859	0.013897006842561	-0.32968807	0.2360668306059618	-0.11419964	1.0	False	ADT-supported	0.4061403508771929	0.0	0.2377768957495169	1.0	0.2397045019569209	Tier 3 — exploratory	3.0	0.5633682135233642	0.1336273631370977	0.4366317864766358	0.2790899588608639	neutrophil → Pdcd1lg2 → Pdcd1 → CD4 activation-associated program	CORRELATIONAL	Perturb ligand in neutrophil and independently KO/CRISPRi receptor in target T cells	Increase ligand exposure or expression, with receptor-deficient T cells as specificity control	0.80×animal-level interaction score + 0.20×(1−LIANA magnitude rank)	-0.6072105824285758	0.7448947530985198	9.0	4.0	0.0	0.8592006085325994	False	ordered cross-sectional support only	neutrophil → Pdcd1lg2 → Pdcd1 → CD4	extracellular	cell-cell / extracellular signal	neutrophil	CD4	0.2790899588608639	0.013897006842561	0.6842105263157895	13.0	6.0	19	False	True	False	True	True	HIGH																			VALID_FOR_HYPOTHESIS	True		False	True	True	NOT_ASSESSED	0				No external perturbational dataset integrated	NOT_ASSESSED	LR|neutrophil|Pdcd1lg2	LR|neutrophil|Pdcd1lg2	ligand_receptor	ligand	1.0	0.18570787286478915	1.0	0.5	0.0	0.0	1.0	0.0	1.0	0.5	LR|neutrophil|Pdcd1lg2	candidate family retained; no additional grouping without pathway evidence	shared source and ligand for interaction candidates; same regulator for intrinsic candidates	MODERATE	19.0	13.0	6.0	0.6842105263157895	0.0	26.0	16.0	32.0	0.1048951048951049	0.2184010019830915	0.962	within-candidate mouse-effect sign permutation	0.0	0.0	0.8951048951048951		0.0	False	0.5484010639974737	0.08333333333333333	0.08333333333333333	0.015475656072065762	0.0	0.08333333333333333	0.0	0.0	0.08333333333333333	0.0	0.07459207459207459	0.041666666666666664	0.08333333333333333	0.0	False	2	ASSOCIATION_ONLY	Test necessity and sufficiency; Phase 1 is associative.	source-cell ligand knockdown plus T-cell receptor CRISPRi and ligand rescue	CD69/CD137, T-cell effector program and tumor-cell killing	non-targeting guide plus untreated/irrelevant control	receptor-deficient T cells or matched source-cell control	SUPPORTED	SUPPORTED	PARTIALLY_SUPPORTED	PARTIALLY_SUPPORTED	PARTIALLY_SUPPORTED	MISSING	MISSING	temporal/spatial/perturbational evidence missing
fibroblast	Hspg2	Itgb1	CD8	34	0.7991217378706947	0.7919055506009256	0.3677616501145912	0.4485128147179754	-0.5526355996944232	0.0810420083907591	-0.19079351	0.370122225554747	-0.5470314	7.73865543430223e-06	False	ADT-supported	0.1838808250572956	0.0	0.7955054618452729	1.0	0.3234593811391081	Tier 3 — exploratory	3.0	0.1735571642126295	0.0874267002502295	0.8264428357873705	0.4240560720687606	fibroblast → Hspg2 → Itgb1 → CD8 activation-associated program	CORRELATIONAL	Perturb ligand in fibroblast and independently KO/CRISPRi receptor in target T cells	Increase ligand exposure or expression, with receptor-deficient T cells as specificity control	0.80×animal-level interaction score + 0.20×(1−LIANA magnitude rank)	-0.8649518602245418	0.3371854677774424	9.0	6.0	0.0	0.8046695441735882	False	ordered cross-sectional support only	fibroblast → Hspg2 → Itgb1 → CD8	extracellular	cell-cell / extracellular signal	fibroblast	CD8	0.4240560720687606	0.0810420083907591	0.6764705882352942	23.0	11.0	34	False	True	False	True	True	HIGH																			VALID_FOR_HYPOTHESIS	True		False	True	True	NOT_ASSESSED	0				No external perturbational dataset integrated	NOT_ASSESSED	LR|fibroblast|Hspg2	LR|fibroblast|Hspg2	ligand_receptor	ligand	1.0	0.10912898047872602	1.0	0.5	0.0	0.0	1.0	0.0	1.0	0.5	LR|fibroblast|Hspg2	candidate family retained; no additional grouping without pathway evidence	shared source and ligand for interaction candidates; same regulator for intrinsic candidates	MODERATE	34.0	23.0	11.0	0.6764705882352942	0.0	38.0	26.0	49.0	0.0429570429570429	0.1079731079731079	0.988	within-candidate mouse-effect sign permutation	0.0	0.0	0.957042957042957		0.0	False	0.5471809947934736	0.08333333333333333	0.08333333333333333	0.009094081706560501	0.0	0.08333333333333333	0.0	0.0	0.08333333333333333	0.0	0.07975357975357976	0.041666666666666664	0.08333333333333333	0.0	False	2	ASSOCIATION_ONLY	Test necessity and sufficiency; Phase 1 is associative.	source-cell ligand knockdown plus T-cell receptor CRISPRi and ligand rescue	CD69/CD137, T-cell effector program and tumor-cell killing	non-targeting guide plus untreated/irrelevant control	receptor-deficient T cells or matched source-cell control	SUPPORTED	SUPPORTED	PARTIALLY_SUPPORTED	PARTIALLY_SUPPORTED	PARTIALLY_SUPPORTED	MISSING	MISSING	temporal/spatial/perturbational evidence missing
fibroblast	Hspg2	Ptprs	CD8	34	0.7991217378706947	0.1787913534632861	0.3677616501145912	0.4485128147179754	-0.5526355996944232	0.0810420083907591	0.36332238	0.2633186848038235	1.2288659	6.8649516200110315e-06	False	ADT-supported	0.1838808250572956	0.2653647133333333	0.3779894933669914	1.0	0.3062973657767851	Tier 3 — exploratory	3.0	0.641629407630294	0.2086154253456028	0.358370592369706	0.3167120110953693	fibroblast → Hspg2 → Ptprs → CD8 activation-associated program	CORRELATIONAL	Perturb ligand in fibroblast and independently KO/CRISPRi receptor in target T cells	Increase ligand exposure or expression, with receptor-deficient T cells as specificity control	0.80×animal-level interaction score + 0.20×(1−LIANA magnitude rank)	1.09191168564833	0.6399204731821377	9.0	6.0	0.0	0.8046695441735882	False	ordered cross-sectional support only	fibroblast → Hspg2 → Ptprs → CD8	extracellular	cell-cell / extracellular signal	fibroblast	CD8	0.3167120110953693	0.0810420083907591	0.6764705882352942	23.0	11.0	34	False	True	False	True	True	HIGH																			VALID_FOR_HYPOTHESIS	True		False	True	True	NOT_ASSESSED	0				No external perturbational dataset integrated	NOT_ASSESSED	LR|fibroblast|Hspg2	LR|fibroblast|Hspg2	ligand_receptor	ligand	1.0	0.10912898047872602	1.0	0.5	0.0	0.0	1.0	0.0	1.0	0.5	LR|fibroblast|Hspg2	candidate family retained; no additional grouping without pathway evidence	shared source and ligand for interaction candidates; same regulator for intrinsic candidates	MODERATE	34.0	23.0	11.0	0.6764705882352942	0.0	38.0	26.0	49.0	0.0439560439560439	0.1094976452119309	0.985	within-candidate mouse-effect sign permutation	0.0	0.0	0.9560439560439561		0.0	False	0.5470977447102235	0.08333333333333333	0.08333333333333333	0.009094081706560501	0.0	0.08333333333333333	0.0	0.0	0.08333333333333333	0.0	0.07967032967032968	0.041666666666666664	0.08333333333333333	0.0	False	2	ASSOCIATION_ONLY	Test necessity and sufficiency; Phase 1 is associative.	source-cell ligand knockdown plus T-cell receptor CRISPRi and ligand rescue	CD69/CD137, T-cell effector program and tumor-cell killing	non-targeting guide plus untreated/irrelevant control	receptor-deficient T cells or matched source-cell control	SUPPORTED	SUPPORTED	PARTIALLY_SUPPORTED	PARTIALLY_SUPPORTED	PARTIALLY_SUPPORTED	MISSING	MISSING	temporal/spatial/perturbational evidence missing
neutrophil	Pdcd1lg2	Pdcd2	CD4	19	0.2267366865816974	0.1077513090935909	-0.4771929824561403	0.5844638489261795	0.8122807017543859	0.013897006842561	-0.23492384	0.2907648104733463	-0.095917225	0.673353480287041	False	ADT-supported	0.4061403508771929	0.0	0.1563047497637904	1.0	0.2234100727597756	Tier 3 — exploratory	3.0	1.0	0.4792545157581008	0.0	0.1787280582078204	neutrophil → Pdcd1lg2 → Pdcd2 → CD4 activation-associated program	CORRELATIONAL	Perturb ligand in neutrophil and independently KO/CRISPRi receptor in target T cells	Increase ligand exposure or expression, with receptor-deficient T cells as specificity control	0.80×animal-level interaction score + 0.20×(1−LIANA magnitude rank)	-0.4648023882395315	0.7448947530985198	9.0	4.0	0.0	0.8592006085325994	False	ordered cross-sectional support only	neutrophil → Pdcd1lg2 → Pdcd2 → CD4	extracellular	cell-cell / extracellular signal	neutrophil	CD4	0.1787280582078204	0.013897006842561	0.6842105263157895	13.0	6.0	19	False	True	False	True	True	HIGH																			UNKNOWN_UNVALIDATED	False		False	True	True	NOT_ASSESSED	0				No external perturbational dataset integrated	NOT_ASSESSED	LR|neutrophil|Pdcd1lg2	LR|neutrophil|Pdcd1lg2	ligand_receptor	ligand	0.9396967113577912	0.18570787286478915	1.0	0.5	0.0	0.0	1.0	0.0	1.0	0.5	LR|neutrophil|Pdcd1lg2	candidate family retained; no additional grouping without pathway evidence	shared source and ligand for interaction candidates; same regulator for intrinsic candidates	MODERATE	19.0	13.0	6.0	0.6842105263157895	0.0	47.0	26.0	60.0	0.0929070929070929	0.2041029836305427	0.971	within-candidate mouse-effect sign permutation	0.0	0.0	0.9070929070929071		0.0	False	0.5443747909429573	0.08333333333333333	0.07830805927981593	0.015475656072065762	0.0	0.08333333333333333	0.0	0.0	0.08333333333333333	0.0	0.0755910755910756	0.041666666666666664	0.08333333333333333	0.0	False	2	ASSOCIATION_ONLY	Test necessity and sufficiency; Phase 1 is associative.	source-cell ligand knockdown plus T-cell receptor CRISPRi and ligand rescue	CD69/CD137, T-cell effector program and tumor-cell killing	non-targeting guide plus untreated/irrelevant control	receptor-deficient T cells or matched source-cell control	SUPPORTED	SUPPORTED	PARTIALLY_SUPPORTED	PARTIALLY_SUPPORTED	PARTIALLY_SUPPORTED	MISSING	MISSING	temporal/spatial/perturbational evidence missing
neutrophil	Ccl25	Ccr10	CD4	19	0.0153243872318924	0.0140865845563832	-0.189974276058391	0.9180246099346518	0.7264757038158842	0.0670532633673389	0.11996305	0.0452295325317914	0.0	0.3849353383998698	False	ADT-supported	0.3632378519079421	0.0199938416666666	0.014692456449376	1.0	0.2350701998743216	Tier 3 — exploratory	3.0			0.0	0.1880561598994573	neutrophil → Ccl25 → Ccr10 → CD4 activation-associated program	CORRELATIONAL	Perturb ligand in neutrophil and independently KO/CRISPRi receptor in target T cells	Increase ligand exposure or expression, with receptor-deficient T cells as specificity control	0.80×animal-level interaction score + 0.20×(1−LIANA magnitude rank)	-0.6124423295017708	0.9962071533220476	9.0	4.0	0.0	0.8592006085325994	False	ordered cross-sectional support only	neutrophil → Ccl25 → Ccr10 → CD4	extracellular	cell-cell / extracellular signal	neutrophil	CD4	0.1880561598994573	0.0670532633673389	0.6842105263157895	13.0	6.0	19	False	True	False	True	True	HIGH																			VALID_FOR_HYPOTHESIS	True		False	True	True	NOT_ASSESSED	0				No external perturbational dataset integrated	NOT_ASSESSED	LR|neutrophil|Ccl25	LR|neutrophil|Ccl25	ligand_receptor	ligand	0.9887409776623568	0.11735800809303647	1.0	0.5	0.0	0.0	1.0	0.0	1.0	0.5	LR|neutrophil|Ccl25	candidate family retained; no additional grouping without pathway evidence	shared source and ligand for interaction candidates; same regulator for intrinsic candidates	MODERATE	19.0	13.0	6.0	0.6842105263157895	0.0	44.0	23.0	57.0	0.1028971028971029	0.2158518173555767	0.973	within-candidate mouse-effect sign permutation	0.0	0.0	0.8971028971028971		0.0	False	0.5419334902381908	0.08333333333333333	0.08239508147186307	0.009779834007753039	0.0	0.08333333333333333	0.0	0.0	0.08333333333333333	0.0	0.07475857475857477	0.041666666666666664	0.08333333333333333	0.0	False	2	ASSOCIATION_ONLY	Test necessity and sufficiency; Phase 1 is associative.	source-cell ligand knockdown plus T-cell receptor CRISPRi and ligand rescue	CD69/CD137, T-cell effector program and tumor-cell killing	non-targeting guide plus untreated/irrelevant control	receptor-deficient T cells or matched source-cell control	SUPPORTED	SUPPORTED	PARTIALLY_SUPPORTED	PARTIALLY_SUPPORTED	PARTIALLY_SUPPORTED	MISSING	MISSING	temporal/spatial/perturbational evidence missing
fibroblast	Col6a2	Itga1_Itgb1	CD8	34	0.8335679274695327	0.3154541979870046	0.3427043544690603	0.5143645577651489	-0.5987776928953399	0.0441216330213713	-0.2682228	0.370122225554747	-1.1438894	0.0003337781037881	False	ADT-supported	0.1713521772345301	0.0	0.5127889449155384	1.0	0.2625310510151932	Tier 3 — exploratory	3.0	0.5398869377630253	0.007884630148276	0.4601130622369747	0.3020474532595495	fibroblast → Col6a2 → Itga1_Itgb1 → CD8 activation-associated program	CORRELATIONAL	Perturb ligand in fibroblast and independently KO/CRISPRi receptor in target T cells	Increase ligand exposure or expression, with receptor-deficient T cells as specificity control	0.80×animal-level interaction score + 0.20×(1−LIANA magnitude rank)			9.0	6.0	0.0	0.8046695441735882	False	ordered cross-sectional support only	fibroblast → Col6a2 → Itga1_Itgb1 → CD8	extracellular	cell-cell / extracellular signal	fibroblast	CD8	0.3020474532595495	0.0441216330213713	0.6176470588235294	21.0	13.0	34	False	True	False	True	True	HIGH																			VALID_FOR_HYPOTHESIS	True		False	True	True	NOT_ASSESSED	0				No external perturbational dataset integrated	NOT_ASSESSED	LR|fibroblast|Col6a2	LR|fibroblast|Col6a2	ligand_receptor	ligand	1.0	0.1355348421910777	1.0	0.5	0.0	0.0	1.0	0.0	1.0	0.5	LR|fibroblast|Col6a2	candidate family retained; no additional grouping without pathway evidence	shared source and ligand for interaction candidates; same regulator for intrinsic candidates	MODERATE	34.0	21.0	13.0	0.6176470588235294	0.0	69.5	48.0	76.0	0.1488511488511488	0.2987731692767664	0.924	within-candidate mouse-effect sign permutation	0.0	0.0	0.8511488511488512		0.0	False	0.5405569744449941	0.08333333333333333	0.08333333333333333	0.011294570182589808	0.0	0.08333333333333333	0.0	0.0	0.08333333333333333	0.0	0.07092907092907093	0.041666666666666664	0.08333333333333333	0.0	False	2	ASSOCIATION_ONLY	Test necessity and sufficiency; Phase 1 is associative.	source-cell ligand knockdown plus T-cell receptor CRISPRi and ligand rescue	CD69/CD137, T-cell effector program and tumor-cell killing	non-targeting guide plus untreated/irrelevant control	receptor-deficient T cells or matched source-cell control	SUPPORTED	SUPPORTED	PARTIALLY_SUPPORTED	PARTIALLY_SUPPORTED	PARTIALLY_SUPPORTED	MISSING	MISSING	temporal/spatial/perturbational evidence missing
fibroblast	Col6a2	Cd44	CD8	34	0.8335679274695327	0.6943984371682166	0.3427043544690603	0.5143645577651489	-0.5987776928953399	0.0441216330213713	0.72633934	2.259520716935255e-05	-0.06925821	0.6463675366823181	False	ADT-supported	0.1713521772345301	0.1210565566666666	0.7608076406742987	1.0	0.3423989293336119	Tier 3 — exploratory	3.0	0.0942386621883584	0.0874267002502295	0.9057613378116416	0.4550714110292178	fibroblast → Col6a2 → Cd44 → CD8 activation-associated program	CORRELATIONAL	Perturb ligand in fibroblast and independently KO/CRISPRi receptor in target T cells	Increase ligand exposure or expression, with receptor-deficient T cells as specificity control	0.80×animal-level interaction score + 0.20×(1−LIANA magnitude rank)	0.0942330451866064	0.9355611534046334	9.0	6.0	0.0	0.8046695441735882	False	ordered cross-sectional support only	fibroblast → Col6a2 → Cd44 → CD8	extracellular	cell-cell / extracellular signal	fibroblast	CD8	0.4550714110292178	0.0441216330213713	0.6176470588235294	21.0	13.0	34	False	True	False	True	True	HIGH																			VALID_FOR_HYPOTHESIS	True		False	True	True	NOT_ASSESSED	0				No external perturbational dataset integrated	NOT_ASSESSED	LR|fibroblast|Col6a2	LR|fibroblast|Col6a2	ligand_receptor	ligand	1.0	0.1355348421910777	1.0	0.5	0.0	0.0	1.0	0.0	1.0	0.5	LR|fibroblast|Col6a2	candidate family retained; no additional grouping without pathway evidence	shared source and ligand for interaction candidates; same regulator for intrinsic candidates	MODERATE	34.0	21.0	13.0	0.6176470588235294	0.0	69.5	48.0	76.0	0.1558441558441558	0.306200841412109	0.927	within-candidate mouse-effect sign permutation	0.0	0.0	0.8441558441558442		0.0	False	0.5399742238622435	0.08333333333333333	0.08333333333333333	0.011294570182589808	0.0	0.08333333333333333	0.0	0.0	0.08333333333333333	0.0	0.07034632034632035	0.041666666666666664	0.08333333333333333	0.0	False	2	ASSOCIATION_ONLY	Test necessity and sufficiency; Phase 1 is associative.	source-cell ligand knockdown plus T-cell receptor CRISPRi and ligand rescue	CD69/CD137, T-cell effector program and tumor-cell killing	non-targeting guide plus untreated/irrelevant control	receptor-deficient T cells or matched source-cell control	SUPPORTED	SUPPORTED	PARTIALLY_SUPPORTED	PARTIALLY_SUPPORTED	PARTIALLY_SUPPORTED	MISSING	MISSING	temporal/spatial/perturbational evidence missing
neutrophil	Pdcd1lg2	Rgmb	CD4	19	0.2267366865816974	0.0282469208643705	-0.4771929824561403	0.5844638489261795	0.8122807017543859	0.013897006842561	0.0	0.8455198014544371	-0.111329794	1.0	False	ADT-supported	0.4061403508771929	0.0	0.0800288275743359	1.0	0.2081548883218847	Tier 3 — exploratory	3.0			0.0	0.1665239106575077	neutrophil → Pdcd1lg2 → Rgmb → CD4 activation-associated program	CORRELATIONAL	Perturb ligand in neutrophil and independently KO/CRISPRi receptor in target T cells	Increase ligand exposure or expression, with receptor-deficient T cells as specificity control	0.80×animal-level interaction score + 0.20×(1−LIANA magnitude rank)	0.6480410555783135	0.8598859378520367	9.0	4.0	0.0	0.8592006085325994	False	ordered cross-sectional support only	neutrophil → Pdcd1lg2 → Rgmb → CD4	extracellular	cell-cell / extracellular signal	neutrophil	CD4	0.1665239106575077	0.013897006842561	0.6842105263157895	13.0	6.0	19	False	True	False	True	True	HIGH																			VALID_FOR_HYPOTHESIS	True		False	True	True	NOT_ASSESSED	0				No external perturbational dataset integrated	NOT_ASSESSED	LR|neutrophil|Pdcd1lg2	LR|neutrophil|Pdcd1lg2	ligand_receptor	ligand	0.8755310877117314	0.18570787286478915	1.0	0.5	0.0	0.0	1.0	0.0	1.0	0.5	LR|neutrophil|Pdcd1lg2	candidate family retained; no additional grouping without pathway evidence	shared source and ligand for interaction candidates; same regulator for intrinsic candidates	MODERATE	19.0	13.0	6.0	0.6842105263157895	0.0	87.0	48.0	104.0	0.0919080919080919	0.2035107749393463	0.972	within-candidate mouse-effect sign permutation	0.0	0.0	0.9080919080919081		0.0	False	0.5391109057223691	0.08333333333333333	0.07296092397597762	0.015475656072065762	0.0	0.08333333333333333	0.0	0.0	0.08333333333333333	0.0	0.07567432567432568	0.041666666666666664	0.08333333333333333	0.0	False	2	ASSOCIATION_ONLY	Test necessity and sufficiency; Phase 1 is associative.	source-cell ligand knockdown plus T-cell receptor CRISPRi and ligand rescue	CD69/CD137, T-cell effector program and tumor-cell killing	non-targeting guide plus untreated/irrelevant control	receptor-deficient T cells or matched source-cell control	SUPPORTED	SUPPORTED	PARTIALLY_SUPPORTED	PARTIALLY_SUPPORTED	PARTIALLY_SUPPORTED	MISSING	MISSING	temporal/spatial/perturbational evidence missing
fibroblast	Ccl11	Dpp4	CD4	34	0.4917875104089056	0.1680064901541411	0.33414820473644	0.6315142013982823	-0.5676088617265087	0.0681333722380128	-0.5285325	0.0653175806574582	-1.5391016	4.326852134367842e-05	False	ADT-supported	0.16707410236822	0.0	0.2874430265729948	1.0	0.2159645411434759	Tier 3 — exploratory	3.0	0.5668378507588014	0.0569462095723258	0.4331621492411985	0.2594040627630204	fibroblast → Ccl11 → Dpp4 → CD4 activation-associated program	CORRELATIONAL	Perturb ligand in fibroblast and independently KO/CRISPRi receptor in target T cells	Increase ligand exposure or expression, with receptor-deficient T cells as specificity control	0.80×animal-level interaction score + 0.20×(1−LIANA magnitude rank)	0.3617899386072509	0.9287736512559706	9.0	4.0	0.0	0.8592006085325994	False	ordered cross-sectional support only	fibroblast → Ccl11 → Dpp4 → CD4	extracellular	cell-cell / extracellular signal	fibroblast	CD4	0.2594040627630204	0.0681333722380128	0.6176470588235294	21.0	13.0	34	False	True	False	True	True	HIGH																			VALID_FOR_HYPOTHESIS	True		False	True	True	NOT_ASSESSED	0				No external perturbational dataset integrated	NOT_ASSESSED	LR|fibroblast|Ccl11	LR|fibroblast|Ccl11	ligand_receptor	ligand	1.0	0.11666401152714279	1.0	0.5	0.0	0.0	1.0	0.0	1.0	0.5	LR|fibroblast|Ccl11	candidate family retained; no additional grouping without pathway evidence	shared source and ligand for interaction candidates; same regulator for intrinsic candidates	MODERATE	34.0	21.0	13.0	0.6176470588235294	0.0	75.5	59.0	93.0	0.1518481518481518	0.3026116740402454	0.922	within-candidate mouse-effect sign permutation	0.0	0.0	0.8481518481518482		0.0	False	0.5387346549732492	0.08333333333333333	0.08333333333333333	0.009722000960595232	0.0	0.08333333333333333	0.0	0.0	0.08333333333333333	0.0	0.07067932067932069	0.041666666666666664	0.08333333333333333	0.0	False	2	ASSOCIATION_ONLY	Test necessity and sufficiency; Phase 1 is associative.	source-cell ligand knockdown plus T-cell receptor CRISPRi and ligand rescue	CD69/CD137, T-cell effector program and tumor-cell killing	non-targeting guide plus untreated/irrelevant control	receptor-deficient T cells or matched source-cell control	SUPPORTED	SUPPORTED	PARTIALLY_SUPPORTED	PARTIALLY_SUPPORTED	PARTIALLY_SUPPORTED	MISSING	MISSING	temporal/spatial/perturbational evidence missing
fibroblast	Hspg2	Itga2	CD8	34	0.7991217378706947	0.060304922070752	0.3677616501145912	0.4485128147179754	-0.5526355996944232	0.0810420083907591	0.0	1.0	-0.96153045	0.0090031215126386	False	ADT-supported	0.1838808250572956	0.0	0.2195244271768776	1.0	0.208263174205429	Tier 3 — exploratory	3.0			0.0	0.1666105393643432	fibroblast → Hspg2 → Itga2 → CD8 activation-associated program	CORRELATIONAL	Perturb ligand in fibroblast and independently KO/CRISPRi receptor in target T cells	Increase ligand exposure or expression, with receptor-deficient T cells as specificity control	0.80×animal-level interaction score + 0.20×(1−LIANA magnitude rank)	0.2895681020186741	0.8578696581873827	9.0	6.0	0.0	0.8046695441735882	False	ordered cross-sectional support only	fibroblast → Hspg2 → Itga2 → CD8	extracellular	cell-cell / extracellular signal	fibroblast	CD8	0.1666105393643432	0.0810420083907591	0.6764705882352942	23.0	11.0	34	False	True	False	True	True	HIGH																			VALID_FOR_HYPOTHESIS	True		False	True	True	NOT_ASSESSED	0				No external perturbational dataset integrated	NOT_ASSESSED	LR|fibroblast|Hspg2	LR|fibroblast|Hspg2	ligand_receptor	ligand	0.8759865545910718	0.10912898047872602	1.0	0.5	0.0	0.0	1.0	0.0	1.0	0.5	LR|fibroblast|Hspg2	candidate family retained; no additional grouping without pathway evidence	shared source and ligand for interaction candidates; same regulator for intrinsic candidates	MODERATE	34.0	23.0	11.0	0.6764705882352942	0.0	125.5	81.0	146.0	0.0229770229770229	0.0610532324818039	0.99	within-candidate mouse-effect sign permutation	0.0	0.0	0.9770229770229771		0.0	False	0.5385115426743979	0.08333333333333333	0.07299887954925598	0.009094081706560501	0.0	0.08333333333333333	0.0	0.0	0.08333333333333333	0.0	0.08141858141858142	0.041666666666666664	0.08333333333333333	0.0	False	2	ASSOCIATION_ONLY	Test necessity and sufficiency; Phase 1 is associative.	source-cell ligand knockdown plus T-cell receptor CRISPRi and ligand rescue	CD69/CD137, T-cell effector program and tumor-cell killing	non-targeting guide plus untreated/irrelevant control	receptor-deficient T cells or matched source-cell control	SUPPORTED	SUPPORTED	PARTIALLY_SUPPORTED	PARTIALLY_SUPPORTED	PARTIALLY_SUPPORTED	MISSING	MISSING	temporal/spatial/perturbational evidence missing
fibroblast	Ccl11	Ccr2	CD4	34	0.4917875104089056	0.4642672763478134	0.33414820473644	0.6315142013982823	-0.5676088617265087	0.0681333722380128	0.54284763	0.0007041352440217	0.71051407	0.0003262745216705	False	ADT-supported	0.16707410236822	0.2088936166666667	0.4778293084349416	1.0	0.356265201682532	Tier 3 — exploratory	3.0	1.0	0.0874267002502295	0.0	0.2850121613460256	fibroblast → Ccl11 → Ccr2 → CD4 activation-associated program	CORRELATIONAL	Perturb ligand in fibroblast and independently KO/CRISPRi receptor in target T cells	Increase ligand exposure or expression, with receptor-deficient T cells as specificity control	0.80×animal-level interaction score + 0.20×(1−LIANA magnitude rank)	-0.3424617236930611	0.9501502916117124	9.0	4.0	0.0	0.8592006085325994	False	ordered cross-sectional support only	fibroblast → Ccl11 → Ccr2 → CD4	extracellular	cell-cell / extracellular signal	fibroblast	CD4	0.2850121613460256	0.0681333722380128	0.6176470588235294	21.0	13.0	34	False	True	False	True	True	HIGH																			VALID_FOR_HYPOTHESIS	True		False	True	True	NOT_ASSESSED	0				No external perturbational dataset integrated	NOT_ASSESSED	LR|fibroblast|Ccl11	LR|fibroblast|Ccl11	ligand_receptor	ligand	1.0	0.11666401152714279	1.0	0.5	0.0	0.0	1.0	0.0	1.0	0.5	LR|fibroblast|Ccl11	candidate family retained; no additional grouping without pathway evidence	shared source and ligand for interaction candidates; same regulator for intrinsic candidates	MODERATE	34.0	21.0	13.0	0.6176470588235294	0.0	75.5	59.0	93.0	0.1558441558441558	0.306200841412109	0.925	within-candidate mouse-effect sign permutation	0.0	0.0	0.8441558441558442		0.0	False	0.5384016546402489	0.08333333333333333	0.08333333333333333	0.009722000960595232	0.0	0.08333333333333333	0.0	0.0	0.08333333333333333	0.0	0.07034632034632035	0.041666666666666664	0.08333333333333333	0.0	False	2	ASSOCIATION_ONLY	Test necessity and sufficiency; Phase 1 is associative.	source-cell ligand knockdown plus T-cell receptor CRISPRi and ligand rescue	CD69/CD137, T-cell effector program and tumor-cell killing	non-targeting guide plus untreated/irrelevant control	receptor-deficient T cells or matched source-cell control	SUPPORTED	SUPPORTED	PARTIALLY_SUPPORTED	PARTIALLY_SUPPORTED	PARTIALLY_SUPPORTED	MISSING	MISSING	temporal/spatial/perturbational evidence missing
fibroblast	Ccl11	Ccr5	CD4	34	0.4917875104089056	0.3145512205914891	0.33414820473644	0.6315142013982823	-0.5676088617265087	0.0681333722380128	0.021607399	1.0	1.143784	8.27869417362524e-07	False	ADT-supported	0.16707410236822	0.1942318998333333	0.3933094985768471	1.0	0.2856958105025797	Tier 3 — exploratory	3.0	0.9850763540728036	0.0874267002502295	0.0149236459271964	0.231541377587503	fibroblast → Ccl11 → Ccr5 → CD4 activation-associated program	CORRELATIONAL	Perturb ligand in fibroblast and independently KO/CRISPRi receptor in target T cells	Increase ligand exposure or expression, with receptor-deficient T cells as specificity control	0.80×animal-level interaction score + 0.20×(1−LIANA magnitude rank)	0.1995003047171537	0.9935047965062082	9.0	4.0	0.0	0.8592006085325994	False	ordered cross-sectional support only	fibroblast → Ccl11 → Ccr5 → CD4	extracellular	cell-cell / extracellular signal	fibroblast	CD4	0.231541377587503	0.0681333722380128	0.6176470588235294	21.0	13.0	34	False	True	False	True	True	HIGH																			VALID_FOR_HYPOTHESIS	True		False	True	True	NOT_ASSESSED	0				No external perturbational dataset integrated	NOT_ASSESSED	LR|fibroblast|Ccl11	LR|fibroblast|Ccl11	ligand_receptor	ligand	1.0	0.11666401152714279	1.0	0.5	0.0	0.0	1.0	0.0	1.0	0.5	LR|fibroblast|Ccl11	candidate family retained; no additional grouping without pathway evidence	shared source and ligand for interaction candidates; same regulator for intrinsic candidates	MODERATE	34.0	21.0	13.0	0.6176470588235294	0.0	75.5	59.0	93.0	0.1578421578421578	0.3075545144510662	0.92	within-candidate mouse-effect sign permutation	0.0	0.0	0.8421578421578422		0.0	False	0.5382351544737488	0.08333333333333333	0.08333333333333333	0.009722000960595232	0.0	0.08333333333333333	0.0	0.0	0.08333333333333333	0.0	0.07017982017982018	0.041666666666666664	0.08333333333333333	0.0	False	2	ASSOCIATION_ONLY	Test necessity and sufficiency; Phase 1 is associative.	source-cell ligand knockdown plus T-cell receptor CRISPRi and ligand rescue	CD69/CD137, T-cell effector program and tumor-cell killing	non-targeting guide plus untreated/irrelevant control	receptor-deficient T cells or matched source-cell control	SUPPORTED	SUPPORTED	PARTIALLY_SUPPORTED	PARTIALLY_SUPPORTED	PARTIALLY_SUPPORTED	MISSING	MISSING	temporal/spatial/perturbational evidence missing
fibroblast	Ccl11	Cxcr3	CD4	34	0.4917875104089056	0.3087985839663691	0.33414820473644	0.6315142013982823	-0.5676088617265087	0.0681333722380128	-0.25284767	0.0108098645510067	-0.7540574	1.4777777323999814e-06	False	ADT-supported	0.16707410236822	0.0	0.3896964034047737	1.0	0.2864152165098317	Tier 3 — exploratory	3.0	0.7189478364148844	0.024590864328601	0.2810521635851156	0.2853426059248885	fibroblast → Ccl11 → Cxcr3 → CD4 activation-associated program	CORRELATIONAL	Perturb ligand in fibroblast and independently KO/CRISPRi receptor in target T cells	Increase ligand exposure or expression, with receptor-deficient T cells as specificity control	0.80×animal-level interaction score + 0.20×(1−LIANA magnitude rank)	-0.7232304184283227	0.7448947530985198	9.0	4.0	0.0	0.8592006085325994	False	ordered cross-sectional support only	fibroblast → Ccl11 → Cxcr3 → CD4	extracellular	cell-cell / extracellular signal	fibroblast	CD4	0.2853426059248885	0.0681333722380128	0.6176470588235294	21.0	13.0	34	False	True	False	True	True	HIGH																			VALID_FOR_HYPOTHESIS	True		False	True	True	NOT_ASSESSED	0				No external perturbational dataset integrated	NOT_ASSESSED	LR|fibroblast|Ccl11	LR|fibroblast|Ccl11	ligand_receptor	ligand	1.0	0.11666401152714279	1.0	0.5	0.0	0.0	1.0	0.0	1.0	0.5	LR|fibroblast|Ccl11	candidate family retained; no additional grouping without pathway evidence	shared source and ligand for interaction candidates; same regulator for intrinsic candidates	MODERATE	34.0	21.0	13.0	0.6176470588235294	0.0	75.5	59.0	93.0	0.1688311688311688	0.3204346673734429	0.928	within-candidate mouse-effect sign permutation	0.0	0.0	0.8311688311688312		0.0	False	0.5373194035579979	0.08333333333333333	0.08333333333333333	0.009722000960595232	0.0	0.08333333333333333	0.0	0.0	0.08333333333333333	0.0	0.06926406926406926	0.041666666666666664	0.08333333333333333	0.0	False	2	ASSOCIATION_ONLY	Test necessity and sufficiency; Phase 1 is associative.	source-cell ligand knockdown plus T-cell receptor CRISPRi and ligand rescue	CD69/CD137, T-cell effector program and tumor-cell killing	non-targeting guide plus untreated/irrelevant control	receptor-deficient T cells or matched source-cell control	SUPPORTED	SUPPORTED	PARTIALLY_SUPPORTED	PARTIALLY_SUPPORTED	PARTIALLY_SUPPORTED	MISSING	MISSING	temporal/spatial/perturbational evidence missing
neutrophil	Hdc	Hrh4	CD8	19	0.7945707470527734	0.0052660636174459	0.7578947368421053	0.0439502610526744	-0.4508771929824561	0.4996936315878373	0.0	0.2705217495792224	0.0	0.7530658847390554	False	RNA-supported	0.3789473684210526	0.0	0.0646858570519202	1.0	0.1955687503577524	Tier 3 — exploratory	3.0			0.0	0.1564550002862019	neutrophil → Hdc → Hrh4 → CD8 activation-associated program	CORRELATIONAL	Perturb ligand in neutrophil and independently KO/CRISPRi receptor in target T cells	Increase ligand exposure or expression, with receptor-deficient T cells as specificity control	0.80×animal-level interaction score + 0.20×(1−LIANA magnitude rank)	-0.8983998065796172	0.8381374924915646	9.0	6.0	0.0	0.8046695441735882	False	ordered cross-sectional support only	neutrophil → Hdc → Hrh4 → CD8	extracellular	cell-cell / extracellular signal	neutrophil	CD8	0.1564550002862019	0.0439502610526744	0.7894736842105263	15.0	4.0	19	True	False	False	True	True	HIGH																			INVALID_AS_LIGAND_RECEPTOR	False		False	True	True	NOT_ASSESSED	0				No external perturbational dataset integrated	NOT_ASSESSED	LR|neutrophil|Hdc	LR|neutrophil|Hdc	ligand_receptor	ligand	0.8225918790740447	0.1357038540990681	1.0	0.5	0.0	1.0	0.0	0.0	1.0	0.5714285714285714	LR|neutrophil|Hdc	candidate family retained; no additional grouping without pathway evidence	shared source and ligand for interaction candidates; same regulator for intrinsic candidates	MODERATE	19.0	15.0	4.0	0.7894736842105263	0.0	50.0	26.0	60.0	0.0109890109890109	0.0319368131868131	0.997	within-candidate mouse-effect sign permutation	0.0	0.0	0.989010989010989		0.0	False	0.5372755601820085	0.08333333333333333	0.0685493232561704	0.011308654508255675	0.08333333333333333	0.0	0.0	0.0	0.08333333333333333	0.0	0.08241758241758242	0.041666666666666664	0.08333333333333333	0.0	False	2	ASSOCIATION_ONLY	Test necessity and sufficiency; Phase 1 is associative.	source-cell ligand knockdown plus T-cell receptor CRISPRi and ligand rescue	CD69/CD137, T-cell effector program and tumor-cell killing	non-targeting guide plus untreated/irrelevant control	receptor-deficient T cells or matched source-cell control	SUPPORTED	SUPPORTED	PARTIALLY_SUPPORTED	SUPPORTED	PARTIALLY_SUPPORTED	MISSING	MISSING	temporal/spatial/perturbational evidence missing
fibroblast	Ccl11	Ccr3	CD4	34	0.4917875104089056	0.0316395014381591	0.33414820473644	0.6315142013982823	-0.5676088617265087	0.0681333722380128	1.1916358	0.0003480663739111	0.7998078	0.0544333111487331	False	ADT-supported	0.16707410236822	0.3319072666666666	0.1247393748695707	1.0	0.2664006274694578	Tier 3 — exploratory	3.0			0.0	0.2131205019755662	fibroblast → Ccl11 → Ccr3 → CD4 activation-associated program	CORRELATIONAL	Perturb ligand in fibroblast and independently KO/CRISPRi receptor in target T cells	Increase ligand exposure or expression, with receptor-deficient T cells as specificity control	0.80×animal-level interaction score + 0.20×(1−LIANA magnitude rank)	-1.503146413675461	0.7448947530985198	9.0	4.0	0.0	0.8592006085325994	False	ordered cross-sectional support only	fibroblast → Ccl11 → Ccr3 → CD4	extracellular	cell-cell / extracellular signal	fibroblast	CD4	0.2131205019755662	0.0681333722380128	0.6176470588235294	21.0	13.0	34	False	True	False	True	True	HIGH																			VALID_FOR_HYPOTHESIS	True		False	True	True	NOT_ASSESSED	0				No external perturbational dataset integrated	NOT_ASSESSED	LR|fibroblast|Ccl11	LR|fibroblast|Ccl11	ligand_receptor	ligand	1.0	0.11666401152714279	1.0	0.5	0.0	0.0	1.0	0.0	1.0	0.5	LR|fibroblast|Ccl11	candidate family retained; no additional grouping without pathway evidence	shared source and ligand for interaction candidates; same regulator for intrinsic candidates	MODERATE	34.0	21.0	13.0	0.6176470588235294	0.0	75.5	59.0	93.0	0.1848151848151848	0.3392331352857668	0.905	within-candidate mouse-effect sign permutation	0.0	0.0	0.8151848151848152		0.0	False	0.5359874022259965	0.08333333333333333	0.08333333333333333	0.009722000960595232	0.0	0.08333333333333333	0.0	0.0	0.08333333333333333	0.0	0.06793206793206794	0.041666666666666664	0.08333333333333333	0.0	False	2	ASSOCIATION_ONLY	Test necessity and sufficiency; Phase 1 is associative.	source-cell ligand knockdown plus T-cell receptor CRISPRi and ligand rescue	CD69/CD137, T-cell effector program and tumor-cell killing	non-targeting guide plus untreated/irrelevant control	receptor-deficient T cells or matched source-cell control	SUPPORTED	SUPPORTED	PARTIALLY_SUPPORTED	PARTIALLY_SUPPORTED	PARTIALLY_SUPPORTED	MISSING	MISSING	temporal/spatial/perturbational evidence missing
neutrophil	Hdc	Hrh1	CD8	19	0.7945707470527734	0.0002548095298764	0.7578947368421053	0.0439502610526744	-0.4508771929824561	0.4996936315878373	0.0	1.0	0.0	1.0	False	RNA-supported	0.3789473684210526	0.0	0.0142289914790216	1.0	0.1854773772431727	Tier 3 — exploratory	3.0			0.0	0.1483819017945381	neutrophil → Hdc → Hrh1 → CD8 activation-associated program	CORRELATIONAL	Perturb ligand in neutrophil and independently KO/CRISPRi receptor in target T cells	Increase ligand exposure or expression, with receptor-deficient T cells as specificity control	0.80×animal-level interaction score + 0.20×(1−LIANA magnitude rank)	0.0972102571465895	0.6570621287717398	9.0	6.0	0.0	0.8046695441735882	False	ordered cross-sectional support only	neutrophil → Hdc → Hrh1 → CD8	extracellular	cell-cell / extracellular signal	neutrophil	CD8	0.1483819017945381	0.0439502610526744	0.7894736842105263	15.0	4.0	19	True	False	False	True	True	HIGH																			INVALID_AS_LIGAND_RECEPTOR	False		False	True	True	NOT_ASSESSED	0				No external perturbational dataset integrated	NOT_ASSESSED	LR|neutrophil|Hdc	LR|neutrophil|Hdc	ligand_receptor	ligand	0.7801460304526553	0.1357038540990681	1.0	0.5	0.0	1.0	0.0	0.0	1.0	0.5714285714285714	LR|neutrophil|Hdc	candidate family retained; no additional grouping without pathway evidence	shared source and ligand for interaction candidates; same regulator for intrinsic candidates	MODERATE	19.0	15.0	4.0	0.7894736842105263	0.0	75.0	39.0	84.0	0.0079920079920079	0.0239760239760239	1.0	within-candidate mouse-effect sign permutation	0.0	0.0	0.9920079920079921		0.0	False	0.5339881563799763	0.08333333333333333	0.06501216920438795	0.011308654508255675	0.08333333333333333	0.0	0.0	0.0	0.08333333333333333	0.0	0.08266733266733267	0.041666666666666664	0.08333333333333333	0.0	False	2	ASSOCIATION_ONLY	Test necessity and sufficiency; Phase 1 is associative.	source-cell ligand knockdown plus T-cell receptor CRISPRi and ligand rescue	CD69/CD137, T-cell effector program and tumor-cell killing	non-targeting guide plus untreated/irrelevant control	receptor-deficient T cells or matched source-cell control	SUPPORTED	SUPPORTED	PARTIALLY_SUPPORTED	SUPPORTED	PARTIALLY_SUPPORTED	MISSING	MISSING	temporal/spatial/perturbational evidence missing
neutrophil	Hdc	Hrh3	CD8	19	0.7945707470527734	0.0	0.7578947368421053	0.0439502610526744	-0.4508771929824561	0.4996936315878373	0.0	1.0	0.0	1.0	False	RNA-supported	0.3789473684210526	0.0	0.0	1.0	0.1826315789473684	Tier 3 — exploratory	3.0			0.0	0.1461052631578947	neutrophil → Hdc → Hrh3 → CD8 activation-associated program	CORRELATIONAL	Perturb ligand in neutrophil and independently KO/CRISPRi receptor in target T cells	Increase ligand exposure or expression, with receptor-deficient T cells as specificity control	0.80×animal-level interaction score + 0.20×(1−LIANA magnitude rank)	0.0		9.0	6.0	0.0	0.8046695441735882	False	ordered cross-sectional support only	neutrophil → Hdc → Hrh3 → CD8	extracellular	cell-cell / extracellular signal	neutrophil	CD8	0.1461052631578947	0.0439502610526744	0.7894736842105263	15.0	4.0	19	True	False	False	True	True	HIGH																			INVALID_AS_LIGAND_RECEPTOR	False		False	True	True	NOT_ASSESSED	0				No external perturbational dataset integrated	NOT_ASSESSED	LR|neutrophil|Hdc	LR|neutrophil|Hdc	ligand_receptor	ligand	0.768176170424767	0.1357038540990681	1.0	0.5	0.0	1.0	0.0	0.0	1.0	0.5714285714285714	LR|neutrophil|Hdc	candidate family retained; no additional grouping without pathway evidence	shared source and ligand for interaction candidates; same regulator for intrinsic candidates	MODERATE	19.0	15.0	4.0	0.7894736842105263	0.0	87.0	49.0	102.0	0.0049950049950049	0.016590552304838	1.0	within-candidate mouse-effect sign permutation	0.0	0.0	0.9950049950049951		0.0	False	0.5332404182940692	0.08333333333333333	0.06401468086873059	0.011308654508255675	0.08333333333333333	0.0	0.0	0.0	0.08333333333333333	0.0	0.08291708291708293	0.041666666666666664	0.08333333333333333	0.0	False	2	ASSOCIATION_ONLY	Test necessity and sufficiency; Phase 1 is associative.	source-cell ligand knockdown plus T-cell receptor CRISPRi and ligand rescue	CD69/CD137, T-cell effector program and tumor-cell killing	non-targeting guide plus untreated/irrelevant control	receptor-deficient T cells or matched source-cell control	SUPPORTED	SUPPORTED	PARTIALLY_SUPPORTED	SUPPORTED	PARTIALLY_SUPPORTED	MISSING	MISSING	temporal/spatial/perturbational evidence missing
neutrophil	Arf6	Smap1	CD8	19	0.1998658848394686	0.5813904106680254	0.5543859649122806	0.332989839850178	-0.6894736842105263	0.096533573112733	-0.29127216	0.001249890724434	-0.20769954	0.0004005045276736	False	ADT-supported	0.2771929824561403	0.0	0.3408813706633833	1.0	0.3151938179923258	Tier 3 — exploratory	3.0	0.532529352647106	1.0	0.467470647352894	0.3456491838644394	neutrophil → Arf6 → Smap1 → CD8 activation-associated program	CORRELATIONAL	Perturb ligand in neutrophil and independently KO/CRISPRi receptor in target T cells	Increase ligand exposure or expression, with receptor-deficient T cells as specificity control	0.80×animal-level interaction score + 0.20×(1−LIANA magnitude rank)	-0.44785675122003	0.1869852384591615	9.0	6.0	0.0	0.8046695441735882	False	ordered cross-sectional support only	neutrophil → Arf6 → Smap1 → CD8	extracellular	cell-cell / extracellular signal	neutrophil	CD8	0.3456491838644394	0.096533573112733	0.631578947368421	12.0	7.0	19	False	True	False	True	True	HIGH																			INVALID_AS_LIGAND_RECEPTOR	False		False	True	True	NOT_ASSESSED	0				No external perturbational dataset integrated	NOT_ASSESSED	LR|neutrophil|Arf6	LR|neutrophil|Arf6	ligand_receptor	ligand	1.0	0.10153216184506911	1.0	0.5	0.0	0.0	1.0	0.0	1.0	0.5	LR|neutrophil|Arf6	candidate family retained; no additional grouping without pathway evidence	shared source and ligand for interaction candidates; same regulator for intrinsic candidates	MODERATE	19.0	12.0	7.0	0.631578947368421	0.0	86.0	38.0	100.0	0.2387612387612387	0.4163399100899101	0.913	within-candidate mouse-effect sign permutation	0.0	0.0	0.7612387612387613		0.0	False	0.5302309102569859	0.08333333333333333	0.08333333333333333	0.008461013487089093	0.0	0.08333333333333333	0.0	0.0	0.08333333333333333	0.0	0.06343656343656344	0.041666666666666664	0.08333333333333333	0.0	False	2	ASSOCIATION_ONLY	Test necessity and sufficiency; Phase 1 is associative.	source-cell ligand knockdown plus T-cell receptor CRISPRi and ligand rescue	CD69/CD137, T-cell effector program and tumor-cell killing	non-targeting guide plus untreated/irrelevant control	receptor-deficient T cells or matched source-cell control	SUPPORTED	SUPPORTED	PARTIALLY_SUPPORTED	PARTIALLY_SUPPORTED	PARTIALLY_SUPPORTED	MISSING	MISSING	temporal/spatial/perturbational evidence missing
fibroblast	Hspg2	Itgb1	CD4	34	0.7991217378706947	0.6470241168227746	0.1141329258976317	0.939046751919368	-0.60061115355233	0.0345399214078238	-0.27310753	0.0222896046084842	-1.6698895	5.056158660183512e-07	False	ADT-supported	0.0570664629488158	0.0	0.7190626097077132	1.0	0.3137857839736282	Tier 3 — exploratory	3.0	0.1735571642126295	0.0874267002502295	0.8264428357873705	0.4163171943363767	fibroblast → Hspg2 → Itgb1 → CD4 activation-associated program	CORRELATIONAL	Perturb ligand in fibroblast and independently KO/CRISPRi receptor in target T cells	Increase ligand exposure or expression, with receptor-deficient T cells as specificity control	0.80×animal-level interaction score + 0.20×(1−LIANA magnitude rank)	-0.006762260189487	0.9737357980556924	9.0	4.0	0.0	0.8592006085325994	False	ordered cross-sectional support only	fibroblast → Hspg2 → Itgb1 → CD4	extracellular	cell-cell / extracellular signal	fibroblast	CD4	0.4163171943363767	0.0345399214078238	0.5882352941176471	20.0	14.0	34	False	True	False	True	True	HIGH																			VALID_FOR_HYPOTHESIS	True		False	True	True	NOT_ASSESSED	0				No external perturbational dataset integrated	NOT_ASSESSED	LR|fibroblast|Hspg2	LR|fibroblast|Hspg2	ligand_receptor	ligand	1.0	0.14616786549615907	1.0	0.5	0.0	0.0	1.0	0.0	1.0	0.5	LR|fibroblast|Hspg2	candidate family retained; no additional grouping without pathway evidence	shared source and ligand for interaction candidates; same regulator for intrinsic candidates	MODERATE	34.0	20.0	14.0	0.5882352941176471	0.0	97.0	63.0	117.0	0.3026973026973027	0.5121083735541567	0.833	within-candidate mouse-effect sign permutation	0.0	0.0	0.6973026973026972		0.0	False	0.5286225468999046	0.08333333333333333	0.08333333333333333	0.012180655458013256	0.0	0.08333333333333333	0.0	0.0	0.08333333333333333	0.0	0.058108558108558105	0.041666666666666664	0.08333333333333333	0.0	False	2	ASSOCIATION_ONLY	Test necessity and sufficiency; Phase 1 is associative.	source-cell ligand knockdown plus T-cell receptor CRISPRi and ligand rescue	CD69/CD137, T-cell effector program and tumor-cell killing	non-targeting guide plus untreated/irrelevant control	receptor-deficient T cells or matched source-cell control	SUPPORTED	SUPPORTED	PARTIALLY_SUPPORTED	PARTIALLY_SUPPORTED	PARTIALLY_SUPPORTED	MISSING	MISSING	temporal/spatial/perturbational evidence missing
fibroblast	Hspg2	Ptprs	CD4	34	0.7991217378706947	0.1167490227892912	0.1141329258976317	0.939046751919368	-0.60061115355233	0.0345399214078238	-0.021940231	1.0	1.7034311	5.056158660183512e-07	False	ADT-supported	0.0570664629488158	0.2839051833333333	0.305445055592792	1.0	0.2520385689839773	Tier 3 — exploratory	3.0	0.641629407630294	0.2086154253456028	0.358370592369706	0.273304973661123	fibroblast → Hspg2 → Ptprs → CD4 activation-associated program	CORRELATIONAL	Perturb ligand in fibroblast and independently KO/CRISPRi receptor in target T cells	Increase ligand exposure or expression, with receptor-deficient T cells as specificity control	0.80×animal-level interaction score + 0.20×(1−LIANA magnitude rank)	-0.5957220357302799	0.8494691696718779	9.0	4.0	0.0	0.8592006085325994	False	ordered cross-sectional support only	fibroblast → Hspg2 → Ptprs → CD4	extracellular	cell-cell / extracellular signal	fibroblast	CD4	0.273304973661123	0.0345399214078238	0.5882352941176471	20.0	14.0	34	False	True	False	True	True	HIGH																			VALID_FOR_HYPOTHESIS	True		False	True	True	NOT_ASSESSED	0				No external perturbational dataset integrated	NOT_ASSESSED	LR|fibroblast|Hspg2	LR|fibroblast|Hspg2	ligand_receptor	ligand	1.0	0.14616786549615907	1.0	0.5	0.0	0.0	1.0	0.0	1.0	0.5	LR|fibroblast|Hspg2	candidate family retained; no additional grouping without pathway evidence	shared source and ligand for interaction candidates; same regulator for intrinsic candidates	MODERATE	34.0	20.0	14.0	0.5882352941176471	0.0	97.0	63.0	117.0	0.3046953046953047	0.5121083735541567	0.823	within-candidate mouse-effect sign permutation	0.0	0.0	0.6953046953046953		0.0	False	0.5284560467334045	0.08333333333333333	0.08333333333333333	0.012180655458013256	0.0	0.08333333333333333	0.0	0.0	0.08333333333333333	0.0	0.057942057942057944	0.041666666666666664	0.08333333333333333	0.0	False	2	ASSOCIATION_ONLY	Test necessity and sufficiency; Phase 1 is associative.	source-cell ligand knockdown plus T-cell receptor CRISPRi and ligand rescue	CD69/CD137, T-cell effector program and tumor-cell killing	non-targeting guide plus untreated/irrelevant control	receptor-deficient T cells or matched source-cell control	SUPPORTED	SUPPORTED	PARTIALLY_SUPPORTED	PARTIALLY_SUPPORTED	PARTIALLY_SUPPORTED	MISSING	MISSING	temporal/spatial/perturbational evidence missing
fibroblast	Col6a2	Itga2_Itgb1	CD8	34	0.8335679274695327	0.060304922070752	0.3427043544690603	0.5143645577651489	-0.5987776928953399	0.0441216330213713	-0.19079351	1.0	-0.96153045	0.0090031215126386	False	ADT-supported	0.1713521772345301	0.0	0.2242058181821526	1.0	0.2048144256685161	Tier 3 — exploratory	3.0			0.0	0.1638515405348128	fibroblast → Col6a2 → Itga2_Itgb1 → CD8 activation-associated program	CORRELATIONAL	Perturb ligand in fibroblast and independently KO/CRISPRi receptor in target T cells	Increase ligand exposure or expression, with receptor-deficient T cells as specificity control	0.80×animal-level interaction score + 0.20×(1−LIANA magnitude rank)			9.0	6.0	0.0	0.8046695441735882	False	ordered cross-sectional support only	fibroblast → Col6a2 → Itga2_Itgb1 → CD8	extracellular	cell-cell / extracellular signal	fibroblast	CD8	0.1638515405348128	0.0441216330213713	0.6176470588235294	21.0	13.0	34	False	True	False	True	True	HIGH																			VALID_FOR_HYPOTHESIS	True		False	True	True	NOT_ASSESSED	0				No external perturbational dataset integrated	NOT_ASSESSED	LR|fibroblast|Col6a2	LR|fibroblast|Col6a2	ligand_receptor	ligand	0.8614805942357309	0.1355348421910777	1.0	0.5	0.0	0.0	1.0	0.0	1.0	0.5	LR|fibroblast|Col6a2	candidate family retained; no additional grouping without pathway evidence	shared source and ligand for interaction candidates; same regulator for intrinsic candidates	MODERATE	34.0	21.0	13.0	0.6176470588235294	0.0	191.0	161.0	206.0	0.1598401598401598	0.3075545144510662	0.922	within-candidate mouse-effect sign permutation	0.0	0.0	0.8401598401598402		0.0	False	0.5280979397155541	0.08333333333333333	0.07179004951964424	0.011294570182589808	0.0	0.08333333333333333	0.0	0.0	0.08333333333333333	0.0	0.07001332001332002	0.041666666666666664	0.08333333333333333	0.0	False	2	ASSOCIATION_ONLY	Test necessity and sufficiency; Phase 1 is associative.	source-cell ligand knockdown plus T-cell receptor CRISPRi and ligand rescue	CD69/CD137, T-cell effector program and tumor-cell killing	non-targeting guide plus untreated/irrelevant control	receptor-deficient T cells or matched source-cell control	SUPPORTED	SUPPORTED	PARTIALLY_SUPPORTED	PARTIALLY_SUPPORTED	PARTIALLY_SUPPORTED	MISSING	MISSING	temporal/spatial/perturbational evidence missing
fibroblast	Lama4	Itgav_Itgb8	CD4	34	0.8114284519294205	0.1825355852201489	0.3781512605042016	0.5446699846561429	-0.5669977081741787	0.0681333722380128	0.6891265	0.0051899204345096	1.8817091	5.056158660183512e-07	False	ADT-supported	0.1890756302521008	0.4284725999999999	0.3848565542344527	1.0	0.4002659314351258	Tier 3 — exploratory	3.0			0.0	0.3202127451481006	fibroblast → Lama4 → Itgav_Itgb8 → CD4 activation-associated program	CORRELATIONAL	Perturb ligand in fibroblast and independently KO/CRISPRi receptor in target T cells	Increase ligand exposure or expression, with receptor-deficient T cells as specificity control	0.80×animal-level interaction score + 0.20×(1−LIANA magnitude rank)			9.0	4.0	0.0	0.8592006085325994	False	ordered cross-sectional support only	fibroblast → Lama4 → Itgav_Itgb8 → CD4	extracellular	cell-cell / extracellular signal	fibroblast	CD4	0.3202127451481006	0.0681333722380128	0.5882352941176471	20.0	14.0	34	False	True	False	True	True	HIGH																			VALID_FOR_HYPOTHESIS	True		False	True	True	NOT_ASSESSED	0				No external perturbational dataset integrated	NOT_ASSESSED	LR|fibroblast|Lama4	LR|fibroblast|Lama4	ligand_receptor	ligand	1.0	0.11666401152714279	1.0	0.5	0.0	0.0	1.0	0.0	1.0	0.5	LR|fibroblast|Lama4	candidate family retained; no additional grouping without pathway evidence	shared source and ligand for interaction candidates; same regulator for intrinsic candidates	MODERATE	34.0	20.0	14.0	0.5882352941176471	0.0	113.0	73.0	128.0	0.2957042957042957	0.5061441625858804	0.836	within-candidate mouse-effect sign permutation	0.0	0.0	0.7042957042957043		0.0	False	0.5267466429852373	0.08333333333333333	0.08333333333333333	0.009722000960595232	0.0	0.08333333333333333	0.0	0.0	0.08333333333333333	0.0	0.058691308691308695	0.041666666666666664	0.08333333333333333	0.0	False	2	ASSOCIATION_ONLY	Test necessity and sufficiency; Phase 1 is associative.	source-cell ligand knockdown plus T-cell receptor CRISPRi and ligand rescue	CD69/CD137, T-cell effector program and tumor-cell killing	non-targeting guide plus untreated/irrelevant control	receptor-deficient T cells or matched source-cell control	SUPPORTED	SUPPORTED	PARTIALLY_SUPPORTED	PARTIALLY_SUPPORTED	PARTIALLY_SUPPORTED	MISSING	MISSING	temporal/spatial/perturbational evidence missing
fibroblast	Lama4	Cd44	CD4	34	0.8114284519294205	0.7128106792536324	0.3781512605042016	0.5446699846561429	-0.5669977081741787	0.0681333722380128	0.9703646	1.9767398454773044e-06	-0.07839012	0.3301218053312729	False	ADT-supported	0.1890756302521008	0.1617274333333333	0.760522758361335	1.0	0.3587128805938356	Tier 3 — exploratory	3.0	0.2565479648169411	0.3151620026691468	0.7434520351830589	0.4356607115116803	fibroblast → Lama4 → Cd44 → CD4 activation-associated program	CORRELATIONAL	Perturb ligand in fibroblast and independently KO/CRISPRi receptor in target T cells	Increase ligand exposure or expression, with receptor-deficient T cells as specificity control	0.80×animal-level interaction score + 0.20×(1−LIANA magnitude rank)	0.1045084727826486	0.9444426043704072	9.0	4.0	0.0	0.8592006085325994	False	ordered cross-sectional support only	fibroblast → Lama4 → Cd44 → CD4	extracellular	cell-cell / extracellular signal	fibroblast	CD4	0.4356607115116803	0.0681333722380128	0.5882352941176471	20.0	14.0	34	False	True	False	True	True	HIGH																			VALID_FOR_HYPOTHESIS	True		False	True	True	NOT_ASSESSED	0				No external perturbational dataset integrated	NOT_ASSESSED	LR|fibroblast|Lama4	LR|fibroblast|Lama4	ligand_receptor	ligand	1.0	0.11666401152714279	1.0	0.5	0.0	0.0	1.0	0.0	1.0	0.5	LR|fibroblast|Lama4	candidate family retained; no additional grouping without pathway evidence	shared source and ligand for interaction candidates; same regulator for intrinsic candidates	MODERATE	34.0	20.0	14.0	0.5882352941176471	0.0	113.0	73.0	128.0	0.3136863136863136	0.5240627635837216	0.838	within-candidate mouse-effect sign permutation	0.0	0.0	0.6863136863136864		0.0	False	0.5252481414867357	0.08333333333333333	0.08333333333333333	0.009722000960595232	0.0	0.08333333333333333	0.0	0.0	0.08333333333333333	0.0	0.0571928071928072	0.041666666666666664	0.08333333333333333	0.0	False	2	ASSOCIATION_ONLY	Test necessity and sufficiency; Phase 1 is associative.	source-cell ligand knockdown plus T-cell receptor CRISPRi and ligand rescue	CD69/CD137, T-cell effector program and tumor-cell killing	non-targeting guide plus untreated/irrelevant control	receptor-deficient T cells or matched source-cell control	SUPPORTED	SUPPORTED	PARTIALLY_SUPPORTED	PARTIALLY_SUPPORTED	PARTIALLY_SUPPORTED	MISSING	MISSING	temporal/spatial/perturbational evidence missing
fibroblast	Lama4	Itga6_Itgb1	CD4	34	0.8114284519294205	0.1935983479607641	0.3781512605042016	0.5446699846561429	-0.5669977081741787	0.0681333722380128	-0.27310753	1.0	-1.6698895	0.0418596341043116	False	ADT-supported	0.1890756302521008	0.0	0.3963473322502576	1.0	0.2454459370382868	Tier 3 — exploratory	3.0	0.5587640949525423	0.0874267002502295	0.4412359050474577	0.2846039306401209	fibroblast → Lama4 → Itga6_Itgb1 → CD4 activation-associated program	CORRELATIONAL	Perturb ligand in fibroblast and independently KO/CRISPRi receptor in target T cells	Increase ligand exposure or expression, with receptor-deficient T cells as specificity control	0.80×animal-level interaction score + 0.20×(1−LIANA magnitude rank)			9.0	4.0	0.0	0.8592006085325994	False	ordered cross-sectional support only	fibroblast → Lama4 → Itga6_Itgb1 → CD4	extracellular	cell-cell / extracellular signal	fibroblast	CD4	0.2846039306401209	0.0681333722380128	0.5882352941176471	20.0	14.0	34	False	True	False	True	True	HIGH																			VALID_FOR_HYPOTHESIS	True		False	True	True	NOT_ASSESSED	0				No external perturbational dataset integrated	NOT_ASSESSED	LR|fibroblast|Lama4	LR|fibroblast|Lama4	ligand_receptor	ligand	1.0	0.11666401152714279	1.0	0.5	0.0	0.0	1.0	0.0	1.0	0.5	LR|fibroblast|Lama4	candidate family retained; no additional grouping without pathway evidence	shared source and ligand for interaction candidates; same regulator for intrinsic candidates	MODERATE	34.0	20.0	14.0	0.5882352941176471	0.0	113.0	73.0	128.0	0.3176823176823177	0.5246518187694659	0.835	within-candidate mouse-effect sign permutation	0.0	0.0	0.6823176823176823		0.0	False	0.5249151411537355	0.08333333333333333	0.08333333333333333	0.009722000960595232	0.0	0.08333333333333333	0.0	0.0	0.08333333333333333	0.0	0.056859806859806857	0.041666666666666664	0.08333333333333333	0.0	False	2	ASSOCIATION_ONLY	Test necessity and sufficiency; Phase 1 is associative.	source-cell ligand knockdown plus T-cell receptor CRISPRi and ligand rescue	CD69/CD137, T-cell effector program and tumor-cell killing	non-targeting guide plus untreated/irrelevant control	receptor-deficient T cells or matched source-cell control	SUPPORTED	SUPPORTED	PARTIALLY_SUPPORTED	PARTIALLY_SUPPORTED	PARTIALLY_SUPPORTED	MISSING	MISSING	temporal/spatial/perturbational evidence missing
fibroblast	Lama4	Itga3_Itgb1	CD4	34	0.8114284519294205	0.0615089608378199	0.3781512605042016	0.5446699846561429	-0.5669977081741787	0.0681333722380128	-0.27310753	0.0257278570387628	-1.6698895	6.386277766181647e-05	False	ADT-supported	0.1890756302521008	0.0	0.2234057315120173	1.0	0.2608576168906388	Tier 3 — exploratory	3.0			0.0	0.208686093512511	fibroblast → Lama4 → Itga3_Itgb1 → CD4 activation-associated program	CORRELATIONAL	Perturb ligand in fibroblast and independently KO/CRISPRi receptor in target T cells	Increase ligand exposure or expression, with receptor-deficient T cells as specificity control	0.80×animal-level interaction score + 0.20×(1−LIANA magnitude rank)			9.0	4.0	0.0	0.8592006085325994	False	ordered cross-sectional support only	fibroblast → Lama4 → Itga3_Itgb1 → CD4	extracellular	cell-cell / extracellular signal	fibroblast	CD4	0.208686093512511	0.0681333722380128	0.5882352941176471	20.0	14.0	34	False	True	False	True	True	HIGH																			VALID_FOR_HYPOTHESIS	True		False	True	True	NOT_ASSESSED	0				No external perturbational dataset integrated	NOT_ASSESSED	LR|fibroblast|Lama4	LR|fibroblast|Lama4	ligand_receptor	ligand	1.0	0.11666401152714279	1.0	0.5	0.0	0.0	1.0	0.0	1.0	0.5	LR|fibroblast|Lama4	candidate family retained; no additional grouping without pathway evidence	shared source and ligand for interaction candidates; same regulator for intrinsic candidates	MODERATE	34.0	20.0	14.0	0.5882352941176471	0.0	113.0	73.0	128.0	0.3326673326673326	0.5396173593848013	0.822	within-candidate mouse-effect sign permutation	0.0	0.0	0.6673326673326674		0.0	False	0.5236663899049842	0.08333333333333333	0.08333333333333333	0.009722000960595232	0.0	0.08333333333333333	0.0	0.0	0.08333333333333333	0.0	0.055611055611055615	0.041666666666666664	0.08333333333333333	0.0	False	2	ASSOCIATION_ONLY	Test necessity and sufficiency; Phase 1 is associative.	source-cell ligand knockdown plus T-cell receptor CRISPRi and ligand rescue	CD69/CD137, T-cell effector program and tumor-cell killing	non-targeting guide plus untreated/irrelevant control	receptor-deficient T cells or matched source-cell control	SUPPORTED	SUPPORTED	PARTIALLY_SUPPORTED	PARTIALLY_SUPPORTED	PARTIALLY_SUPPORTED	MISSING	MISSING	temporal/spatial/perturbational evidence missing
neutrophil	Ccl25	Grm7	CD4	19	0.0153243872318924	0.0043513533446419	-0.189974276058391	0.9180246099346518	0.7264757038158842	0.0670532633673389	0.0	1.0	0.0	1.0	False	ADT-supported	0.3632378519079421	0.0	0.0081658939275552	1.0	0.1787664269532908	Tier 3 — exploratory	3.0			0.0	0.1430131415626326	neutrophil → Ccl25 → Grm7 → CD4 activation-associated program	CORRELATIONAL	Perturb ligand in neutrophil and independently KO/CRISPRi receptor in target T cells	Increase ligand exposure or expression, with receptor-deficient T cells as specificity control	0.80×animal-level interaction score + 0.20×(1−LIANA magnitude rank)	-0.2587303192910744	0.9502079231386918	9.0	4.0	0.0	0.8592006085325994	False	ordered cross-sectional support only	neutrophil → Ccl25 → Grm7 → CD4	extracellular	cell-cell / extracellular signal	neutrophil	CD4	0.1430131415626326	0.0670532633673389	0.6842105263157895	13.0	6.0	19	False	True	False	True	True	HIGH																			UNKNOWN_UNVALIDATED	False		False	True	True	NOT_ASSESSED	0				No external perturbational dataset integrated	NOT_ASSESSED	LR|neutrophil|Ccl25	LR|neutrophil|Ccl25	ligand_receptor	ligand	0.7519187538594978	0.11735800809303647	1.0	0.5	0.0	0.0	1.0	0.0	1.0	0.5	LR|neutrophil|Ccl25	candidate family retained; no additional grouping without pathway evidence	shared source and ligand for interaction candidates; same regulator for intrinsic candidates	MODERATE	19.0	13.0	6.0	0.6842105263157895	0.0	212.0	169.0	214.0	0.0919080919080919	0.2035107749393463	0.978	within-candidate mouse-effect sign permutation	0.0	0.0	0.9080919080919081		0.0	False	0.5231140558370369	0.08333333333333333	0.06265989615495815	0.009779834007753039	0.0	0.08333333333333333	0.0	0.0	0.08333333333333333	0.0	0.07567432567432568	0.041666666666666664	0.08333333333333333	0.0	False	2	ASSOCIATION_ONLY	Test necessity and sufficiency; Phase 1 is associative.	source-cell ligand knockdown plus T-cell receptor CRISPRi and ligand rescue	CD69/CD137, T-cell effector program and tumor-cell killing	non-targeting guide plus untreated/irrelevant control	receptor-deficient T cells or matched source-cell control	SUPPORTED	SUPPORTED	PARTIALLY_SUPPORTED	PARTIALLY_SUPPORTED	PARTIALLY_SUPPORTED	MISSING	MISSING	temporal/spatial/perturbational evidence missing
neutrophil	Ccl25	Ccr9	CD4	19	0.0153243872318924	0.0129803082823217	-0.189974276058391	0.9180246099346518	0.7264757038158842	0.0670532633673389	0.0	0.1428885927609357	0.0	0.9265995516590716	False	ADT-supported	0.3632378519079421	0.0	0.0141037325026972	1.0	0.1799539946683191	Tier 3 — exploratory	3.0			0.0	0.1439631957346553	neutrophil → Ccl25 → Ccr9 → CD4 activation-associated program	CORRELATIONAL	Perturb ligand in neutrophil and independently KO/CRISPRi receptor in target T cells	Increase ligand exposure or expression, with receptor-deficient T cells as specificity control	0.80×animal-level interaction score + 0.20×(1−LIANA magnitude rank)	0.3949077014601981	0.9735327236446836	9.0	4.0	0.0	0.8592006085325994	False	ordered cross-sectional support only	neutrophil → Ccl25 → Ccr9 → CD4	extracellular	cell-cell / extracellular signal	neutrophil	CD4	0.1439631957346553	0.0670532633673389	0.6842105263157895	13.0	6.0	19	False	True	False	True	True	HIGH																			VALID_FOR_HYPOTHESIS	True		False	True	True	NOT_ASSESSED	0				No external perturbational dataset integrated	NOT_ASSESSED	LR|neutrophil|Ccl25	LR|neutrophil|Ccl25	ligand_receptor	ligand	0.7569138441100918	0.11735800809303647	1.0	0.5	0.0	0.0	1.0	0.0	1.0	0.5	LR|neutrophil|Ccl25	candidate family retained; no additional grouping without pathway evidence	shared source and ligand for interaction candidates; same regulator for intrinsic candidates	MODERATE	19.0	13.0	6.0	0.6842105263157895	0.0	211.0	167.0	213.0	0.1008991008991009	0.2148919782507568	0.967	within-candidate mouse-effect sign permutation	0.0	0.0	0.8991008991008991		0.0	False	0.522781062608669	0.08333333333333333	0.06307615367584098	0.009779834007753039	0.0	0.08333333333333333	0.0	0.0	0.08333333333333333	0.0	0.07492507492507493	0.041666666666666664	0.08333333333333333	0.0	False	2	ASSOCIATION_ONLY	Test necessity and sufficiency; Phase 1 is associative.	source-cell ligand knockdown plus T-cell receptor CRISPRi and ligand rescue	CD69/CD137, T-cell effector program and tumor-cell killing	non-targeting guide plus untreated/irrelevant control	receptor-deficient T cells or matched source-cell control	SUPPORTED	SUPPORTED	PARTIALLY_SUPPORTED	PARTIALLY_SUPPORTED	PARTIALLY_SUPPORTED	MISSING	MISSING	temporal/spatial/perturbational evidence missing
neutrophil	Ccl25	Adra2a	CD4	19	0.0153243872318924	0.0003687587580205	-0.189974276058391	0.9180246099346518	0.7264757038158842	0.0670532633673389	0.0	1.0	0.0	1.0	False	ADT-supported	0.3632378519079421	0.0	0.0023771836283842	1.0	0.1776086848934566	Tier 3 — exploratory	3.0			0.0	0.1420869479147652	neutrophil → Ccl25 → Adra2a → CD4 activation-associated program	CORRELATIONAL	Perturb ligand in neutrophil and independently KO/CRISPRi receptor in target T cells	Increase ligand exposure or expression, with receptor-deficient T cells as specificity control	0.80×animal-level interaction score + 0.20×(1−LIANA magnitude rank)	0.0928182767000363	0.73683349850432	9.0	4.0	0.0	0.8592006085325994	False	ordered cross-sectional support only	neutrophil → Ccl25 → Adra2a → CD4	extracellular	cell-cell / extracellular signal	neutrophil	CD4	0.1420869479147652	0.0670532633673389	0.6842105263157895	13.0	6.0	19	False	True	False	True	True	HIGH																			UNKNOWN_UNVALIDATED	False		False	True	True	NOT_ASSESSED	0				No external perturbational dataset integrated	NOT_ASSESSED	LR|neutrophil|Ccl25	LR|neutrophil|Ccl25	ligand_receptor	ligand	0.7470491148464142	0.11735800809303647	1.0	0.5	0.0	0.0	1.0	0.0	1.0	0.5	LR|neutrophil|Ccl25	candidate family retained; no additional grouping without pathway evidence	shared source and ligand for interaction candidates; same regulator for intrinsic candidates	MODERATE	19.0	13.0	6.0	0.6842105263157895	0.0	214.0	173.0	216.0	0.0939060939060939	0.204685939060939	0.975	within-candidate mouse-effect sign permutation	0.0	0.0	0.906093906093906		0.0	False	0.5225417524194463	0.08333333333333333	0.06225409290386785	0.009779834007753039	0.0	0.08333333333333333	0.0	0.0	0.08333333333333333	0.0	0.0755078255078255	0.041666666666666664	0.08333333333333333	0.0	False	2	ASSOCIATION_ONLY	Test necessity and sufficiency; Phase 1 is associative.	source-cell ligand knockdown plus T-cell receptor CRISPRi and ligand rescue	CD69/CD137, T-cell effector program and tumor-cell killing	non-targeting guide plus untreated/irrelevant control	receptor-deficient T cells or matched source-cell control	SUPPORTED	SUPPORTED	PARTIALLY_SUPPORTED	PARTIALLY_SUPPORTED	PARTIALLY_SUPPORTED	MISSING	MISSING	temporal/spatial/perturbational evidence missing
neutrophil	Ccl25	Ackr2	CD4	19	0.0153243872318924	0.0	-0.189974276058391	0.9180246099346518	0.7264757038158842	0.0670532633673389	0.0	1.0	0.0	1.0	False	ADT-supported	0.3632378519079421	0.0	0.0	1.0	0.1771332481677797	Tier 3 — exploratory	3.0			0.0	0.1417065985342237	neutrophil → Ccl25 → Ackr2 → CD4 activation-associated program	CORRELATIONAL	Perturb ligand in neutrophil and independently KO/CRISPRi receptor in target T cells	Increase ligand exposure or expression, with receptor-deficient T cells as specificity control	0.80×animal-level interaction score + 0.20×(1−LIANA magnitude rank)	0.0		9.0	4.0	0.0	0.8592006085325994	False	ordered cross-sectional support only	neutrophil → Ccl25 → Ackr2 → CD4	extracellular	cell-cell / extracellular signal	neutrophil	CD4	0.1417065985342237	0.0670532633673389	0.6842105263157895	13.0	6.0	19	False	True	False	True	True	HIGH																			UNKNOWN_UNVALIDATED	False		False	True	True	NOT_ASSESSED	0				No external perturbational dataset integrated	NOT_ASSESSED	LR|neutrophil|Ccl25	LR|neutrophil|Ccl25	ligand_receptor	ligand	0.7450493557395022	0.11735800809303647	1.0	0.5	0.0	0.0	1.0	0.0	1.0	0.5	LR|neutrophil|Ccl25	candidate family retained; no additional grouping without pathway evidence	shared source and ligand for interaction candidates; same regulator for intrinsic candidates	MODERATE	19.0	13.0	6.0	0.6842105263157895	0.0	219.0	175.0	223.0	0.0959040959040959	0.2074204864902539	0.969	within-candidate mouse-effect sign permutation	0.0	0.0	0.9040959040959041		0.0	False	0.5222086056607035	0.08333333333333333	0.06208744631162518	0.009779834007753039	0.0	0.08333333333333333	0.0	0.0	0.08333333333333333	0.0	0.07534132534132534	0.041666666666666664	0.08333333333333333	0.0	False	2	ASSOCIATION_ONLY	Test necessity and sufficiency; Phase 1 is associative.	source-cell ligand knockdown plus T-cell receptor CRISPRi and ligand rescue	CD69/CD137, T-cell effector program and tumor-cell killing	non-targeting guide plus untreated/irrelevant control	receptor-deficient T cells or matched source-cell control	SUPPORTED	SUPPORTED	PARTIALLY_SUPPORTED	PARTIALLY_SUPPORTED	PARTIALLY_SUPPORTED	MISSING	MISSING	temporal/spatial/perturbational evidence missing
neutrophil	Ccl25	Mtnr1a	CD4	19	0.0153243872318924	7.375175160410059e-05	-0.189974276058391	0.9180246099346518	0.7264757038158842	0.0670532633673389	0.0	1.0	0.0	1.0	False	ADT-supported	0.3632378519079421	0.0	0.0010631088376133	1.0	0.1773458699353024	Tier 3 — exploratory	3.0			0.0	0.1418766959482419	neutrophil → Ccl25 → Mtnr1a → CD4 activation-associated program	CORRELATIONAL	Perturb ligand in neutrophil and independently KO/CRISPRi receptor in target T cells	Increase ligand exposure or expression, with receptor-deficient T cells as specificity control	0.80×animal-level interaction score + 0.20×(1−LIANA magnitude rank)	0.0		9.0	4.0	0.0	0.8592006085325994	False	ordered cross-sectional support only	neutrophil → Ccl25 → Mtnr1a → CD4	extracellular	cell-cell / extracellular signal	neutrophil	CD4	0.1418766959482419	0.0670532633673389	0.6842105263157895	13.0	6.0	19	False	True	False	True	True	HIGH																			UNKNOWN_UNVALIDATED	False		False	True	True	NOT_ASSESSED	0				No external perturbational dataset integrated	NOT_ASSESSED	LR|neutrophil|Ccl25	LR|neutrophil|Ccl25	ligand_receptor	ligand	0.7459436751998383	0.11735800809303647	1.0	0.5	0.0	0.0	1.0	0.0	1.0	0.5	LR|neutrophil|Ccl25	candidate family retained; no additional grouping without pathway evidence	shared source and ligand for interaction candidates; same regulator for intrinsic candidates	MODERATE	19.0	13.0	6.0	0.6842105263157895	0.0	218.0	174.0	221.0	0.0999000999000999	0.2144009836317528	0.971	within-candidate mouse-effect sign permutation	0.0	0.0	0.9000999000999002		0.0	False	0.5219501319493979	0.08333333333333333	0.062161972933319855	0.009779834007753039	0.0	0.08333333333333333	0.0	0.0	0.08333333333333333	0.0	0.07500832500832501	0.041666666666666664	0.08333333333333333	0.0	False	2	ASSOCIATION_ONLY	Test necessity and sufficiency; Phase 1 is associative.	source-cell ligand knockdown plus T-cell receptor CRISPRi and ligand rescue	CD69/CD137, T-cell effector program and tumor-cell killing	non-targeting guide plus untreated/irrelevant control	receptor-deficient T cells or matched source-cell control	SUPPORTED	SUPPORTED	PARTIALLY_SUPPORTED	PARTIALLY_SUPPORTED	PARTIALLY_SUPPORTED	MISSING	MISSING	temporal/spatial/perturbational evidence missing
neutrophil	Ccl25	Ackr4	CD4	19	0.0153243872318924	0.0035400840769968	-0.189974276058391	0.9180246099346518	0.7264757038158842	0.0670532633673389	0.0	1.0	0.0	1.0	False	ADT-supported	0.3632378519079421	0.0	0.0073654340828871	1.0	0.1786063349843571	Tier 3 — exploratory	3.0			0.0	0.1428850679874856	neutrophil → Ccl25 → Ackr4 → CD4 activation-associated program	CORRELATIONAL	Perturb ligand in neutrophil and independently KO/CRISPRi receptor in target T cells	Increase ligand exposure or expression, with receptor-deficient T cells as specificity control	0.80×animal-level interaction score + 0.20×(1−LIANA magnitude rank)	0.590566543947627	0.9809773437679112	9.0	4.0	0.0	0.8592006085325994	False	ordered cross-sectional support only	neutrophil → Ccl25 → Ackr4 → CD4	extracellular	cell-cell / extracellular signal	neutrophil	CD4	0.1428850679874856	0.0670532633673389	0.6842105263157895	13.0	6.0	19	False	True	False	True	True	HIGH																			UNKNOWN_UNVALIDATED	False		False	True	True	NOT_ASSESSED	0				No external perturbational dataset integrated	NOT_ASSESSED	LR|neutrophil|Ccl25	LR|neutrophil|Ccl25	ligand_receptor	ligand	0.7512453827134994	0.11735800809303647	1.0	0.5	0.0	0.0	1.0	0.0	1.0	0.5	LR|neutrophil|Ccl25	candidate family retained; no additional grouping without pathway evidence	shared source and ligand for interaction candidates; same regulator for intrinsic candidates	MODERATE	19.0	13.0	6.0	0.6842105263157895	0.0	213.0	170.0	215.0	0.1128871128871128	0.229894193397843	0.969	within-candidate mouse-effect sign permutation	0.0	0.0	0.8871128871128872		0.0	False	0.5213096898266186	0.08333333333333333	0.06260378189279162	0.009779834007753039	0.0	0.08333333333333333	0.0	0.0	0.08333333333333333	0.0	0.07392607392607393	0.041666666666666664	0.08333333333333333	0.0	False	2	ASSOCIATION_ONLY	Test necessity and sufficiency; Phase 1 is associative.	source-cell ligand knockdown plus T-cell receptor CRISPRi and ligand rescue	CD69/CD137, T-cell effector program and tumor-cell killing	non-targeting guide plus untreated/irrelevant control	receptor-deficient T cells or matched source-cell control	SUPPORTED	SUPPORTED	PARTIALLY_SUPPORTED	PARTIALLY_SUPPORTED	PARTIALLY_SUPPORTED	MISSING	MISSING	temporal/spatial/perturbational evidence missing
neutrophil	Vegfa	Itgav	CD4	19	0.2761779637633229	0.5743048897411314	-0.2280701754385964	0.89272256556299	0.7263157894736841	0.0670532633673389	1.2293329	2.0869773052331223e-06	1.8817091	5.056158660183512e-07	False	ADT-supported	0.363157894736842	0.5185069999999999	0.3982591556110484	1.0	0.4863838442801044	Tier 3 — exploratory	3.0	0.7605693457498075	0.2864238349608266	0.2394306542501925	0.436993206274122	neutrophil → Vegfa → Itgav → CD4 activation-associated program	CORRELATIONAL	Perturb ligand in neutrophil and independently KO/CRISPRi receptor in target T cells	Increase ligand exposure or expression, with receptor-deficient T cells as specificity control	0.80×animal-level interaction score + 0.20×(1−LIANA magnitude rank)	-0.1634987730137167	0.9542634601267896	9.0	4.0	0.0	0.8592006085325994	False	ordered cross-sectional support only	neutrophil → Vegfa → Itgav → CD4	extracellular	cell-cell / extracellular signal	neutrophil	CD4	0.436993206274122	0.0670532633673389	0.5789473684210527	11.0	8.0	19	False	True	False	True	True	HIGH																			VALID_FOR_HYPOTHESIS	True		False	True	True	NOT_ASSESSED	0				No external perturbational dataset integrated	NOT_ASSESSED	LR|neutrophil|Vegfa	LR|neutrophil|Vegfa	ligand_receptor	ligand	1.0	0.11735800809303647	1.0	0.5	0.0	0.0	1.0	0.0	1.0	0.5	LR|neutrophil|Vegfa	candidate family retained; no additional grouping without pathway evidence	shared source and ligand for interaction candidates; same regulator for intrinsic candidates	MODERATE	19.0	11.0	8.0	0.5789473684210527	0.0	132.0	69.0	145.0	0.4665334665334665	0.6529667515583009	0.763	within-candidate mouse-effect sign permutation	0.0	0.0	0.5334665334665335		0.0	False	0.5125687117966309	0.08333333333333333	0.08333333333333333	0.009779834007753039	0.0	0.08333333333333333	0.0	0.0	0.08333333333333333	0.0	0.044455544455544456	0.041666666666666664	0.08333333333333333	0.0	False	2	ASSOCIATION_ONLY	Test necessity and sufficiency; Phase 1 is associative.	source-cell ligand knockdown plus T-cell receptor CRISPRi and ligand rescue	CD69/CD137, T-cell effector program and tumor-cell killing	non-targeting guide plus untreated/irrelevant control	receptor-deficient T cells or matched source-cell control	SUPPORTED	SUPPORTED	PARTIALLY_SUPPORTED	PARTIALLY_SUPPORTED	PARTIALLY_SUPPORTED	MISSING	MISSING	temporal/spatial/perturbational evidence missing
neutrophil	Vegfa	Nrp1	CD4	19	0.2761779637633229	0.2773803377830223	-0.2280701754385964	0.89272256556299	0.7263157894736841	0.0670532633673389	-0.43035984	0.0077861693453474	-1.0210128	1.1072903648318296e-05	False	ADT-supported	0.363157894736842	0.0	0.2767784978586627	1.0	0.3324609627296273	Tier 3 — exploratory	3.0	0.5748590179331137	0.3468983376748103	0.4251409820668863	0.3509969665970791	neutrophil → Vegfa → Nrp1 → CD4 activation-associated program	CORRELATIONAL	Perturb ligand in neutrophil and independently KO/CRISPRi receptor in target T cells	Increase ligand exposure or expression, with receptor-deficient T cells as specificity control	0.80×animal-level interaction score + 0.20×(1−LIANA magnitude rank)	-0.5999032927983579	0.8342963772410822	9.0	4.0	0.0	0.8592006085325994	False	ordered cross-sectional support only	neutrophil → Vegfa → Nrp1 → CD4	extracellular	cell-cell / extracellular signal	neutrophil	CD4	0.3509969665970791	0.0670532633673389	0.5789473684210527	11.0	8.0	19	False	True	False	True	True	HIGH																			UNKNOWN_UNVALIDATED	False		False	True	True	NOT_ASSESSED	0				No external perturbational dataset integrated	NOT_ASSESSED	LR|neutrophil|Vegfa	LR|neutrophil|Vegfa	ligand_receptor	ligand	1.0	0.11735800809303647	1.0	0.5	0.0	0.0	1.0	0.0	1.0	0.5	LR|neutrophil|Vegfa	candidate family retained; no additional grouping without pathway evidence	shared source and ligand for interaction candidates; same regulator for intrinsic candidates	MODERATE	19.0	11.0	8.0	0.5789473684210527	0.0	132.0	69.0	145.0	0.4665334665334665	0.6529667515583009	0.756	within-candidate mouse-effect sign permutation	0.0	0.0	0.5334665334665335		0.0	False	0.5125687117966309	0.08333333333333333	0.08333333333333333	0.009779834007753039	0.0	0.08333333333333333	0.0	0.0	0.08333333333333333	0.0	0.044455544455544456	0.041666666666666664	0.08333333333333333	0.0	False	2	ASSOCIATION_ONLY	Test necessity and sufficiency; Phase 1 is associative.	source-cell ligand knockdown plus T-cell receptor CRISPRi and ligand rescue	CD69/CD137, T-cell effector program and tumor-cell killing	non-targeting guide plus untreated/irrelevant control	receptor-deficient T cells or matched source-cell control	SUPPORTED	SUPPORTED	PARTIALLY_SUPPORTED	PARTIALLY_SUPPORTED	PARTIALLY_SUPPORTED	MISSING	MISSING	temporal/spatial/perturbational evidence missing
neutrophil	Vegfa	Itgb3	CD8	19	0.2761779637633229	0.1736951628657577	-0.5368421052631579	0.3679823309352452	0.7017543859649124	0.0885309446401056	-0.5537106	0.0045006933207894	-0.78209853	0.0004179291465249	False	ADT-supported	0.3508771929824562	0.0	0.2190223194010229	1.0	0.3166114814240642	Tier 3 — exploratory	3.0	0.5772018352592492	0.2776721814212675	0.4227981647407508	0.3378488180874015	neutrophil → Vegfa → Itgb3 → CD8 activation-associated program	CORRELATIONAL	Perturb ligand in neutrophil and independently KO/CRISPRi receptor in target T cells	Increase ligand exposure or expression, with receptor-deficient T cells as specificity control	0.80×animal-level interaction score + 0.20×(1−LIANA magnitude rank)	0.1128820931689364	0.91653265164315	9.0	6.0	0.0	0.8046695441735882	False	ordered cross-sectional support only	neutrophil → Vegfa → Itgb3 → CD8	extracellular	cell-cell / extracellular signal	neutrophil	CD8	0.3378488180874015	0.0885309446401056	0.5789473684210527	11.0	8.0	19	False	True	False	True	True	HIGH																			VALID_FOR_HYPOTHESIS	True		False	True	True	NOT_ASSESSED	0				No external perturbational dataset integrated	NOT_ASSESSED	LR|neutrophil|Vegfa	LR|neutrophil|Vegfa	ligand_receptor	ligand	1.0	0.10529049017603113	1.0	0.5	0.0	0.0	1.0	0.0	1.0	0.5	LR|neutrophil|Vegfa	candidate family retained; no additional grouping without pathway evidence	shared source and ligand for interaction candidates; same regulator for intrinsic candidates	MODERATE	19.0	11.0	8.0	0.5789473684210527	0.0	138.0	70.0	151.0	0.4665334665334665	0.6529667515583009	0.78	within-candidate mouse-effect sign permutation	0.0	0.0	0.5334665334665335		0.0	False	0.5115630853035471	0.08333333333333333	0.08333333333333333	0.008774207514669261	0.0	0.08333333333333333	0.0	0.0	0.08333333333333333	0.0	0.044455544455544456	0.041666666666666664	0.08333333333333333	0.0	False	2	ASSOCIATION_ONLY	Test necessity and sufficiency; Phase 1 is associative.	source-cell ligand knockdown plus T-cell receptor CRISPRi and ligand rescue	CD69/CD137, T-cell effector program and tumor-cell killing	non-targeting guide plus untreated/irrelevant control	receptor-deficient T cells or matched source-cell control	SUPPORTED	SUPPORTED	PARTIALLY_SUPPORTED	PARTIALLY_SUPPORTED	PARTIALLY_SUPPORTED	MISSING	MISSING	temporal/spatial/perturbational evidence missing
neutrophil	Vegfa	Itgb3	CD4	19	0.2761779637633229	0.3818128180544289	-0.2280701754385964	0.89272256556299	0.7263157894736841	0.0670532633673389	-0.022535801	1.0	-0.95562315	5.056158660183512e-07	False	ADT-supported	0.363157894736842	0.0	0.3247280194701533	1.0	0.2920508670519254	Tier 3 — exploratory	3.0	0.5772018352592492	0.2776721814212675	0.4227981647407508	0.3182003265896905	neutrophil → Vegfa → Itgb3 → CD4 activation-associated program	CORRELATIONAL	Perturb ligand in neutrophil and independently KO/CRISPRi receptor in target T cells	Increase ligand exposure or expression, with receptor-deficient T cells as specificity control	0.80×animal-level interaction score + 0.20×(1−LIANA magnitude rank)	0.2309528925524571	0.9241924028142442	9.0	4.0	0.0	0.8592006085325994	False	ordered cross-sectional support only	neutrophil → Vegfa → Itgb3 → CD4	extracellular	cell-cell / extracellular signal	neutrophil	CD4	0.3182003265896905	0.0670532633673389	0.5789473684210527	11.0	8.0	19	False	True	False	True	True	HIGH																			VALID_FOR_HYPOTHESIS	True		False	True	True	NOT_ASSESSED	0				No external perturbational dataset integrated	NOT_ASSESSED	LR|neutrophil|Vegfa	LR|neutrophil|Vegfa	ligand_receptor	ligand	1.0	0.11735800809303647	1.0	0.5	0.0	0.0	1.0	0.0	1.0	0.5	LR|neutrophil|Vegfa	candidate family retained; no additional grouping without pathway evidence	shared source and ligand for interaction candidates; same regulator for intrinsic candidates	MODERATE	19.0	11.0	8.0	0.5789473684210527	0.0	132.0	69.0	145.0	0.4815184815184815	0.6529667515583009	0.766	within-candidate mouse-effect sign permutation	0.0	0.0	0.5184815184815186		0.0	False	0.5113199605478796	0.08333333333333333	0.08333333333333333	0.009779834007753039	0.0	0.08333333333333333	0.0	0.0	0.08333333333333333	0.0	0.043206793206793215	0.041666666666666664	0.08333333333333333	0.0	False	2	ASSOCIATION_ONLY	Test necessity and sufficiency; Phase 1 is associative.	source-cell ligand knockdown plus T-cell receptor CRISPRi and ligand rescue	CD69/CD137, T-cell effector program and tumor-cell killing	non-targeting guide plus untreated/irrelevant control	receptor-deficient T cells or matched source-cell control	SUPPORTED	SUPPORTED	PARTIALLY_SUPPORTED	PARTIALLY_SUPPORTED	PARTIALLY_SUPPORTED	MISSING	MISSING	temporal/spatial/perturbational evidence missing
neutrophil	Vegfa	Cd44	CD4	19	0.2761779637633229	0.7128106792536324	-0.2280701754385964	0.89272256556299	0.7263157894736841	0.0670532633673389	0.9703646	1.9767398454773044e-06	-0.07839012	0.3301218053312729	False	ADT-supported	0.363157894736842	0.1617274333333333	0.4436920124872874	1.0	0.3562755239886855	Tier 3 — exploratory	3.0	0.4987908923520575	1.0	0.5012091076479426	0.3852622407205369	neutrophil → Vegfa → Cd44 → CD4 activation-associated program	CORRELATIONAL	Perturb ligand in neutrophil and independently KO/CRISPRi receptor in target T cells	Increase ligand exposure or expression, with receptor-deficient T cells as specificity control	0.80×animal-level interaction score + 0.20×(1−LIANA magnitude rank)	0.1045084727826486	0.9444426043704072	9.0	4.0	0.0	0.8592006085325994	False	ordered cross-sectional support only	neutrophil → Vegfa → Cd44 → CD4	extracellular	cell-cell / extracellular signal	neutrophil	CD4	0.3852622407205369	0.0670532633673389	0.5789473684210527	11.0	8.0	19	False	True	False	True	True	HIGH																			VALID_FOR_HYPOTHESIS	True		False	True	True	NOT_ASSESSED	0				No external perturbational dataset integrated	NOT_ASSESSED	LR|neutrophil|Vegfa	LR|neutrophil|Vegfa	ligand_receptor	ligand	1.0	0.11735800809303647	1.0	0.5	0.0	0.0	1.0	0.0	1.0	0.5	LR|neutrophil|Vegfa	candidate family retained; no additional grouping without pathway evidence	shared source and ligand for interaction candidates; same regulator for intrinsic candidates	MODERATE	19.0	11.0	8.0	0.5789473684210527	0.0	132.0	69.0	145.0	0.4875124875124875	0.6529667515583009	0.751	within-candidate mouse-effect sign permutation	0.0	0.0	0.5124875124875126		0.0	False	0.5108204600483791	0.08333333333333333	0.08333333333333333	0.009779834007753039	0.0	0.08333333333333333	0.0	0.0	0.08333333333333333	0.0	0.04270729270729271	0.041666666666666664	0.08333333333333333	0.0	False	2	ASSOCIATION_ONLY	Test necessity and sufficiency; Phase 1 is associative.	source-cell ligand knockdown plus T-cell receptor CRISPRi and ligand rescue	CD69/CD137, T-cell effector program and tumor-cell killing	non-targeting guide plus untreated/irrelevant control	receptor-deficient T cells or matched source-cell control	SUPPORTED	SUPPORTED	PARTIALLY_SUPPORTED	PARTIALLY_SUPPORTED	PARTIALLY_SUPPORTED	MISSING	MISSING	temporal/spatial/perturbational evidence missing
neutrophil	Pdcd1lg2	Pdcd1	CD8	19	0.2267366865816974	0.4153395336985603	-0.3122807017543859	0.7379314799556577	0.7105263157894737	0.0799872833903743	-0.14100266	1.0	0.06315875	1.0	False	ADT-supported	0.3552631578947368	0.0105264583333333	0.3068757235057847	1.0	0.2383488645476482	Tier 3 — exploratory	3.0	0.5633682135233642	0.1336273631370977	0.4366317864766358	0.2780054489334457	neutrophil → Pdcd1lg2 → Pdcd1 → CD8 activation-associated program	CORRELATIONAL	Perturb ligand in neutrophil and independently KO/CRISPRi receptor in target T cells	Increase ligand exposure or expression, with receptor-deficient T cells as specificity control	0.80×animal-level interaction score + 0.20×(1−LIANA magnitude rank)	-0.335856508214579	0.8857619276618923	9.0	6.0	0.0	0.8046695441735882	False	ordered cross-sectional support only	neutrophil → Pdcd1lg2 → Pdcd1 → CD8	extracellular	cell-cell / extracellular signal	neutrophil	CD8	0.2780054489334457	0.0799872833903743	0.5789473684210527	11.0	8.0	19	False	True	False	True	True	HIGH																			VALID_FOR_HYPOTHESIS	True		False	True	True	NOT_ASSESSED	0				No external perturbational dataset integrated	NOT_ASSESSED	LR|neutrophil|Pdcd1lg2	LR|neutrophil|Pdcd1lg2	ligand_receptor	ligand	1.0	0.10969790529127732	1.0	0.5	0.0	0.0	1.0	0.0	1.0	0.5	LR|neutrophil|Pdcd1lg2	candidate family retained; no additional grouping without pathway evidence	shared source and ligand for interaction candidates; same regulator for intrinsic candidates	MODERATE	19.0	11.0	8.0	0.5789473684210527	0.0	134.0	71.0	149.0	0.4825174825174825	0.6529667515583009	0.755	within-candidate mouse-effect sign permutation	0.0	0.0	0.5174825174825175		0.0	False	0.5105983685644829	0.08333333333333333	0.08333333333333333	0.009141492107606444	0.0	0.08333333333333333	0.0	0.0	0.08333333333333333	0.0	0.04312354312354313	0.041666666666666664	0.08333333333333333	0.0	False	2	ASSOCIATION_ONLY	Test necessity and sufficiency; Phase 1 is associative.	source-cell ligand knockdown plus T-cell receptor CRISPRi and ligand rescue	CD69/CD137, T-cell effector program and tumor-cell killing	non-targeting guide plus untreated/irrelevant control	receptor-deficient T cells or matched source-cell control	SUPPORTED	SUPPORTED	PARTIALLY_SUPPORTED	PARTIALLY_SUPPORTED	PARTIALLY_SUPPORTED	MISSING	MISSING	temporal/spatial/perturbational evidence missing
neutrophil	Vegfa	Cd44	CD8	19	0.2761779637633229	0.6943984371682166	-0.5368421052631579	0.3679823309352452	0.7017543859649124	0.0885309446401056	0.72633934	2.259520716935255e-05	-0.06925821	0.6463675366823181	False	ADT-supported	0.3508771929824562	0.1210565566666666	0.4379241331755442	1.0	0.3406559833456352	Tier 3 — exploratory	3.0	0.4987908923520575	1.0	0.5012091076479426	0.3727666082060966	neutrophil → Vegfa → Cd44 → CD8 activation-associated program	CORRELATIONAL	Perturb ligand in neutrophil and independently KO/CRISPRi receptor in target T cells	Increase ligand exposure or expression, with receptor-deficient T cells as specificity control	0.80×animal-level interaction score + 0.20×(1−LIANA magnitude rank)	0.0942330451866064	0.9355611534046334	9.0	6.0	0.0	0.8046695441735882	False	ordered cross-sectional support only	neutrophil → Vegfa → Cd44 → CD8	extracellular	cell-cell / extracellular signal	neutrophil	CD8	0.3727666082060966	0.0885309446401056	0.5789473684210527	11.0	8.0	19	False	True	False	True	True	HIGH																			VALID_FOR_HYPOTHESIS	True		False	True	True	NOT_ASSESSED	0				No external perturbational dataset integrated	NOT_ASSESSED	LR|neutrophil|Vegfa	LR|neutrophil|Vegfa	ligand_receptor	ligand	1.0	0.10529049017603113	1.0	0.5	0.0	0.0	1.0	0.0	1.0	0.5	LR|neutrophil|Vegfa	candidate family retained; no additional grouping without pathway evidence	shared source and ligand for interaction candidates; same regulator for intrinsic candidates	MODERATE	19.0	11.0	8.0	0.5789473684210527	0.0	138.0	70.0	151.0	0.4795204795204795	0.6529667515583009	0.781	within-candidate mouse-effect sign permutation	0.0	0.0	0.5204795204795205		0.0	False	0.510480834221296	0.08333333333333333	0.08333333333333333	0.008774207514669261	0.0	0.08333333333333333	0.0	0.0	0.08333333333333333	0.0	0.043373293373293376	0.041666666666666664	0.08333333333333333	0.0	False	2	ASSOCIATION_ONLY	Test necessity and sufficiency; Phase 1 is associative.	source-cell ligand knockdown plus T-cell receptor CRISPRi and ligand rescue	CD69/CD137, T-cell effector program and tumor-cell killing	non-targeting guide plus untreated/irrelevant control	receptor-deficient T cells or matched source-cell control	SUPPORTED	SUPPORTED	PARTIALLY_SUPPORTED	PARTIALLY_SUPPORTED	PARTIALLY_SUPPORTED	MISSING	MISSING	temporal/spatial/perturbational evidence missing
neutrophil	Vegfa	Itgb1	CD4	19	0.2761779637633229	0.6470241168227746	-0.2280701754385964	0.89272256556299	0.7263157894736841	0.0670532633673389	-0.27310753	0.0222896046084842	-1.6698895	5.056158660183512e-07	False	ADT-supported	0.363157894736842	0.0	0.4227218980486772	1.0	0.3616496427676302	Tier 3 — exploratory	3.0	0.2801851191077901	0.349349119233708	0.7198148808922099	0.4332826903925461	neutrophil → Vegfa → Itgb1 → CD4 activation-associated program	CORRELATIONAL	Perturb ligand in neutrophil and independently KO/CRISPRi receptor in target T cells	Increase ligand exposure or expression, with receptor-deficient T cells as specificity control	0.80×animal-level interaction score + 0.20×(1−LIANA magnitude rank)	-0.006762260189487	0.9737357980556924	9.0	4.0	0.0	0.8592006085325994	False	ordered cross-sectional support only	neutrophil → Vegfa → Itgb1 → CD4	extracellular	cell-cell / extracellular signal	neutrophil	CD4	0.4332826903925461	0.0670532633673389	0.5789473684210527	11.0	8.0	19	False	True	False	True	True	HIGH																			VALID_FOR_HYPOTHESIS	True		False	True	True	NOT_ASSESSED	0				No external perturbational dataset integrated	NOT_ASSESSED	LR|neutrophil|Vegfa	LR|neutrophil|Vegfa	ligand_receptor	ligand	1.0	0.11735800809303647	1.0	0.5	0.0	0.0	1.0	0.0	1.0	0.5	LR|neutrophil|Vegfa	candidate family retained; no additional grouping without pathway evidence	shared source and ligand for interaction candidates; same regulator for intrinsic candidates	MODERATE	19.0	11.0	8.0	0.5789473684210527	0.0	132.0	69.0	145.0	0.4955044955044955	0.6529667515583009	0.763	within-candidate mouse-effect sign permutation	0.0	0.0	0.5044955044955045		0.0	False	0.5101544593823785	0.08333333333333333	0.08333333333333333	0.009779834007753039	0.0	0.08333333333333333	0.0	0.0	0.08333333333333333	0.0	0.04204129204129204	0.041666666666666664	0.08333333333333333	0.0	False	2	ASSOCIATION_ONLY	Test necessity and sufficiency; Phase 1 is associative.	source-cell ligand knockdown plus T-cell receptor CRISPRi and ligand rescue	CD69/CD137, T-cell effector program and tumor-cell killing	non-targeting guide plus untreated/irrelevant control	receptor-deficient T cells or matched source-cell control	SUPPORTED	SUPPORTED	PARTIALLY_SUPPORTED	PARTIALLY_SUPPORTED	PARTIALLY_SUPPORTED	MISSING	MISSING	temporal/spatial/perturbational evidence missing
neutrophil	Vegfa	Itgb1	CD8	19	0.2761779637633229	0.7919055506009256	-0.5368421052631579	0.3679823309352452	0.7017543859649124	0.0885309446401056	-0.19079351	0.370122225554747	-0.5470314	7.73865543430223e-06	False	ADT-supported	0.3508771929824562	0.0	0.4676610551006323	1.0	0.3163392285639861	Tier 3 — exploratory	3.0	0.2801851191077901	0.349349119233708	0.7198148808922099	0.3970343590296309	neutrophil → Vegfa → Itgb1 → CD8 activation-associated program	CORRELATIONAL	Perturb ligand in neutrophil and independently KO/CRISPRi receptor in target T cells	Increase ligand exposure or expression, with receptor-deficient T cells as specificity control	0.80×animal-level interaction score + 0.20×(1−LIANA magnitude rank)	-0.8649518602245418	0.3371854677774424	9.0	6.0	0.0	0.8046695441735882	False	ordered cross-sectional support only	neutrophil → Vegfa → Itgb1 → CD8	extracellular	cell-cell / extracellular signal	neutrophil	CD8	0.3970343590296309	0.0885309446401056	0.5789473684210527	11.0	8.0	19	False	True	False	True	True	HIGH																			VALID_FOR_HYPOTHESIS	True		False	True	True	NOT_ASSESSED	0				No external perturbational dataset integrated	NOT_ASSESSED	LR|neutrophil|Vegfa	LR|neutrophil|Vegfa	ligand_receptor	ligand	1.0	0.10529049017603113	1.0	0.5	0.0	0.0	1.0	0.0	1.0	0.5	LR|neutrophil|Vegfa	candidate family retained; no additional grouping without pathway evidence	shared source and ligand for interaction candidates; same regulator for intrinsic candidates	MODERATE	19.0	11.0	8.0	0.5789473684210527	0.0	138.0	70.0	151.0	0.4875124875124875	0.6529667515583009	0.776	within-candidate mouse-effect sign permutation	0.0	0.0	0.5124875124875126		0.0	False	0.5098148335552953	0.08333333333333333	0.08333333333333333	0.008774207514669261	0.0	0.08333333333333333	0.0	0.0	0.08333333333333333	0.0	0.04270729270729271	0.041666666666666664	0.08333333333333333	0.0	False	2	ASSOCIATION_ONLY	Test necessity and sufficiency; Phase 1 is associative.	source-cell ligand knockdown plus T-cell receptor CRISPRi and ligand rescue	CD69/CD137, T-cell effector program and tumor-cell killing	non-targeting guide plus untreated/irrelevant control	receptor-deficient T cells or matched source-cell control	SUPPORTED	SUPPORTED	PARTIALLY_SUPPORTED	PARTIALLY_SUPPORTED	PARTIALLY_SUPPORTED	MISSING	MISSING	temporal/spatial/perturbational evidence missing
neutrophil	Pdcd1lg2	Rgmb	CD8	19	0.2267366865816974	0.0169448337367817	-0.3122807017543859	0.7379314799556577	0.7105263157894737	0.0799872833903743	0.26472893	0.0470643303345275	-0.5329217	0.013297897159594	False	ADT-supported	0.3552631578947368	0.0441214883333333	0.061983993547977	1.0	0.2977692760560866	Tier 3 — exploratory	3.0			0.0	0.2382154208448693	neutrophil → Pdcd1lg2 → Rgmb → CD8 activation-associated program	CORRELATIONAL	Perturb ligand in neutrophil and independently KO/CRISPRi receptor in target T cells	Increase ligand exposure or expression, with receptor-deficient T cells as specificity control	0.80×animal-level interaction score + 0.20×(1−LIANA magnitude rank)	0.095797682016668	0.815941460742477	9.0	6.0	0.0	0.8046695441735882	False	ordered cross-sectional support only	neutrophil → Pdcd1lg2 → Rgmb → CD8	extracellular	cell-cell / extracellular signal	neutrophil	CD8	0.2382154208448693	0.0799872833903743	0.5789473684210527	11.0	8.0	19	False	True	False	True	True	HIGH																			VALID_FOR_HYPOTHESIS	True		False	True	True	NOT_ASSESSED	0				No external perturbational dataset integrated	NOT_ASSESSED	LR|neutrophil|Pdcd1lg2	LR|neutrophil|Pdcd1lg2	ligand_receptor	ligand	1.0	0.10969790529127732	1.0	0.5	0.0	0.0	1.0	0.0	1.0	0.5	LR|neutrophil|Pdcd1lg2	candidate family retained; no additional grouping without pathway evidence	shared source and ligand for interaction candidates; same regulator for intrinsic candidates	MODERATE	19.0	11.0	8.0	0.5789473684210527	0.0	134.0	71.0	149.0	0.4935064935064935	0.6529667515583009	0.76	within-candidate mouse-effect sign permutation	0.0	0.0	0.5064935064935066		0.0	False	0.509682617648732	0.08333333333333333	0.08333333333333333	0.009141492107606444	0.0	0.08333333333333333	0.0	0.0	0.08333333333333333	0.0	0.042207792207792215	0.041666666666666664	0.08333333333333333	0.0	False	2	ASSOCIATION_ONLY	Test necessity and sufficiency; Phase 1 is associative.	source-cell ligand knockdown plus T-cell receptor CRISPRi and ligand rescue	CD69/CD137, T-cell effector program and tumor-cell killing	non-targeting guide plus untreated/irrelevant control	receptor-deficient T cells or matched source-cell control	SUPPORTED	SUPPORTED	PARTIALLY_SUPPORTED	PARTIALLY_SUPPORTED	PARTIALLY_SUPPORTED	MISSING	MISSING	temporal/spatial/perturbational evidence missing
fibroblast	Mfap2	Notch1	CD8	34	0.6299187575901398	0.3244999362976174	0.1281894576012223	0.8806637032066641	-0.5669977081741787	0.0717193391979082	0.18983197	0.2688932072522691	-0.32935	1.037549474766855e-05	False	ADT-supported	0.0640947288006111	0.0316386616666666	0.4521156895205857	1.0	0.2207659584009977	Tier 3 — exploratory	3.0	0.7751201652845847	0.0874267002502295	0.2248798347154152	0.2215887336638812	fibroblast → Mfap2 → Notch1 → CD8 activation-associated program	CORRELATIONAL	Perturb ligand in fibroblast and independently KO/CRISPRi receptor in target T cells	Increase ligand exposure or expression, with receptor-deficient T cells as specificity control	0.80×animal-level interaction score + 0.20×(1−LIANA magnitude rank)	0.2966908018815983	0.5710656432774944	9.0	6.0	0.0	0.8046695441735882	False	ordered cross-sectional support only	fibroblast → Mfap2 → Notch1 → CD8	extracellular	cell-cell / extracellular signal	fibroblast	CD8	0.2215887336638812	0.0717193391979082	0.5588235294117647	19.0	15.0	34	False	True	False	True	True	HIGH																			UNKNOWN_UNVALIDATED	False		False	True	True	NOT_ASSESSED	0				No external perturbational dataset integrated	NOT_ASSESSED	LR|fibroblast|Mfap2	LR|fibroblast|Mfap2	ligand_receptor	ligand	1.0	0.11443637205602757	1.0	0.5	0.0	0.0	1.0	0.0	1.0	0.5	LR|fibroblast|Mfap2	candidate family retained; no additional grouping without pathway evidence	shared source and ligand for interaction candidates; same regulator for intrinsic candidates	MODERATE	34.0	19.0	15.0	0.5588235294117647	0.0	150.0	116.0	159.0	0.4985014985014985	0.6529667515583009	0.687	within-candidate mouse-effect sign permutation	0.0	0.0	0.5014985014985015		0.0	False	0.5096612394628774	0.08333333333333333	0.08333333333333333	0.009536364338002297	0.0	0.08333333333333333	0.0	0.0	0.08333333333333333	0.0	0.04179154179154179	0.041666666666666664	0.08333333333333333	0.0	False	2	ASSOCIATION_ONLY	Test necessity and sufficiency; Phase 1 is associative.	source-cell ligand knockdown plus T-cell receptor CRISPRi and ligand rescue	CD69/CD137, T-cell effector program and tumor-cell killing	non-targeting guide plus untreated/irrelevant control	receptor-deficient T cells or matched source-cell control	SUPPORTED	SUPPORTED	PARTIALLY_SUPPORTED	PARTIALLY_SUPPORTED	PARTIALLY_SUPPORTED	MISSING	MISSING	temporal/spatial/perturbational evidence missing
neutrophil	Vegfa	Nrp1	CD8	19	0.2761779637633229	0.3132033804730963	-0.5368421052631579	0.3679823309352452	0.7017543859649124	0.0885309446401056	0.11500859	1.0	-0.32207346	0.1716058957654949	False	ADT-supported	0.3508771929824562	0.0191680983333333	0.2941086055572822	1.0	0.2364207632386494	Tier 3 — exploratory	3.0	0.5748590179331137	0.3468983376748103	0.4251409820668863	0.2741648070042968	neutrophil → Vegfa → Nrp1 → CD8 activation-associated program	CORRELATIONAL	Perturb ligand in neutrophil and independently KO/CRISPRi receptor in target T cells	Increase ligand exposure or expression, with receptor-deficient T cells as specificity control	0.80×animal-level interaction score + 0.20×(1−LIANA magnitude rank)	-1.3089788211921234	0.2650346425348326	9.0	6.0	0.0	0.8046695441735882	False	ordered cross-sectional support only	neutrophil → Vegfa → Nrp1 → CD8	extracellular	cell-cell / extracellular signal	neutrophil	CD8	0.2741648070042968	0.0885309446401056	0.5789473684210527	11.0	8.0	19	False	True	False	True	True	HIGH																			UNKNOWN_UNVALIDATED	False		False	True	True	NOT_ASSESSED	0				No external perturbational dataset integrated	NOT_ASSESSED	LR|neutrophil|Vegfa	LR|neutrophil|Vegfa	ligand_receptor	ligand	1.0	0.10529049017603113	1.0	0.5	0.0	0.0	1.0	0.0	1.0	0.5	LR|neutrophil|Vegfa	candidate family retained; no additional grouping without pathway evidence	shared source and ligand for interaction candidates; same regulator for intrinsic candidates	MODERATE	19.0	11.0	8.0	0.5789473684210527	0.0	138.0	70.0	151.0	0.4935064935064935	0.6529667515583009	0.765	within-candidate mouse-effect sign permutation	0.0	0.0	0.5064935064935066		0.0	False	0.5093153330557948	0.08333333333333333	0.08333333333333333	0.008774207514669261	0.0	0.08333333333333333	0.0	0.0	0.08333333333333333	0.0	0.042207792207792215	0.041666666666666664	0.08333333333333333	0.0	False	2	ASSOCIATION_ONLY	Test necessity and sufficiency; Phase 1 is associative.	source-cell ligand knockdown plus T-cell receptor CRISPRi and ligand rescue	CD69/CD137, T-cell effector program and tumor-cell killing	non-targeting guide plus untreated/irrelevant control	receptor-deficient T cells or matched source-cell control	SUPPORTED	SUPPORTED	PARTIALLY_SUPPORTED	PARTIALLY_SUPPORTED	PARTIALLY_SUPPORTED	MISSING	MISSING	temporal/spatial/perturbational evidence missing
neutrophil	Vegfa	Itgav	CD8	19	0.2761779637633229	0.4708880112116191	-0.5368421052631579	0.3679823309352452	0.7017543859649124	0.0885309446401056	0.72924757	0.0002047553241208	0.9842701	0.0001382533409225	False	ADT-supported	0.3508771929824562	0.2855862783333333	0.3606229223121926	1.0	0.4163281715896315	Tier 3 — exploratory	3.0	0.7605693457498075	0.2864238349608266	0.2394306542501925	0.3809486681217437	neutrophil → Vegfa → Itgav → CD8 activation-associated program	CORRELATIONAL	Perturb ligand in neutrophil and independently KO/CRISPRi receptor in target T cells	Increase ligand exposure or expression, with receptor-deficient T cells as specificity control	0.80×animal-level interaction score + 0.20×(1−LIANA magnitude rank)	1.4925698429797505	0.4414396211644968	9.0	6.0	0.0	0.8046695441735882	False	ordered cross-sectional support only	neutrophil → Vegfa → Itgav → CD8	extracellular	cell-cell / extracellular signal	neutrophil	CD8	0.3809486681217437	0.0885309446401056	0.5789473684210527	11.0	8.0	19	False	True	False	True	True	HIGH																			VALID_FOR_HYPOTHESIS	True		False	True	True	NOT_ASSESSED	0				No external perturbational dataset integrated	NOT_ASSESSED	LR|neutrophil|Vegfa	LR|neutrophil|Vegfa	ligand_receptor	ligand	1.0	0.10529049017603113	1.0	0.5	0.0	0.0	1.0	0.0	1.0	0.5	LR|neutrophil|Vegfa	candidate family retained; no additional grouping without pathway evidence	shared source and ligand for interaction candidates; same regulator for intrinsic candidates	MODERATE	19.0	11.0	8.0	0.5789473684210527	0.0	138.0	70.0	151.0	0.4955044955044955	0.6529667515583009	0.762	within-candidate mouse-effect sign permutation	0.0	0.0	0.5044955044955045		0.0	False	0.5091488328892947	0.08333333333333333	0.08333333333333333	0.008774207514669261	0.0	0.08333333333333333	0.0	0.0	0.08333333333333333	0.0	0.04204129204129204	0.041666666666666664	0.08333333333333333	0.0	False	2	ASSOCIATION_ONLY	Test necessity and sufficiency; Phase 1 is associative.	source-cell ligand knockdown plus T-cell receptor CRISPRi and ligand rescue	CD69/CD137, T-cell effector program and tumor-cell killing	non-targeting guide plus untreated/irrelevant control	receptor-deficient T cells or matched source-cell control	SUPPORTED	SUPPORTED	PARTIALLY_SUPPORTED	PARTIALLY_SUPPORTED	PARTIALLY_SUPPORTED	MISSING	MISSING	temporal/spatial/perturbational evidence missing
neutrophil	Vegfa	Itga9	CD4	19	0.2761779637633229	0.0138653293015709	-0.2280701754385964	0.89272256556299	0.7263157894736841	0.0670532633673389	0.0	1.0	-0.4025944	0.0333021254814199	False	ADT-supported	0.363157894736842	0.0	0.0618813252396536	1.0	0.2394815282058254	Tier 3 — exploratory	3.0			0.0	0.1915852225646603	neutrophil → Vegfa → Itga9 → CD4 activation-associated program	CORRELATIONAL	Perturb ligand in neutrophil and independently KO/CRISPRi receptor in target T cells	Increase ligand exposure or expression, with receptor-deficient T cells as specificity control	0.80×animal-level interaction score + 0.20×(1−LIANA magnitude rank)	0.6939750866896699	0.8276293934195648	9.0	4.0	0.0	0.8592006085325994	False	ordered cross-sectional support only	neutrophil → Vegfa → Itga9 → CD4	extracellular	cell-cell / extracellular signal	neutrophil	CD4	0.1915852225646603	0.0670532633673389	0.5789473684210527	11.0	8.0	19	False	True	False	True	True	HIGH																			VALID_FOR_HYPOTHESIS	True		False	True	True	NOT_ASSESSED	0				No external perturbational dataset integrated	NOT_ASSESSED	LR|neutrophil|Vegfa	LR|neutrophil|Vegfa	ligand_receptor	ligand	1.0	0.11735800809303647	1.0	0.5	0.0	0.0	1.0	0.0	1.0	0.5	LR|neutrophil|Vegfa	candidate family retained; no additional grouping without pathway evidence	shared source and ligand for interaction candidates; same regulator for intrinsic candidates	MODERATE	19.0	11.0	8.0	0.5789473684210527	0.0	132.0	69.0	145.0	0.5104895104895105	0.6563436563436563	0.76	within-candidate mouse-effect sign permutation	0.0	0.0	0.4895104895104895		0.0	False	0.5089057081336271	0.08333333333333333	0.08333333333333333	0.009779834007753039	0.0	0.08333333333333333	0.0	0.0	0.08333333333333333	0.0	0.04079254079254079	0.041666666666666664	0.08333333333333333	0.0	False	2	ASSOCIATION_ONLY	Test necessity and sufficiency; Phase 1 is associative.	source-cell ligand knockdown plus T-cell receptor CRISPRi and ligand rescue	CD69/CD137, T-cell effector program and tumor-cell killing	non-targeting guide plus untreated/irrelevant control	receptor-deficient T cells or matched source-cell control	SUPPORTED	SUPPORTED	PARTIALLY_SUPPORTED	PARTIALLY_SUPPORTED	PARTIALLY_SUPPORTED	MISSING	MISSING	temporal/spatial/perturbational evidence missing
neutrophil	Vegfa	Ret	CD8	19	0.2761779637633229	0.0189408417208136	-0.5368421052631579	0.3679823309352452	0.7017543859649124	0.0885309446401056	0.0	0.6074556283218114	-0.6429497	0.0375903244577265	False	ADT-supported	0.3508771929824562	0.0	0.0723259503803283	1.0	0.2372722076199253	Tier 3 — exploratory	3.0			0.0	0.1898177660959402	neutrophil → Vegfa → Ret → CD8 activation-associated program	CORRELATIONAL	Perturb ligand in neutrophil and independently KO/CRISPRi receptor in target T cells	Increase ligand exposure or expression, with receptor-deficient T cells as specificity control	0.80×animal-level interaction score + 0.20×(1−LIANA magnitude rank)	-1.316892512014003	0.6551141916783196	9.0	6.0	0.0	0.8046695441735882	False	ordered cross-sectional support only	neutrophil → Vegfa → Ret → CD8	extracellular	cell-cell / extracellular signal	neutrophil	CD8	0.1898177660959402	0.0885309446401056	0.5789473684210527	11.0	8.0	19	False	True	False	True	True	HIGH																			UNKNOWN_UNVALIDATED	False		False	True	True	NOT_ASSESSED	0				No external perturbational dataset integrated	NOT_ASSESSED	LR|neutrophil|Vegfa	LR|neutrophil|Vegfa	ligand_receptor	ligand	0.9980029568174018	0.10529049017603113	1.0	0.5	0.0	0.0	1.0	0.0	1.0	0.5	LR|neutrophil|Vegfa	candidate family retained; no additional grouping without pathway evidence	shared source and ligand for interaction candidates; same regulator for intrinsic candidates	MODERATE	19.0	11.0	8.0	0.5789473684210527	0.0	143.0	82.0	157.0	0.5034965034965035	0.6563436563436563	0.75	within-candidate mouse-effect sign permutation	0.0	0.0	0.49650349650349646		0.0	False	0.5083164119580775	0.08333333333333333	0.08316691306811681	0.008774207514669261	0.0	0.08333333333333333	0.0	0.0	0.08333333333333333	0.0	0.04137529137529137	0.041666666666666664	0.08333333333333333	0.0	False	2	ASSOCIATION_ONLY	Test necessity and sufficiency; Phase 1 is associative.	source-cell ligand knockdown plus T-cell receptor CRISPRi and ligand rescue	CD69/CD137, T-cell effector program and tumor-cell killing	non-targeting guide plus untreated/irrelevant control	receptor-deficient T cells or matched source-cell control	SUPPORTED	SUPPORTED	PARTIALLY_SUPPORTED	PARTIALLY_SUPPORTED	PARTIALLY_SUPPORTED	MISSING	MISSING	temporal/spatial/perturbational evidence missing
fibroblast	Lama4	Itga9_Itgb1	CD4	34	0.8114284519294205	0.0138653293015709	0.3781512605042016	0.5446699846561429	-0.5669977081741787	0.0681333722380128	-0.27310753	1.0	-1.6698895	0.0333021254814199	False	ADT-supported	0.1890756302521008	0.0	0.106069423919739	1.0	0.1873903553721831	Tier 3 — exploratory	3.0			0.0	0.1499122842977464	fibroblast → Lama4 → Itga9_Itgb1 → CD4 activation-associated program	CORRELATIONAL	Perturb ligand in fibroblast and independently KO/CRISPRi receptor in target T cells	Increase ligand exposure or expression, with receptor-deficient T cells as specificity control	0.80×animal-level interaction score + 0.20×(1−LIANA magnitude rank)			9.0	4.0	0.0	0.8592006085325994	False	ordered cross-sectional support only	fibroblast → Lama4 → Itga9_Itgb1 → CD4	extracellular	cell-cell / extracellular signal	fibroblast	CD4	0.1499122842977464	0.0681333722380128	0.5882352941176471	20.0	14.0	34	False	True	False	True	True	HIGH																			VALID_FOR_HYPOTHESIS	True		False	True	True	NOT_ASSESSED	0				No external perturbational dataset integrated	NOT_ASSESSED	LR|fibroblast|Lama4	LR|fibroblast|Lama4	ligand_receptor	ligand	0.7881923071246267	0.11666401152714279	1.0	0.5	0.0	0.0	1.0	0.0	1.0	0.5	LR|fibroblast|Lama4	candidate family retained; no additional grouping without pathway evidence	shared source and ligand for interaction candidates; same regulator for intrinsic candidates	MODERATE	34.0	20.0	14.0	0.5882352941176471	0.0	244.5	229.0	258.0	0.3186813186813186	0.5246518187694659	0.83	within-candidate mouse-effect sign permutation	0.0	0.0	0.6813186813186813		0.0	False	0.5071812499975376	0.08333333333333333	0.06568269226038556	0.009722000960595232	0.0	0.08333333333333333	0.0	0.0	0.08333333333333333	0.0	0.056776556776556776	0.041666666666666664	0.08333333333333333	0.0	False	2	ASSOCIATION_ONLY	Test necessity and sufficiency; Phase 1 is associative.	source-cell ligand knockdown plus T-cell receptor CRISPRi and ligand rescue	CD69/CD137, T-cell effector program and tumor-cell killing	non-targeting guide plus untreated/irrelevant control	receptor-deficient T cells or matched source-cell control	SUPPORTED	SUPPORTED	PARTIALLY_SUPPORTED	PARTIALLY_SUPPORTED	PARTIALLY_SUPPORTED	MISSING	MISSING	temporal/spatial/perturbational evidence missing
fibroblast	Lama4	Itga2_Itgb1	CD4	34	0.8114284519294205	0.117339036802124	0.3781512605042016	0.5446699846561429	-0.5669977081741787	0.0681333722380128	-0.27310753	0.0562302919139808	-1.6698895	0.0597156104080751	False	ADT-supported	0.1890756302521008	0.0	0.3085647954372579	1.0	0.1778894296756868	Tier 3 — exploratory	3.0			0.0	0.1423115437405494	fibroblast → Lama4 → Itga2_Itgb1 → CD4 activation-associated program	CORRELATIONAL	Perturb ligand in fibroblast and independently KO/CRISPRi receptor in target T cells	Increase ligand exposure or expression, with receptor-deficient T cells as specificity control	0.80×animal-level interaction score + 0.20×(1−LIANA magnitude rank)			9.0	4.0	0.0	0.8592006085325994	False	ordered cross-sectional support only	fibroblast → Lama4 → Itga2_Itgb1 → CD4	extracellular	cell-cell / extracellular signal	fibroblast	CD4	0.1423115437405494	0.0681333722380128	0.5882352941176471	20.0	14.0	34	False	True	False	True	True	HIGH																			VALID_FOR_HYPOTHESIS	True		False	True	True	NOT_ASSESSED	0				No external perturbational dataset integrated	NOT_ASSESSED	LR|fibroblast|Lama4	LR|fibroblast|Lama4	ligand_receptor	ligand	0.7482299700573443	0.11666401152714279	1.0	0.5	0.0	0.0	1.0	0.0	1.0	0.5	LR|fibroblast|Lama4	candidate family retained; no additional grouping without pathway evidence	shared source and ligand for interaction candidates; same regulator for intrinsic candidates	MODERATE	34.0	20.0	14.0	0.5882352941176471	0.0	259.5	246.0	270.0	0.2947052947052947	0.5061441625858804	0.837	within-candidate mouse-effect sign permutation	0.0	0.0	0.7052947052947053		0.0	False	0.5058490572399327	0.08333333333333333	0.06235249750477869	0.009722000960595232	0.0	0.08333333333333333	0.0	0.0	0.08333333333333333	0.0	0.058774558774558776	0.041666666666666664	0.08333333333333333	0.0	False	2	ASSOCIATION_ONLY	Test necessity and sufficiency; Phase 1 is associative.	source-cell ligand knockdown plus T-cell receptor CRISPRi and ligand rescue	CD69/CD137, T-cell effector program and tumor-cell killing	non-targeting guide plus untreated/irrelevant control	receptor-deficient T cells or matched source-cell control	SUPPORTED	SUPPORTED	PARTIALLY_SUPPORTED	PARTIALLY_SUPPORTED	PARTIALLY_SUPPORTED	MISSING	MISSING	temporal/spatial/perturbational evidence missing
neutrophil	Pdcd1lg2	Pdcd2	CD8	19	0.2267366865816974	0.181934004331762	-0.3122807017543859	0.7379314799556577	0.7105263157894737	0.0799872833903743	-0.1520505	0.281175334441031	0.12545204	0.7171073791556613	False	ADT-supported	0.3552631578947368	0.0209086733333333	0.2031037008986392	1.0	0.220190013776219	Tier 3 — exploratory	3.0	1.0	0.4792545157581008	0.0	0.1761520110209752	neutrophil → Pdcd1lg2 → Pdcd2 → CD8 activation-associated program	CORRELATIONAL	Perturb ligand in neutrophil and independently KO/CRISPRi receptor in target T cells	Increase ligand exposure or expression, with receptor-deficient T cells as specificity control	0.80×animal-level interaction score + 0.20×(1−LIANA magnitude rank)	-0.4182898203179142	0.6347266151724695	9.0	6.0	0.0	0.8046695441735882	False	ordered cross-sectional support only	neutrophil → Pdcd1lg2 → Pdcd2 → CD8	extracellular	cell-cell / extracellular signal	neutrophil	CD8	0.1761520110209752	0.0799872833903743	0.5789473684210527	11.0	8.0	19	False	True	False	True	True	HIGH																			UNKNOWN_UNVALIDATED	False		False	True	True	NOT_ASSESSED	0				No external perturbational dataset integrated	NOT_ASSESSED	LR|neutrophil|Pdcd1lg2	LR|neutrophil|Pdcd1lg2	ligand_receptor	ligand	0.9261526540113717	0.10969790529127732	1.0	0.5	0.0	0.0	1.0	0.0	1.0	0.5	LR|neutrophil|Pdcd1lg2	candidate family retained; no additional grouping without pathway evidence	shared source and ligand for interaction candidates; same regulator for intrinsic candidates	MODERATE	19.0	11.0	8.0	0.5789473684210527	0.0	200.0	146.0	211.0	0.5094905094905094	0.6563436563436563	0.743	within-candidate mouse-effect sign permutation	0.0	0.0	0.49050949050949055		0.0	False	0.5021966708176783	0.08333333333333333	0.07717938783428098	0.009141492107606444	0.0	0.08333333333333333	0.0	0.0	0.08333333333333333	0.0	0.04087579087579088	0.041666666666666664	0.08333333333333333	0.0	False	2	ASSOCIATION_ONLY	Test necessity and sufficiency; Phase 1 is associative.	source-cell ligand knockdown plus T-cell receptor CRISPRi and ligand rescue	CD69/CD137, T-cell effector program and tumor-cell killing	non-targeting guide plus untreated/irrelevant control	receptor-deficient T cells or matched source-cell control	SUPPORTED	SUPPORTED	PARTIALLY_SUPPORTED	PARTIALLY_SUPPORTED	PARTIALLY_SUPPORTED	MISSING	MISSING	temporal/spatial/perturbational evidence missing
neutrophil	Vegfa	Sirpa	CD8	19	0.2761779637633229	0.0202148893701957	-0.5368421052631579	0.3679823309352452	0.7017543859649124	0.0885309446401056	0.36469942	0.1286449832596015	-0.06225437	0.7977584944134277	False	ADT-supported	0.3508771929824562	0.0607832366666666	0.0747188529352633	1.0	0.2029465972975789	Tier 3 — exploratory	3.0			0.0	0.1623572778380631	neutrophil → Vegfa → Sirpa → CD8 activation-associated program	CORRELATIONAL	Perturb ligand in neutrophil and independently KO/CRISPRi receptor in target T cells	Increase ligand exposure or expression, with receptor-deficient T cells as specificity control	0.80×animal-level interaction score + 0.20×(1−LIANA magnitude rank)	1.1863598070563386	0.628120988474535	9.0	6.0	0.0	0.8046695441735882	False	ordered cross-sectional support only	neutrophil → Vegfa → Sirpa → CD8	extracellular	cell-cell / extracellular signal	neutrophil	CD8	0.1623572778380631	0.0885309446401056	0.5789473684210527	11.0	8.0	19	False	True	False	True	True	HIGH																			UNKNOWN_UNVALIDATED	False		False	True	True	NOT_ASSESSED	0				No external perturbational dataset integrated	NOT_ASSESSED	LR|neutrophil|Vegfa	LR|neutrophil|Vegfa	ligand_receptor	ligand	0.8536242243063514	0.10529049017603113	1.0	0.5	0.0	0.0	1.0	0.0	1.0	0.5	LR|neutrophil|Vegfa	candidate family retained; no additional grouping without pathway evidence	shared source and ligand for interaction candidates; same regulator for intrinsic candidates	MODERATE	19.0	11.0	8.0	0.5789473684210527	0.0	232.0	202.0	238.0	0.4725274725274725	0.6529667515583009	0.778	within-candidate mouse-effect sign permutation	0.0	0.0	0.5274725274725275		0.0	False	0.4988656034962425	0.08333333333333333	0.07113535202552929	0.008774207514669261	0.0	0.08333333333333333	0.0	0.0	0.08333333333333333	0.0	0.04395604395604396	0.041666666666666664	0.08333333333333333	0.0	False	2	ASSOCIATION_ONLY	Test necessity and sufficiency; Phase 1 is associative.	source-cell ligand knockdown plus T-cell receptor CRISPRi and ligand rescue	CD69/CD137, T-cell effector program and tumor-cell killing	non-targeting guide plus untreated/irrelevant control	receptor-deficient T cells or matched source-cell control	SUPPORTED	SUPPORTED	PARTIALLY_SUPPORTED	PARTIALLY_SUPPORTED	PARTIALLY_SUPPORTED	MISSING	MISSING	temporal/spatial/perturbational evidence missing
neutrophil	Vegfa	Gpc1	CD4	19	0.2761779637633229	0.0385721660889446	-0.2280701754385964	0.89272256556299	0.7263157894736841	0.0670532633673389	-0.2596321	0.9082329387961416	-0.5291734	0.2000117557295346	False	ADT-supported	0.363157894736842	0.0	0.1032123165537205	1.0	0.1977477264686388	Tier 3 — exploratory	3.0			0.0	0.158198181174911	neutrophil → Vegfa → Gpc1 → CD4 activation-associated program	CORRELATIONAL	Perturb ligand in neutrophil and independently KO/CRISPRi receptor in target T cells	Increase ligand exposure or expression, with receptor-deficient T cells as specificity control	0.80×animal-level interaction score + 0.20×(1−LIANA magnitude rank)	0.3498899516478208	0.7448947530985198	9.0	4.0	0.0	0.8592006085325994	False	ordered cross-sectional support only	neutrophil → Vegfa → Gpc1 → CD4	extracellular	cell-cell / extracellular signal	neutrophil	CD4	0.158198181174911	0.0670532633673389	0.5789473684210527	11.0	8.0	19	False	True	False	True	True	HIGH																			UNKNOWN_UNVALIDATED	False		False	True	True	NOT_ASSESSED	0				No external perturbational dataset integrated	NOT_ASSESSED	LR|neutrophil|Vegfa	LR|neutrophil|Vegfa	ligand_receptor	ligand	0.8317569836740006	0.11735800809303647	1.0	0.5	0.0	0.0	1.0	0.0	1.0	0.5	LR|neutrophil|Vegfa	candidate family retained; no additional grouping without pathway evidence	shared source and ligand for interaction candidates; same regulator for intrinsic candidates	MODERATE	19.0	11.0	8.0	0.5789473684210527	0.0	234.0	210.0	242.0	0.4685314685314685	0.6529667515583009	0.761	within-candidate mouse-effect sign permutation	0.0	0.0	0.5314685314685315		0.0	False	0.4983819602696307	0.08333333333333333	0.06931308197283338	0.009779834007753039	0.0	0.08333333333333333	0.0	0.0	0.08333333333333333	0.0	0.04428904428904429	0.041666666666666664	0.08333333333333333	0.0	False	2	ASSOCIATION_ONLY	Test necessity and sufficiency; Phase 1 is associative.	source-cell ligand knockdown plus T-cell receptor CRISPRi and ligand rescue	CD69/CD137, T-cell effector program and tumor-cell killing	non-targeting guide plus untreated/irrelevant control	receptor-deficient T cells or matched source-cell control	SUPPORTED	SUPPORTED	PARTIALLY_SUPPORTED	PARTIALLY_SUPPORTED	PARTIALLY_SUPPORTED	MISSING	MISSING	temporal/spatial/perturbational evidence missing
fibroblast	Adam10	Tspan14	CD8	34	0.7196891535778037	0.4624792967256974	0.2736440030557677	0.6461037590371728	-0.6916730328495033	0.0113532028462642	-0.03906393	0.755884210838297	-0.54104304	0.0002291786114654	False	ADT-supported	0.1368220015278838	0.0	0.5769240275874936	1.0	0.263272506052258	Tier 3 — exploratory	3.0	0.7378198260850743	0.6604075227058364	0.2621801739149256	0.2630540396247915	fibroblast → Adam10 → Tspan14 → CD8 activation-associated program	CORRELATIONAL	Perturb ligand in fibroblast and independently KO/CRISPRi receptor in target T cells	Increase ligand exposure or expression, with receptor-deficient T cells as specificity control	0.80×animal-level interaction score + 0.20×(1−LIANA magnitude rank)	-0.0876547294394552	0.8742434073925645	9.0	6.0	0.0	0.8046695441735882	False	ordered cross-sectional support only	fibroblast → Adam10 → Tspan14 → CD8	extracellular	cell-cell / extracellular signal	fibroblast	CD8	0.2630540396247915	0.0113532028462642	0.5294117647058824	18.0	16.0	34	False	True	False	True	True	HIGH																			UNKNOWN_UNVALIDATED	False	Membrane protease/shedding mechanism; specific substrate relationship required	False	True	True	NOT_ASSESSED	0				No external perturbational dataset integrated	NOT_ASSESSED	LR|fibroblast|Adam10	LR|fibroblast|Adam10	ligand_receptor	ligand	1.0	0.19448816025910026	1.0	0.5	0.0	0.0	1.0	0.0	1.0	0.5	LR|fibroblast|Adam10	candidate family retained; no additional grouping without pathway evidence	shared source and ligand for interaction candidates; same regulator for intrinsic candidates	MODERATE	34.0	18.0	16.0	0.5294117647058824	0.0	144.5	111.0	157.0	0.7202797202797203	0.8513881076906288	0.498	within-candidate mouse-effect sign permutation	0.0	0.0	0.2797202797202797		0.0	False	0.497850703331615	0.08333333333333333	0.08333333333333333	0.016207346688258354	0.0	0.08333333333333333	0.0	0.0	0.08333333333333333	0.0	0.02331002331002331	0.041666666666666664	0.08333333333333333	0.0	False	2	ASSOCIATION_ONLY	Test necessity and sufficiency; Phase 1 is associative.	source-cell ligand knockdown plus T-cell receptor CRISPRi and ligand rescue	CD69/CD137, T-cell effector program and tumor-cell killing	non-targeting guide plus untreated/irrelevant control	receptor-deficient T cells or matched source-cell control	SUPPORTED	SUPPORTED	PARTIALLY_SUPPORTED	PARTIALLY_SUPPORTED	PARTIALLY_SUPPORTED	MISSING	MISSING	temporal/spatial/perturbational evidence missing
fibroblast	Adam10	Notch1	CD8	34	0.7196891535778037	0.3244999362976174	0.2736440030557677	0.6461037590371728	-0.6916730328495033	0.0113532028462642	0.18983197	0.2688932072522691	-0.32935	1.037549474766855e-05	False	ADT-supported	0.1368220015278838	0.0316386616666666	0.4832588172916077	1.0	0.2524491294097476	Tier 3 — exploratory	3.0	0.8064685150682358	0.8681107349582038	0.1935314849317642	0.2406656005141509	fibroblast → Adam10 → Notch1 → CD8 activation-associated program	CORRELATIONAL	Perturb ligand in fibroblast and independently KO/CRISPRi receptor in target T cells	Increase ligand exposure or expression, with receptor-deficient T cells as specificity control	0.80×animal-level interaction score + 0.20×(1−LIANA magnitude rank)	0.2966908018815983	0.5710656432774944	9.0	6.0	0.0	0.8046695441735882	False	ordered cross-sectional support only	fibroblast → Adam10 → Notch1 → CD8	extracellular	cell-cell / extracellular signal	fibroblast	CD8	0.2406656005141509	0.0113532028462642	0.5294117647058824	18.0	16.0	34	False	True	False	True	True	HIGH																			VALID_FOR_HYPOTHESIS	True	Membrane protease/shedding mechanism; specific substrate relationship required	False	True	True	NOT_ASSESSED	0				No external perturbational dataset integrated	NOT_ASSESSED	LR|fibroblast|Adam10	LR|fibroblast|Adam10	ligand_receptor	ligand	1.0	0.19448816025910026	1.0	0.5	0.0	0.0	1.0	0.0	1.0	0.5	LR|fibroblast|Adam10	candidate family retained; no additional grouping without pathway evidence	shared source and ligand for interaction candidates; same regulator for intrinsic candidates	MODERATE	34.0	18.0	16.0	0.5294117647058824	0.0	144.5	111.0	157.0	0.7262737262737263	0.8513881076906288	0.517	within-candidate mouse-effect sign permutation	0.0	0.0	0.2737262737262737		0.0	False	0.4973512028321145	0.08333333333333333	0.08333333333333333	0.016207346688258354	0.0	0.08333333333333333	0.0	0.0	0.08333333333333333	0.0	0.022810522810522805	0.041666666666666664	0.08333333333333333	0.0	False	2	ASSOCIATION_ONLY	Test necessity and sufficiency; Phase 1 is associative.	source-cell ligand knockdown plus T-cell receptor CRISPRi and ligand rescue	CD69/CD137, T-cell effector program and tumor-cell killing	non-targeting guide plus untreated/irrelevant control	receptor-deficient T cells or matched source-cell control	SUPPORTED	SUPPORTED	PARTIALLY_SUPPORTED	PARTIALLY_SUPPORTED	PARTIALLY_SUPPORTED	MISSING	MISSING	temporal/spatial/perturbational evidence missing
fibroblast	Col1a2	Cd44	CD4	34	0.9570795603543462	0.7128106792536324	0.0239877769289534	0.9900613902584696	-0.6311688311688312	0.0213270534042865	0.9703646	1.9767398454773044e-06	-0.07839012	0.3301218053312729	False	ADT-supported	0.0119938884644767	0.1617274333333333	0.8259640013438535	1.0	0.3098225195646709	Tier 3 — exploratory	3.0	0.0007029826449777	0.0586528544065354	0.9992970173550224	0.4477174191227412	fibroblast → Col1a2 → Cd44 → CD4 activation-associated program	CORRELATIONAL	Perturb ligand in fibroblast and independently KO/CRISPRi receptor in target T cells	Increase ligand exposure or expression, with receptor-deficient T cells as specificity control	0.80×animal-level interaction score + 0.20×(1−LIANA magnitude rank)	0.1045084727826486	0.9444426043704072	9.0	4.0	0.0	0.8592006085325994	False	ordered cross-sectional support only	fibroblast → Col1a2 → Cd44 → CD4	extracellular	cell-cell / extracellular signal	fibroblast	CD4	0.4477174191227412	0.0213270534042865	0.5294117647058824	18.0	16.0	34	False	True	False	True	True	HIGH																			VALID_FOR_HYPOTHESIS	True		False	True	True	NOT_ASSESSED	0				No external perturbational dataset integrated	NOT_ASSESSED	LR|fibroblast|Col1a2	LR|fibroblast|Col1a2	ligand_receptor	ligand	1.0	0.16710691435499714	1.0	0.5	0.0	0.0	1.0	0.0	1.0	0.5	LR|fibroblast|Col1a2	candidate family retained; no additional grouping without pathway evidence	shared source and ligand for interaction candidates; same regulator for intrinsic candidates	MODERATE	34.0	18.0	16.0	0.5294117647058824	0.0	154.5	118.0	160.0	0.7112887112887113	0.8513881076906288	0.519	within-candidate mouse-effect sign permutation	0.0	0.0	0.2887112887112887		0.0	False	0.4963181835888572	0.08333333333333333	0.08333333333333333	0.013925576196249762	0.0	0.08333333333333333	0.0	0.0	0.08333333333333333	0.0	0.02405927405927406	0.041666666666666664	0.08333333333333333	0.0	False	2	ASSOCIATION_ONLY	Test necessity and sufficiency; Phase 1 is associative.	source-cell ligand knockdown plus T-cell receptor CRISPRi and ligand rescue	CD69/CD137, T-cell effector program and tumor-cell killing	non-targeting guide plus untreated/irrelevant control	receptor-deficient T cells or matched source-cell control	SUPPORTED	SUPPORTED	PARTIALLY_SUPPORTED	PARTIALLY_SUPPORTED	PARTIALLY_SUPPORTED	MISSING	MISSING	temporal/spatial/perturbational evidence missing
fibroblast	Adam10	Cd44	CD8	34	0.7196891535778037	0.6943984371682166	0.2736440030557677	0.6461037590371728	-0.6916730328495033	0.0113532028462642	0.72633934	2.259520716935255e-05	-0.06925821	0.6463675366823181	False	ADT-supported	0.1368220015278838	0.1210565566666666	0.7069307062869341	1.0	0.3195379809588128	Tier 3 — exploratory	3.0	0.6730877118918411	1.0	0.3269122881081588	0.321012842388682	fibroblast → Adam10 → Cd44 → CD8 activation-associated program	CORRELATIONAL	Perturb ligand in fibroblast and independently KO/CRISPRi receptor in target T cells	Increase ligand exposure or expression, with receptor-deficient T cells as specificity control	0.80×animal-level interaction score + 0.20×(1−LIANA magnitude rank)	0.0942330451866064	0.9355611534046334	9.0	6.0	0.0	0.8046695441735882	False	ordered cross-sectional support only	fibroblast → Adam10 → Cd44 → CD8	extracellular	cell-cell / extracellular signal	fibroblast	CD8	0.321012842388682	0.0113532028462642	0.5294117647058824	18.0	16.0	34	False	True	False	True	True	HIGH																			UNKNOWN_UNVALIDATED	False	Membrane protease/shedding mechanism; specific substrate relationship required	False	True	True	NOT_ASSESSED	0				No external perturbational dataset integrated	NOT_ASSESSED	LR|fibroblast|Adam10	LR|fibroblast|Adam10	ligand_receptor	ligand	1.0	0.19448816025910026	1.0	0.5	0.0	0.0	1.0	0.0	1.0	0.5	LR|fibroblast|Adam10	candidate family retained; no additional grouping without pathway evidence	shared source and ligand for interaction candidates; same regulator for intrinsic candidates	MODERATE	34.0	18.0	16.0	0.5294117647058824	0.0	144.5	111.0	157.0	0.7402597402597403	0.8569811930807781	0.51	within-candidate mouse-effect sign permutation	0.0	0.0	0.2597402597402597		0.0	False	0.4961857016666133	0.08333333333333333	0.08333333333333333	0.016207346688258354	0.0	0.08333333333333333	0.0	0.0	0.08333333333333333	0.0	0.021645021645021644	0.041666666666666664	0.08333333333333333	0.0	False	2	ASSOCIATION_ONLY	Test necessity and sufficiency; Phase 1 is associative.	source-cell ligand knockdown plus T-cell receptor CRISPRi and ligand rescue	CD69/CD137, T-cell effector program and tumor-cell killing	non-targeting guide plus untreated/irrelevant control	receptor-deficient T cells or matched source-cell control	SUPPORTED	SUPPORTED	PARTIALLY_SUPPORTED	PARTIALLY_SUPPORTED	PARTIALLY_SUPPORTED	MISSING	MISSING	temporal/spatial/perturbational evidence missing
fibroblast	Adam10	Tspan5	CD8	34	0.7196891535778037	0.3821293583046672	0.2736440030557677	0.6461037590371728	-0.6916730328495033	0.0113532028462642	0.05693674	1.0	-0.50972915	2.3340721211100217e-05	False	ADT-supported	0.1368220015278838	0.0094894566666666	0.5244181103237332	1.0	0.2551436867661727	Tier 3 — exploratory	3.0	0.5804662955936851	1.0	0.4195337044063149	0.2880216902942011	fibroblast → Adam10 → Tspan5 → CD8 activation-associated program	CORRELATIONAL	Perturb ligand in fibroblast and independently KO/CRISPRi receptor in target T cells	Increase ligand exposure or expression, with receptor-deficient T cells as specificity control	0.80×animal-level interaction score + 0.20×(1−LIANA magnitude rank)	0.0712714248081489	0.6570621287717398	9.0	6.0	0.0	0.8046695441735882	False	ordered cross-sectional support only	fibroblast → Adam10 → Tspan5 → CD8	extracellular	cell-cell / extracellular signal	fibroblast	CD8	0.2880216902942011	0.0113532028462642	0.5294117647058824	18.0	16.0	34	False	True	False	True	True	HIGH																			UNKNOWN_UNVALIDATED	False	Membrane protease/shedding mechanism; specific substrate relationship required	False	True	True	NOT_ASSESSED	0				No external perturbational dataset integrated	NOT_ASSESSED	LR|fibroblast|Adam10	LR|fibroblast|Adam10	ligand_receptor	ligand	1.0	0.19448816025910026	1.0	0.5	0.0	0.0	1.0	0.0	1.0	0.5	LR|fibroblast|Adam10	candidate family retained; no additional grouping without pathway evidence	shared source and ligand for interaction candidates; same regulator for intrinsic candidates	MODERATE	34.0	18.0	16.0	0.5294117647058824	0.0	144.5	111.0	157.0	0.7402597402597403	0.8569811930807781	0.506	within-candidate mouse-effect sign permutation	0.0	0.0	0.2597402597402597		0.0	False	0.4961857016666133	0.08333333333333333	0.08333333333333333	0.016207346688258354	0.0	0.08333333333333333	0.0	0.0	0.08333333333333333	0.0	0.021645021645021644	0.041666666666666664	0.08333333333333333	0.0	False	2	ASSOCIATION_ONLY	Test necessity and sufficiency; Phase 1 is associative.	source-cell ligand knockdown plus T-cell receptor CRISPRi and ligand rescue	CD69/CD137, T-cell effector program and tumor-cell killing	non-targeting guide plus untreated/irrelevant control	receptor-deficient T cells or matched source-cell control	SUPPORTED	SUPPORTED	PARTIALLY_SUPPORTED	PARTIALLY_SUPPORTED	PARTIALLY_SUPPORTED	MISSING	MISSING	temporal/spatial/perturbational evidence missing
neutrophil	Vegfa	Gpc1	CD8	19	0.2761779637633229	0.0436573661188261	-0.5368421052631579	0.3679823309352452	0.7017543859649124	0.0885309446401056	0.0	1.0	0.0	1.0	False	ADT-supported	0.3508771929824562	0.0	0.1098052934879156	1.0	0.1947680762414427	Tier 3 — exploratory	3.0			0.0	0.1558144609931541	neutrophil → Vegfa → Gpc1 → CD8 activation-associated program	CORRELATIONAL	Perturb ligand in neutrophil and independently KO/CRISPRi receptor in target T cells	Increase ligand exposure or expression, with receptor-deficient T cells as specificity control	0.80×animal-level interaction score + 0.20×(1−LIANA magnitude rank)	-0.7428172683372044	0.9658738001322378	9.0	6.0	0.0	0.8046695441735882	False	ordered cross-sectional support only	neutrophil → Vegfa → Gpc1 → CD8	extracellular	cell-cell / extracellular signal	neutrophil	CD8	0.1558144609931541	0.0885309446401056	0.5789473684210527	11.0	8.0	19	False	True	False	True	True	HIGH																			UNKNOWN_UNVALIDATED	False		False	True	True	NOT_ASSESSED	0				No external perturbational dataset integrated	NOT_ASSESSED	LR|neutrophil|Vegfa	LR|neutrophil|Vegfa	ligand_receptor	ligand	0.8192241220849737	0.10529049017603113	1.0	0.5	0.0	0.0	1.0	0.0	1.0	0.5	LR|neutrophil|Vegfa	candidate family retained; no additional grouping without pathway evidence	shared source and ligand for interaction candidates; same regulator for intrinsic candidates	MODERATE	19.0	11.0	8.0	0.5789473684210527	0.0	243.0	220.0	253.0	0.4795204795204795	0.6529667515583009	0.772	within-candidate mouse-effect sign permutation	0.0	0.0	0.5204795204795205		0.0	False	0.49541617772837715	0.08333333333333333	0.06826867684041447	0.008774207514669261	0.0	0.08333333333333333	0.0	0.0	0.08333333333333333	0.0	0.043373293373293376	0.041666666666666664	0.08333333333333333	0.0	False	2	ASSOCIATION_ONLY	Test necessity and sufficiency; Phase 1 is associative.	source-cell ligand knockdown plus T-cell receptor CRISPRi and ligand rescue	CD69/CD137, T-cell effector program and tumor-cell killing	non-targeting guide plus untreated/irrelevant control	receptor-deficient T cells or matched source-cell control	SUPPORTED	SUPPORTED	PARTIALLY_SUPPORTED	PARTIALLY_SUPPORTED	PARTIALLY_SUPPORTED	MISSING	MISSING	temporal/spatial/perturbational evidence missing
fibroblast	Col1a2	Itga1_Itgb1	CD4	34	0.9570795603543462	0.0913784202374806	0.0239877769289534	0.9900613902584696	-0.6311688311688312	0.0213270534042865	-0.27310753	1.0	-1.7274919	0.0001005760880117	False	ADT-supported	0.0119938884644767	0.0	0.295730313405242	1.0	0.1633439236436152	Tier 3 — exploratory	3.0	0.0776801206547049	0.0111516333433095	0.9223198793452952	0.3151391147839512	fibroblast → Col1a2 → Itga1_Itgb1 → CD4 activation-associated program	CORRELATIONAL	Perturb ligand in fibroblast and independently KO/CRISPRi receptor in target T cells	Increase ligand exposure or expression, with receptor-deficient T cells as specificity control	0.80×animal-level interaction score + 0.20×(1−LIANA magnitude rank)			9.0	4.0	0.0	0.8592006085325994	False	ordered cross-sectional support only	fibroblast → Col1a2 → Itga1_Itgb1 → CD4	extracellular	cell-cell / extracellular signal	fibroblast	CD4	0.3151391147839512	0.0213270534042865	0.5294117647058824	18.0	16.0	34	False	True	False	True	True	HIGH																			VALID_FOR_HYPOTHESIS	True		False	True	True	NOT_ASSESSED	0				No external perturbational dataset integrated	NOT_ASSESSED	LR|fibroblast|Col1a2	LR|fibroblast|Col1a2	ligand_receptor	ligand	1.0	0.16710691435499714	1.0	0.5	0.0	0.0	1.0	0.0	1.0	0.5	LR|fibroblast|Col1a2	candidate family retained; no additional grouping without pathway evidence	shared source and ligand for interaction candidates; same regulator for intrinsic candidates	MODERATE	34.0	18.0	16.0	0.5294117647058824	0.0	154.5	118.0	160.0	0.7252747252747253	0.8513881076906288	0.521	within-candidate mouse-effect sign permutation	0.0	0.0	0.27472527472527475		0.0	False	0.495152682423356	0.08333333333333333	0.08333333333333333	0.013925576196249762	0.0	0.08333333333333333	0.0	0.0	0.08333333333333333	0.0	0.022893772893772896	0.041666666666666664	0.08333333333333333	0.0	False	2	ASSOCIATION_ONLY	Test necessity and sufficiency; Phase 1 is associative.	source-cell ligand knockdown plus T-cell receptor CRISPRi and ligand rescue	CD69/CD137, T-cell effector program and tumor-cell killing	non-targeting guide plus untreated/irrelevant control	receptor-deficient T cells or matched source-cell control	SUPPORTED	SUPPORTED	PARTIALLY_SUPPORTED	PARTIALLY_SUPPORTED	PARTIALLY_SUPPORTED	MISSING	MISSING	temporal/spatial/perturbational evidence missing
neutrophil	Vegfa	Sirpa	CD4	19	0.2761779637633229	0.0202817316911276	-0.2280701754385964	0.89272256556299	0.7263157894736841	0.0670532633673389	0.0	1.0	-0.031305075	0.84677929706216	False	ADT-supported	0.363157894736842	0.0	0.0748422832364813	1.0	0.192073719805191	Tier 3 — exploratory	3.0			0.0	0.1536589758441528	neutrophil → Vegfa → Sirpa → CD4 activation-associated program	CORRELATIONAL	Perturb ligand in neutrophil and independently KO/CRISPRi receptor in target T cells	Increase ligand exposure or expression, with receptor-deficient T cells as specificity control	0.80×animal-level interaction score + 0.20×(1−LIANA magnitude rank)	1.198668584619634	0.7827493331536589	9.0	4.0	0.0	0.8592006085325994	False	ordered cross-sectional support only	neutrophil → Vegfa → Sirpa → CD4	extracellular	cell-cell / extracellular signal	neutrophil	CD4	0.1536589758441528	0.0670532633673389	0.5789473684210527	11.0	8.0	19	False	True	False	True	True	HIGH																			UNKNOWN_UNVALIDATED	False		False	True	True	NOT_ASSESSED	0				No external perturbational dataset integrated	NOT_ASSESSED	LR|neutrophil|Vegfa	LR|neutrophil|Vegfa	ligand_receptor	ligand	0.8078912495287136	0.11735800809303647	1.0	0.5	0.0	0.0	1.0	0.0	1.0	0.5	LR|neutrophil|Vegfa	candidate family retained; no additional grouping without pathway evidence	shared source and ligand for interaction candidates; same regulator for intrinsic candidates	MODERATE	19.0	11.0	8.0	0.5789473684210527	0.0	245.0	225.0	253.0	0.4855144855144855	0.6529667515583009	0.762	within-candidate mouse-effect sign permutation	0.0	0.0	0.5144855144855145		0.0	False	0.4949778976756054	0.08333333333333333	0.06732427079405946	0.009779834007753039	0.0	0.08333333333333333	0.0	0.0	0.08333333333333333	0.0	0.04287379287379287	0.041666666666666664	0.08333333333333333	0.0	False	2	ASSOCIATION_ONLY	Test necessity and sufficiency; Phase 1 is associative.	source-cell ligand knockdown plus T-cell receptor CRISPRi and ligand rescue	CD69/CD137, T-cell effector program and tumor-cell killing	non-targeting guide plus untreated/irrelevant control	receptor-deficient T cells or matched source-cell control	SUPPORTED	SUPPORTED	PARTIALLY_SUPPORTED	PARTIALLY_SUPPORTED	PARTIALLY_SUPPORTED	MISSING	MISSING	temporal/spatial/perturbational evidence missing
neutrophil	Vegfa	Nrp2	CD4	19	0.2761779637633229	0.0252968508002065	-0.2280701754385964	0.89272256556299	0.7263157894736841	0.0670532633673389	-0.07865405	1.0	-0.11656976	0.7854279008300411	False	ADT-supported	0.363157894736842	0.0	0.0835848834636121	1.0	0.1938222398506171	Tier 3 — exploratory	3.0			0.0	0.1550577918804937	neutrophil → Vegfa → Nrp2 → CD4 activation-associated program	CORRELATIONAL	Perturb ligand in neutrophil and independently KO/CRISPRi receptor in target T cells	Increase ligand exposure or expression, with receptor-deficient T cells as specificity control	0.80×animal-level interaction score + 0.20×(1−LIANA magnitude rank)	0.9409232400836662	0.9444426043704072	9.0	4.0	0.0	0.8592006085325994	False	ordered cross-sectional support only	neutrophil → Vegfa → Nrp2 → CD4	extracellular	cell-cell / extracellular signal	neutrophil	CD4	0.1550577918804937	0.0670532633673389	0.5789473684210527	11.0	8.0	19	False	True	False	True	True	HIGH																			UNKNOWN_UNVALIDATED	False		False	True	True	NOT_ASSESSED	0				No external perturbational dataset integrated	NOT_ASSESSED	LR|neutrophil|Vegfa	LR|neutrophil|Vegfa	ligand_receptor	ligand	0.8152457905130713	0.11735800809303647	1.0	0.5	0.0	0.0	1.0	0.0	1.0	0.5	LR|neutrophil|Vegfa	candidate family retained; no additional grouping without pathway evidence	shared source and ligand for interaction candidates; same regulator for intrinsic candidates	MODERATE	19.0	11.0	8.0	0.5789473684210527	0.0	242.0	220.0	251.0	0.4945054945054945	0.6529667515583009	0.748	within-candidate mouse-effect sign permutation	0.0	0.0	0.5054945054945055		0.0	False	0.49484152534171777	0.08333333333333333	0.0679371492094226	0.009779834007753039	0.0	0.08333333333333333	0.0	0.0	0.08333333333333333	0.0	0.04212454212454212	0.041666666666666664	0.08333333333333333	0.0	False	2	ASSOCIATION_ONLY	Test necessity and sufficiency; Phase 1 is associative.	source-cell ligand knockdown plus T-cell receptor CRISPRi and ligand rescue	CD69/CD137, T-cell effector program and tumor-cell killing	non-targeting guide plus untreated/irrelevant control	receptor-deficient T cells or matched source-cell control	SUPPORTED	SUPPORTED	PARTIALLY_SUPPORTED	PARTIALLY_SUPPORTED	PARTIALLY_SUPPORTED	MISSING	MISSING	temporal/spatial/perturbational evidence missing
fibroblast	Adam10	Notch2	CD8	34	0.7196891535778037	0.3310400475644455	0.2736440030557677	0.6461037590371728	-0.6916730328495033	0.0113532028462642	0.18749881	0.3054463089117286	-0.4814775	0.0021774140675924	False	ADT-supported	0.1368220015278838	0.0312498016666666	0.4881044269744043	1.0	0.2533210363463068	Tier 3 — exploratory	3.0	0.7384340357557986	1.0	0.2615659642442014	0.2549700219258857	fibroblast → Adam10 → Notch2 → CD8 activation-associated program	CORRELATIONAL	Perturb ligand in fibroblast and independently KO/CRISPRi receptor in target T cells	Increase ligand exposure or expression, with receptor-deficient T cells as specificity control	0.80×animal-level interaction score + 0.20×(1−LIANA magnitude rank)	0.1822864992228577	0.9635074454610244	9.0	6.0	0.0	0.8046695441735882	False	ordered cross-sectional support only	fibroblast → Adam10 → Notch2 → CD8	extracellular	cell-cell / extracellular signal	fibroblast	CD8	0.2549700219258857	0.0113532028462642	0.5294117647058824	18.0	16.0	34	False	True	False	True	True	HIGH																			UNKNOWN_UNVALIDATED	False	Membrane protease/shedding mechanism; specific substrate relationship required	False	True	True	NOT_ASSESSED	0				No external perturbational dataset integrated	NOT_ASSESSED	LR|fibroblast|Adam10	LR|fibroblast|Adam10	ligand_receptor	ligand	1.0	0.19448816025910026	1.0	0.5	0.0	0.0	1.0	0.0	1.0	0.5	LR|fibroblast|Adam10	candidate family retained; no additional grouping without pathway evidence	shared source and ligand for interaction candidates; same regulator for intrinsic candidates	MODERATE	34.0	18.0	16.0	0.5294117647058824	0.0	144.5	111.0	157.0	0.7572427572427572	0.8623295072274665	0.513	within-candidate mouse-effect sign permutation	0.0	0.0	0.24275724275724275		0.0	False	0.4947704502513619	0.08333333333333333	0.08333333333333333	0.016207346688258354	0.0	0.08333333333333333	0.0	0.0	0.08333333333333333	0.0	0.020229770229770228	0.041666666666666664	0.08333333333333333	0.0	False	2	ASSOCIATION_ONLY	Test necessity and sufficiency; Phase 1 is associative.	source-cell ligand knockdown plus T-cell receptor CRISPRi and ligand rescue	CD69/CD137, T-cell effector program and tumor-cell killing	non-targeting guide plus untreated/irrelevant control	receptor-deficient T cells or matched source-cell control	SUPPORTED	SUPPORTED	PARTIALLY_SUPPORTED	PARTIALLY_SUPPORTED	PARTIALLY_SUPPORTED	MISSING	MISSING	temporal/spatial/perturbational evidence missing
fibroblast	Col1a2	Itgav_Itgb8	CD4	34	0.9570795603543462	0.1825355852201489	0.0239877769289534	0.9900613902584696	-0.6311688311688312	0.0213270534042865	0.6891265	0.0051899204345096	1.8817091	5.056158660183512e-07	False	ADT-supported	0.0119938884644767	0.4284725999999999	0.4179725800235268	1.0	0.3449105269672722	Tier 3 — exploratory	3.0			0.0	0.2759284215738177	fibroblast → Col1a2 → Itgav_Itgb8 → CD4 activation-associated program	CORRELATIONAL	Perturb ligand in fibroblast and independently KO/CRISPRi receptor in target T cells	Increase ligand exposure or expression, with receptor-deficient T cells as specificity control	0.80×animal-level interaction score + 0.20×(1−LIANA magnitude rank)			9.0	4.0	0.0	0.8592006085325994	False	ordered cross-sectional support only	fibroblast → Col1a2 → Itgav_Itgb8 → CD4	extracellular	cell-cell / extracellular signal	fibroblast	CD4	0.2759284215738177	0.0213270534042865	0.5294117647058824	18.0	16.0	34	False	True	False	True	True	HIGH																			VALID_FOR_HYPOTHESIS	True		False	True	True	NOT_ASSESSED	0				No external perturbational dataset integrated	NOT_ASSESSED	LR|fibroblast|Col1a2	LR|fibroblast|Col1a2	ligand_receptor	ligand	1.0	0.16710691435499714	1.0	0.5	0.0	0.0	1.0	0.0	1.0	0.5	LR|fibroblast|Col1a2	candidate family retained; no additional grouping without pathway evidence	shared source and ligand for interaction candidates; same regulator for intrinsic candidates	MODERATE	34.0	18.0	16.0	0.5294117647058824	0.0	154.5	118.0	160.0	0.7362637362637363	0.8569811930807781	0.508	within-candidate mouse-effect sign permutation	0.0	0.0	0.2637362637362637		0.0	False	0.4942369315076051	0.08333333333333333	0.08333333333333333	0.013925576196249762	0.0	0.08333333333333333	0.0	0.0	0.08333333333333333	0.0	0.021978021978021973	0.041666666666666664	0.08333333333333333	0.0	False	2	ASSOCIATION_ONLY	Test necessity and sufficiency; Phase 1 is associative.	source-cell ligand knockdown plus T-cell receptor CRISPRi and ligand rescue	CD69/CD137, T-cell effector program and tumor-cell killing	non-targeting guide plus untreated/irrelevant control	receptor-deficient T cells or matched source-cell control	SUPPORTED	SUPPORTED	PARTIALLY_SUPPORTED	PARTIALLY_SUPPORTED	PARTIALLY_SUPPORTED	MISSING	MISSING	temporal/spatial/perturbational evidence missing
neutrophil	Vegfa	Egfr	CD4	19	0.2761779637633229	0.003687587580205	-0.2280701754385964	0.89272256556299	0.7263157894736841	0.0670532633673389	0.0	0.5731655867941629	0.0	0.7273213603234867	False	ADT-supported	0.363157894736842	0.0	0.0319128567994146	1.0	0.1834878345177776	Tier 3 — exploratory	3.0			0.0	0.146790267614222	neutrophil → Vegfa → Egfr → CD4 activation-associated program	CORRELATIONAL	Perturb ligand in neutrophil and independently KO/CRISPRi receptor in target T cells	Increase ligand exposure or expression, with receptor-deficient T cells as specificity control	0.80×animal-level interaction score + 0.20×(1−LIANA magnitude rank)	0.4490175327988457	0.9463193559889446	9.0	4.0	0.0	0.8592006085325994	False	ordered cross-sectional support only	neutrophil → Vegfa → Egfr → CD4	extracellular	cell-cell / extracellular signal	neutrophil	CD4	0.146790267614222	0.0670532633673389	0.5789473684210527	11.0	8.0	19	False	True	False	True	True	HIGH																			UNKNOWN_UNVALIDATED	False		False	True	True	NOT_ASSESSED	0				No external perturbational dataset integrated	NOT_ASSESSED	LR|neutrophil|Vegfa	LR|neutrophil|Vegfa	ligand_receptor	ligand	0.7717777114549265	0.11735800809303647	1.0	0.5	0.0	0.0	1.0	0.0	1.0	0.5	LR|neutrophil|Vegfa	candidate family retained; no additional grouping without pathway evidence	shared source and ligand for interaction candidates; same regulator for intrinsic candidates	MODERATE	19.0	11.0	8.0	0.5789473684210527	0.0	260.0	236.0	267.0	0.4615384615384615	0.6529667515583009	0.77	within-candidate mouse-effect sign permutation	0.0	0.0	0.5384615384615385		0.0	False	0.49396643816745844	0.08333333333333333	0.06431480928791054	0.009779834007753039	0.0	0.08333333333333333	0.0	0.0	0.08333333333333333	0.0	0.04487179487179488	0.041666666666666664	0.08333333333333333	0.0	False	2	ASSOCIATION_ONLY	Test necessity and sufficiency; Phase 1 is associative.	source-cell ligand knockdown plus T-cell receptor CRISPRi and ligand rescue	CD69/CD137, T-cell effector program and tumor-cell killing	non-targeting guide plus untreated/irrelevant control	receptor-deficient T cells or matched source-cell control	SUPPORTED	SUPPORTED	PARTIALLY_SUPPORTED	PARTIALLY_SUPPORTED	PARTIALLY_SUPPORTED	MISSING	MISSING	temporal/spatial/perturbational evidence missing
neutrophil	Vegfa	Tyro3	CD4	19	0.2761779637633229	0.008850210192492	-0.2280701754385964	0.89272256556299	0.7263157894736841	0.0670532633673389	0.0	0.5779152409094244	0.0	0.5021167600857845	False	ADT-supported	0.363157894736842	0.0	0.0494391851656139	1.0	0.1869931001910175	Tier 3 — exploratory	3.0			0.0	0.149594480152814	neutrophil → Vegfa → Tyro3 → CD4 activation-associated program	CORRELATIONAL	Perturb ligand in neutrophil and independently KO/CRISPRi receptor in target T cells	Increase ligand exposure or expression, with receptor-deficient T cells as specificity control	0.80×animal-level interaction score + 0.20×(1−LIANA magnitude rank)	0.9784162233692322	0.7448947530985198	9.0	4.0	0.0	0.8592006085325994	False	ordered cross-sectional support only	neutrophil → Vegfa → Tyro3 → CD4	extracellular	cell-cell / extracellular signal	neutrophil	CD4	0.149594480152814	0.0670532633673389	0.5789473684210527	11.0	8.0	19	False	True	False	True	True	HIGH																			UNKNOWN_UNVALIDATED	False		False	True	True	NOT_ASSESSED	0				No external perturbational dataset integrated	NOT_ASSESSED	LR|neutrophil|Vegfa	LR|neutrophil|Vegfa	ligand_receptor	ligand	0.7865213914729746	0.11735800809303647	1.0	0.5	0.0	0.0	1.0	0.0	1.0	0.5	LR|neutrophil|Vegfa	candidate family retained; no additional grouping without pathway evidence	shared source and ligand for interaction candidates; same regulator for intrinsic candidates	MODERATE	19.0	11.0	8.0	0.5789473684210527	0.0	252.0	231.0	261.0	0.4805194805194805	0.6529667515583009	0.757	within-candidate mouse-effect sign permutation	0.0	0.0	0.5194805194805194		0.0	False	0.4936133265872109	0.08333333333333333	0.06554344928941455	0.009779834007753039	0.0	0.08333333333333333	0.0	0.0	0.08333333333333333	0.0	0.04329004329004329	0.041666666666666664	0.08333333333333333	0.0	False	2	ASSOCIATION_ONLY	Test necessity and sufficiency; Phase 1 is associative.	source-cell ligand knockdown plus T-cell receptor CRISPRi and ligand rescue	CD69/CD137, T-cell effector program and tumor-cell killing	non-targeting guide plus untreated/irrelevant control	receptor-deficient T cells or matched source-cell control	SUPPORTED	SUPPORTED	PARTIALLY_SUPPORTED	PARTIALLY_SUPPORTED	PARTIALLY_SUPPORTED	MISSING	MISSING	temporal/spatial/perturbational evidence missing
neutrophil	Vegfa	Ret	CD4	19	0.2761779637633229	0.0023600560513312	-0.2280701754385964	0.89272256556299	0.7263157894736841	0.0670532633673389	0.0	1.0	0.0	1.0	False	ADT-supported	0.363157894736842	0.0	0.0255302854395317	1.0	0.182211320245801	Tier 3 — exploratory	3.0			0.0	0.1457690561966408	neutrophil → Vegfa → Ret → CD4 activation-associated program	CORRELATIONAL	Perturb ligand in neutrophil and independently KO/CRISPRi receptor in target T cells	Increase ligand exposure or expression, with receptor-deficient T cells as specificity control	0.80×animal-level interaction score + 0.20×(1−LIANA magnitude rank)	-0.5908931081966609	0.8052866614303853	9.0	4.0	0.0	0.8592006085325994	False	ordered cross-sectional support only	neutrophil → Vegfa → Ret → CD4	extracellular	cell-cell / extracellular signal	neutrophil	CD4	0.1457690561966408	0.0670532633673389	0.5789473684210527	11.0	8.0	19	False	True	False	True	True	HIGH																			UNKNOWN_UNVALIDATED	False		False	True	True	NOT_ASSESSED	0				No external perturbational dataset integrated	NOT_ASSESSED	LR|neutrophil|Vegfa	LR|neutrophil|Vegfa	ligand_receptor	ligand	0.7664084984711079	0.11735800809303647	1.0	0.5	0.0	0.0	1.0	0.0	1.0	0.5	LR|neutrophil|Vegfa	candidate family retained; no additional grouping without pathway evidence	shared source and ligand for interaction candidates; same regulator for intrinsic candidates	MODERATE	19.0	11.0	8.0	0.5789473684210527	0.0	262.0	238.0	269.0	0.4615384615384615	0.6529667515583009	0.776	within-candidate mouse-effect sign permutation	0.0	0.0	0.5384615384615385		0.0	False	0.49351900375214025	0.08333333333333333	0.06386737487259232	0.009779834007753039	0.0	0.08333333333333333	0.0	0.0	0.08333333333333333	0.0	0.04487179487179488	0.041666666666666664	0.08333333333333333	0.0	False	2	ASSOCIATION_ONLY	Test necessity and sufficiency; Phase 1 is associative.	source-cell ligand knockdown plus T-cell receptor CRISPRi and ligand rescue	CD69/CD137, T-cell effector program and tumor-cell killing	non-targeting guide plus untreated/irrelevant control	receptor-deficient T cells or matched source-cell control	SUPPORTED	SUPPORTED	PARTIALLY_SUPPORTED	PARTIALLY_SUPPORTED	PARTIALLY_SUPPORTED	MISSING	MISSING	temporal/spatial/perturbational evidence missing
neutrophil	Vegfa	Ephb2	CD4	19	0.2761779637633229	0.0056051331219116	-0.2280701754385964	0.89272256556299	0.7263157894736841	0.0670532633673389	0.0	1.0	0.0	1.0	False	ADT-supported	0.363157894736842	0.0	0.039344812265811	1.0	0.1849742256110569	Tier 3 — exploratory	3.0			0.0	0.1479793804888455	neutrophil → Vegfa → Ephb2 → CD4 activation-associated program	CORRELATIONAL	Perturb ligand in neutrophil and independently KO/CRISPRi receptor in target T cells	Increase ligand exposure or expression, with receptor-deficient T cells as specificity control	0.80×animal-level interaction score + 0.20×(1−LIANA magnitude rank)	0.9493433926905078	0.8536650781469256	9.0	4.0	0.0	0.8592006085325994	False	ordered cross-sectional support only	neutrophil → Vegfa → Ephb2 → CD4	extracellular	cell-cell / extracellular signal	neutrophil	CD4	0.1479793804888455	0.0670532633673389	0.5789473684210527	11.0	8.0	19	False	True	False	True	True	HIGH																			UNKNOWN_UNVALIDATED	False		False	True	True	NOT_ASSESSED	0				No external perturbational dataset integrated	NOT_ASSESSED	LR|neutrophil|Vegfa	LR|neutrophil|Vegfa	ligand_receptor	ligand	0.7780296982382082	0.11735800809303647	1.0	0.5	0.0	0.0	1.0	0.0	1.0	0.5	LR|neutrophil|Vegfa	candidate family retained; no additional grouping without pathway evidence	shared source and ligand for interaction candidates; same regulator for intrinsic candidates	MODERATE	19.0	11.0	8.0	0.5789473684210527	0.0	254.0	235.0	263.0	0.4765234765234765	0.6529667515583009	0.725	within-candidate mouse-effect sign permutation	0.0	0.0	0.5234765234765235		0.0	False	0.49323868581731406	0.08333333333333333	0.06483580818651735	0.009779834007753039	0.0	0.08333333333333333	0.0	0.0	0.08333333333333333	0.0	0.043623043623043624	0.041666666666666664	0.08333333333333333	0.0	False	2	ASSOCIATION_ONLY	Test necessity and sufficiency; Phase 1 is associative.	source-cell ligand knockdown plus T-cell receptor CRISPRi and ligand rescue	CD69/CD137, T-cell effector program and tumor-cell killing	non-targeting guide plus untreated/irrelevant control	receptor-deficient T cells or matched source-cell control	SUPPORTED	SUPPORTED	PARTIALLY_SUPPORTED	PARTIALLY_SUPPORTED	PARTIALLY_SUPPORTED	MISSING	MISSING	temporal/spatial/perturbational evidence missing
fibroblast	Col1a2	Itgb3	CD4	34	0.9570795603543462	0.3818128180544289	0.0239877769289534	0.9900613902584696	-0.6311688311688312	0.0213270534042865	-0.022535801	1.0	-0.95562315	5.056158660183512e-07	False	ADT-supported	0.0119938884644767	0.0	0.6045041307064715	1.0	0.2250986871038611	Tier 3 — exploratory	3.0	0.0751868414451283	0.0076255619229179	0.9248131585548716	0.3650415813940633	fibroblast → Col1a2 → Itgb3 → CD4 activation-associated program	CORRELATIONAL	Perturb ligand in fibroblast and independently KO/CRISPRi receptor in target T cells	Increase ligand exposure or expression, with receptor-deficient T cells as specificity control	0.80×animal-level interaction score + 0.20×(1−LIANA magnitude rank)	0.2309528925524571	0.9241924028142442	9.0	4.0	0.0	0.8592006085325994	False	ordered cross-sectional support only	fibroblast → Col1a2 → Itgb3 → CD4	extracellular	cell-cell / extracellular signal	fibroblast	CD4	0.3650415813940633	0.0213270534042865	0.5294117647058824	18.0	16.0	34	False	True	False	True	True	HIGH																			VALID_FOR_HYPOTHESIS	True		False	True	True	NOT_ASSESSED	0				No external perturbational dataset integrated	NOT_ASSESSED	LR|fibroblast|Col1a2	LR|fibroblast|Col1a2	ligand_receptor	ligand	1.0	0.16710691435499714	1.0	0.5	0.0	0.0	1.0	0.0	1.0	0.5	LR|fibroblast|Col1a2	candidate family retained; no additional grouping without pathway evidence	shared source and ligand for interaction candidates; same regulator for intrinsic candidates	MODERATE	34.0	18.0	16.0	0.5294117647058824	0.0	154.5	118.0	160.0	0.7532467532467533	0.8623295072274665	0.501	within-candidate mouse-effect sign permutation	0.0	0.0	0.24675324675324672		0.0	False	0.4928216800923537	0.08333333333333333	0.08333333333333333	0.013925576196249762	0.0	0.08333333333333333	0.0	0.0	0.08333333333333333	0.0	0.02056277056277056	0.041666666666666664	0.08333333333333333	0.0	False	2	ASSOCIATION_ONLY	Test necessity and sufficiency; Phase 1 is associative.	source-cell ligand knockdown plus T-cell receptor CRISPRi and ligand rescue	CD69/CD137, T-cell effector program and tumor-cell killing	non-targeting guide plus untreated/irrelevant control	receptor-deficient T cells or matched source-cell control	SUPPORTED	SUPPORTED	PARTIALLY_SUPPORTED	PARTIALLY_SUPPORTED	PARTIALLY_SUPPORTED	MISSING	MISSING	temporal/spatial/perturbational evidence missing
neutrophil	Vegfa	Egfr	CD8	19	0.2761779637633229	0.0045016350278167	-0.5368421052631579	0.3679823309352452	0.7017543859649124	0.0885309446401056	0.0	0.8872428468951267	0.0	0.3825814268031414	False	ADT-supported	0.3508771929824562	0.0	0.0352597843950876	1.0	0.1798589744228771	Tier 3 — exploratory	3.0			0.0	0.1438871795383016	neutrophil → Vegfa → Egfr → CD8 activation-associated program	CORRELATIONAL	Perturb ligand in neutrophil and independently KO/CRISPRi receptor in target T cells	Increase ligand exposure or expression, with receptor-deficient T cells as specificity control	0.80×animal-level interaction score + 0.20×(1−LIANA magnitude rank)	-1.2695515443354146	0.6759180959417416	9.0	6.0	0.0	0.8046695441735882	False	ordered cross-sectional support only	neutrophil → Vegfa → Egfr → CD8	extracellular	cell-cell / extracellular signal	neutrophil	CD8	0.1438871795383016	0.0885309446401056	0.5789473684210527	11.0	8.0	19	False	True	False	True	True	HIGH																			UNKNOWN_UNVALIDATED	False		False	True	True	NOT_ASSESSED	0				No external perturbational dataset integrated	NOT_ASSESSED	LR|neutrophil|Vegfa	LR|neutrophil|Vegfa	ligand_receptor	ligand	0.7565141745202144	0.10529049017603113	1.0	0.5	0.0	0.0	1.0	0.0	1.0	0.5	LR|neutrophil|Vegfa	candidate family retained; no additional grouping without pathway evidence	shared source and ligand for interaction candidates; same regulator for intrinsic candidates	MODERATE	19.0	11.0	8.0	0.5789473684210527	0.0	268.0	246.0	270.0	0.4625374625374625	0.6529667515583009	0.773	within-candidate mouse-effect sign permutation	0.0	0.0	0.5374625374625375		0.0	False	0.49160560017989857	0.08333333333333333	0.06304284787668453	0.008774207514669261	0.0	0.08333333333333333	0.0	0.0	0.08333333333333333	0.0	0.04478854478854479	0.041666666666666664	0.08333333333333333	0.0	False	2	ASSOCIATION_ONLY	Test necessity and sufficiency; Phase 1 is associative.	source-cell ligand knockdown plus T-cell receptor CRISPRi and ligand rescue	CD69/CD137, T-cell effector program and tumor-cell killing	non-targeting guide plus untreated/irrelevant control	receptor-deficient T cells or matched source-cell control	SUPPORTED	SUPPORTED	PARTIALLY_SUPPORTED	PARTIALLY_SUPPORTED	PARTIALLY_SUPPORTED	MISSING	MISSING	temporal/spatial/perturbational evidence missing
neutrophil	Vegfa	Itga9	CD8	19	0.2761779637633229	0.0101923811950566	-0.5368421052631579	0.3679823309352452	0.7017543859649124	0.0885309446401056	0.0	1.0	-0.0100955665	0.2793199916332424	False	ADT-supported	0.3508771929824562	0.0	0.0530557356404596	1.0	0.1834181646719516	Tier 3 — exploratory	3.0			0.0	0.1467345317375613	neutrophil → Vegfa → Itga9 → CD8 activation-associated program	CORRELATIONAL	Perturb ligand in neutrophil and independently KO/CRISPRi receptor in target T cells	Increase ligand exposure or expression, with receptor-deficient T cells as specificity control	0.80×animal-level interaction score + 0.20×(1−LIANA magnitude rank)	1.4509319496250446	0.6570621287717398	9.0	6.0	0.0	0.8046695441735882	False	ordered cross-sectional support only	neutrophil → Vegfa → Itga9 → CD8	extracellular	cell-cell / extracellular signal	neutrophil	CD8	0.1467345317375613	0.0885309446401056	0.5789473684210527	11.0	8.0	19	False	True	False	True	True	HIGH																			VALID_FOR_HYPOTHESIS	True		False	True	True	NOT_ASSESSED	0				No external perturbational dataset integrated	NOT_ASSESSED	LR|neutrophil|Vegfa	LR|neutrophil|Vegfa	ligand_receptor	ligand	0.7714846694976205	0.10529049017603113	1.0	0.5	0.0	0.0	1.0	0.0	1.0	0.5	LR|neutrophil|Vegfa	candidate family retained; no additional grouping without pathway evidence	shared source and ligand for interaction candidates; same regulator for intrinsic candidates	MODERATE	19.0	11.0	8.0	0.5789473684210527	0.0	264.0	237.0	267.0	0.4775224775224775	0.6529667515583009	0.782	within-candidate mouse-effect sign permutation	0.0	0.0	0.5224775224775224		0.0	False	0.49160439017926444	0.08333333333333333	0.06429038912480171	0.008774207514669261	0.0	0.08333333333333333	0.0	0.0	0.08333333333333333	0.0	0.043539793539793537	0.041666666666666664	0.08333333333333333	0.0	False	2	ASSOCIATION_ONLY	Test necessity and sufficiency; Phase 1 is associative.	source-cell ligand knockdown plus T-cell receptor CRISPRi and ligand rescue	CD69/CD137, T-cell effector program and tumor-cell killing	non-targeting guide plus untreated/irrelevant control	receptor-deficient T cells or matched source-cell control	SUPPORTED	SUPPORTED	PARTIALLY_SUPPORTED	PARTIALLY_SUPPORTED	PARTIALLY_SUPPORTED	MISSING	MISSING	temporal/spatial/perturbational evidence missing
neutrophil	Vegfa	Tyro3	CD8	19	0.2761779637633229	0.0135473733384295	-0.5368421052631579	0.3679823309352452	0.7017543859649124	0.0885309446401056	-0.105550975	0.1860969316261478	0.0	0.715602167325806	False	ADT-supported	0.3508771929824562	0.0	0.061167687408868	1.0	0.1850405550256332	Tier 3 — exploratory	3.0			0.0	0.1480324440205065	neutrophil → Vegfa → Tyro3 → CD8 activation-associated program	CORRELATIONAL	Perturb ligand in neutrophil and independently KO/CRISPRi receptor in target T cells	Increase ligand exposure or expression, with receptor-deficient T cells as specificity control	0.80×animal-level interaction score + 0.20×(1−LIANA magnitude rank)	-0.6953408369026619	0.8585131143799695	9.0	6.0	0.0	0.8046695441735882	False	ordered cross-sectional support only	neutrophil → Vegfa → Tyro3 → CD8	extracellular	cell-cell / extracellular signal	neutrophil	CD8	0.1480324440205065	0.0885309446401056	0.5789473684210527	11.0	8.0	19	False	True	False	True	True	HIGH																			UNKNOWN_UNVALIDATED	False		False	True	True	NOT_ASSESSED	0				No external perturbational dataset integrated	NOT_ASSESSED	LR|neutrophil|Vegfa	LR|neutrophil|Vegfa	ligand_receptor	ligand	0.778308689834127	0.10529049017603113	1.0	0.5	0.0	0.0	1.0	0.0	1.0	0.5	LR|neutrophil|Vegfa	candidate family retained; no additional grouping without pathway evidence	shared source and ligand for interaction candidates; same regulator for intrinsic candidates	MODERATE	19.0	11.0	8.0	0.5789473684210527	0.0	259.0	235.0	265.0	0.4865134865134865	0.6529667515583009	0.758	within-candidate mouse-effect sign permutation	0.0	0.0	0.5134865134865134		0.0	False	0.4914238077913893	0.08333333333333333	0.06485905748617725	0.008774207514669261	0.0	0.08333333333333333	0.0	0.0	0.08333333333333333	0.0	0.042790542790542785	0.041666666666666664	0.08333333333333333	0.0	False	2	ASSOCIATION_ONLY	Test necessity and sufficiency; Phase 1 is associative.	source-cell ligand knockdown plus T-cell receptor CRISPRi and ligand rescue	CD69/CD137, T-cell effector program and tumor-cell killing	non-targeting guide plus untreated/irrelevant control	receptor-deficient T cells or matched source-cell control	SUPPORTED	SUPPORTED	PARTIALLY_SUPPORTED	PARTIALLY_SUPPORTED	PARTIALLY_SUPPORTED	MISSING	MISSING	temporal/spatial/perturbational evidence missing
neutrophil	Vegfa	Ephb2	CD8	19	0.2761779637633229	0.0067099842867456	-0.5368421052631579	0.3679823309352452	0.7017543859649124	0.0885309446401056	0.0	0.6629922269216806	0.0	1.0	False	ADT-supported	0.3508771929824562	0.0	0.0430482264117502	1.0	0.1814166628262097	Tier 3 — exploratory	3.0			0.0	0.1451333302609677	neutrophil → Vegfa → Ephb2 → CD8 activation-associated program	CORRELATIONAL	Perturb ligand in neutrophil and independently KO/CRISPRi receptor in target T cells	Increase ligand exposure or expression, with receptor-deficient T cells as specificity control	0.80×animal-level interaction score + 0.20×(1−LIANA magnitude rank)	-0.4403574437249909	0.8052805778020413	9.0	6.0	0.0	0.8046695441735882	False	ordered cross-sectional support only	neutrophil → Vegfa → Ephb2 → CD8	extracellular	cell-cell / extracellular signal	neutrophil	CD8	0.1451333302609677	0.0885309446401056	0.5789473684210527	11.0	8.0	19	False	True	False	True	True	HIGH																			UNKNOWN_UNVALIDATED	False		False	True	True	NOT_ASSESSED	0				No external perturbational dataset integrated	NOT_ASSESSED	LR|neutrophil|Vegfa	LR|neutrophil|Vegfa	ligand_receptor	ligand	0.7630660486226223	0.10529049017603113	1.0	0.5	0.0	0.0	1.0	0.0	1.0	0.5	LR|neutrophil|Vegfa	candidate family retained; no additional grouping without pathway evidence	shared source and ligand for interaction candidates; same regulator for intrinsic candidates	MODERATE	19.0	11.0	8.0	0.5789473684210527	0.0	266.0	245.0	268.0	0.4725274725274725	0.6529667515583009	0.782	within-candidate mouse-effect sign permutation	0.0	0.0	0.5274725274725275		0.0	False	0.49131908885593173	0.08333333333333333	0.06358883738521852	0.008774207514669261	0.0	0.08333333333333333	0.0	0.0	0.08333333333333333	0.0	0.04395604395604396	0.041666666666666664	0.08333333333333333	0.0	False	2	ASSOCIATION_ONLY	Test necessity and sufficiency; Phase 1 is associative.	source-cell ligand knockdown plus T-cell receptor CRISPRi and ligand rescue	CD69/CD137, T-cell effector program and tumor-cell killing	non-targeting guide plus untreated/irrelevant control	receptor-deficient T cells or matched source-cell control	SUPPORTED	SUPPORTED	PARTIALLY_SUPPORTED	PARTIALLY_SUPPORTED	PARTIALLY_SUPPORTED	MISSING	MISSING	temporal/spatial/perturbational evidence missing
neutrophil	Vegfa	Flt1_Kdr	CD8	19	0.2761779637633229	0.0006794920796704	-0.5368421052631579	0.3679823309352452	0.7017543859649124	0.0885309446401056	0.0	0.933477852448951	0.0	0.9258976314734788	False	ADT-supported	0.3508771929824562	0.0	0.0136989320370855	1.0	0.1755468039512767	Tier 3 — exploratory	3.0			0.0	0.1404374431610213	neutrophil → Vegfa → Flt1_Kdr → CD8 activation-associated program	CORRELATIONAL	Perturb ligand in neutrophil and independently KO/CRISPRi receptor in target T cells	Increase ligand exposure or expression, with receptor-deficient T cells as specificity control	0.80×animal-level interaction score + 0.20×(1−LIANA magnitude rank)			9.0	6.0	0.0	0.8046695441735882	False	ordered cross-sectional support only	neutrophil → Vegfa → Flt1_Kdr → CD8	extracellular	cell-cell / extracellular signal	neutrophil	CD8	0.1404374431610213	0.0885309446401056	0.5789473684210527	11.0	8.0	19	False	True	False	True	True	HIGH																			UNKNOWN_UNVALIDATED	False		False	True	True	NOT_ASSESSED	0				No external perturbational dataset integrated	NOT_ASSESSED	LR|neutrophil|Vegfa	LR|neutrophil|Vegfa	ligand_receptor	ligand	0.7383765303176894	0.10529049017603113	1.0	0.5	0.0	0.0	1.0	0.0	1.0	0.5	LR|neutrophil|Vegfa	candidate family retained; no additional grouping without pathway evidence	shared source and ligand for interaction candidates; same regulator for intrinsic candidates	MODERATE	19.0	11.0	8.0	0.5789473684210527	0.0	272.0	255.0	273.0	0.4545454545454545	0.6529667515583009	0.779	within-candidate mouse-effect sign permutation	0.0	0.0	0.5454545454545455		0.0	False	0.49076013049568884	0.08333333333333333	0.06153137752647411	0.008774207514669261	0.0	0.08333333333333333	0.0	0.0	0.08333333333333333	0.0	0.04545454545454546	0.041666666666666664	0.08333333333333333	0.0	False	2	ASSOCIATION_ONLY	Test necessity and sufficiency; Phase 1 is associative.	source-cell ligand knockdown plus T-cell receptor CRISPRi and ligand rescue	CD69/CD137, T-cell effector program and tumor-cell killing	non-targeting guide plus untreated/irrelevant control	receptor-deficient T cells or matched source-cell control	SUPPORTED	SUPPORTED	PARTIALLY_SUPPORTED	PARTIALLY_SUPPORTED	PARTIALLY_SUPPORTED	MISSING	MISSING	temporal/spatial/perturbational evidence missing
neutrophil	Vegfa	Grin2b	CD8	19	0.2761779637633229	0.0043742302628784	-0.5368421052631579	0.3679823309352452	0.7017543859649124	0.0885309446401056	0.0	0.8762502448484472	0.0	0.965889866817866	False	ADT-supported	0.3508771929824562	0.0	0.0347572439504873	1.0	0.1797584663339571	Tier 3 — exploratory	3.0			0.0	0.1438067730671657	neutrophil → Vegfa → Grin2b → CD8 activation-associated program	CORRELATIONAL	Perturb ligand in neutrophil and independently KO/CRISPRi receptor in target T cells	Increase ligand exposure or expression, with receptor-deficient T cells as specificity control	0.80×animal-level interaction score + 0.20×(1−LIANA magnitude rank)	-0.0649666431236828	0.7638687931167981	9.0	6.0	0.0	0.8046695441735882	False	ordered cross-sectional support only	neutrophil → Vegfa → Grin2b → CD8	extracellular	cell-cell / extracellular signal	neutrophil	CD8	0.1438067730671657	0.0885309446401056	0.5789473684210527	11.0	8.0	19	False	True	False	True	True	HIGH																			UNKNOWN_UNVALIDATED	False		False	True	True	NOT_ASSESSED	0				No external perturbational dataset integrated	NOT_ASSESSED	LR|neutrophil|Vegfa	LR|neutrophil|Vegfa	ligand_receptor	ligand	0.7560914222268367	0.10529049017603113	1.0	0.5	0.0	0.0	1.0	0.0	1.0	0.5	LR|neutrophil|Vegfa	candidate family retained; no additional grouping without pathway evidence	shared source and ligand for interaction candidates; same regulator for intrinsic candidates	MODERATE	19.0	11.0	8.0	0.5789473684210527	0.0	269.0	247.0	271.0	0.4735264735264735	0.6529667515583009	0.775	within-candidate mouse-effect sign permutation	0.0	0.0	0.5264735264735265		0.0	False	0.49065461990636616	0.08333333333333333	0.06300761851890306	0.008774207514669261	0.0	0.08333333333333333	0.0	0.0	0.08333333333333333	0.0	0.04387279387279388	0.041666666666666664	0.08333333333333333	0.0	False	2	ASSOCIATION_ONLY	Test necessity and sufficiency; Phase 1 is associative.	source-cell ligand knockdown plus T-cell receptor CRISPRi and ligand rescue	CD69/CD137, T-cell effector program and tumor-cell killing	non-targeting guide plus untreated/irrelevant control	receptor-deficient T cells or matched source-cell control	SUPPORTED	SUPPORTED	PARTIALLY_SUPPORTED	PARTIALLY_SUPPORTED	PARTIALLY_SUPPORTED	MISSING	MISSING	temporal/spatial/perturbational evidence missing
neutrophil	Vegfa	Grin2b	CD4	19	0.2761779637633229	0.002212552548123	-0.2280701754385964	0.89272256556299	0.7263157894736841	0.0670532633673389	0.0	1.0	0.0	1.0	False	ADT-supported	0.363157894736842	0.0	0.0247195925828069	1.0	0.1820491816744561	Tier 3 — exploratory	3.0			0.0	0.1456393453395648	neutrophil → Vegfa → Grin2b → CD4 activation-associated program	CORRELATIONAL	Perturb ligand in neutrophil and independently KO/CRISPRi receptor in target T cells	Increase ligand exposure or expression, with receptor-deficient T cells as specificity control	0.80×animal-level interaction score + 0.20×(1−LIANA magnitude rank)	-0.072795654787531	0.9586446892706648	9.0	4.0	0.0	0.8592006085325994	False	ordered cross-sectional support only	neutrophil → Vegfa → Grin2b → CD4	extracellular	cell-cell / extracellular signal	neutrophil	CD4	0.1456393453395648	0.0670532633673389	0.5789473684210527	11.0	8.0	19	False	True	False	True	True	HIGH																			UNKNOWN_UNVALIDATED	False		False	True	True	NOT_ASSESSED	0				No external perturbational dataset integrated	NOT_ASSESSED	LR|neutrophil|Vegfa	LR|neutrophil|Vegfa	ligand_receptor	ligand	0.7657265190044034	0.11735800809303647	1.0	0.5	0.0	0.0	1.0	0.0	1.0	0.5	LR|neutrophil|Vegfa	candidate family retained; no additional grouping without pathway evidence	shared source and ligand for interaction candidates; same regulator for intrinsic candidates	MODERATE	19.0	11.0	8.0	0.5789473684210527	0.0	263.0	239.0	270.0	0.4965034965034965	0.6529667515583009	0.741	within-candidate mouse-effect sign permutation	0.0	0.0	0.5034965034965035		0.0	False	0.49054841921616194	0.08333333333333333	0.06381054325036695	0.009779834007753039	0.0	0.08333333333333333	0.0	0.0	0.08333333333333333	0.0	0.04195804195804196	0.041666666666666664	0.08333333333333333	0.0	False	2	ASSOCIATION_ONLY	Test necessity and sufficiency; Phase 1 is associative.	source-cell ligand knockdown plus T-cell receptor CRISPRi and ligand rescue	CD69/CD137, T-cell effector program and tumor-cell killing	non-targeting guide plus untreated/irrelevant control	receptor-deficient T cells or matched source-cell control	SUPPORTED	SUPPORTED	PARTIALLY_SUPPORTED	PARTIALLY_SUPPORTED	PARTIALLY_SUPPORTED	MISSING	MISSING	temporal/spatial/perturbational evidence missing
fibroblast	Adam10	Il6ra	CD8	34	0.7196891535778037	0.0936000339746039	0.2736440030557677	0.6461037590371728	-0.6916730328495033	0.0113532028462642	0.5916889	0.0714598329795409	-1.5908616	2.662078670593558e-05	False	ADT-supported	0.1368220015278838	0.0986148166666666	0.259543694252117	1.0	0.2244501435518494	Tier 3 — exploratory	3.0	1.0	1.0	0.0	0.1795601148414795	fibroblast → Adam10 → Il6ra → CD8 activation-associated program	CORRELATIONAL	Perturb ligand in fibroblast and independently KO/CRISPRi receptor in target T cells	Increase ligand exposure or expression, with receptor-deficient T cells as specificity control	0.80×animal-level interaction score + 0.20×(1−LIANA magnitude rank)	-0.3726509607043882	0.8498583206188751	9.0	6.0	0.0	0.8046695441735882	False	ordered cross-sectional support only	fibroblast → Adam10 → Il6ra → CD8	extracellular	cell-cell / extracellular signal	fibroblast	CD8	0.1795601148414795	0.0113532028462642	0.5294117647058824	18.0	16.0	34	False	True	False	True	True	HIGH																			UNKNOWN_UNVALIDATED	False	Membrane protease/shedding mechanism; specific substrate relationship required	False	True	True	NOT_ASSESSED	0				No external perturbational dataset integrated	NOT_ASSESSED	LR|fibroblast|Adam10	LR|fibroblast|Adam10	ligand_receptor	ligand	0.9440714071394896	0.19448816025910026	1.0	0.5	0.0	0.0	1.0	0.0	1.0	0.5	LR|fibroblast|Adam10	candidate family retained; no additional grouping without pathway evidence	shared source and ligand for interaction candidates; same regulator for intrinsic candidates	MODERATE	34.0	18.0	16.0	0.5294117647058824	0.0	190.0	163.0	201.0	0.7572427572427572	0.8623295072274665	0.475	within-candidate mouse-effect sign permutation	0.0	0.0	0.24275724275724275		0.0	False	0.4901097341796527	0.08333333333333333	0.07867261726162413	0.016207346688258354	0.0	0.08333333333333333	0.0	0.0	0.08333333333333333	0.0	0.020229770229770228	0.041666666666666664	0.08333333333333333	0.0	False	2	ASSOCIATION_ONLY	Test necessity and sufficiency; Phase 1 is associative.	source-cell ligand knockdown plus T-cell receptor CRISPRi and ligand rescue	CD69/CD137, T-cell effector program and tumor-cell killing	non-targeting guide plus untreated/irrelevant control	receptor-deficient T cells or matched source-cell control	SUPPORTED	SUPPORTED	PARTIALLY_SUPPORTED	PARTIALLY_SUPPORTED	PARTIALLY_SUPPORTED	MISSING	MISSING	temporal/spatial/perturbational evidence missing
neutrophil	Vegfa	Nrp2	CD8	19	0.2761779637633229	0.0329553658640166	-0.5368421052631579	0.3679823309352452	0.7017543859649124	0.0885309446401056	-0.05959332	1.0	-0.5959931	0.2107647158754655	False	ADT-supported	0.3508771929824562	0.0	0.0954020221976423	1.0	0.1918874219833881	Tier 3 — exploratory	3.0			0.0	0.1535099375867105	neutrophil → Vegfa → Nrp2 → CD8 activation-associated program	CORRELATIONAL	Perturb ligand in neutrophil and independently KO/CRISPRi receptor in target T cells	Increase ligand exposure or expression, with receptor-deficient T cells as specificity control	0.80×animal-level interaction score + 0.20×(1−LIANA magnitude rank)	-0.0229997830132307	0.7581626778354545	9.0	6.0	0.0	0.8046695441735882	False	ordered cross-sectional support only	neutrophil → Vegfa → Nrp2 → CD8	extracellular	cell-cell / extracellular signal	neutrophil	CD8	0.1535099375867105	0.0885309446401056	0.5789473684210527	11.0	8.0	19	False	True	False	True	True	HIGH																			UNKNOWN_UNVALIDATED	False		False	True	True	NOT_ASSESSED	0				No external perturbational dataset integrated	NOT_ASSESSED	LR|neutrophil|Vegfa	LR|neutrophil|Vegfa	ligand_receptor	ligand	0.8071076525837829	0.10529049017603113	1.0	0.5	0.0	0.0	1.0	0.0	1.0	0.5	LR|neutrophil|Vegfa	candidate family retained; no additional grouping without pathway evidence	shared source and ligand for interaction candidates; same regulator for intrinsic candidates	MODERATE	19.0	11.0	8.0	0.5789473684210527	0.0	248.0	224.0	258.0	0.5314685314685315	0.677076348309225	0.748	within-candidate mouse-effect sign permutation	0.0	0.0	0.46853146853146854		0.0	False	0.4900774676076069	0.08333333333333333	0.06725897104864857	0.008774207514669261	0.0	0.08333333333333333	0.0	0.0	0.08333333333333333	0.0	0.03904428904428905	0.041666666666666664	0.08333333333333333	0.0	False	2	ASSOCIATION_ONLY	Test necessity and sufficiency; Phase 1 is associative.	source-cell ligand knockdown plus T-cell receptor CRISPRi and ligand rescue	CD69/CD137, T-cell effector program and tumor-cell killing	non-targeting guide plus untreated/irrelevant control	receptor-deficient T cells or matched source-cell control	SUPPORTED	SUPPORTED	PARTIALLY_SUPPORTED	PARTIALLY_SUPPORTED	PARTIALLY_SUPPORTED	MISSING	MISSING	temporal/spatial/perturbational evidence missing
neutrophil	Vegfa	Flt1_Kdr	CD4	19	0.2761779637633229	0.000737517516041	-0.2280701754385964	0.89272256556299	0.7263157894736841	0.0670532633673389	0.0	1.0	0.0	1.0	False	ADT-supported	0.363157894736842	0.0	0.0142718634319414	1.0	0.179959635844283	Tier 3 — exploratory	3.0			0.0	0.1439677086754264	neutrophil → Vegfa → Flt1_Kdr → CD4 activation-associated program	CORRELATIONAL	Perturb ligand in neutrophil and independently KO/CRISPRi receptor in target T cells	Increase ligand exposure or expression, with receptor-deficient T cells as specificity control	0.80×animal-level interaction score + 0.20×(1−LIANA magnitude rank)			9.0	4.0	0.0	0.8592006085325994	False	ordered cross-sectional support only	neutrophil → Vegfa → Flt1_Kdr → CD4	extracellular	cell-cell / extracellular signal	neutrophil	CD4	0.1439677086754264	0.0670532633673389	0.5789473684210527	11.0	8.0	19	False	True	False	True	True	HIGH																			UNKNOWN_UNVALIDATED	False		False	True	True	NOT_ASSESSED	0				No external perturbational dataset integrated	NOT_ASSESSED	LR|neutrophil|Vegfa	LR|neutrophil|Vegfa	ligand_receptor	ligand	0.7569375717533264	0.11735800809303647	1.0	0.5	0.0	0.0	1.0	0.0	1.0	0.5	LR|neutrophil|Vegfa	candidate family retained; no additional grouping without pathway evidence	shared source and ligand for interaction candidates; same regulator for intrinsic candidates	MODERATE	19.0	11.0	8.0	0.5789473684210527	0.0	267.0	246.0	271.0	0.4985014985014985	0.6529667515583009	0.751	within-candidate mouse-effect sign permutation	0.0	0.0	0.5014985014985015		0.0	False	0.4896495067787387	0.08333333333333333	0.06307813097944387	0.009779834007753039	0.0	0.08333333333333333	0.0	0.0	0.08333333333333333	0.0	0.04179154179154179	0.041666666666666664	0.08333333333333333	0.0	False	2	ASSOCIATION_ONLY	Test necessity and sufficiency; Phase 1 is associative.	source-cell ligand knockdown plus T-cell receptor CRISPRi and ligand rescue	CD69/CD137, T-cell effector program and tumor-cell killing	non-targeting guide plus untreated/irrelevant control	receptor-deficient T cells or matched source-cell control	SUPPORTED	SUPPORTED	PARTIALLY_SUPPORTED	PARTIALLY_SUPPORTED	PARTIALLY_SUPPORTED	MISSING	MISSING	temporal/spatial/perturbational evidence missing
fibroblast	Adam10	Axl	CD8	34	0.7196891535778037	0.0636599142141249	0.2736440030557677	0.6461037590371728	-0.6916730328495033	0.0113532028462642	-0.030194998	1.0	0.26909018	0.0401836268939604	False	ADT-supported	0.1368220015278838	0.0448483633333333	0.2140452049862345	1.0	0.2019088323653396	Tier 3 — exploratory	3.0			0.0	0.1615270658922717	fibroblast → Adam10 → Axl → CD8 activation-associated program	CORRELATIONAL	Perturb ligand in fibroblast and independently KO/CRISPRi receptor in target T cells	Increase ligand exposure or expression, with receptor-deficient T cells as specificity control	0.80×animal-level interaction score + 0.20×(1−LIANA magnitude rank)	-1.075380917922192	0.8406897965948069	9.0	6.0	0.0	0.8046695441735882	False	ordered cross-sectional support only	fibroblast → Adam10 → Axl → CD8	extracellular	cell-cell / extracellular signal	fibroblast	CD8	0.1615270658922717	0.0113532028462642	0.5294117647058824	18.0	16.0	34	False	True	False	True	True	HIGH																			UNKNOWN_UNVALIDATED	False	Membrane protease/shedding mechanism; specific substrate relationship required	False	True	True	NOT_ASSESSED	0				No external perturbational dataset integrated	NOT_ASSESSED	LR|fibroblast|Adam10	LR|fibroblast|Adam10	ligand_receptor	ligand	0.849259227321474	0.19448816025910026	1.0	0.5	0.0	0.0	1.0	0.0	1.0	0.5	LR|fibroblast|Adam10	candidate family retained; no additional grouping without pathway evidence	shared source and ligand for interaction candidates; same regulator for intrinsic candidates	MODERATE	34.0	18.0	16.0	0.5294117647058824	0.0	233.0	222.0	239.0	0.7152847152847153	0.8513881076906288	0.534	within-candidate mouse-effect sign permutation	0.0	0.0	0.28471528471528473		0.0	False	0.4857052226913216	0.08333333333333333	0.0707716022767895	0.016207346688258354	0.0	0.08333333333333333	0.0	0.0	0.08333333333333333	0.0	0.023726273726273728	0.041666666666666664	0.08333333333333333	0.0	False	2	ASSOCIATION_ONLY	Test necessity and sufficiency; Phase 1 is associative.	source-cell ligand knockdown plus T-cell receptor CRISPRi and ligand rescue	CD69/CD137, T-cell effector program and tumor-cell killing	non-targeting guide plus untreated/irrelevant control	receptor-deficient T cells or matched source-cell control	SUPPORTED	SUPPORTED	PARTIALLY_SUPPORTED	PARTIALLY_SUPPORTED	PARTIALLY_SUPPORTED	MISSING	MISSING	temporal/spatial/perturbational evidence missing
fibroblast	Col1a2	Itga3_Itgb1	CD4	34	0.9570795603543462	0.0615089608378199	0.0239877769289534	0.9900613902584696	-0.6311688311688312	0.0213270534042865	-0.27310753	0.0257278570387628	-1.6698895	6.386277766181647e-05	False	ADT-supported	0.0119938884644767	0.0	0.2426292834686559	1.0	0.202723717656298	Tier 3 — exploratory	3.0			0.0	0.1621789741250384	fibroblast → Col1a2 → Itga3_Itgb1 → CD4 activation-associated program	CORRELATIONAL	Perturb ligand in fibroblast and independently KO/CRISPRi receptor in target T cells	Increase ligand exposure or expression, with receptor-deficient T cells as specificity control	0.80×animal-level interaction score + 0.20×(1−LIANA magnitude rank)			9.0	4.0	0.0	0.8592006085325994	False	ordered cross-sectional support only	fibroblast → Col1a2 → Itga3_Itgb1 → CD4	extracellular	cell-cell / extracellular signal	fibroblast	CD4	0.1621789741250384	0.0213270534042865	0.5294117647058824	18.0	16.0	34	False	True	False	True	True	HIGH																			VALID_FOR_HYPOTHESIS	True		False	True	True	NOT_ASSESSED	0				No external perturbational dataset integrated	NOT_ASSESSED	LR|fibroblast|Col1a2	LR|fibroblast|Col1a2	ligand_receptor	ligand	0.8526867586703886	0.16710691435499714	1.0	0.5	0.0	0.0	1.0	0.0	1.0	0.5	LR|fibroblast|Col1a2	candidate family retained; no additional grouping without pathway evidence	shared source and ligand for interaction candidates; same regulator for intrinsic candidates	MODERATE	34.0	18.0	16.0	0.5294117647058824	0.0	240.0	222.0	252.0	0.7012987012987013	0.8433721450962831	0.532	within-candidate mouse-effect sign permutation	0.0	0.0	0.2987012987012987		0.0	False	0.4848745809772237	0.08333333333333333	0.07105722988919905	0.013925576196249762	0.0	0.08333333333333333	0.0	0.0	0.08333333333333333	0.0	0.024891774891774892	0.041666666666666664	0.08333333333333333	0.0	False	2	ASSOCIATION_ONLY	Test necessity and sufficiency; Phase 1 is associative.	source-cell ligand knockdown plus T-cell receptor CRISPRi and ligand rescue	CD69/CD137, T-cell effector program and tumor-cell killing	non-targeting guide plus untreated/irrelevant control	receptor-deficient T cells or matched source-cell control	SUPPORTED	SUPPORTED	PARTIALLY_SUPPORTED	PARTIALLY_SUPPORTED	PARTIALLY_SUPPORTED	MISSING	MISSING	temporal/spatial/perturbational evidence missing
fibroblast	Adam10	Gpnmb	CD8	34	0.7196891535778037	0.2063532509449186	0.2736440030557677	0.6461037590371728	-0.6916730328495033	0.0113532028462642	0.20839119	0.8193808951491136	-0.30199814	0.1893482532888017	False	ADT-supported	0.1368220015278838	0.034731865	0.3853702070873884	1.0	0.183644708202237	Tier 3 — exploratory	3.0	0.9694799909836403	1.0	0.0305200090163596	0.1530197683650615	fibroblast → Adam10 → Gpnmb → CD8 activation-associated program	CORRELATIONAL	Perturb ligand in fibroblast and independently KO/CRISPRi receptor in target T cells	Increase ligand exposure or expression, with receptor-deficient T cells as specificity control	0.80×animal-level interaction score + 0.20×(1−LIANA magnitude rank)	0.6095361041486235	0.703880072431168	9.0	6.0	0.0	0.8046695441735882	False	ordered cross-sectional support only	fibroblast → Adam10 → Gpnmb → CD8	extracellular	cell-cell / extracellular signal	fibroblast	CD8	0.1530197683650615	0.0113532028462642	0.5294117647058824	18.0	16.0	34	False	True	False	True	True	HIGH																			UNKNOWN_UNVALIDATED	False	Membrane protease/shedding mechanism; specific substrate relationship required	False	True	True	NOT_ASSESSED	0				No external perturbational dataset integrated	NOT_ASSESSED	LR|fibroblast|Adam10	LR|fibroblast|Adam10	ligand_receptor	ligand	0.8045304948044668	0.19448816025910026	1.0	0.5	0.0	0.0	1.0	0.0	1.0	0.5	LR|fibroblast|Adam10	candidate family retained; no additional grouping without pathway evidence	shared source and ligand for interaction candidates; same regulator for intrinsic candidates	MODERATE	34.0	18.0	16.0	0.5294117647058824	0.0	250.5	240.0	259.0	0.7652347652347652	0.8678882093516239	0.514	within-candidate mouse-effect sign permutation	0.0	0.0	0.2347652347652348		0.0	False	0.4778153241524002	0.08333333333333333	0.06704420790037223	0.016207346688258354	0.0	0.08333333333333333	0.0	0.0	0.08333333333333333	0.0	0.019563769563769567	0.041666666666666664	0.08333333333333333	0.0	False	2	ASSOCIATION_ONLY	Test necessity and sufficiency; Phase 1 is associative.	source-cell ligand knockdown plus T-cell receptor CRISPRi and ligand rescue	CD69/CD137, T-cell effector program and tumor-cell killing	non-targeting guide plus untreated/irrelevant control	receptor-deficient T cells or matched source-cell control	SUPPORTED	SUPPORTED	PARTIALLY_SUPPORTED	PARTIALLY_SUPPORTED	PARTIALLY_SUPPORTED	MISSING	MISSING	temporal/spatial/perturbational evidence missing
fibroblast	Adam10	Met	CD8	34	0.7196891535778037	0.0951288911538624	0.2736440030557677	0.6461037590371728	-0.6916730328495033	0.0113532028462642	0.20710981	0.3435365551099307	-0.024766564	1.0	False	ADT-supported	0.1368220015278838	0.0345183016666666	0.2616547938703174	1.0	0.1588482347254895	Tier 3 — exploratory	3.0			0.0	0.1270785877803916	fibroblast → Adam10 → Met → CD8 activation-associated program	CORRELATIONAL	Perturb ligand in fibroblast and independently KO/CRISPRi receptor in target T cells	Increase ligand exposure or expression, with receptor-deficient T cells as specificity control	0.80×animal-level interaction score + 0.20×(1−LIANA magnitude rank)	0.5626291808589041	0.9130884006656248	9.0	6.0	0.0	0.8046695441735882	False	ordered cross-sectional support only	fibroblast → Adam10 → Met → CD8	extracellular	cell-cell / extracellular signal	fibroblast	CD8	0.1270785877803916	0.0113532028462642	0.5294117647058824	18.0	16.0	34	False	True	False	True	True	HIGH																			UNKNOWN_UNVALIDATED	False	Membrane protease/shedding mechanism; specific substrate relationship required	False	True	True	NOT_ASSESSED	0				No external perturbational dataset integrated	NOT_ASSESSED	LR|fibroblast|Adam10	LR|fibroblast|Adam10	ligand_receptor	ligand	0.6681398109432449	0.19448816025910026	1.0	0.5	0.0	0.0	1.0	0.0	1.0	0.5	LR|fibroblast|Adam10	candidate family retained; no additional grouping without pathway evidence	shared source and ligand for interaction candidates; same regulator for intrinsic candidates	MODERATE	34.0	18.0	16.0	0.5294117647058824	0.0	276.0	275.0	278.0	0.7252747252747253	0.8513881076906288	0.535	within-candidate mouse-effect sign permutation	0.0	0.0	0.27472527472527475		0.0	False	0.46977943716063497	0.08333333333333333	0.055678317578603746	0.016207346688258354	0.0	0.08333333333333333	0.0	0.0	0.08333333333333333	0.0	0.022893772893772896	0.041666666666666664	0.08333333333333333	0.0	False	2	ASSOCIATION_ONLY	Test necessity and sufficiency; Phase 1 is associative.	source-cell ligand knockdown plus T-cell receptor CRISPRi and ligand rescue	CD69/CD137, T-cell effector program and tumor-cell killing	non-targeting guide plus untreated/irrelevant control	receptor-deficient T cells or matched source-cell control	SUPPORTED	SUPPORTED	PARTIALLY_SUPPORTED	PARTIALLY_SUPPORTED	PARTIALLY_SUPPORTED	MISSING	MISSING	temporal/spatial/perturbational evidence missing
fibroblast	Fbn1	Itgb1	CD4	34	0.9187529534862028	0.6470241168227746	0.0197097020626432	0.990285874387002	-0.5779984721161191	0.0567530674287983	-0.27310753	0.0222896046084842	-1.6698895	5.056158660183512e-07	False	ADT-supported	0.0098548510313216	0.0	0.7710092854873579	1.0	0.3076510549584341	Tier 3 — exploratory	3.0	0.0101816400732374	0.0277325767152067	0.9898183599267626	0.4440845159520998	fibroblast → Fbn1 → Itgb1 → CD4 activation-associated program	CORRELATIONAL	Perturb ligand in fibroblast and independently KO/CRISPRi receptor in target T cells	Increase ligand exposure or expression, with receptor-deficient T cells as specificity control	0.80×animal-level interaction score + 0.20×(1−LIANA magnitude rank)	-0.006762260189487	0.9737357980556924	9.0	4.0	0.0	0.8592006085325994	False	ordered cross-sectional support only	fibroblast → Fbn1 → Itgb1 → CD4	extracellular	cell-cell / extracellular signal	fibroblast	CD4	0.4440845159520998	0.0567530674287983	0.5	17.0	17.0	34	False	True	False	True	True	HIGH																			UNKNOWN_UNVALIDATED	False		False	True	True	NOT_ASSESSED	0				No external perturbational dataset integrated	NOT_ASSESSED	LR|fibroblast|Fbn1	LR|fibroblast|Fbn1	ligand_receptor	ligand	1.0	0.12460106604537977	1.0	0.5	0.0	0.0	1.0	0.0	1.0	0.5	LR|fibroblast|Fbn1	candidate family retained; no additional grouping without pathway evidence	shared source and ligand for interaction candidates; same regulator for intrinsic candidates	MODERATE	34.0	17.0	17.0	0.5	0.0	195.0	169.0	212.0	1.0	1.0	0.291	within-candidate mouse-effect sign permutation	0.0	0.0	0.0		0.0	False	0.4687167555037816	0.08333333333333333	0.08333333333333333	0.010383422170448313	0.0	0.08333333333333333	0.0	0.0	0.08333333333333333	0.0	0.0	0.041666666666666664	0.08333333333333333	0.0	False	2	ASSOCIATION_ONLY	Test necessity and sufficiency; Phase 1 is associative.	source-cell ligand knockdown plus T-cell receptor CRISPRi and ligand rescue	CD69/CD137, T-cell effector program and tumor-cell killing	non-targeting guide plus untreated/irrelevant control	receptor-deficient T cells or matched source-cell control	SUPPORTED	SUPPORTED	PARTIALLY_SUPPORTED	PARTIALLY_SUPPORTED	PARTIALLY_SUPPORTED	MISSING	MISSING	temporal/spatial/perturbational evidence missing
fibroblast	Fbn1	Itgb3	CD4	34	0.9187529534862028	0.3818128180544289	0.0197097020626432	0.990285874387002	-0.5779984721161191	0.0567530674287983	-0.022535801	1.0	-0.95562315	5.056158660183512e-07	False	ADT-supported	0.0098548510313216	0.0	0.5922766703715391	1.0	0.2219045319352703	Tier 3 — exploratory	3.0	0.2485212284451959	0.0098598461312839	0.7514787715548041	0.3278193798591771	fibroblast → Fbn1 → Itgb3 → CD4 activation-associated program	CORRELATIONAL	Perturb ligand in fibroblast and independently KO/CRISPRi receptor in target T cells	Increase ligand exposure or expression, with receptor-deficient T cells as specificity control	0.80×animal-level interaction score + 0.20×(1−LIANA magnitude rank)	0.2309528925524571	0.9241924028142442	9.0	4.0	0.0	0.8592006085325994	False	ordered cross-sectional support only	fibroblast → Fbn1 → Itgb3 → CD4	extracellular	cell-cell / extracellular signal	fibroblast	CD4	0.3278193798591771	0.0567530674287983	0.5	17.0	17.0	34	False	True	False	True	True	HIGH																			UNKNOWN_UNVALIDATED	False		False	True	True	NOT_ASSESSED	0				No external perturbational dataset integrated	NOT_ASSESSED	LR|fibroblast|Fbn1	LR|fibroblast|Fbn1	ligand_receptor	ligand	1.0	0.12460106604537977	1.0	0.5	0.0	0.0	1.0	0.0	1.0	0.5	LR|fibroblast|Fbn1	candidate family retained; no additional grouping without pathway evidence	shared source and ligand for interaction candidates; same regulator for intrinsic candidates	MODERATE	34.0	17.0	17.0	0.5	0.0	195.0	169.0	212.0	1.0	1.0	0.262	within-candidate mouse-effect sign permutation	0.0	0.0	0.0		0.0	False	0.4687167555037816	0.08333333333333333	0.08333333333333333	0.010383422170448313	0.0	0.08333333333333333	0.0	0.0	0.08333333333333333	0.0	0.0	0.041666666666666664	0.08333333333333333	0.0	False	2	ASSOCIATION_ONLY	Test necessity and sufficiency; Phase 1 is associative.	source-cell ligand knockdown plus T-cell receptor CRISPRi and ligand rescue	CD69/CD137, T-cell effector program and tumor-cell killing	non-targeting guide plus untreated/irrelevant control	receptor-deficient T cells or matched source-cell control	SUPPORTED	SUPPORTED	PARTIALLY_SUPPORTED	PARTIALLY_SUPPORTED	PARTIALLY_SUPPORTED	MISSING	MISSING	temporal/spatial/perturbational evidence missing
neutrophil	Lamb3	Cd44	CD4	19	0.3163959346397426	0.7128106792536324	-0.3596491228070175	0.7621623264028842	0.7070175438596492	0.0914430238730272	0.9703646	1.9767398454773044e-06	-0.07839012	0.3301218053312729	False	ADT-supported	0.3535087719298246	0.1617274333333333	0.4749004117534989	1.0	0.3591400108594716	Tier 3 — exploratory	3.0	0.5076711081132599	1.0	0.4923288918867401	0.3857777870649253	neutrophil → Lamb3 → Cd44 → CD4 activation-associated program	CORRELATIONAL	Perturb ligand in neutrophil and independently KO/CRISPRi receptor in target T cells	Increase ligand exposure or expression, with receptor-deficient T cells as specificity control	0.80×animal-level interaction score + 0.20×(1−LIANA magnitude rank)	0.1045084727826486	0.9444426043704072	9.0	4.0	0.0	0.8592006085325994	False	ordered cross-sectional support only	neutrophil → Lamb3 → Cd44 → CD4	extracellular	cell-cell / extracellular signal	neutrophil	CD4	0.3857777870649253	0.0914430238730272	0.4736842105263157	9.0	10.0	19	False	True	False	True	True	HIGH																			VALID_FOR_HYPOTHESIS	True		False	True	True	NOT_ASSESSED	0				No external perturbational dataset integrated	NOT_ASSESSED	LR|neutrophil|Lamb3	LR|neutrophil|Lamb3	ligand_receptor	ligand	1.0	0.103884942095862	1.0	0.5	0.0	0.0	1.0	0.0	1.0	0.5	LR|neutrophil|Lamb3	candidate family retained; no additional grouping without pathway evidence	shared source and ligand for interaction candidates; same regulator for intrinsic candidates	MODERATE	19.0	9.0	10.0	0.4736842105263157	0.0	199.0	196.0	207.0	1.0	1.0	0.203	within-candidate mouse-effect sign permutation	0.0	0.0	0.0		0.0	False	0.4669904118413218	0.08333333333333333	0.08333333333333333	0.0086570785079885	0.0	0.08333333333333333	0.0	0.0	0.08333333333333333	0.0	0.0	0.041666666666666664	0.08333333333333333	0.0	False	2	ASSOCIATION_ONLY	Test necessity and sufficiency; Phase 1 is associative.	source-cell ligand knockdown plus T-cell receptor CRISPRi and ligand rescue	CD69/CD137, T-cell effector program and tumor-cell killing	non-targeting guide plus untreated/irrelevant control	receptor-deficient T cells or matched source-cell control	SUPPORTED	SUPPORTED	PARTIALLY_SUPPORTED	PARTIALLY_SUPPORTED	PARTIALLY_SUPPORTED	MISSING	MISSING	temporal/spatial/perturbational evidence missing
neutrophil	Lamb3	Itgav_Itgb8	CD4	19	0.3163959346397426	0.1825355852201489	-0.3596491228070175	0.7621623264028842	0.7070175438596492	0.0914430238730272	0.6891265	0.0051899204345096	1.8817091	5.056158660183512e-07	False	ADT-supported	0.3535087719298246	0.4284725999999999	0.2403196144527978	1.0	0.4289101430659982	Tier 3 — exploratory	3.0			0.0	0.3431281144527985	neutrophil → Lamb3 → Itgav_Itgb8 → CD4 activation-associated program	CORRELATIONAL	Perturb ligand in neutrophil and independently KO/CRISPRi receptor in target T cells	Increase ligand exposure or expression, with receptor-deficient T cells as specificity control	0.80×animal-level interaction score + 0.20×(1−LIANA magnitude rank)			9.0	4.0	0.0	0.8592006085325994	False	ordered cross-sectional support only	neutrophil → Lamb3 → Itgav_Itgb8 → CD4	extracellular	cell-cell / extracellular signal	neutrophil	CD4	0.3431281144527985	0.0914430238730272	0.4736842105263157	9.0	10.0	19	False	True	False	True	True	HIGH																			VALID_FOR_HYPOTHESIS	True		False	True	True	NOT_ASSESSED	0				No external perturbational dataset integrated	NOT_ASSESSED	LR|neutrophil|Lamb3	LR|neutrophil|Lamb3	ligand_receptor	ligand	1.0	0.103884942095862	1.0	0.5	0.0	0.0	1.0	0.0	1.0	0.5	LR|neutrophil|Lamb3	candidate family retained; no additional grouping without pathway evidence	shared source and ligand for interaction candidates; same regulator for intrinsic candidates	MODERATE	19.0	9.0	10.0	0.4736842105263157	0.0	199.0	196.0	207.0	1.0	1.0	0.189	within-candidate mouse-effect sign permutation	0.0	0.0	0.0		0.0	False	0.4669904118413218	0.08333333333333333	0.08333333333333333	0.0086570785079885	0.0	0.08333333333333333	0.0	0.0	0.08333333333333333	0.0	0.0	0.041666666666666664	0.08333333333333333	0.0	False	2	ASSOCIATION_ONLY	Test necessity and sufficiency; Phase 1 is associative.	source-cell ligand knockdown plus T-cell receptor CRISPRi and ligand rescue	CD69/CD137, T-cell effector program and tumor-cell killing	non-targeting guide plus untreated/irrelevant control	receptor-deficient T cells or matched source-cell control	SUPPORTED	SUPPORTED	PARTIALLY_SUPPORTED	PARTIALLY_SUPPORTED	PARTIALLY_SUPPORTED	MISSING	MISSING	temporal/spatial/perturbational evidence missing
neutrophil	Lamb3	Itga6_Itgb1	CD4	19	0.3163959346397426	0.1935983479607641	-0.3596491228070175	0.7621623264028842	0.7070175438596492	0.0914430238730272	-0.27310753	1.0	-1.6698895	0.0418596341043116	False	ADT-supported	0.3535087719298246	0.0	0.2474949095390773	1.0	0.273227052083254	Tier 3 — exploratory	3.0	0.6902192116009578	0.0874267002502295	0.3097807883990422	0.2805377993464116	neutrophil → Lamb3 → Itga6_Itgb1 → CD4 activation-associated program	CORRELATIONAL	Perturb ligand in neutrophil and independently KO/CRISPRi receptor in target T cells	Increase ligand exposure or expression, with receptor-deficient T cells as specificity control	0.80×animal-level interaction score + 0.20×(1−LIANA magnitude rank)			9.0	4.0	0.0	0.8592006085325994	False	ordered cross-sectional support only	neutrophil → Lamb3 → Itga6_Itgb1 → CD4	extracellular	cell-cell / extracellular signal	neutrophil	CD4	0.2805377993464116	0.0914430238730272	0.4736842105263157	9.0	10.0	19	False	True	False	True	True	HIGH																			VALID_FOR_HYPOTHESIS	True		False	True	True	NOT_ASSESSED	0				No external perturbational dataset integrated	NOT_ASSESSED	LR|neutrophil|Lamb3	LR|neutrophil|Lamb3	ligand_receptor	ligand	1.0	0.103884942095862	1.0	0.5	0.0	0.0	1.0	0.0	1.0	0.5	LR|neutrophil|Lamb3	candidate family retained; no additional grouping without pathway evidence	shared source and ligand for interaction candidates; same regulator for intrinsic candidates	MODERATE	19.0	9.0	10.0	0.4736842105263157	0.0	199.0	196.0	207.0	1.0	1.0	0.191	within-candidate mouse-effect sign permutation	0.0	0.0	0.0		0.0	False	0.4669904118413218	0.08333333333333333	0.08333333333333333	0.0086570785079885	0.0	0.08333333333333333	0.0	0.0	0.08333333333333333	0.0	0.0	0.041666666666666664	0.08333333333333333	0.0	False	2	ASSOCIATION_ONLY	Test necessity and sufficiency; Phase 1 is associative.	source-cell ligand knockdown plus T-cell receptor CRISPRi and ligand rescue	CD69/CD137, T-cell effector program and tumor-cell killing	non-targeting guide plus untreated/irrelevant control	receptor-deficient T cells or matched source-cell control	SUPPORTED	SUPPORTED	PARTIALLY_SUPPORTED	PARTIALLY_SUPPORTED	PARTIALLY_SUPPORTED	MISSING	MISSING	temporal/spatial/perturbational evidence missing
neutrophil	Lamb3	Itga3_Itgb1	CD4	19	0.3163959346397426	0.0615089608378199	-0.3596491228070175	0.7621623264028842	0.7070175438596492	0.0914430238730272	-0.27310753	0.0257278570387628	-1.6698895	6.386277766181647e-05	False	ADT-supported	0.3535087719298246	0.0	0.1395033517626059	1.0	0.3016287405279598	Tier 3 — exploratory	3.0			0.0	0.2413029924223678	neutrophil → Lamb3 → Itga3_Itgb1 → CD4 activation-associated program	CORRELATIONAL	Perturb ligand in neutrophil and independently KO/CRISPRi receptor in target T cells	Increase ligand exposure or expression, with receptor-deficient T cells as specificity control	0.80×animal-level interaction score + 0.20×(1−LIANA magnitude rank)			9.0	4.0	0.0	0.8592006085325994	False	ordered cross-sectional support only	neutrophil → Lamb3 → Itga3_Itgb1 → CD4	extracellular	cell-cell / extracellular signal	neutrophil	CD4	0.2413029924223678	0.0914430238730272	0.4736842105263157	9.0	10.0	19	False	True	False	True	True	HIGH																			VALID_FOR_HYPOTHESIS	True		False	True	True	NOT_ASSESSED	0				No external perturbational dataset integrated	NOT_ASSESSED	LR|neutrophil|Lamb3	LR|neutrophil|Lamb3	ligand_receptor	ligand	1.0	0.103884942095862	1.0	0.5	0.0	0.0	1.0	0.0	1.0	0.5	LR|neutrophil|Lamb3	candidate family retained; no additional grouping without pathway evidence	shared source and ligand for interaction candidates; same regulator for intrinsic candidates	MODERATE	19.0	9.0	10.0	0.4736842105263157	0.0	199.0	196.0	207.0	1.0	1.0	0.186	within-candidate mouse-effect sign permutation	0.0	0.0	0.0		0.0	False	0.4669904118413218	0.08333333333333333	0.08333333333333333	0.0086570785079885	0.0	0.08333333333333333	0.0	0.0	0.08333333333333333	0.0	0.0	0.041666666666666664	0.08333333333333333	0.0	False	2	ASSOCIATION_ONLY	Test necessity and sufficiency; Phase 1 is associative.	source-cell ligand knockdown plus T-cell receptor CRISPRi and ligand rescue	CD69/CD137, T-cell effector program and tumor-cell killing	non-targeting guide plus untreated/irrelevant control	receptor-deficient T cells or matched source-cell control	SUPPORTED	SUPPORTED	PARTIALLY_SUPPORTED	PARTIALLY_SUPPORTED	PARTIALLY_SUPPORTED	MISSING	MISSING	temporal/spatial/perturbational evidence missing
neutrophil	Lamb3	Itga9_Itgb1	CD4	19	0.3163959346397426	0.0138653293015709	-0.3596491228070175	0.7621623264028842	0.7070175438596492	0.0914430238730272	-0.27310753	1.0	-1.6698895	0.0333021254814199	False	ADT-supported	0.3535087719298246	0.0	0.0662339325682715	1.0	0.2369748566890929	Tier 3 — exploratory	3.0			0.0	0.1895798853512743	neutrophil → Lamb3 → Itga9_Itgb1 → CD4 activation-associated program	CORRELATIONAL	Perturb ligand in neutrophil and independently KO/CRISPRi receptor in target T cells	Increase ligand exposure or expression, with receptor-deficient T cells as specificity control	0.80×animal-level interaction score + 0.20×(1−LIANA magnitude rank)			9.0	4.0	0.0	0.8592006085325994	False	ordered cross-sectional support only	neutrophil → Lamb3 → Itga9_Itgb1 → CD4	extracellular	cell-cell / extracellular signal	neutrophil	CD4	0.1895798853512743	0.0914430238730272	0.4736842105263157	9.0	10.0	19	False	True	False	True	True	HIGH																			VALID_FOR_HYPOTHESIS	True		False	True	True	NOT_ASSESSED	0				No external perturbational dataset integrated	NOT_ASSESSED	LR|neutrophil|Lamb3	LR|neutrophil|Lamb3	ligand_receptor	ligand	0.996752253622283	0.103884942095862	1.0	0.5	0.0	0.0	1.0	0.0	1.0	0.5	LR|neutrophil|Lamb3	candidate family retained; no additional grouping without pathway evidence	shared source and ligand for interaction candidates; same regulator for intrinsic candidates	MODERATE	19.0	9.0	10.0	0.4736842105263157	0.0	204.0	201.0	212.0	1.0	1.0	0.188	within-candidate mouse-effect sign permutation	0.0	0.0	0.0		0.0	False	0.4667197663098454	0.08333333333333333	0.08306268780185692	0.0086570785079885	0.0	0.08333333333333333	0.0	0.0	0.08333333333333333	0.0	0.0	0.041666666666666664	0.08333333333333333	0.0	False	2	ASSOCIATION_ONLY	Test necessity and sufficiency; Phase 1 is associative.	source-cell ligand knockdown plus T-cell receptor CRISPRi and ligand rescue	CD69/CD137, T-cell effector program and tumor-cell killing	non-targeting guide plus untreated/irrelevant control	receptor-deficient T cells or matched source-cell control	SUPPORTED	SUPPORTED	PARTIALLY_SUPPORTED	PARTIALLY_SUPPORTED	PARTIALLY_SUPPORTED	MISSING	MISSING	temporal/spatial/perturbational evidence missing
fibroblast	Igsf10	Cd200r4	CD4	34	0.6406353007287917	0.0722029648204144	0.2256684491978609	0.8181630407925856	-0.60061115355233	0.0345399214078238	0.67156124	0.0090406550965098	0.046429873	1.0	False	ADT-supported	0.1128342245989304	0.1196651855	0.2150715417744444	1.0	0.2124225833395145	Tier 3 — exploratory	3.0			0.0	0.1699380666716116	fibroblast → Igsf10 → Cd200r4 → CD4 activation-associated program	CORRELATIONAL	Perturb ligand in fibroblast and independently KO/CRISPRi receptor in target T cells	Increase ligand exposure or expression, with receptor-deficient T cells as specificity control	0.80×animal-level interaction score + 0.20×(1−LIANA magnitude rank)	-0.0838711905222164	0.9586446892706648	9.0	4.0	0.0	0.8592006085325994	False	ordered cross-sectional support only	fibroblast → Igsf10 → Cd200r4 → CD4	extracellular	cell-cell / extracellular signal	fibroblast	CD4	0.1699380666716116	0.0345399214078238	0.5	17.0	17.0	34	False	True	False	True	True	HIGH																			UNKNOWN_UNVALIDATED	False		False	True	True	NOT_ASSESSED	0				No external perturbational dataset integrated	NOT_ASSESSED	LR|fibroblast|Igsf10	LR|fibroblast|Igsf10	ligand_receptor	ligand	0.8934816613971757	0.14616786549615907	1.0	0.5	0.0	0.0	1.0	0.0	1.0	0.5	LR|fibroblast|Igsf10	candidate family retained; no additional grouping without pathway evidence	shared source and ligand for interaction candidates; same regulator for intrinsic candidates	MODERATE	34.0	17.0	17.0	0.5	0.0	239.0	229.0	255.0	1.0	1.0	0.268	within-candidate mouse-effect sign permutation	0.0	0.0	0.0		0.0	False	0.4616374605744446	0.08333333333333333	0.07445680511643131	0.012180655458013256	0.0	0.08333333333333333	0.0	0.0	0.08333333333333333	0.0	0.0	0.041666666666666664	0.08333333333333333	0.0	False	2	ASSOCIATION_ONLY	Test necessity and sufficiency; Phase 1 is associative.	source-cell ligand knockdown plus T-cell receptor CRISPRi and ligand rescue	CD69/CD137, T-cell effector program and tumor-cell killing	non-targeting guide plus untreated/irrelevant control	receptor-deficient T cells or matched source-cell control	SUPPORTED	SUPPORTED	PARTIALLY_SUPPORTED	PARTIALLY_SUPPORTED	PARTIALLY_SUPPORTED	MISSING	MISSING	temporal/spatial/perturbational evidence missing
neutrophil	Lamb3	Itga2_Itgb1	CD4	19	0.3163959346397426	0.117339036802124	-0.3596491228070175	0.7621623264028842	0.7070175438596492	0.0914430238730272	-0.27310753	0.0562302919139808	-1.6698895	0.0597156104080751	False	ADT-supported	0.3535087719298246	0.0	0.1926800306693332	1.0	0.2122640763093052	Tier 3 — exploratory	3.0			0.0	0.1698112610474441	neutrophil → Lamb3 → Itga2_Itgb1 → CD4 activation-associated program	CORRELATIONAL	Perturb ligand in neutrophil and independently KO/CRISPRi receptor in target T cells	Increase ligand exposure or expression, with receptor-deficient T cells as specificity control	0.80×animal-level interaction score + 0.20×(1−LIANA magnitude rank)			9.0	4.0	0.0	0.8592006085325994	False	ordered cross-sectional support only	neutrophil → Lamb3 → Itga2_Itgb1 → CD4	extracellular	cell-cell / extracellular signal	neutrophil	CD4	0.1698112610474441	0.0914430238730272	0.4736842105263157	9.0	10.0	19	False	True	False	True	True	HIGH																			VALID_FOR_HYPOTHESIS	True		False	True	True	NOT_ASSESSED	0				No external perturbational dataset integrated	NOT_ASSESSED	LR|neutrophil|Lamb3	LR|neutrophil|Lamb3	ligand_receptor	ligand	0.8928149567442705	0.103884942095862	1.0	0.5	0.0	0.0	1.0	0.0	1.0	0.5	LR|neutrophil|Lamb3	candidate family retained; no additional grouping without pathway evidence	shared source and ligand for interaction candidates; same regulator for intrinsic candidates	MODERATE	19.0	9.0	10.0	0.4736842105263157	0.0	249.0	241.0	257.0	1.0	1.0	0.208	within-candidate mouse-effect sign permutation	0.0	0.0	0.0		0.0	False	0.45805832490334436	0.08333333333333333	0.07440124639535588	0.0086570785079885	0.0	0.08333333333333333	0.0	0.0	0.08333333333333333	0.0	0.0	0.041666666666666664	0.08333333333333333	0.0	False	2	ASSOCIATION_ONLY	Test necessity and sufficiency; Phase 1 is associative.	source-cell ligand knockdown plus T-cell receptor CRISPRi and ligand rescue	CD69/CD137, T-cell effector program and tumor-cell killing	non-targeting guide plus untreated/irrelevant control	receptor-deficient T cells or matched source-cell control	SUPPORTED	SUPPORTED	PARTIALLY_SUPPORTED	PARTIALLY_SUPPORTED	PARTIALLY_SUPPORTED	MISSING	MISSING	temporal/spatial/perturbational evidence missing
neutrophil	Lamb3	Dag1	CD4	19	0.3163959346397426	0.0595914152961132	-0.3596491228070175	0.7621623264028842	0.7070175438596492	0.0914430238730272	-0.10492778	1.0	-0.06880045	1.0	False	ADT-supported	0.3535087719298246	0.0	0.1373116220103703	1.0	0.2011903945775127	Tier 3 — exploratory	3.0			0.0	0.1609523156620101	neutrophil → Lamb3 → Dag1 → CD4 activation-associated program	CORRELATIONAL	Perturb ligand in neutrophil and independently KO/CRISPRi receptor in target T cells	Increase ligand exposure or expression, with receptor-deficient T cells as specificity control	0.80×animal-level interaction score + 0.20×(1−LIANA magnitude rank)	0.2993443405595086	0.9444426043704072	9.0	4.0	0.0	0.8592006085325994	False	ordered cross-sectional support only	neutrophil → Lamb3 → Dag1 → CD4	extracellular	cell-cell / extracellular signal	neutrophil	CD4	0.1609523156620101	0.0914430238730272	0.4736842105263157	9.0	10.0	19	False	True	False	True	True	HIGH																			UNKNOWN_UNVALIDATED	False		False	True	True	NOT_ASSESSED	0				No external perturbational dataset integrated	NOT_ASSESSED	LR|neutrophil|Lamb3	LR|neutrophil|Lamb3	ligand_receptor	ligand	0.8462373688251378	0.103884942095862	1.0	0.5	0.0	0.0	1.0	0.0	1.0	0.5	LR|neutrophil|Lamb3	candidate family retained; no additional grouping without pathway evidence	shared source and ligand for interaction candidates; same regulator for intrinsic candidates	MODERATE	19.0	9.0	10.0	0.4736842105263157	0.0	265.0	261.0	270.0	1.0	1.0	0.196	within-candidate mouse-effect sign permutation	0.0	0.0	0.0		0.0	False	0.4541768592434166	0.08333333333333333	0.07051978073542815	0.0086570785079885	0.0	0.08333333333333333	0.0	0.0	0.08333333333333333	0.0	0.0	0.041666666666666664	0.08333333333333333	0.0	False	2	ASSOCIATION_ONLY	Test necessity and sufficiency; Phase 1 is associative.	source-cell ligand knockdown plus T-cell receptor CRISPRi and ligand rescue	CD69/CD137, T-cell effector program and tumor-cell killing	non-targeting guide plus untreated/irrelevant control	receptor-deficient T cells or matched source-cell control	SUPPORTED	SUPPORTED	PARTIALLY_SUPPORTED	PARTIALLY_SUPPORTED	PARTIALLY_SUPPORTED	MISSING	MISSING	temporal/spatial/perturbational evidence missing
neutrophil	Lamb3	Cd151	CD4	19	0.3163959346397426	0.0243380780293532	-0.3596491228070175	0.7621623264028842	0.7070175438596492	0.0914430238730272	0.0	1.0	0.0	1.0	False	ADT-supported	0.3535087719298246	0.0	0.0877523158978279	1.0	0.1912785333550042	Tier 3 — exploratory	3.0			0.0	0.1530228266840033	neutrophil → Lamb3 → Cd151 → CD4 activation-associated program	CORRELATIONAL	Perturb ligand in neutrophil and independently KO/CRISPRi receptor in target T cells	Increase ligand exposure or expression, with receptor-deficient T cells as specificity control	0.80×animal-level interaction score + 0.20×(1−LIANA magnitude rank)	0.240473503289486	0.8939955416490226	9.0	4.0	0.0	0.8592006085325994	False	ordered cross-sectional support only	neutrophil → Lamb3 → Cd151 → CD4	extracellular	cell-cell / extracellular signal	neutrophil	CD4	0.1530228266840033	0.0914430238730272	0.4736842105263157	9.0	10.0	19	False	True	False	True	True	HIGH																			UNKNOWN_UNVALIDATED	False		False	True	True	NOT_ASSESSED	0				No external perturbational dataset integrated	NOT_ASSESSED	LR|neutrophil|Lamb3	LR|neutrophil|Lamb3	ligand_receptor	ligand	0.8045465744971614	0.103884942095862	1.0	0.5	0.0	0.0	1.0	0.0	1.0	0.5	LR|neutrophil|Lamb3	candidate family retained; no additional grouping without pathway evidence	shared source and ligand for interaction candidates; same regulator for intrinsic candidates	MODERATE	19.0	9.0	10.0	0.4736842105263157	0.0	273.0	273.0	274.0	1.0	1.0	0.173	within-candidate mouse-effect sign permutation	0.0	0.0	0.0		0.0	False	0.450702626382752	0.08333333333333333	0.06704554787476345	0.0086570785079885	0.0	0.08333333333333333	0.0	0.0	0.08333333333333333	0.0	0.0	0.041666666666666664	0.08333333333333333	0.0	False	2	ASSOCIATION_ONLY	Test necessity and sufficiency; Phase 1 is associative.	source-cell ligand knockdown plus T-cell receptor CRISPRi and ligand rescue	CD69/CD137, T-cell effector program and tumor-cell killing	non-targeting guide plus untreated/irrelevant control	receptor-deficient T cells or matched source-cell control	SUPPORTED	SUPPORTED	PARTIALLY_SUPPORTED	PARTIALLY_SUPPORTED	PARTIALLY_SUPPORTED	MISSING	MISSING	temporal/spatial/perturbational evidence missing
neutrophil	Lamb3	Itga7_Itgb1	CD4	19	0.3163959346397426	0.0084076996828674	-0.3596491228070175	0.7621623264028842	0.7070175438596492	0.0914430238730272	-0.27310753	0.5266032125918795	-1.6698895	1.0	False	ADT-supported	0.3535087719298246	0.0	0.0515767583251518	1.0	0.1840434218404689	Tier 3 — exploratory	3.0			0.0	0.1472347374723751	neutrophil → Lamb3 → Itga7_Itgb1 → CD4 activation-associated program	CORRELATIONAL	Perturb ligand in neutrophil and independently KO/CRISPRi receptor in target T cells	Increase ligand exposure or expression, with receptor-deficient T cells as specificity control	0.80×animal-level interaction score + 0.20×(1−LIANA magnitude rank)			9.0	4.0	0.0	0.8592006085325994	False	ordered cross-sectional support only	neutrophil → Lamb3 → Itga7_Itgb1 → CD4	extracellular	cell-cell / extracellular signal	neutrophil	CD4	0.1472347374723751	0.0914430238730272	0.4736842105263157	9.0	10.0	19	False	True	False	True	True	HIGH																			VALID_FOR_HYPOTHESIS	True		False	True	True	NOT_ASSESSED	0				No external perturbational dataset integrated	NOT_ASSESSED	LR|neutrophil|Lamb3	LR|neutrophil|Lamb3	ligand_receptor	ligand	0.7741145961511081	0.103884942095862	1.0	0.5	0.0	0.0	1.0	0.0	1.0	0.5	LR|neutrophil|Lamb3	candidate family retained; no additional grouping without pathway evidence	shared source and ligand for interaction candidates; same regulator for intrinsic candidates	MODERATE	19.0	9.0	10.0	0.4736842105263157	0.0	275.0	275.0	275.0	1.0	1.0	0.207	within-candidate mouse-effect sign permutation	0.0	0.0	0.0		0.0	False	0.44816662818724745	0.08333333333333333	0.06450954967925901	0.0086570785079885	0.0	0.08333333333333333	0.0	0.0	0.08333333333333333	0.0	0.0	0.041666666666666664	0.08333333333333333	0.0	False	2	ASSOCIATION_ONLY	Test necessity and sufficiency; Phase 1 is associative.	source-cell ligand knockdown plus T-cell receptor CRISPRi and ligand rescue	CD69/CD137, T-cell effector program and tumor-cell killing	non-targeting guide plus untreated/irrelevant control	receptor-deficient T cells or matched source-cell control	SUPPORTED	SUPPORTED	PARTIALLY_SUPPORTED	PARTIALLY_SUPPORTED	PARTIALLY_SUPPORTED	MISSING	MISSING	temporal/spatial/perturbational evidence missing
neutrophil	Lamb3	Itga6_Itgb4	CD4	19	0.3163959346397426	0.0016962902868943	-0.3596491228070175	0.7621623264028842	0.7070175438596492	0.0914430238730272	-0.10591507	1.0	-0.30384207	1.0	False	ADT-supported	0.3535087719298246	0.0	0.023166772557744	1.0	0.1783614246869874	Tier 3 — exploratory	3.0			0.0	0.1426891397495899	neutrophil → Lamb3 → Itga6_Itgb4 → CD4 activation-associated program	CORRELATIONAL	Perturb ligand in neutrophil and independently KO/CRISPRi receptor in target T cells	Increase ligand exposure or expression, with receptor-deficient T cells as specificity control	0.80×animal-level interaction score + 0.20×(1−LIANA magnitude rank)			9.0	4.0	0.0	0.8592006085325994	False	ordered cross-sectional support only	neutrophil → Lamb3 → Itga6_Itgb4 → CD4	extracellular	cell-cell / extracellular signal	neutrophil	CD4	0.1426891397495899	0.0914430238730272	0.4736842105263157	9.0	10.0	19	False	True	False	True	True	HIGH																			VALID_FOR_HYPOTHESIS	True		False	True	True	NOT_ASSESSED	0				No external perturbational dataset integrated	NOT_ASSESSED	LR|neutrophil|Lamb3	LR|neutrophil|Lamb3	ligand_receptor	ligand	0.7502152527906497	0.103884942095862	1.0	0.5	0.0	0.0	1.0	0.0	1.0	0.5	LR|neutrophil|Lamb3	candidate family retained; no additional grouping without pathway evidence	shared source and ligand for interaction candidates; same regulator for intrinsic candidates	MODERATE	19.0	9.0	10.0	0.4736842105263157	0.0	276.0	276.0	277.0	1.0	1.0	0.197	within-candidate mouse-effect sign permutation	0.0	0.0	0.0		0.0	False	0.4461750162405426	0.08333333333333333	0.06251793773255414	0.0086570785079885	0.0	0.08333333333333333	0.0	0.0	0.08333333333333333	0.0	0.0	0.041666666666666664	0.08333333333333333	0.0	False	2	ASSOCIATION_ONLY	Test necessity and sufficiency; Phase 1 is associative.	source-cell ligand knockdown plus T-cell receptor CRISPRi and ligand rescue	CD69/CD137, T-cell effector program and tumor-cell killing	non-targeting guide plus untreated/irrelevant control	receptor-deficient T cells or matched source-cell control	SUPPORTED	SUPPORTED	PARTIALLY_SUPPORTED	PARTIALLY_SUPPORTED	PARTIALLY_SUPPORTED	MISSING	MISSING	temporal/spatial/perturbational evidence missing
fibroblast	Cx3cl1	Itgav	CD8	34	0.177033663300664	0.4708880112116191	0.5413292589763177	0.1070876378604426	-0.4184873949579831	0.3169451422032237	0.72924757	0.0002047553241208	0.9842701	0.0001382533409225	False	interaction-supported	0.2706646294881588	0.2855862783333333	0.2887265655064617	1.0	0.3238745030054812	Tier 3 — exploratory	3.0	1.0	0.1000358351251111	0.0	0.2590996024043849	fibroblast → Cx3cl1 → Itgav → CD8 activation-associated program	CORRELATIONAL	Perturb ligand in fibroblast and independently KO/CRISPRi receptor in target T cells	Increase ligand exposure or expression, with receptor-deficient T cells as specificity control	0.80×animal-level interaction score + 0.20×(1−LIANA magnitude rank)	1.4925698429797505	0.4414396211644968	9.0	6.0	0.0	0.8046695441735882	False	ordered cross-sectional support only	fibroblast → Cx3cl1 → Itgav → CD8	extracellular	cell-cell / extracellular signal	fibroblast	CD8	0.2590996024043849	0.1070876378604426	0.7352941176470589	25.0	9.0	34	False	False	False	True	True	HIGH																			UNKNOWN_UNVALIDATED	False		False	True	True	NOT_ASSESSED	0				No external perturbational dataset integrated	NOT_ASSESSED	LR|fibroblast|Cx3cl1	LR|fibroblast|Cx3cl1	ligand_receptor	ligand	1.0	0.09702606609969827	1.0	0.25	0.0	0.0	0.0	0.0	1.0	0.2857142857142857	LR|fibroblast|Cx3cl1	candidate family retained; no additional grouping without pathway evidence	shared source and ligand for interaction candidates; same regulator for intrinsic candidates	MODERATE	34.0	25.0	9.0	0.7352941176470589	0.0	121.5	85.0	140.0	0.0019980019980019	0.0070562349043361	1.0	within-candidate mouse-effect sign permutation	0.0	0.0	0.9980019980019981		0.0	False	0.44541900534180806	0.08333333333333333	0.08333333333333333	0.008085505508308189	0.0	0.0	0.0	0.0	0.08333333333333333	0.0	0.08316683316683317	0.020833333333333332	0.08333333333333333	0.0	False	1	ASSOCIATION_ONLY	Test necessity and sufficiency; Phase 1 is associative.	source-cell ligand knockdown plus T-cell receptor CRISPRi and ligand rescue	CD69/CD137, T-cell effector program and tumor-cell killing	non-targeting guide plus untreated/irrelevant control	receptor-deficient T cells or matched source-cell control	SUPPORTED	SUPPORTED	MISSING	MISSING	MISSING	MISSING	MISSING	temporal/spatial/perturbational evidence missing
fibroblast	Cx3cl1	Itgb3	CD8	34	0.177033663300664	0.1736951628657577	0.5413292589763177	0.1070876378604426	-0.4184873949579831	0.3169451422032237	-0.5537106	0.0045006933207894	-0.78209853	0.0004179291465249	False	interaction-supported	0.2706646294881588	0.0	0.1753564683144895	1.0	0.2298039139837535	Tier 3 — exploratory	3.0	0.6955286552621681	0.208843140347308	0.3044713447378319	0.2447374001345691	fibroblast → Cx3cl1 → Itgb3 → CD8 activation-associated program	CORRELATIONAL	Perturb ligand in fibroblast and independently KO/CRISPRi receptor in target T cells	Increase ligand exposure or expression, with receptor-deficient T cells as specificity control	0.80×animal-level interaction score + 0.20×(1−LIANA magnitude rank)	0.1128820931689364	0.91653265164315	9.0	6.0	0.0	0.8046695441735882	False	ordered cross-sectional support only	fibroblast → Cx3cl1 → Itgb3 → CD8	extracellular	cell-cell / extracellular signal	fibroblast	CD8	0.2447374001345691	0.1070876378604426	0.7352941176470589	25.0	9.0	34	False	False	False	True	True	HIGH																			UNKNOWN_UNVALIDATED	False		False	True	True	NOT_ASSESSED	0				No external perturbational dataset integrated	NOT_ASSESSED	LR|fibroblast|Cx3cl1	LR|fibroblast|Cx3cl1	ligand_receptor	ligand	1.0	0.09702606609969827	1.0	0.25	0.0	0.0	0.0	0.0	1.0	0.2857142857142857	LR|fibroblast|Cx3cl1	candidate family retained; no additional grouping without pathway evidence	shared source and ligand for interaction candidates; same regulator for intrinsic candidates	MODERATE	34.0	25.0	9.0	0.7352941176470589	0.0	121.5	85.0	140.0	0.0019980019980019	0.0070562349043361	1.0	within-candidate mouse-effect sign permutation	0.0	0.0	0.9980019980019981		0.0	False	0.44541900534180806	0.08333333333333333	0.08333333333333333	0.008085505508308189	0.0	0.0	0.0	0.0	0.08333333333333333	0.0	0.08316683316683317	0.020833333333333332	0.08333333333333333	0.0	False	1	ASSOCIATION_ONLY	Test necessity and sufficiency; Phase 1 is associative.	source-cell ligand knockdown plus T-cell receptor CRISPRi and ligand rescue	CD69/CD137, T-cell effector program and tumor-cell killing	non-targeting guide plus untreated/irrelevant control	receptor-deficient T cells or matched source-cell control	SUPPORTED	SUPPORTED	MISSING	MISSING	MISSING	MISSING	MISSING	temporal/spatial/perturbational evidence missing
