source_cell_type	ligand	receptor	target_lineage	n_mice	source_detection_fraction	target_receptor_detection_fraction	ligand_rho_RNA	ligand_FDR_RNA	ligand_rho_ADT	ligand_FDR_ADT	receptor_log2FC_RNA_selector	receptor_FDR_RNA_selector	receptor_log2FC_ADT_selector	receptor_FDR_ADT_selector	cross_modal_positive_direction	evidence_class	association_component	receptor_component	expression_component	replication_component	interaction_score	evidence_tier	tier_rank	liana_magnitude_rank	liana_specificity_rank	liana_component	final_discovery_score	mechanistic_chain	causality	necessity_test	sufficiency_test	score_definition	early_effect	early_FDR	late_effector_count	late_effector_positive	late_effector_significant_positive	late_effector_best_FDR	temporal_support	temporal_causality_label	candidate	candidate_type	mechanism_class	source	target	effect_size	FDR	direction_consistency	n_mice_supporting	n_mice_opposing	effective_sample_size	RNA_evidence	ADT_evidence	data_driven_state_evidence	interaction_evidence	independence_from_curated_score	power_flag	gene	lineage	cross_modal_score	RNA_FDR	ADT_FDR	data_driven_FDR	data_driven_log2FC	used_in_curated_score	associated_with_data_driven_state	independent_candidate	TF	contrast	level_a	level_b	activity_effect_a_minus_b	pvalue	n_strata	n_cells	interaction_validity	valid_for_mechanistic_ranking	biological_reinterpretation	direction_mechanistically_concordant	known_activation_gene	mechanistically_supported	potentially_novel_hypothesis	external_perturbation_support	external_dataset_count	external_direction_consistency	external_effect	external_FDR	external_context	literature_novelty_status	candidate_family_id	candidate_family_label	entity_type	mechanism_level	effect_component	statistical_component	independence_component	multilayer_component	temporal_component	RNA_component	ADT_component	state_component	interaction_component	mechanistic_coherence	mechanistic_family_id	family_rule	family_evidence	family_confidence	RNA_direction	ADT_direction	RNA_ADT_direction_concordant	expected_direction	n_mice_true	n_mice_supporting_true	n_mice_opposing_true	direction_consistency_true	mouse_effect_median	mouse_effect_mean	mouse_effect_IQR	mouse_effect_sign	LOOCV_top10_fraction	LOOCV_rank_median	LOOCV_rank_min	LOOCV_rank_max	empirical_p	empirical_FDR	null_percentile	null_model_type	LOOCV_stability	stability_component	null_model_component	external_perturbation_support_verified	external_perturbation_component	external_assessed	suggested_perturbation	expected_readout	negative_control	specificity_control	source_signal_step	receptor_step	tcell_state_step	transcriptional_program_step	effector_response_step	myeloid_response_step	tumor_killing_step	mechanistic_evidence_coherence	biological_validity_component	experimental_testability_component	evidence_score	score_contribution_replication_component	score_contribution_effect_component	score_contribution_statistical_component	score_contribution_RNA_component	score_contribution_ADT_component	score_contribution_state_component	score_contribution_temporal_component	score_contribution_interaction_component	score_contribution_stability_component	score_contribution_null_model_component	score_contribution_biological_validity_component	score_contribution_mechanistic_evidence_coherence	score_contribution_independence_component	score_contribution_experimental_testability_component	score_contribution_external_perturbation_component	evidence_gate	causality_tier	causality_label	why_test	missing_evidence
NK	Tnfsf4	Tnfrsf4	CD8	43	0.0612171595043539	0.1695332738777762	-0.5179704016913319	0.061815512699556	0.4821806100875868	0.096533573112733	0.5449467	0.1818946036510169	1.9839206	1.6846005428952665e-05	False	RNA+ADT-supported	0.2410903050437934	0.4214778833333333	0.1018741648715274	1.0	0.3601259105729665	Tier 3 — exploratory	3.0			0.0	0.2881007284583732	NK → Tnfsf4 → Tnfrsf4 → CD8 activation-associated program	CORRELATIONAL	Perturb ligand in NK and independently KO/CRISPRi receptor in target T cells	Increase ligand exposure or expression, with receptor-deficient T cells as specificity control	0.80×animal-level interaction score + 0.20×(1−LIANA magnitude rank)	1.486063567153027	0.6570621287717398	9.0	6.0	0.0	0.8046695441735882	False	ordered cross-sectional support only	NK → Tnfsf4 → Tnfrsf4 → CD8	multicellular	source-cell ↔ T-cell program / feedback	NK	CD8	0.2881007284583732	0.061815512699556	0.2558139534883721	11.0	31.0	43	True	True	False	True	True	HIGH																			VALID_LR	True		False	False	True	True	NOT_ASSESSED	0				No external perturbational dataset integrated	NOT_ASSESSED	MULTI|NK|Tnfsf4	MULTI|NK|Tnfsf4	multicellular_association	multicellular_association	1.0	0.12089025243544607	1.0	0.75	0.0	1.0	1.0	0.0	1.0	0.75	AXIS|Tnfsf4|Tnfrsf4	same annotated ligand/contact/sheddase and molecular target axis	identical molecular entities; source alone is not used for collapse	HIGH	negative	positive	False	POSITIVE_ACTIVATION	43.0	11.0	31.0	0.2558139534883721	-0.0001863673900919	-0.0015318403487175	0.0018785321229554	negative	1.0	1.0	1.0	1.0	0.999000999000999	1.0	0.002	within-candidate mouse-effect sign permutation	1.0	1.0	0.0009990009990009652		0.0	False	source-cell perturbation plus T-cell-specific perturbation and rescue	CD69/CD137, T-cell effector program and tumor-cell killing	non-targeting guide plus untreated/irrelevant control	receptor-deficient T cells or matched source-cell control	SUPPORTED	SUPPORTED	PARTIALLY_SUPPORTED	SUPPORTED	PARTIALLY_SUPPORTED	MISSING	MISSING	0.5714285714285714	1.0	1.0	0.6923798446330728	0.07142857142857142	0.07142857142857142	0.008635018031103291	0.07142857142857142	0.07142857142857142	0.0	0.0	0.07142857142857142	0.07142857142857142	7.135721421435466e-05	0.07142857142857142	0.04081632653061224	0.07142857142857142	0.07142857142857142	0.0	False	2	ASSOCIATION_ONLY	Test necessity and sufficiency; Phase 1.5 is associative.	
T_cell	Cd80	Cd28	CD4	47	0.131258441853189	0.7874474518769823	0.0395467160037002	0.9768512995899415	0.7106845513413507	0.0001263903778394	0.25903893	0.0036979580456348	-0.76767826	5.056158660183512e-07	False	ADT-supported	0.3751156336725255	0.043173155	0.3214951408258557	1.0	0.356382788700555	Tier 3 — exploratory	3.0	0.4704492501463558	0.320311113404614	0.5295507498536443	0.3910163809311728	T_cell → Cd80 → Cd28 → CD4 activation-associated program	CORRELATIONAL	Perturb ligand in T_cell and independently KO/CRISPRi receptor in target T cells	Increase ligand exposure or expression, with receptor-deficient T cells as specificity control	0.80×animal-level interaction score + 0.20×(1−LIANA magnitude rank)	-0.2689887803114592	0.7448947530985198	9.0	4.0	0.0	0.8592006085325994	False	ordered cross-sectional support only	T_cell → Cd80 → Cd28 → CD4	multicellular	source-cell ↔ T-cell program / feedback	T_cell	CD4	0.3910163809311728	0.0001263903778394		0.0	0.0	47	False	True	False	True	True	HIGH																			VALID_LR	True		True	False	True	True	NOT_ASSESSED	0				No external perturbational dataset integrated	NOT_ASSESSED	MULTI|T_cell|Cd80	MULTI|T_cell|Cd80	multicellular_association	multicellular_association	1.0	0.389828598784412	1.0	0.5	0.0	0.0	1.0	0.0	1.0	0.5	AXIS|Cd80|Cd28	same annotated ligand/contact/sheddase and molecular target axis	identical molecular entities; source alone is not used for collapse	HIGH	positive	positive	False	UNRESOLVED	47.0	0.0	0.0		7.401380327290782e-06	0.0001613735080678	0.0016774331118003	positive	0.0	68.0	68.0	68.0	1.0	1.0	1.0	within-candidate mouse-effect sign permutation	0.0	0.0	0.0		0.0	False	source-cell perturbation plus T-cell-specific perturbation and rescue	CD69/CD137, T-cell effector program and tumor-cell killing	non-targeting guide plus untreated/irrelevant control	receptor-deficient T cells or matched source-cell control	SUPPORTED	SUPPORTED	PARTIALLY_SUPPORTED	PARTIALLY_SUPPORTED	PARTIALLY_SUPPORTED	MISSING	MISSING	0.5	1.0	1.0	0.563559185627458	0.07142857142857142	0.07142857142857142	0.027844899913172287	0.0	0.07142857142857142	0.0	0.0	0.07142857142857142	0.0	0.0	0.07142857142857142	0.03571428571428571	0.07142857142857142	0.07142857142857142	0.0	False	2	ASSOCIATION_ONLY	Test necessity and sufficiency; Phase 1.5 is associative.	
NK	Tnfsf4	Traf2	CD8	43	0.0612171595043539	0.1747144009852634	-0.5179704016913319	0.061815512699556	0.4821806100875868	0.096533573112733	0.06733799	1.0	0.00551033	1.0	False	RNA+ADT-supported	0.2410903050437934	0.0121413866666666	0.1034191440344703	1.0	0.2081007822388884	Tier 3 — exploratory	3.0			0.0	0.1664806257911107	NK → Tnfsf4 → Traf2 → CD8 activation-associated program	CORRELATIONAL	Perturb ligand in NK and independently KO/CRISPRi receptor in target T cells	Increase ligand exposure or expression, with receptor-deficient T cells as specificity control	0.80×animal-level interaction score + 0.20×(1−LIANA magnitude rank)	0.157628657507002	0.9657376350639192	9.0	6.0	0.0	0.8046695441735882	False	ordered cross-sectional support only	NK → Tnfsf4 → Traf2 → CD8	multicellular	source-cell ↔ T-cell program / feedback	NK	CD8	0.1664806257911107	0.061815512699556		0.0	0.0	43	True	True	False	True	True	HIGH																			UNKNOWN	False		False	False	True	True	NOT_ASSESSED	0				No external perturbational dataset integrated	NOT_ASSESSED	MULTI|NK|Tnfsf4	MULTI|NK|Tnfsf4	multicellular_association	multicellular_association	0.8753035093056731	0.12089025243544607	1.0	0.75	0.0	1.0	1.0	0.0	1.0	0.75	AXIS|Tnfsf4|Traf2	same annotated ligand/contact/sheddase and molecular target axis	identical molecular entities; source alone is not used for collapse	HIGH	negative	positive	False	UNRESOLVED	43.0	0.0	0.0		-0.0001863673900919	-0.0015318403487175	0.0018785321229554	negative	0.0	148.0	148.0	148.0	1.0	1.0	1.0	within-candidate mouse-effect sign permutation	0.0	0.0	0.0		0.0	False	source-cell perturbation plus T-cell-specific perturbation and rescue	CD69/CD137, T-cell effector program and tumor-cell killing	non-targeting guide plus untreated/irrelevant control	receptor-deficient T cells or matched source-cell control	SUPPORTED	SUPPORTED	PARTIALLY_SUPPORTED	SUPPORTED	PARTIALLY_SUPPORTED	MISSING	MISSING	0.5714285714285714	0.25	1.0	0.5584015952264064	0.07142857142857142	0.06252167923611951	0.008635018031103291	0.07142857142857142	0.07142857142857142	0.0	0.0	0.07142857142857142	0.0	0.0	0.017857142857142856	0.04081632653061224	0.07142857142857142	0.07142857142857142	0.0	False	2	ASSOCIATION_ONLY	Test necessity and sufficiency; Phase 1.5 is associative.	
T_cell	Penk	Oprm1	CD4	47	0.0304228708054917	0.1913857954126411	0.0317992599444958	0.9795733168697052	0.629740980573543	0.0036866912484448	-0.9805751	5.467763743667777e-06	-0.41624832	0.0155156127924613	False	ADT-supported	0.3307701202590194	0.0	0.0763053427214966	1.0	0.2810306106349561	Tier 3 — exploratory	3.0			0.0	0.2248244885079648	T_cell → Penk → Oprm1 → CD4 activation-associated program	CORRELATIONAL	Perturb ligand in T_cell and independently KO/CRISPRi receptor in target T cells	Increase ligand exposure or expression, with receptor-deficient T cells as specificity control	0.80×animal-level interaction score + 0.20×(1−LIANA magnitude rank)	-0.1618777894888579	0.9702138616596993	9.0	4.0	0.0	0.8592006085325994	False	ordered cross-sectional support only	T_cell → Penk → Oprm1 → CD4	multicellular	source-cell ↔ T-cell program / feedback	T_cell	CD4	0.2248244885079648	0.0036866912484448		0.0	0.0	47	False	True	False	True	True	HIGH																			VALID_LR	True		True	False	True	True	NOT_ASSESSED	0				No external perturbational dataset integrated	NOT_ASSESSED	MULTI|T_cell|Penk	MULTI|T_cell|Penk	multicellular_association	multicellular_association	1.0	0.24333632319928436	1.0	0.5	0.0	0.0	1.0	0.0	1.0	0.5	AXIS|Penk|Oprm1	same annotated ligand/contact/sheddase and molecular target axis	identical molecular entities; source alone is not used for collapse	HIGH	positive	positive	False	UNRESOLVED	47.0	0.0	0.0		-5.863241022780433e-05	0.0001651159632935	0.0008939881285167	negative	0.0	76.0	76.0	76.0	1.0	1.0	1.0	within-candidate mouse-effect sign permutation	0.0	0.0	0.0		0.0	False	source-cell perturbation plus T-cell-specific perturbation and rescue	CD69/CD137, T-cell effector program and tumor-cell killing	non-targeting guide plus untreated/irrelevant control	receptor-deficient T cells or matched source-cell control	SUPPORTED	SUPPORTED	PARTIALLY_SUPPORTED	PARTIALLY_SUPPORTED	PARTIALLY_SUPPORTED	MISSING	MISSING	0.5	1.0	1.0	0.5530954516570917	0.07142857142857142	0.07142857142857142	0.017381165942806025	0.0	0.07142857142857142	0.0	0.0	0.07142857142857142	0.0	0.0	0.07142857142857142	0.03571428571428571	0.07142857142857142	0.07142857142857142	0.0	False	2	ASSOCIATION_ONLY	Test necessity and sufficiency; Phase 1.5 is associative.	
T_cell	Pkm	Cd44	CD8	47	0.6782231957503377	0.6943984371682166	-0.5376965772432932	0.0394332468179697	0.4617252543940796	0.096533573112733	0.72633934	2.259520716935255e-05	-0.06925821	0.6463675366823181	False	RNA+ADT-supported	0.2308626271970398	0.1210565566666666	0.6862631617537605	1.0	0.3983186910363827	Tier 3 — exploratory	3.0	0.1789622566720064	1.0	0.8210377433279936	0.4828625014947049	T_cell → Pkm → Cd44 → CD8 activation-associated program	CORRELATIONAL	Perturb ligand in T_cell and independently KO/CRISPRi receptor in target T cells	Increase ligand exposure or expression, with receptor-deficient T cells as specificity control	0.80×animal-level interaction score + 0.20×(1−LIANA magnitude rank)	0.0942330451866064	0.9355611534046334	9.0	6.0	0.0	0.8046695441735882	False	ordered cross-sectional support only	T_cell → Pkm → Cd44 → CD8	multicellular	source-cell ↔ T-cell program / feedback	T_cell	CD8	0.4828625014947049	0.0394332468179697		0.0	0.0	47	True	True	False	True	True	HIGH																			INVALID_LR	False	T-cell intrinsic PKM-associated metabolic state; extracellular PKM→CD44 is not established	False	False	True	True	NOT_ASSESSED	0				No external perturbational dataset integrated	NOT_ASSESSED	MULTI|T_cell|Pkm	MULTI|T_cell|Pkm	multicellular_association	multicellular_association	1.0	0.14041374629197856	1.0	0.75	0.0	1.0	1.0	0.0	1.0	0.75	AXIS|Pkm|Cd44	same annotated ligand/contact/sheddase and molecular target axis	identical molecular entities; source alone is not used for collapse	HIGH	negative	positive	False	UNRESOLVED	47.0	0.0	0.0		-0.0010903163764033	-0.0043366525845301	0.006490864008597	negative	0.0	100.0	100.0	100.0	1.0	1.0	1.0	within-candidate mouse-effect sign permutation	0.0	0.0	0.0		0.0	False	source-cell perturbation plus T-cell-specific perturbation and rescue	CD69/CD137, T-cell effector program and tumor-cell killing	non-targeting guide plus untreated/irrelevant control	receptor-deficient T cells or matched source-cell control	SUPPORTED	SUPPORTED	PARTIALLY_SUPPORTED	SUPPORTED	PARTIALLY_SUPPORTED	MISSING	MISSING	0.5714285714285714	0.0	1.0	0.5508458798371821	0.07142857142857142	0.07142857142857142	0.010029553306569896	0.07142857142857142	0.07142857142857142	0.0	0.0	0.07142857142857142	0.0	0.0	0.0	0.04081632653061224	0.07142857142857142	0.07142857142857142	0.0	False	2	ASSOCIATION_ONLY	Test necessity and sufficiency; Phase 1.5 is associative.	
T_cell	Fam3c	Pdcd1	CD4	47	0.2851675090378383	0.2493546721734641	0.2153098982423681	0.7718906071574196	0.5842969472710454	0.0125563842483386	-0.32968807	0.2360668306059618	-0.11419964	1.0	False	ADT-supported	0.3998034227567067	0.0	0.2666605533832358	1.0	0.2432633086414945	Tier 3 — exploratory	3.0	0.7782973155787926	0.308596886820289	0.2217026844212074	0.2389511837974371	T_cell → Fam3c → Pdcd1 → CD4 activation-associated program	CORRELATIONAL	Perturb ligand in T_cell and independently KO/CRISPRi receptor in target T cells	Increase ligand exposure or expression, with receptor-deficient T cells as specificity control	0.80×animal-level interaction score + 0.20×(1−LIANA magnitude rank)	-0.6072105824285758	0.7448947530985198	9.0	4.0	0.0	0.8592006085325994	False	ordered cross-sectional support only	T_cell → Fam3c → Pdcd1 → CD4	multicellular	source-cell ↔ T-cell program / feedback	T_cell	CD4	0.2389511837974371	0.0125563842483386		0.0	0.0	47	False	True	False	True	True	HIGH																			VALID_LR	True		True	False	True	True	NOT_ASSESSED	0				No external perturbational dataset integrated	NOT_ASSESSED	MULTI|T_cell|Fam3c	MULTI|T_cell|Fam3c	multicellular_association	multicellular_association	1.0	0.19011354025626498	1.0	0.5	0.0	0.0	1.0	0.0	1.0	0.5	AXIS|Fam3c|Pdcd1	same annotated ligand/contact/sheddase and molecular target axis	identical molecular entities; source alone is not used for collapse	HIGH	positive	positive	False	UNRESOLVED	47.0	0.0	0.0		8.467463242669776e-05	0.0006081615852683	0.0021497152240829	positive	0.0	78.0	78.0	78.0	1.0	1.0	1.0	within-candidate mouse-effect sign permutation	0.0	0.0	0.0		0.0	False	source-cell perturbation plus T-cell-specific perturbation and rescue	CD69/CD137, T-cell effector program and tumor-cell killing	non-targeting guide plus untreated/irrelevant control	receptor-deficient T cells or matched source-cell control	SUPPORTED	SUPPORTED	PARTIALLY_SUPPORTED	PARTIALLY_SUPPORTED	PARTIALLY_SUPPORTED	MISSING	MISSING	0.5	1.0	1.0	0.549293824304019	0.07142857142857142	0.07142857142857142	0.013579538589733212	0.0	0.07142857142857142	0.0	0.0	0.07142857142857142	0.0	0.0	0.07142857142857142	0.03571428571428571	0.07142857142857142	0.07142857142857142	0.0	False	2	ASSOCIATION_ONLY	Test necessity and sufficiency; Phase 1.5 is associative.	
NK	Spp1	Cd44	CD8	43	0.3081169291343778	0.6943984371682166	-0.5119299305345817	0.0722159632103581	0.0780730897009966	0.9331629230528572	0.72633934	2.259520716935255e-05	-0.06925821	0.6463675366823181	False	RNA-supported	0.0390365448504983	0.1210565566666666	0.4625536877552508	1.0	0.2364376674153912	Tier 3 — exploratory	3.0	0.4136471825798149	0.8202774066442073	0.5863528174201851	0.30642069741635	NK → Spp1 → Cd44 → CD8 activation-associated program	CORRELATIONAL	Perturb ligand in NK and independently KO/CRISPRi receptor in target T cells	Increase ligand exposure or expression, with receptor-deficient T cells as specificity control	0.80×animal-level interaction score + 0.20×(1−LIANA magnitude rank)	0.0942330451866064	0.9355611534046334	9.0	6.0	0.0	0.8046695441735882	False	ordered cross-sectional support only	NK → Spp1 → Cd44 → CD8	multicellular	source-cell ↔ T-cell program / feedback	NK	CD8	0.30642069741635	0.0722159632103581		0.0	0.0	43	True	False	False	True	True	HIGH																			VALID_LR	True		True	False	True	True	NOT_ASSESSED	0				No external perturbational dataset integrated	NOT_ASSESSED	MULTI|NK|Spp1	MULTI|NK|Spp1	multicellular_association	multicellular_association	1.0	0.11413667917948866	1.0	0.5	0.0	1.0	0.0	0.0	1.0	0.5	AXIS|Spp1|Cd44	same annotated ligand/contact/sheddase and molecular target axis	identical molecular entities; source alone is not used for collapse	HIGH	negative	positive	False	UNRESOLVED	43.0	0.0	0.0		-0.0028677550581524	-0.0095361253696653	0.0146934951541235	negative	0.0	124.0	124.0	124.0	1.0	1.0	1.0	within-candidate mouse-effect sign permutation	0.0	0.0	0.0		0.0	False	source-cell perturbation plus T-cell-specific perturbation and rescue	CD69/CD137, T-cell effector program and tumor-cell killing	non-targeting guide plus untreated/irrelevant control	receptor-deficient T cells or matched source-cell control	SUPPORTED	SUPPORTED	PARTIALLY_SUPPORTED	SUPPORTED	PARTIALLY_SUPPORTED	MISSING	MISSING	0.5714285714285714	1.0	1.0	0.5489689464720043	0.07142857142857142	0.07142857142857142	0.008152619941392047	0.07142857142857142	0.0	0.0	0.0	0.07142857142857142	0.0	0.0	0.07142857142857142	0.04081632653061224	0.07142857142857142	0.07142857142857142	0.0	False	2	ASSOCIATION_ONLY	Test necessity and sufficiency; Phase 1.5 is associative.	
NK	Spp1	Itga4_Itgb1	CD8	43	0.3081169291343778	0.7186478107614556	-0.5119299305345817	0.0722159632103581	0.0780730897009966	0.9331629230528572	-0.19079351	0.370122225554747	-0.6269026	2.662078670593558e-05	False	RNA-supported	0.0390365448504983	0.0	0.4705608957201641	1.0	0.2077749698417072	Tier 3 — exploratory	3.0	0.3824989105148775	0.2152951993801858	0.6175010894851225	0.2897201937703902	NK → Spp1 → Itga4_Itgb1 → CD8 activation-associated program	CORRELATIONAL	Perturb ligand in NK and independently KO/CRISPRi receptor in target T cells	Increase ligand exposure or expression, with receptor-deficient T cells as specificity control	0.80×animal-level interaction score + 0.20×(1−LIANA magnitude rank)			9.0	6.0	0.0	0.8046695441735882	False	ordered cross-sectional support only	NK → Spp1 → Itga4_Itgb1 → CD8	multicellular	source-cell ↔ T-cell program / feedback	NK	CD8	0.2897201937703902	0.0722159632103581		0.0	0.0	43	True	False	False	True	True	HIGH																			VALID_LR	True		True	False	True	True	NOT_ASSESSED	0				No external perturbational dataset integrated	NOT_ASSESSED	MULTI|NK|Spp1	MULTI|NK|Spp1	multicellular_association	multicellular_association	1.0	0.11413667917948866	1.0	0.5	0.0	1.0	0.0	0.0	1.0	0.5	AXIS|Spp1|Itga4_Itgb1	same annotated ligand/contact/sheddase and molecular target axis	identical molecular entities; source alone is not used for collapse	HIGH	negative	positive	False	UNRESOLVED	43.0	0.0	0.0		-0.0028677550581524	-0.0095361253696653	0.0146934951541235	negative	0.0	124.0	124.0	124.0	1.0	1.0	1.0	within-candidate mouse-effect sign permutation	0.0	0.0	0.0		0.0	False	source-cell perturbation plus T-cell-specific perturbation and rescue	CD69/CD137, T-cell effector program and tumor-cell killing	non-targeting guide plus untreated/irrelevant control	receptor-deficient T cells or matched source-cell control	SUPPORTED	SUPPORTED	PARTIALLY_SUPPORTED	SUPPORTED	PARTIALLY_SUPPORTED	MISSING	MISSING	0.5714285714285714	1.0	1.0	0.5489689464720043	0.07142857142857142	0.07142857142857142	0.008152619941392047	0.07142857142857142	0.0	0.0	0.0	0.07142857142857142	0.0	0.0	0.07142857142857142	0.04081632653061224	0.07142857142857142	0.07142857142857142	0.0	False	2	ASSOCIATION_ONLY	Test necessity and sufficiency; Phase 1.5 is associative.	
NK	Spp1	Ptger4	CD8	43	0.3081169291343778	0.2780396653501507	-0.5119299305345817	0.0722159632103581	0.0780730897009966	0.9331629230528572	0.41176152	0.0015393552177747	-0.52510667	0.0006250920282148	False	RNA-supported	0.0390365448504983	0.06862692	0.2926922067039683	1.0	0.2393579620384681	Tier 3 — exploratory	3.0	0.5434730943262657	0.3254171453362398	0.4565269056737343	0.2827917507655213	NK → Spp1 → Ptger4 → CD8 activation-associated program	CORRELATIONAL	Perturb ligand in NK and independently KO/CRISPRi receptor in target T cells	Increase ligand exposure or expression, with receptor-deficient T cells as specificity control	0.80×animal-level interaction score + 0.20×(1−LIANA magnitude rank)	0.4128133619806529	0.9205006315416916	9.0	6.0	0.0	0.8046695441735882	False	ordered cross-sectional support only	NK → Spp1 → Ptger4 → CD8	multicellular	source-cell ↔ T-cell program / feedback	NK	CD8	0.2827917507655213	0.0722159632103581		0.0	0.0	43	True	False	False	True	True	HIGH																			VALID_LR	True		True	False	True	True	NOT_ASSESSED	0				No external perturbational dataset integrated	NOT_ASSESSED	MULTI|NK|Spp1	MULTI|NK|Spp1	multicellular_association	multicellular_association	1.0	0.11413667917948866	1.0	0.5	0.0	1.0	0.0	0.0	1.0	0.5	AXIS|Spp1|Ptger4	same annotated ligand/contact/sheddase and molecular target axis	identical molecular entities; source alone is not used for collapse	HIGH	negative	positive	False	UNRESOLVED	43.0	0.0	0.0		-0.0028677550581524	-0.0095361253696653	0.0146934951541235	negative	0.0	124.0	124.0	124.0	1.0	1.0	1.0	within-candidate mouse-effect sign permutation	0.0	0.0	0.0		0.0	False	source-cell perturbation plus T-cell-specific perturbation and rescue	CD69/CD137, T-cell effector program and tumor-cell killing	non-targeting guide plus untreated/irrelevant control	receptor-deficient T cells or matched source-cell control	SUPPORTED	SUPPORTED	PARTIALLY_SUPPORTED	SUPPORTED	PARTIALLY_SUPPORTED	MISSING	MISSING	0.5714285714285714	1.0	1.0	0.5489689464720043	0.07142857142857142	0.07142857142857142	0.008152619941392047	0.07142857142857142	0.0	0.0	0.0	0.07142857142857142	0.0	0.0	0.07142857142857142	0.04081632653061224	0.07142857142857142	0.07142857142857142	0.0	False	2	ASSOCIATION_ONLY	Test necessity and sufficiency; Phase 1.5 is associative.	
NK	Spp1	Itgav_Itgb3	CD8	43	0.3081169291343778	0.1736951628657577	-0.5119299305345817	0.0722159632103581	0.0780730897009966	0.9331629230528572	-0.5537106	0.0045006933207894	-0.78209853	0.0004179291465249	False	RNA-supported	0.0390365448504983	0.0	0.2313404854055876	1.0	0.2099308877787919	Tier 3 — exploratory	3.0	0.5298165672802182	0.2494789859359188	0.4701834327197818	0.2619813967669899	NK → Spp1 → Itgav_Itgb3 → CD8 activation-associated program	CORRELATIONAL	Perturb ligand in NK and independently KO/CRISPRi receptor in target T cells	Increase ligand exposure or expression, with receptor-deficient T cells as specificity control	0.80×animal-level interaction score + 0.20×(1−LIANA magnitude rank)			9.0	6.0	0.0	0.8046695441735882	False	ordered cross-sectional support only	NK → Spp1 → Itgav_Itgb3 → CD8	multicellular	source-cell ↔ T-cell program / feedback	NK	CD8	0.2619813967669899	0.0722159632103581		0.0	0.0	43	True	False	False	True	True	HIGH																			VALID_LR	True		True	False	True	True	NOT_ASSESSED	0				No external perturbational dataset integrated	NOT_ASSESSED	MULTI|NK|Spp1	MULTI|NK|Spp1	multicellular_association	multicellular_association	1.0	0.11413667917948866	1.0	0.5	0.0	1.0	0.0	0.0	1.0	0.5	AXIS|Spp1|Itgav_Itgb3	same annotated ligand/contact/sheddase and molecular target axis	identical molecular entities; source alone is not used for collapse	HIGH	negative	positive	False	UNRESOLVED	43.0	0.0	0.0		-0.0028677550581524	-0.0095361253696653	0.0146934951541235	negative	0.0	124.0	124.0	124.0	1.0	1.0	1.0	within-candidate mouse-effect sign permutation	0.0	0.0	0.0		0.0	False	source-cell perturbation plus T-cell-specific perturbation and rescue	CD69/CD137, T-cell effector program and tumor-cell killing	non-targeting guide plus untreated/irrelevant control	receptor-deficient T cells or matched source-cell control	SUPPORTED	SUPPORTED	PARTIALLY_SUPPORTED	SUPPORTED	PARTIALLY_SUPPORTED	MISSING	MISSING	0.5714285714285714	1.0	1.0	0.5489689464720043	0.07142857142857142	0.07142857142857142	0.008152619941392047	0.07142857142857142	0.0	0.0	0.0	0.07142857142857142	0.0	0.0	0.07142857142857142	0.04081632653061224	0.07142857142857142	0.07142857142857142	0.0	False	2	ASSOCIATION_ONLY	Test necessity and sufficiency; Phase 1.5 is associative.	
NK	Spp1	Itgav_Itgb1	CD8	43	0.3081169291343778	0.4708880112116191	-0.5119299305345817	0.0722159632103581	0.0780730897009966	0.9331629230528572	-0.19079351	0.370122225554747	-0.5470314	0.0001382533409225	False	RNA-supported	0.0390365448504983	0.0	0.3809049329960411	1.0	0.1898437772968826	Tier 3 — exploratory	3.0	0.6438652809179302	0.2574690592342178	0.3561347190820698	0.22310196565392	NK → Spp1 → Itgav_Itgb1 → CD8 activation-associated program	CORRELATIONAL	Perturb ligand in NK and independently KO/CRISPRi receptor in target T cells	Increase ligand exposure or expression, with receptor-deficient T cells as specificity control	0.80×animal-level interaction score + 0.20×(1−LIANA magnitude rank)			9.0	6.0	0.0	0.8046695441735882	False	ordered cross-sectional support only	NK → Spp1 → Itgav_Itgb1 → CD8	multicellular	source-cell ↔ T-cell program / feedback	NK	CD8	0.22310196565392	0.0722159632103581		0.0	0.0	43	True	False	False	True	True	HIGH																			VALID_LR	True		True	False	True	True	NOT_ASSESSED	0				No external perturbational dataset integrated	NOT_ASSESSED	MULTI|NK|Spp1	MULTI|NK|Spp1	multicellular_association	multicellular_association	1.0	0.11413667917948866	1.0	0.5	0.0	1.0	0.0	0.0	1.0	0.5	AXIS|Spp1|Itgav_Itgb1	same annotated ligand/contact/sheddase and molecular target axis	identical molecular entities; source alone is not used for collapse	HIGH	negative	positive	False	UNRESOLVED	43.0	0.0	0.0		-0.0028677550581524	-0.0095361253696653	0.0146934951541235	negative	0.0	124.0	124.0	124.0	1.0	1.0	1.0	within-candidate mouse-effect sign permutation	0.0	0.0	0.0		0.0	False	source-cell perturbation plus T-cell-specific perturbation and rescue	CD69/CD137, T-cell effector program and tumor-cell killing	non-targeting guide plus untreated/irrelevant control	receptor-deficient T cells or matched source-cell control	SUPPORTED	SUPPORTED	PARTIALLY_SUPPORTED	SUPPORTED	PARTIALLY_SUPPORTED	MISSING	MISSING	0.5714285714285714	1.0	1.0	0.5489689464720043	0.07142857142857142	0.07142857142857142	0.008152619941392047	0.07142857142857142	0.0	0.0	0.0	0.07142857142857142	0.0	0.0	0.07142857142857142	0.04081632653061224	0.07142857142857142	0.07142857142857142	0.0	False	2	ASSOCIATION_ONLY	Test necessity and sufficiency; Phase 1.5 is associative.	
monocyte_macrophage	Cd80	Cd28	CD8	45	0.4963813588068506	0.8301269800823884	-0.4949934123847166	0.0789973063854379	0.3093544137022397	0.4450691760361901	0.26272535	0.2307240622907612	-0.7244303	7.001262895656168e-06	False	RNA-supported	0.1546772068511198	0.0437875583333333	0.6419186540018317	1.0	0.2934676427815916	Tier 3 — exploratory	3.0	0.1493184555087617	0.0874267002502295	0.8506815444912383	0.404910423123521	monocyte_macrophage → Cd80 → Cd28 → CD8 activation-associated program	CORRELATIONAL	Perturb ligand in monocyte_macrophage and independently KO/CRISPRi receptor in target T cells	Increase ligand exposure or expression, with receptor-deficient T cells as specificity control	0.80×animal-level interaction score + 0.20×(1−LIANA magnitude rank)	-0.8818507861181617	0.4057841594185775	9.0	6.0	0.0	0.8046695441735882	False	ordered cross-sectional support only	monocyte_macrophage → Cd80 → Cd28 → CD8	multicellular	source-cell ↔ T-cell program / feedback	monocyte_macrophage	CD8	0.404910423123521	0.0789973063854379		0.0	0.0	45	True	False	False	True	True	HIGH																			VALID_LR	True		True	False	True	True	NOT_ASSESSED	0				No external perturbational dataset integrated	NOT_ASSESSED	MULTI|monocyte_macrophage|Cd80	MULTI|monocyte_macrophage|Cd80	multicellular_association	multicellular_association	1.0	0.11023877168346788	1.0	0.5	0.0	1.0	0.0	0.0	1.0	0.5	AXIS|Cd80|Cd28	same annotated ligand/contact/sheddase and molecular target axis	identical molecular entities; source alone is not used for collapse	HIGH	negative	positive	False	UNRESOLVED	45.0	0.0	0.0		-0.0007470268383185	-0.0035497215777359	0.005776619602934	negative	0.0	131.0	131.0	131.0	1.0	1.0	1.0	within-candidate mouse-effect sign permutation	0.0	0.0	0.0		0.0	False	source-cell perturbation plus T-cell-specific perturbation and rescue	CD69/CD137, T-cell effector program and tumor-cell killing	non-targeting guide plus untreated/irrelevant control	receptor-deficient T cells or matched source-cell control	SUPPORTED	SUPPORTED	PARTIALLY_SUPPORTED	SUPPORTED	PARTIALLY_SUPPORTED	MISSING	MISSING	0.5714285714285714	1.0	1.0	0.5486905245080028	0.07142857142857142	0.07142857142857142	0.007874197977390562	0.07142857142857142	0.0	0.0	0.0	0.07142857142857142	0.0	0.0	0.07142857142857142	0.04081632653061224	0.07142857142857142	0.07142857142857142	0.0	False	2	ASSOCIATION_ONLY	Test necessity and sufficiency; Phase 1.5 is associative.	
NK	Ccl4	Ccr5	CD8	43	0.6343440916702875	0.5847878710663776	0.4998489882210812	0.0864256323914709	-0.1899728178797946	0.7674208524834459	-0.2535386	0.0039152746456846	-0.58276033	0.0002887777376889	False	RNA-supported	0.2499244941105406	0.0	0.6090621732560663	1.0	0.3592860075899025	Tier 3 — exploratory	3.0	0.0852431055222885	0.5616799587522371	0.9147568944777116	0.4703801849674643	NK → Ccl4 → Ccr5 → CD8 activation-associated program	CORRELATIONAL	Perturb ligand in NK and independently KO/CRISPRi receptor in target T cells	Increase ligand exposure or expression, with receptor-deficient T cells as specificity control	0.80×animal-level interaction score + 0.20×(1−LIANA magnitude rank)	0.1799237081292282	0.6776571272613832	9.0	6.0	0.0	0.8046695441735882	False	ordered cross-sectional support only	NK → Ccl4 → Ccr5 → CD8	multicellular	source-cell ↔ T-cell program / feedback	NK	CD8	0.4703801849674643	0.0864256323914709		0.0	0.0	43	True	False	False	True	True	HIGH																			VALID_LR	True		True	False	True	True	NOT_ASSESSED	0				No external perturbational dataset integrated	NOT_ASSESSED	MULTI|NK|Ccl4	MULTI|NK|Ccl4	multicellular_association	multicellular_association	1.0	0.10633574339652327	1.0	0.5	0.0	1.0	0.0	0.0	1.0	0.5	AXIS|Ccl4|Ccr5	same annotated ligand/contact/sheddase and molecular target axis	identical molecular entities; source alone is not used for collapse	HIGH	positive	negative	False	UNRESOLVED	43.0	0.0	0.0		0.0006141961162339	0.0151986849491685	0.0166809775828604	positive	0.0	135.0	135.0	135.0	1.0	1.0	1.0	within-candidate mouse-effect sign permutation	0.0	0.0	0.0		0.0	False	source-cell perturbation plus T-cell-specific perturbation and rescue	CD69/CD137, T-cell effector program and tumor-cell killing	non-targeting guide plus untreated/irrelevant control	receptor-deficient T cells or matched source-cell control	SUPPORTED	SUPPORTED	PARTIALLY_SUPPORTED	SUPPORTED	PARTIALLY_SUPPORTED	MISSING	MISSING	0.5714285714285714	1.0	1.0	0.548411736773221	0.07142857142857142	0.07142857142857142	0.007595410242608805	0.07142857142857142	0.0	0.0	0.0	0.07142857142857142	0.0	0.0	0.07142857142857142	0.04081632653061224	0.07142857142857142	0.07142857142857142	0.0	False	2	ASSOCIATION_ONLY	Test necessity and sufficiency; Phase 1.5 is associative.	
NK	Ccl4	Ccr8	CD8	43	0.6343440916702875	0.0276043657366118	0.4998489882210812	0.0864256323914709	-0.1899728178797946	0.7674208524834459	0.9948776	0.0160073809500118	0.12653667	0.8030557082693508	False	RNA-supported	0.2499244941105406	0.1869023783333333	0.1323278742719215	1.0	0.2606647423764068	Tier 3 — exploratory	3.0			0.0	0.2085317939011254	NK → Ccl4 → Ccr8 → CD8 activation-associated program	CORRELATIONAL	Perturb ligand in NK and independently KO/CRISPRi receptor in target T cells	Increase ligand exposure or expression, with receptor-deficient T cells as specificity control	0.80×animal-level interaction score + 0.20×(1−LIANA magnitude rank)	0.1753708447849152	0.9075774136394448	9.0	6.0	0.0	0.8046695441735882	False	ordered cross-sectional support only	NK → Ccl4 → Ccr8 → CD8	multicellular	source-cell ↔ T-cell program / feedback	NK	CD8	0.2085317939011254	0.0864256323914709		0.0	0.0	43	True	False	False	True	True	HIGH																			VALID_LR	True		True	False	True	True	NOT_ASSESSED	0				No external perturbational dataset integrated	NOT_ASSESSED	MULTI|NK|Ccl4	MULTI|NK|Ccl4	multicellular_association	multicellular_association	1.0	0.10633574339652327	1.0	0.5	0.0	1.0	0.0	0.0	1.0	0.5	AXIS|Ccl4|Ccr8	same annotated ligand/contact/sheddase and molecular target axis	identical molecular entities; source alone is not used for collapse	HIGH	positive	negative	False	UNRESOLVED	43.0	0.0	0.0		0.0006141961162339	0.0151986849491685	0.0166809775828604	positive	0.0	135.0	135.0	135.0	1.0	1.0	1.0	within-candidate mouse-effect sign permutation	0.0	0.0	0.0		0.0	False	source-cell perturbation plus T-cell-specific perturbation and rescue	CD69/CD137, T-cell effector program and tumor-cell killing	non-targeting guide plus untreated/irrelevant control	receptor-deficient T cells or matched source-cell control	SUPPORTED	SUPPORTED	PARTIALLY_SUPPORTED	SUPPORTED	PARTIALLY_SUPPORTED	MISSING	MISSING	0.5714285714285714	1.0	1.0	0.548411736773221	0.07142857142857142	0.07142857142857142	0.007595410242608805	0.07142857142857142	0.0	0.0	0.0	0.07142857142857142	0.0	0.0	0.07142857142857142	0.04081632653061224	0.07142857142857142	0.07142857142857142	0.0	False	2	ASSOCIATION_ONLY	Test necessity and sufficiency; Phase 1.5 is associative.	
T_cell	Cd28	Cd80	CD4	47	0.8177614094911475	0.1077513090935909	0.0169981498612395	0.990285874387002	-0.5521507863089732	0.020706155894144	0.5715778	0.0586192350884725	1.7541213	2.7782343594721914e-06	False	ADT-supported	0.0084990749306197	0.3876165166666667	0.2968414768843654	1.0	0.2592471007692567	Tier 3 — exploratory	3.0	0.4704492501463558	0.320311113404614	0.5295507498536443	0.3133078305861342	T_cell → Cd28 → Cd80 → CD4 activation-associated program	CORRELATIONAL	Perturb ligand in T_cell and independently KO/CRISPRi receptor in target T cells	Increase ligand exposure or expression, with receptor-deficient T cells as specificity control	0.80×animal-level interaction score + 0.20×(1−LIANA magnitude rank)	0.230120699722967	0.9877622425126296	9.0	4.0	0.0	0.8592006085325994	False	ordered cross-sectional support only	T_cell → Cd28 → Cd80 → CD4	multicellular	source-cell ↔ T-cell program / feedback	T_cell	CD4	0.3133078305861342	0.020706155894144		0.0	0.0	47	False	True	False	True	True	HIGH																			VALID_LR	True		True	False	True	True	NOT_ASSESSED	0				No external perturbational dataset integrated	NOT_ASSESSED	MULTI|T_cell|Cd28	MULTI|T_cell|Cd28	multicellular_association	multicellular_association	1.0	0.168390052056192	1.0	0.5	0.0	0.0	1.0	0.0	1.0	0.5	AXIS|Cd28|Cd80	same annotated ligand/contact/sheddase and molecular target axis	identical molecular entities; source alone is not used for collapse	HIGH	positive	negative	False	UNRESOLVED	47.0	0.0	0.0		-0.0002668701425214	0.0010218665492841	0.0061106174640851	negative	0.0	82.0	82.0	82.0	1.0	1.0	1.0	within-candidate mouse-effect sign permutation	0.0	0.0	0.0		0.0	False	source-cell perturbation plus T-cell-specific perturbation and rescue	CD69/CD137, T-cell effector program and tumor-cell killing	non-targeting guide plus untreated/irrelevant control	receptor-deficient T cells or matched source-cell control	SUPPORTED	SUPPORTED	PARTIALLY_SUPPORTED	PARTIALLY_SUPPORTED	PARTIALLY_SUPPORTED	MISSING	MISSING	0.5	1.0	1.0	0.5477421465754423	0.07142857142857142	0.07142857142857142	0.012027860861156573	0.0	0.07142857142857142	0.0	0.0	0.07142857142857142	0.0	0.0	0.07142857142857142	0.03571428571428571	0.07142857142857142	0.07142857142857142	0.0	False	2	ASSOCIATION_ONLY	Test necessity and sufficiency; Phase 1.5 is associative.	
T_cell	Cd28	Cd86	CD4	47	0.8177614094911475	0.1255254812301792	0.0169981498612395	0.990285874387002	-0.5521507863089732	0.020706155894144	0.47786856	0.0124302197440606	-0.49047947	0.0677537664409485	False	ADT-supported	0.0084990749306197	0.07964476	0.3203902221632956	1.0	0.186963910658376	Tier 3 — exploratory	3.0	0.7482304289053803	1.0	0.2517695710946197	0.1999250427456247	T_cell → Cd28 → Cd86 → CD4 activation-associated program	CORRELATIONAL	Perturb ligand in T_cell and independently KO/CRISPRi receptor in target T cells	Increase ligand exposure or expression, with receptor-deficient T cells as specificity control	0.80×animal-level interaction score + 0.20×(1−LIANA magnitude rank)	1.1413280201951583	0.9704928840266306	9.0	4.0	0.0	0.8592006085325994	False	ordered cross-sectional support only	T_cell → Cd28 → Cd86 → CD4	multicellular	source-cell ↔ T-cell program / feedback	T_cell	CD4	0.1999250427456247	0.020706155894144		0.0	0.0	47	False	True	False	True	True	HIGH																			VALID_LR	True		True	False	True	True	NOT_ASSESSED	0				No external perturbational dataset integrated	NOT_ASSESSED	MULTI|T_cell|Cd28	MULTI|T_cell|Cd28	multicellular_association	multicellular_association	1.0	0.168390052056192	1.0	0.5	0.0	0.0	1.0	0.0	1.0	0.5	AXIS|Cd28|Cd86	same annotated ligand/contact/sheddase and molecular target axis	identical molecular entities; source alone is not used for collapse	HIGH	positive	negative	False	UNRESOLVED	47.0	0.0	0.0		-0.0002668701425214	0.0010218665492841	0.0061106174640851	negative	0.0	82.0	82.0	82.0	1.0	1.0	1.0	within-candidate mouse-effect sign permutation	0.0	0.0	0.0		0.0	False	source-cell perturbation plus T-cell-specific perturbation and rescue	CD69/CD137, T-cell effector program and tumor-cell killing	non-targeting guide plus untreated/irrelevant control	receptor-deficient T cells or matched source-cell control	SUPPORTED	SUPPORTED	PARTIALLY_SUPPORTED	PARTIALLY_SUPPORTED	PARTIALLY_SUPPORTED	MISSING	MISSING	0.5	1.0	1.0	0.5477421465754423	0.07142857142857142	0.07142857142857142	0.012027860861156573	0.0	0.07142857142857142	0.0	0.0	0.07142857142857142	0.0	0.0	0.07142857142857142	0.03571428571428571	0.07142857142857142	0.07142857142857142	0.0	False	2	ASSOCIATION_ONLY	Test necessity and sufficiency; Phase 1.5 is associative.	
NK	Spp1	S1pr1	CD8	43	0.3081169291343778	0.3393638255404084	-0.5119299305345817	0.0722159632103581	0.0780730897009966	0.9331629230528572	-0.5540447	0.0039152746456846	-1.433454	6.8649516200110315e-06	False	RNA-supported	0.0390365448504983	0.0	0.3233631701118811	1.0	0.2283354247200506	Tier 3 — exploratory	3.0	0.9816854135931798	0.1024623067293332	0.0183145864068201	0.1863312570574045	NK → Spp1 → S1pr1 → CD8 activation-associated program	CORRELATIONAL	Perturb ligand in NK and independently KO/CRISPRi receptor in target T cells	Increase ligand exposure or expression, with receptor-deficient T cells as specificity control	0.80×animal-level interaction score + 0.20×(1−LIANA magnitude rank)	-1.3358326238413225	0.5937520087596865	9.0	6.0	0.0	0.8046695441735882	False	ordered cross-sectional support only	NK → Spp1 → S1pr1 → CD8	multicellular	source-cell ↔ T-cell program / feedback	NK	CD8	0.1863312570574045	0.0722159632103581	1.0	43.0	0.0	43	True	False	False	True	True	HIGH																			VALID_LR	True		True	False	True	True	NOT_ASSESSED	0				No external perturbational dataset integrated	NOT_ASSESSED	MULTI|NK|Spp1	MULTI|NK|Spp1	multicellular_association	multicellular_association	0.9796719733641956	0.11413667917948866	1.0	0.5	0.0	1.0	0.0	0.0	1.0	0.5	AXIS|Spp1|S1pr1	same annotated ligand/contact/sheddase and molecular target axis	identical molecular entities; source alone is not used for collapse	HIGH	negative	positive	False	UNRESOLVED																		0.0	0.0		0.0	False	source-cell perturbation plus T-cell-specific perturbation and rescue	CD69/CD137, T-cell effector program and tumor-cell killing	non-targeting guide plus untreated/irrelevant control	receptor-deficient T cells or matched source-cell control	SUPPORTED	SUPPORTED	PARTIALLY_SUPPORTED	SUPPORTED	PARTIALLY_SUPPORTED	MISSING	MISSING	0.5714285714285714	1.0	1.0	0.5475169445694468	0.07142857142857142	0.06997656952601397	0.008152619941392047	0.07142857142857142	0.0	0.0	0.0	0.07142857142857142	0.0	0.0	0.07142857142857142	0.04081632653061224	0.07142857142857142	0.07142857142857142	0.0	False	2	ASSOCIATION_ONLY	Test necessity and sufficiency; Phase 1.5 is associative.	
melanoma	App	Rpsa	CD8	42	0.6390965846760497	0.9887883806854374	0.1078518758609513	0.884894955043239	-0.57280609350944	0.0280140080292839	-0.06606436	0.8628850895776214	0.21967888	0.0001744031490831	False	ADT-supported	0.0539259379304756	0.0366131466666666	0.7949410525714625	1.0	0.2870155754566257	Tier 3 — exploratory	3.0	0.005639479494594	0.9251733289282332	0.994360520505406	0.4284845644663818	melanoma → App → Rpsa → CD8 activation-associated program	CORRELATIONAL	Perturb ligand in melanoma and independently KO/CRISPRi receptor in target T cells	Increase ligand exposure or expression, with receptor-deficient T cells as specificity control	0.80×animal-level interaction score + 0.20×(1−LIANA magnitude rank)	-0.1331166925153101	0.9528735943176244	9.0	6.0	0.0	0.8046695441735882	False	ordered cross-sectional support only	melanoma → App → Rpsa → CD8	multicellular	source-cell ↔ T-cell program / feedback	melanoma	CD8	0.4284845644663818	0.0280140080292839		0.0	0.0	42	False	True	False	True	True	HIGH																			VALID_LR	True		True	False	True	True	NOT_ASSESSED	0				No external perturbational dataset integrated	NOT_ASSESSED	MULTI|melanoma|App	MULTI|melanoma|App	multicellular_association	multicellular_association	1.0	0.15526247512094604	1.0	0.5	0.0	0.0	1.0	0.0	1.0	0.5	AXIS|App|Rpsa	same annotated ligand/contact/sheddase and molecular target axis	identical molecular entities; source alone is not used for collapse	HIGH	positive	negative	False	UNRESOLVED	42.0	0.0	0.0		5.387431981160311e-05	0.0027189444783992	0.0062959535599092	positive	0.0	85.0	85.0	85.0	1.0	1.0	1.0	within-candidate mouse-effect sign permutation	0.0	0.0	0.0		0.0	False	source-cell perturbation plus T-cell-specific perturbation and rescue	CD69/CD137, T-cell effector program and tumor-cell killing	non-targeting guide plus untreated/irrelevant control	receptor-deficient T cells or matched source-cell control	SUPPORTED	SUPPORTED	PARTIALLY_SUPPORTED	PARTIALLY_SUPPORTED	PARTIALLY_SUPPORTED	MISSING	MISSING	0.5	1.0	1.0	0.546804462508639	0.07142857142857142	0.07142857142857142	0.011090176794353288	0.0	0.07142857142857142	0.0	0.0	0.07142857142857142	0.0	0.0	0.07142857142857142	0.03571428571428571	0.07142857142857142	0.07142857142857142	0.0	False	2	ASSOCIATION_ONLY	Test necessity and sufficiency; Phase 1.5 is associative.	
melanoma	App	Cd74	CD8	42	0.6390965846760497	0.1444770034399286	0.1078518758609513	0.884894955043239	-0.57280609350944	0.0280140080292839	0.47571898	0.0973154916821954	0.12448239	0.6853840335173615	False	ADT-supported	0.0539259379304756	0.1000335616666666	0.30386635131697	1.0	0.1546557389557271	Tier 3 — exploratory	3.0	0.4543180338187067	1.0	0.5456819661812933	0.2328609844008403	melanoma → App → Cd74 → CD8 activation-associated program	CORRELATIONAL	Perturb ligand in melanoma and independently KO/CRISPRi receptor in target T cells	Increase ligand exposure or expression, with receptor-deficient T cells as specificity control	0.80×animal-level interaction score + 0.20×(1−LIANA magnitude rank)	0.6163591628365577	0.8038924572177899	9.0	6.0	0.0	0.8046695441735882	False	ordered cross-sectional support only	melanoma → App → Cd74 → CD8	multicellular	source-cell ↔ T-cell program / feedback	melanoma	CD8	0.2328609844008403	0.0280140080292839		0.0	0.0	42	False	True	False	True	True	HIGH																			VALID_LR	True		True	False	True	True	NOT_ASSESSED	0				No external perturbational dataset integrated	NOT_ASSESSED	MULTI|melanoma|App	MULTI|melanoma|App	multicellular_association	multicellular_association	1.0	0.15526247512094604	1.0	0.5	0.0	0.0	1.0	0.0	1.0	0.5	AXIS|App|Cd74	same annotated ligand/contact/sheddase and molecular target axis	identical molecular entities; source alone is not used for collapse	HIGH	positive	negative	False	UNRESOLVED	42.0	0.0	0.0		5.387431981160311e-05	0.0027189444783992	0.0062959535599092	positive	0.0	85.0	85.0	85.0	1.0	1.0	1.0	within-candidate mouse-effect sign permutation	0.0	0.0	0.0		0.0	False	source-cell perturbation plus T-cell-specific perturbation and rescue	CD69/CD137, T-cell effector program and tumor-cell killing	non-targeting guide plus untreated/irrelevant control	receptor-deficient T cells or matched source-cell control	SUPPORTED	SUPPORTED	PARTIALLY_SUPPORTED	PARTIALLY_SUPPORTED	PARTIALLY_SUPPORTED	MISSING	MISSING	0.5	1.0	1.0	0.546804462508639	0.07142857142857142	0.07142857142857142	0.011090176794353288	0.0	0.07142857142857142	0.0	0.0	0.07142857142857142	0.0	0.0	0.07142857142857142	0.03571428571428571	0.07142857142857142	0.07142857142857142	0.0	False	2	ASSOCIATION_ONLY	Test necessity and sufficiency; Phase 1.5 is associative.	
melanoma	App	Notch2	CD8	42	0.6390965846760497	0.3310400475644455	0.1078518758609513	0.884894955043239	-0.57280609350944	0.0280140080292839	0.18749881	0.3054463089117286	-0.4814775	0.0021774140675924	False	ADT-supported	0.0539259379304756	0.0312498016666666	0.4599636548570269	1.0	0.2186792596637385	Tier 3 — exploratory	3.0	0.7153327713072015	1.0	0.2846672286927985	0.2318768534695505	melanoma → App → Notch2 → CD8 activation-associated program	CORRELATIONAL	Perturb ligand in melanoma and independently KO/CRISPRi receptor in target T cells	Increase ligand exposure or expression, with receptor-deficient T cells as specificity control	0.80×animal-level interaction score + 0.20×(1−LIANA magnitude rank)	0.1822864992228577	0.9635074454610244	9.0	6.0	0.0	0.8046695441735882	False	ordered cross-sectional support only	melanoma → App → Notch2 → CD8	multicellular	source-cell ↔ T-cell program / feedback	melanoma	CD8	0.2318768534695505	0.0280140080292839		0.0	0.0	42	False	True	False	True	True	HIGH																			VALID_LR	True		True	False	True	True	NOT_ASSESSED	0				No external perturbational dataset integrated	NOT_ASSESSED	MULTI|melanoma|App	MULTI|melanoma|App	multicellular_association	multicellular_association	1.0	0.15526247512094604	1.0	0.5	0.0	0.0	1.0	0.0	1.0	0.5	AXIS|App|Notch2	same annotated ligand/contact/sheddase and molecular target axis	identical molecular entities; source alone is not used for collapse	HIGH	positive	negative	False	UNRESOLVED	42.0	0.0	0.0		5.387431981160311e-05	0.0027189444783992	0.0062959535599092	positive	0.0	85.0	85.0	85.0	1.0	1.0	1.0	within-candidate mouse-effect sign permutation	0.0	0.0	0.0		0.0	False	source-cell perturbation plus T-cell-specific perturbation and rescue	CD69/CD137, T-cell effector program and tumor-cell killing	non-targeting guide plus untreated/irrelevant control	receptor-deficient T cells or matched source-cell control	SUPPORTED	SUPPORTED	PARTIALLY_SUPPORTED	PARTIALLY_SUPPORTED	PARTIALLY_SUPPORTED	MISSING	MISSING	0.5	1.0	1.0	0.546804462508639	0.07142857142857142	0.07142857142857142	0.011090176794353288	0.0	0.07142857142857142	0.0	0.0	0.07142857142857142	0.0	0.0	0.07142857142857142	0.03571428571428571	0.07142857142857142	0.07142857142857142	0.0	False	2	ASSOCIATION_ONLY	Test necessity and sufficiency; Phase 1.5 is associative.	
melanoma	App	Lrp10	CD8	42	0.6390965846760497	0.482354440056058	0.1078518758609513	0.884894955043239	-0.57280609350944	0.0280140080292839	-0.18185139	0.0018414369044258	-0.22387624	0.0003181254863053	False	ADT-supported	0.0539259379304756	0.0	0.5552216451500743	1.0	0.2799184073056814	Tier 3 — exploratory	3.0	1.0	0.8906542695322034	0.0	0.2239347258445451	melanoma → App → Lrp10 → CD8 activation-associated program	CORRELATIONAL	Perturb ligand in melanoma and independently KO/CRISPRi receptor in target T cells	Increase ligand exposure or expression, with receptor-deficient T cells as specificity control	0.80×animal-level interaction score + 0.20×(1−LIANA magnitude rank)	-0.2631911437405496	0.478101716938537	9.0	6.0	0.0	0.8046695441735882	False	ordered cross-sectional support only	melanoma → App → Lrp10 → CD8	multicellular	source-cell ↔ T-cell program / feedback	melanoma	CD8	0.2239347258445451	0.0280140080292839		0.0	0.0	42	False	True	False	True	True	HIGH																			VALID_LR	True		True	False	True	True	NOT_ASSESSED	0				No external perturbational dataset integrated	NOT_ASSESSED	MULTI|melanoma|App	MULTI|melanoma|App	multicellular_association	multicellular_association	1.0	0.15526247512094604	1.0	0.5	0.0	0.0	1.0	0.0	1.0	0.5	AXIS|App|Lrp10	same annotated ligand/contact/sheddase and molecular target axis	identical molecular entities; source alone is not used for collapse	HIGH	positive	negative	False	UNRESOLVED	42.0	0.0	0.0		5.387431981160311e-05	0.0027189444783992	0.0062959535599092	positive	0.0	85.0	85.0	85.0	1.0	1.0	1.0	within-candidate mouse-effect sign permutation	0.0	0.0	0.0		0.0	False	source-cell perturbation plus T-cell-specific perturbation and rescue	CD69/CD137, T-cell effector program and tumor-cell killing	non-targeting guide plus untreated/irrelevant control	receptor-deficient T cells or matched source-cell control	SUPPORTED	SUPPORTED	PARTIALLY_SUPPORTED	PARTIALLY_SUPPORTED	PARTIALLY_SUPPORTED	MISSING	MISSING	0.5	1.0	1.0	0.546804462508639	0.07142857142857142	0.07142857142857142	0.011090176794353288	0.0	0.07142857142857142	0.0	0.0	0.07142857142857142	0.0	0.0	0.07142857142857142	0.03571428571428571	0.07142857142857142	0.07142857142857142	0.0	False	2	ASSOCIATION_ONLY	Test necessity and sufficiency; Phase 1.5 is associative.	
melanoma	App	Lrp6	CD8	42	0.6390965846760497	0.2215993544825243	0.1078518758609513	0.884894955043239	-0.57280609350944	0.0280140080292839	-0.17855	0.7281375415623188	-0.20251918	0.4832317495832637	False	ADT-supported	0.0539259379304756	0.0	0.3763288330917504	1.0	0.1441398448940165	Tier 3 — exploratory	3.0	0.4866086812128677	1.0	0.5133913187871323	0.2179901396726396	melanoma → App → Lrp6 → CD8 activation-associated program	CORRELATIONAL	Perturb ligand in melanoma and independently KO/CRISPRi receptor in target T cells	Increase ligand exposure or expression, with receptor-deficient T cells as specificity control	0.80×animal-level interaction score + 0.20×(1−LIANA magnitude rank)	-0.0671208267820375	0.7132796791112548	9.0	6.0	0.0	0.8046695441735882	False	ordered cross-sectional support only	melanoma → App → Lrp6 → CD8	multicellular	source-cell ↔ T-cell program / feedback	melanoma	CD8	0.2179901396726396	0.0280140080292839		0.0	0.0	42	False	True	False	True	True	HIGH																			VALID_LR	True		True	False	True	True	NOT_ASSESSED	0				No external perturbational dataset integrated	NOT_ASSESSED	MULTI|melanoma|App	MULTI|melanoma|App	multicellular_association	multicellular_association	1.0	0.15526247512094604	1.0	0.5	0.0	0.0	1.0	0.0	1.0	0.5	AXIS|App|Lrp6	same annotated ligand/contact/sheddase and molecular target axis	identical molecular entities; source alone is not used for collapse	HIGH	positive	negative	False	UNRESOLVED	42.0	0.0	0.0		5.387431981160311e-05	0.0027189444783992	0.0062959535599092	positive	0.0	85.0	85.0	85.0	1.0	1.0	1.0	within-candidate mouse-effect sign permutation	0.0	0.0	0.0		0.0	False	source-cell perturbation plus T-cell-specific perturbation and rescue	CD69/CD137, T-cell effector program and tumor-cell killing	non-targeting guide plus untreated/irrelevant control	receptor-deficient T cells or matched source-cell control	SUPPORTED	SUPPORTED	PARTIALLY_SUPPORTED	PARTIALLY_SUPPORTED	PARTIALLY_SUPPORTED	MISSING	MISSING	0.5	1.0	1.0	0.546804462508639	0.07142857142857142	0.07142857142857142	0.011090176794353288	0.0	0.07142857142857142	0.0	0.0	0.07142857142857142	0.0	0.0	0.07142857142857142	0.03571428571428571	0.07142857142857142	0.07142857142857142	0.0	False	2	ASSOCIATION_ONLY	Test necessity and sufficiency; Phase 1.5 is associative.	
T_cell	Cd28	Cd80	CD8	47	0.8177614094911475	0.1258334395039707	0.3191489361702128	0.4294374003850592	-0.5413968547641074	0.0289231339520101	0.83426106	0.0339770185717063	0.56109524	0.0066584013825908	False	ADT-supported	0.1595744680851064	0.2325593833333333	0.3207829965099243	1.0	0.3281475089651054	Tier 3 — exploratory	3.0	0.4704492501463558	0.320311113404614	0.5295507498536443	0.3684281571428132	T_cell → Cd28 → Cd80 → CD8 activation-associated program	CORRELATIONAL	Perturb ligand in T_cell and independently KO/CRISPRi receptor in target T cells	Increase ligand exposure or expression, with receptor-deficient T cells as specificity control	0.80×animal-level interaction score + 0.20×(1−LIANA magnitude rank)	1.2711790706846524	0.6570621287717398	9.0	6.0	0.0	0.8046695441735882	False	ordered cross-sectional support only	T_cell → Cd28 → Cd80 → CD8	multicellular	source-cell ↔ T-cell program / feedback	T_cell	CD8	0.3684281571428132	0.0289231339520101		0.0	0.0	47	False	True	False	True	True	HIGH																			VALID_LR	True		True	False	True	True	NOT_ASSESSED	0				No external perturbational dataset integrated	NOT_ASSESSED	MULTI|T_cell|Cd28	MULTI|T_cell|Cd28	multicellular_association	multicellular_association	1.0	0.15387546510620337	1.0	0.5	0.0	0.0	1.0	0.0	1.0	0.5	AXIS|Cd28|Cd80	same annotated ligand/contact/sheddase and molecular target axis	identical molecular entities; source alone is not used for collapse	HIGH	positive	negative	False	UNRESOLVED	47.0	0.0	0.0		0.0010831167561586	0.0036706606328282	0.0073691154039873	positive	0.0	90.0	90.0	90.0	1.0	1.0	1.0	within-candidate mouse-effect sign permutation	0.0	0.0	0.0		0.0	False	source-cell perturbation plus T-cell-specific perturbation and rescue	CD69/CD137, T-cell effector program and tumor-cell killing	non-targeting guide plus untreated/irrelevant control	receptor-deficient T cells or matched source-cell control	SUPPORTED	SUPPORTED	PARTIALLY_SUPPORTED	PARTIALLY_SUPPORTED	PARTIALLY_SUPPORTED	MISSING	MISSING	0.5	1.0	1.0	0.5467053903647289	0.07142857142857142	0.07142857142857142	0.010991104650443098	0.0	0.07142857142857142	0.0	0.0	0.07142857142857142	0.0	0.0	0.07142857142857142	0.03571428571428571	0.07142857142857142	0.07142857142857142	0.0	False	2	ASSOCIATION_ONLY	Test necessity and sufficiency; Phase 1.5 is associative.	
T_cell	Cd28	Cd86	CD8	47	0.8177614094911475	0.1639274642204951	0.3191489361702128	0.4294374003850592	-0.5413968547641074	0.0289231339520101	0.007743597	1.0	-0.63463414	0.056693047116949	False	ADT-supported	0.1595744680851064	0.0012905994999999	0.3661332465035943	1.0	0.1794003630055061	Tier 3 — exploratory	3.0	0.7482304289053803	1.0	0.2517695710946197	0.1938742046233288	T_cell → Cd28 → Cd86 → CD8 activation-associated program	CORRELATIONAL	Perturb ligand in T_cell and independently KO/CRISPRi receptor in target T cells	Increase ligand exposure or expression, with receptor-deficient T cells as specificity control	0.80×animal-level interaction score + 0.20×(1−LIANA magnitude rank)	0.2957728547040861	0.7987402379976677	9.0	6.0	0.0	0.8046695441735882	False	ordered cross-sectional support only	T_cell → Cd28 → Cd86 → CD8	multicellular	source-cell ↔ T-cell program / feedback	T_cell	CD8	0.1938742046233288	0.0289231339520101	1.0	47.0	0.0	47	False	True	False	True	True	HIGH																			VALID_LR	True		True	False	True	True	NOT_ASSESSED	0				No external perturbational dataset integrated	NOT_ASSESSED	MULTI|T_cell|Cd28	MULTI|T_cell|Cd28	multicellular_association	multicellular_association	1.0	0.15387546510620337	1.0	0.5	0.0	0.0	1.0	0.0	1.0	0.5	AXIS|Cd28|Cd86	same annotated ligand/contact/sheddase and molecular target axis	identical molecular entities; source alone is not used for collapse	HIGH	positive	negative	False	UNRESOLVED																		0.0	0.0		0.0	False	source-cell perturbation plus T-cell-specific perturbation and rescue	CD69/CD137, T-cell effector program and tumor-cell killing	non-targeting guide plus untreated/irrelevant control	receptor-deficient T cells or matched source-cell control	SUPPORTED	SUPPORTED	PARTIALLY_SUPPORTED	PARTIALLY_SUPPORTED	PARTIALLY_SUPPORTED	MISSING	MISSING	0.5	1.0	1.0	0.5467053903647289	0.07142857142857142	0.07142857142857142	0.010991104650443098	0.0	0.07142857142857142	0.0	0.0	0.07142857142857142	0.0	0.0	0.07142857142857142	0.03571428571428571	0.07142857142857142	0.07142857142857142	0.0	False	2	ASSOCIATION_ONLY	Test necessity and sufficiency; Phase 1.5 is associative.	
T_cell	Lamc1	Itgav_Itgb8	CD4	47	0.3356727852328798	0.1825355852201489	0.332099907493062	0.5325071712252106	0.5211609620721555	0.0345399214078238	0.6891265	0.0051899204345096	1.8817091	5.056158660183512e-07	True	ADT-supported	0.4266304347826087	0.4284725999999999	0.2475322772790673	1.0	0.4559452576297265	Tier 2 — single-modality source support	2.0			0.0	0.3647562061037812	T_cell → Lamc1 → Itgav_Itgb8 → CD4 activation-associated program	CORRELATIONAL	Perturb ligand in T_cell and independently KO/CRISPRi receptor in target T cells	Increase ligand exposure or expression, with receptor-deficient T cells as specificity control	0.80×animal-level interaction score + 0.20×(1−LIANA magnitude rank)			9.0	4.0	0.0	0.8592006085325994	False	ordered cross-sectional support only	T_cell → Lamc1 → Itgav_Itgb8 → CD4	multicellular	source-cell ↔ T-cell program / feedback	T_cell	CD4	0.3647562061037812	0.0345399214078238		0.0	0.0	47	False	True	False	True	True	HIGH																			VALID_LR	True		True	False	True	True	NOT_ASSESSED	0				No external perturbational dataset integrated	NOT_ASSESSED	MULTI|T_cell|Lamc1	MULTI|T_cell|Lamc1	multicellular_association	multicellular_association	1.0	0.14616786549615907	1.0	0.5	0.0	0.0	1.0	0.0	1.0	0.5	AXIS|Lamc1|Itgav_Itgb8	same annotated ligand/contact/sheddase and molecular target axis	identical molecular entities; source alone is not used for collapse	HIGH	positive	positive	False	UNRESOLVED	47.0	0.0	0.0		0.0003708434577323	0.0032878392445278	0.0081471849608575	positive	0.0	91.0	91.0	91.0	1.0	1.0	1.0	within-candidate mouse-effect sign permutation	0.0	0.0	0.0		0.0	False	source-cell perturbation plus T-cell-specific perturbation and rescue	CD69/CD137, T-cell effector program and tumor-cell killing	non-targeting guide plus untreated/irrelevant control	receptor-deficient T cells or matched source-cell control	SUPPORTED	SUPPORTED	PARTIALLY_SUPPORTED	PARTIALLY_SUPPORTED	PARTIALLY_SUPPORTED	MISSING	MISSING	0.5	1.0	1.0	0.5461548475354399	0.07142857142857142	0.07142857142857142	0.010440561821154219	0.0	0.07142857142857142	0.0	0.0	0.07142857142857142	0.0	0.0	0.07142857142857142	0.03571428571428571	0.07142857142857142	0.07142857142857142	0.0	False	2	ASSOCIATION_ONLY	Test necessity and sufficiency; Phase 1.5 is associative.	
T_cell	Lamc1	Cd44	CD4	47	0.3356727852328798	0.7128106792536324	0.332099907493062	0.5325071712252106	0.5211609620721555	0.0345399214078238	0.9703646	1.9767398454773044e-06	-0.07839012	0.3301218053312729	False	ADT-supported	0.4266304347826087	0.1617274333333333	0.4891534994751726	1.0	0.3875832104022809	Tier 3 — exploratory	3.0	0.6212159569057829	1.0	0.3787840430942171	0.3858233769406681	T_cell → Lamc1 → Cd44 → CD4 activation-associated program	CORRELATIONAL	Perturb ligand in T_cell and independently KO/CRISPRi receptor in target T cells	Increase ligand exposure or expression, with receptor-deficient T cells as specificity control	0.80×animal-level interaction score + 0.20×(1−LIANA magnitude rank)	0.1045084727826486	0.9444426043704072	9.0	4.0	0.0	0.8592006085325994	False	ordered cross-sectional support only	T_cell → Lamc1 → Cd44 → CD4	multicellular	source-cell ↔ T-cell program / feedback	T_cell	CD4	0.3858233769406681	0.0345399214078238		0.0	0.0	47	False	True	False	True	True	HIGH																			VALID_LR	True		True	False	True	True	NOT_ASSESSED	0				No external perturbational dataset integrated	NOT_ASSESSED	MULTI|T_cell|Lamc1	MULTI|T_cell|Lamc1	multicellular_association	multicellular_association	1.0	0.14616786549615907	1.0	0.5	0.0	0.0	1.0	0.0	1.0	0.5	AXIS|Lamc1|Cd44	same annotated ligand/contact/sheddase and molecular target axis	identical molecular entities; source alone is not used for collapse	HIGH	positive	positive	False	UNRESOLVED	47.0	0.0	0.0		0.0003708434577323	0.0032878392445278	0.0081471849608575	positive	0.0	91.0	91.0	91.0	1.0	1.0	1.0	within-candidate mouse-effect sign permutation	0.0	0.0	0.0		0.0	False	source-cell perturbation plus T-cell-specific perturbation and rescue	CD69/CD137, T-cell effector program and tumor-cell killing	non-targeting guide plus untreated/irrelevant control	receptor-deficient T cells or matched source-cell control	SUPPORTED	SUPPORTED	PARTIALLY_SUPPORTED	PARTIALLY_SUPPORTED	PARTIALLY_SUPPORTED	MISSING	MISSING	0.5	1.0	1.0	0.5461548475354399	0.07142857142857142	0.07142857142857142	0.010440561821154219	0.0	0.07142857142857142	0.0	0.0	0.07142857142857142	0.0	0.0	0.07142857142857142	0.03571428571428571	0.07142857142857142	0.07142857142857142	0.0	False	2	ASSOCIATION_ONLY	Test necessity and sufficiency; Phase 1.5 is associative.	
T_cell	Lamc1	Itga1	CD4	47	0.3356727852328798	0.0913784202374806	0.332099907493062	0.5325071712252106	0.5211609620721555	0.0345399214078238	0.0011577606	1.0	-1.7274919	0.0001005760880117	False	ADT-supported	0.4266304347826087	0.0001929601	0.1751377995502275	1.0	0.2843964521089586	Tier 3 — exploratory	3.0	0.7402787098125332	0.524978463926399	0.2597212901874668	0.2794614197246602	T_cell → Lamc1 → Itga1 → CD4 activation-associated program	CORRELATIONAL	Perturb ligand in T_cell and independently KO/CRISPRi receptor in target T cells	Increase ligand exposure or expression, with receptor-deficient T cells as specificity control	0.80×animal-level interaction score + 0.20×(1−LIANA magnitude rank)	-0.3185599633599287	0.9685389787778972	9.0	4.0	0.0	0.8592006085325994	False	ordered cross-sectional support only	T_cell → Lamc1 → Itga1 → CD4	multicellular	source-cell ↔ T-cell program / feedback	T_cell	CD4	0.2794614197246602	0.0345399214078238		0.0	0.0	47	False	True	False	True	True	HIGH																			VALID_LR	True		True	False	True	True	NOT_ASSESSED	0				No external perturbational dataset integrated	NOT_ASSESSED	MULTI|T_cell|Lamc1	MULTI|T_cell|Lamc1	multicellular_association	multicellular_association	1.0	0.14616786549615907	1.0	0.5	0.0	0.0	1.0	0.0	1.0	0.5	AXIS|Lamc1|Itga1	same annotated ligand/contact/sheddase and molecular target axis	identical molecular entities; source alone is not used for collapse	HIGH	positive	positive	False	UNRESOLVED	47.0	0.0	0.0		0.0003708434577323	0.0032878392445278	0.0081471849608575	positive	0.0	91.0	91.0	91.0	1.0	1.0	1.0	within-candidate mouse-effect sign permutation	0.0	0.0	0.0		0.0	False	source-cell perturbation plus T-cell-specific perturbation and rescue	CD69/CD137, T-cell effector program and tumor-cell killing	non-targeting guide plus untreated/irrelevant control	receptor-deficient T cells or matched source-cell control	SUPPORTED	SUPPORTED	PARTIALLY_SUPPORTED	PARTIALLY_SUPPORTED	PARTIALLY_SUPPORTED	MISSING	MISSING	0.5	1.0	1.0	0.5461548475354399	0.07142857142857142	0.07142857142857142	0.010440561821154219	0.0	0.07142857142857142	0.0	0.0	0.07142857142857142	0.0	0.0	0.07142857142857142	0.03571428571428571	0.07142857142857142	0.07142857142857142	0.0	False	2	ASSOCIATION_ONLY	Test necessity and sufficiency; Phase 1.5 is associative.	
T_cell	Lamc1	Itga6_Itgb1	CD4	47	0.3356727852328798	0.1935983479607641	0.332099907493062	0.5325071712252106	0.5211609620721555	0.0345399214078238	-0.27310753	1.0	-1.6698895	0.0418596341043116	False	ADT-supported	0.4266304347826087	0.0	0.2549229230110033	1.0	0.3003052367761137	Tier 3 — exploratory	3.0	0.8808026134258182	0.6139664031436222	0.1191973865741817	0.2640836667357273	T_cell → Lamc1 → Itga6_Itgb1 → CD4 activation-associated program	CORRELATIONAL	Perturb ligand in T_cell and independently KO/CRISPRi receptor in target T cells	Increase ligand exposure or expression, with receptor-deficient T cells as specificity control	0.80×animal-level interaction score + 0.20×(1−LIANA magnitude rank)			9.0	4.0	0.0	0.8592006085325994	False	ordered cross-sectional support only	T_cell → Lamc1 → Itga6_Itgb1 → CD4	multicellular	source-cell ↔ T-cell program / feedback	T_cell	CD4	0.2640836667357273	0.0345399214078238		0.0	0.0	47	False	True	False	True	True	HIGH																			VALID_LR	True		True	False	True	True	NOT_ASSESSED	0				No external perturbational dataset integrated	NOT_ASSESSED	MULTI|T_cell|Lamc1	MULTI|T_cell|Lamc1	multicellular_association	multicellular_association	1.0	0.14616786549615907	1.0	0.5	0.0	0.0	1.0	0.0	1.0	0.5	AXIS|Lamc1|Itga6_Itgb1	same annotated ligand/contact/sheddase and molecular target axis	identical molecular entities; source alone is not used for collapse	HIGH	positive	positive	False	UNRESOLVED	47.0	0.0	0.0		0.0003708434577323	0.0032878392445278	0.0081471849608575	positive	0.0	91.0	91.0	91.0	1.0	1.0	1.0	within-candidate mouse-effect sign permutation	0.0	0.0	0.0		0.0	False	source-cell perturbation plus T-cell-specific perturbation and rescue	CD69/CD137, T-cell effector program and tumor-cell killing	non-targeting guide plus untreated/irrelevant control	receptor-deficient T cells or matched source-cell control	SUPPORTED	SUPPORTED	PARTIALLY_SUPPORTED	PARTIALLY_SUPPORTED	PARTIALLY_SUPPORTED	MISSING	MISSING	0.5	1.0	1.0	0.5461548475354399	0.07142857142857142	0.07142857142857142	0.010440561821154219	0.0	0.07142857142857142	0.0	0.0	0.07142857142857142	0.0	0.0	0.07142857142857142	0.03571428571428571	0.07142857142857142	0.07142857142857142	0.0	False	2	ASSOCIATION_ONLY	Test necessity and sufficiency; Phase 1.5 is associative.	
T_cell	Lamc1	Itga3_Itgb1	CD4	47	0.3356727852328798	0.0615089608378199	0.332099907493062	0.5325071712252106	0.5211609620721555	0.0345399214078238	-0.27310753	0.0257278570387628	-1.6698895	6.386277766181647e-05	False	ADT-supported	0.4266304347826087	0.0	0.1436902369724928	1.0	0.3280586995684116	Tier 3 — exploratory	3.0			0.0	0.2624469596547293	T_cell → Lamc1 → Itga3_Itgb1 → CD4 activation-associated program	CORRELATIONAL	Perturb ligand in T_cell and independently KO/CRISPRi receptor in target T cells	Increase ligand exposure or expression, with receptor-deficient T cells as specificity control	0.80×animal-level interaction score + 0.20×(1−LIANA magnitude rank)			9.0	4.0	0.0	0.8592006085325994	False	ordered cross-sectional support only	T_cell → Lamc1 → Itga3_Itgb1 → CD4	multicellular	source-cell ↔ T-cell program / feedback	T_cell	CD4	0.2624469596547293	0.0345399214078238		0.0	0.0	47	False	True	False	True	True	HIGH																			VALID_LR	True		True	False	True	True	NOT_ASSESSED	0				No external perturbational dataset integrated	NOT_ASSESSED	MULTI|T_cell|Lamc1	MULTI|T_cell|Lamc1	multicellular_association	multicellular_association	1.0	0.14616786549615907	1.0	0.5	0.0	0.0	1.0	0.0	1.0	0.5	AXIS|Lamc1|Itga3_Itgb1	same annotated ligand/contact/sheddase and molecular target axis	identical molecular entities; source alone is not used for collapse	HIGH	positive	positive	False	UNRESOLVED	47.0	0.0	0.0		0.0003708434577323	0.0032878392445278	0.0081471849608575	positive	0.0	91.0	91.0	91.0	1.0	1.0	1.0	within-candidate mouse-effect sign permutation	0.0	0.0	0.0		0.0	False	source-cell perturbation plus T-cell-specific perturbation and rescue	CD69/CD137, T-cell effector program and tumor-cell killing	non-targeting guide plus untreated/irrelevant control	receptor-deficient T cells or matched source-cell control	SUPPORTED	SUPPORTED	PARTIALLY_SUPPORTED	PARTIALLY_SUPPORTED	PARTIALLY_SUPPORTED	MISSING	MISSING	0.5	1.0	1.0	0.5461548475354399	0.07142857142857142	0.07142857142857142	0.010440561821154219	0.0	0.07142857142857142	0.0	0.0	0.07142857142857142	0.0	0.0	0.07142857142857142	0.03571428571428571	0.07142857142857142	0.07142857142857142	0.0	False	2	ASSOCIATION_ONLY	Test necessity and sufficiency; Phase 1.5 is associative.	
T_cell	Lamc1	Itga9_Itgb1	CD4	47	0.3356727852328798	0.0138653293015709	0.332099907493062	0.5325071712252106	0.5211609620721555	0.0345399214078238	-0.27310753	1.0	-1.6698895	0.0333021254814199	False	ADT-supported	0.4266304347826087	0.0	0.0682217978715701	1.0	0.262965011748227	Tier 3 — exploratory	3.0			0.0	0.2103720093985816	T_cell → Lamc1 → Itga9_Itgb1 → CD4 activation-associated program	CORRELATIONAL	Perturb ligand in T_cell and independently KO/CRISPRi receptor in target T cells	Increase ligand exposure or expression, with receptor-deficient T cells as specificity control	0.80×animal-level interaction score + 0.20×(1−LIANA magnitude rank)			9.0	4.0	0.0	0.8592006085325994	False	ordered cross-sectional support only	T_cell → Lamc1 → Itga9_Itgb1 → CD4	multicellular	source-cell ↔ T-cell program / feedback	T_cell	CD4	0.2103720093985816	0.0345399214078238		0.0	0.0	47	False	True	False	True	True	HIGH																			VALID_LR	True		True	False	True	True	NOT_ASSESSED	0				No external perturbational dataset integrated	NOT_ASSESSED	MULTI|T_cell|Lamc1	MULTI|T_cell|Lamc1	multicellular_association	multicellular_association	1.0	0.14616786549615907	1.0	0.5	0.0	0.0	1.0	0.0	1.0	0.5	AXIS|Lamc1|Itga9_Itgb1	same annotated ligand/contact/sheddase and molecular target axis	identical molecular entities; source alone is not used for collapse	HIGH	positive	positive	False	UNRESOLVED	47.0	0.0	0.0		0.0003708434577323	0.0032878392445278	0.0081471849608575	positive	0.0	91.0	91.0	91.0	1.0	1.0	1.0	within-candidate mouse-effect sign permutation	0.0	0.0	0.0		0.0	False	source-cell perturbation plus T-cell-specific perturbation and rescue	CD69/CD137, T-cell effector program and tumor-cell killing	non-targeting guide plus untreated/irrelevant control	receptor-deficient T cells or matched source-cell control	SUPPORTED	SUPPORTED	PARTIALLY_SUPPORTED	PARTIALLY_SUPPORTED	PARTIALLY_SUPPORTED	MISSING	MISSING	0.5	1.0	1.0	0.5461548475354399	0.07142857142857142	0.07142857142857142	0.010440561821154219	0.0	0.07142857142857142	0.0	0.0	0.07142857142857142	0.0	0.0	0.07142857142857142	0.03571428571428571	0.07142857142857142	0.07142857142857142	0.0	False	2	ASSOCIATION_ONLY	Test necessity and sufficiency; Phase 1.5 is associative.	
T_cell	Il10	Cd27	CD4	47	0.0578332509516697	0.3073235489342871	0.0367715078630897	0.9780521178940972	0.52104532839963	0.0345399214078238	0.14225578	1.0	0.76460886	3.5355293829265875e-06	True	ADT-supported	0.2789084181313598	0.1511441066666666	0.133317365443795	1.0	0.2620674461014016	Tier 3 — exploratory	3.0			0.0	0.2096539568811213	T_cell → Il10 → Cd27 → CD4 activation-associated program	CORRELATIONAL	Perturb ligand in T_cell and independently KO/CRISPRi receptor in target T cells	Increase ligand exposure or expression, with receptor-deficient T cells as specificity control	0.80×animal-level interaction score + 0.20×(1−LIANA magnitude rank)	-0.4610657367679138	0.8802258277506194	9.0	4.0	0.0	0.8592006085325994	False	ordered cross-sectional support only	T_cell → Il10 → Cd27 → CD4	multicellular	source-cell ↔ T-cell program / feedback	T_cell	CD4	0.2096539568811213	0.0345399214078238		0.0	0.0	47	False	True	False	True	True	HIGH																			VALID_LR	True		True	False	True	True	NOT_ASSESSED	0				No external perturbational dataset integrated	NOT_ASSESSED	MULTI|T_cell|Il10	MULTI|T_cell|Il10	multicellular_association	multicellular_association	1.0	0.14616786549615907	1.0	0.5	0.0	0.0	1.0	0.0	1.0	0.5	AXIS|Il10|Cd27	same annotated ligand/contact/sheddase and molecular target axis	identical molecular entities; source alone is not used for collapse	HIGH	positive	positive	False	UNRESOLVED	47.0	0.0	0.0		-1.901857097662024e-05	-0.0001227322290676	0.0014128961100405	negative	0.0	91.0	91.0	91.0	1.0	1.0	1.0	within-candidate mouse-effect sign permutation	0.0	0.0	0.0		0.0	False	source-cell perturbation plus T-cell-specific perturbation and rescue	CD69/CD137, T-cell effector program and tumor-cell killing	non-targeting guide plus untreated/irrelevant control	receptor-deficient T cells or matched source-cell control	SUPPORTED	SUPPORTED	PARTIALLY_SUPPORTED	PARTIALLY_SUPPORTED	PARTIALLY_SUPPORTED	MISSING	MISSING	0.5	1.0	1.0	0.5461548475354399	0.07142857142857142	0.07142857142857142	0.010440561821154219	0.0	0.07142857142857142	0.0	0.0	0.07142857142857142	0.0	0.0	0.07142857142857142	0.03571428571428571	0.07142857142857142	0.07142857142857142	0.0	False	2	ASSOCIATION_ONLY	Test necessity and sufficiency; Phase 1.5 is associative.	
T_cell	Lamc1	Itga2_Itgb1	CD4	47	0.3356727852328798	0.117339036802124	0.332099907493062	0.5325071712252106	0.5211609620721555	0.0345399214078238	-0.27310753	0.0562302919139808	-1.6698895	0.0597156104080751	False	ADT-supported	0.4266304347826087	0.0	0.1984628965321034	1.0	0.2390132314803337	Tier 3 — exploratory	3.0			0.0	0.1912105851842669	T_cell → Lamc1 → Itga2_Itgb1 → CD4 activation-associated program	CORRELATIONAL	Perturb ligand in T_cell and independently KO/CRISPRi receptor in target T cells	Increase ligand exposure or expression, with receptor-deficient T cells as specificity control	0.80×animal-level interaction score + 0.20×(1−LIANA magnitude rank)			9.0	4.0	0.0	0.8592006085325994	False	ordered cross-sectional support only	T_cell → Lamc1 → Itga2_Itgb1 → CD4	multicellular	source-cell ↔ T-cell program / feedback	T_cell	CD4	0.1912105851842669	0.0345399214078238	1.0	47.0	0.0	47	False	True	False	True	True	HIGH																			VALID_LR	True		True	False	True	True	NOT_ASSESSED	0				No external perturbational dataset integrated	NOT_ASSESSED	MULTI|T_cell|Lamc1	MULTI|T_cell|Lamc1	multicellular_association	multicellular_association	1.0	0.14616786549615907	1.0	0.5	0.0	0.0	1.0	0.0	1.0	0.5	AXIS|Lamc1|Itga2_Itgb1	same annotated ligand/contact/sheddase and molecular target axis	identical molecular entities; source alone is not used for collapse	HIGH	positive	positive	False	UNRESOLVED																		0.0	0.0		0.0	False	source-cell perturbation plus T-cell-specific perturbation and rescue	CD69/CD137, T-cell effector program and tumor-cell killing	non-targeting guide plus untreated/irrelevant control	receptor-deficient T cells or matched source-cell control	SUPPORTED	SUPPORTED	PARTIALLY_SUPPORTED	PARTIALLY_SUPPORTED	PARTIALLY_SUPPORTED	MISSING	MISSING	0.5	1.0	1.0	0.5461548475354399	0.07142857142857142	0.07142857142857142	0.010440561821154219	0.0	0.07142857142857142	0.0	0.0	0.07142857142857142	0.0	0.0	0.07142857142857142	0.03571428571428571	0.07142857142857142	0.07142857142857142	0.0	False	2	ASSOCIATION_ONLY	Test necessity and sufficiency; Phase 1.5 is associative.	
T_cell	Cd80	Cd28	CD8	47	0.131258441853189	0.8301269800823884	-0.3804347826086957	0.2673648910291648	0.5319148936170213	0.0362553518593265	0.26272535	0.2307240622907612	-0.7244303	7.001262895656168e-06	False	ADT-supported	0.2659574468085106	0.0437875583333333	0.3300926747837758	1.0	0.2700505309230672	Tier 3 — exploratory	3.0	0.4704492501463558	0.320311113404614	0.5295507498536443	0.3219505747091826	T_cell → Cd80 → Cd28 → CD8 activation-associated program	CORRELATIONAL	Perturb ligand in T_cell and independently KO/CRISPRi receptor in target T cells	Increase ligand exposure or expression, with receptor-deficient T cells as specificity control	0.80×animal-level interaction score + 0.20×(1−LIANA magnitude rank)	-0.8818507861181617	0.4057841594185775	9.0	6.0	0.0	0.8046695441735882	False	ordered cross-sectional support only	T_cell → Cd80 → Cd28 → CD8	multicellular	source-cell ↔ T-cell program / feedback	T_cell	CD8	0.3219505747091826	0.0362553518593265		0.0	0.0	47	False	True	False	True	True	HIGH																			VALID_LR	True		True	False	True	True	NOT_ASSESSED	0				No external perturbational dataset integrated	NOT_ASSESSED	MULTI|T_cell|Cd80	MULTI|T_cell|Cd80	multicellular_association	multicellular_association	1.0	0.14406278756746524	1.0	0.5	0.0	0.0	1.0	0.0	1.0	0.5	AXIS|Cd80|Cd28	same annotated ligand/contact/sheddase and molecular target axis	identical molecular entities; source alone is not used for collapse	HIGH	negative	positive	False	UNRESOLVED	47.0	0.0	0.0		-0.0002971439368255	-0.0014320805366935	0.0025444002978997	negative	0.0	98.0	98.0	98.0	1.0	1.0	1.0	within-candidate mouse-effect sign permutation	0.0	0.0	0.0		0.0	False	source-cell perturbation plus T-cell-specific perturbation and rescue	CD69/CD137, T-cell effector program and tumor-cell killing	non-targeting guide plus untreated/irrelevant control	receptor-deficient T cells or matched source-cell control	SUPPORTED	SUPPORTED	PARTIALLY_SUPPORTED	PARTIALLY_SUPPORTED	PARTIALLY_SUPPORTED	MISSING	MISSING	0.5	1.0	1.0	0.5460044848262475	0.07142857142857142	0.07142857142857142	0.010290199111961803	0.0	0.07142857142857142	0.0	0.0	0.07142857142857142	0.0	0.0	0.07142857142857142	0.03571428571428571	0.07142857142857142	0.07142857142857142	0.0	False	2	ASSOCIATION_ONLY	Test necessity and sufficiency; Phase 1.5 is associative.	
T_cell	Pdcd1lg2	Pdcd1	CD4	47	0.2258940891892234	0.2493546721734641	-0.0011563367252543	0.99850951807344	0.5615171137835338	0.0161066468137148	-0.32968807	0.2360668306059618	-0.11419964	1.0	False	ADT-supported	0.2807585568917669	0.0	0.2373346720470949	1.0	0.1957324293215374	Tier 3 — exploratory	3.0	0.8684229646776995	0.402388535576611	0.1315770353223004	0.18290135052169	T_cell → Pdcd1lg2 → Pdcd1 → CD4 activation-associated program	CORRELATIONAL	Perturb ligand in T_cell and independently KO/CRISPRi receptor in target T cells	Increase ligand exposure or expression, with receptor-deficient T cells as specificity control	0.80×animal-level interaction score + 0.20×(1−LIANA magnitude rank)	-0.6072105824285758	0.7448947530985198	9.0	4.0	0.0	0.8592006085325994	False	ordered cross-sectional support only	T_cell → Pdcd1lg2 → Pdcd1 → CD4	multicellular	source-cell ↔ T-cell program / feedback	T_cell	CD4	0.18290135052169	0.0161066468137148	1.0	47.0	0.0	47	False	True	False	True	True	HIGH																			VALID_LR	True		True	False	True	True	NOT_ASSESSED	0				No external perturbational dataset integrated	NOT_ASSESSED	MULTI|T_cell|Pdcd1lg2	MULTI|T_cell|Pdcd1lg2	multicellular_association	multicellular_association	0.9616385883199302	0.17929948644149124	1.0	0.5	0.0	0.0	1.0	0.0	1.0	0.5	AXIS|Pdcd1lg2|Pdcd1	same annotated ligand/contact/sheddase and molecular target axis	identical molecular entities; source alone is not used for collapse	HIGH	negative	positive	False	UNRESOLVED																		0.0	0.0		0.0	False	source-cell perturbation plus T-cell-specific perturbation and rescue	CD69/CD137, T-cell effector program and tumor-cell killing	non-targeting guide plus untreated/irrelevant control	receptor-deficient T cells or matched source-cell control	SUPPORTED	SUPPORTED	PARTIALLY_SUPPORTED	PARTIALLY_SUPPORTED	PARTIALLY_SUPPORTED	MISSING	MISSING	0.5	1.0	1.0	0.5457812910543873	0.07142857142857142	0.06868847059428072	0.012807106174392232	0.0	0.07142857142857142	0.0	0.0	0.07142857142857142	0.0	0.0	0.07142857142857142	0.03571428571428571	0.07142857142857142	0.07142857142857142	0.0	False	2	ASSOCIATION_ONLY	Test necessity and sufficiency; Phase 1.5 is associative.	
melanoma	Sema3e	Plxnd1	CD8	42	0.2203801747939016	0.0291332229158703	0.0339518677578802	0.9603710604633344	-0.5779920589903573	0.0252290253606165	0.60557526	0.0451760122086852	0.82838744	0.0137665318257317	False	ADT-supported	0.0169759338789401	0.2389937833333333	0.0801273034521268	1.0	0.2317154833813877	Tier 3 — exploratory	3.0			0.0	0.1853723867051101	melanoma → Sema3e → Plxnd1 → CD8 activation-associated program	CORRELATIONAL	Perturb ligand in melanoma and independently KO/CRISPRi receptor in target T cells	Increase ligand exposure or expression, with receptor-deficient T cells as specificity control	0.80×animal-level interaction score + 0.20×(1−LIANA magnitude rank)	0.3792467591441508	0.9786359436335246	9.0	6.0	0.0	0.8046695441735882	False	ordered cross-sectional support only	melanoma → Sema3e → Plxnd1 → CD8	multicellular	source-cell ↔ T-cell program / feedback	melanoma	CD8	0.1853723867051101	0.0252290253606165	1.0	42.0	0.0	42	False	True	False	True	True	HIGH																			VALID_LR	True		True	False	True	True	NOT_ASSESSED	0				No external perturbational dataset integrated	NOT_ASSESSED	MULTI|melanoma|Sema3e	MULTI|melanoma|Sema3e	multicellular_association	multicellular_association	0.9746305303713904	0.15980995266794928	1.0	0.5	0.0	0.0	1.0	0.0	1.0	0.5	AXIS|Sema3e|Plxnd1	same annotated ligand/contact/sheddase and molecular target axis	identical molecular entities; source alone is not used for collapse	HIGH	positive	negative	False	UNRESOLVED																		0.0	0.0		0.0	False	source-cell perturbation plus T-cell-specific perturbation and rescue	CD69/CD137, T-cell effector program and tumor-cell killing	non-targeting guide plus untreated/irrelevant control	receptor-deficient T cells or matched source-cell control	SUPPORTED	SUPPORTED	PARTIALLY_SUPPORTED	PARTIALLY_SUPPORTED	PARTIALLY_SUPPORTED	MISSING	MISSING	0.5	1.0	1.0	0.5453171773599529	0.07142857142857142	0.06961646645509931	0.011414996619139235	0.0	0.07142857142857142	0.0	0.0	0.07142857142857142	0.0	0.0	0.07142857142857142	0.03571428571428571	0.07142857142857142	0.07142857142857142	0.0	False	2	ASSOCIATION_ONLY	Test necessity and sufficiency; Phase 1.5 is associative.	
NK	Tnfsf4	Tnfrsf4	CD4	43	0.0612171595043539	0.5369865034294565	-0.2621564482029598	0.7027466464625324	0.5247659317426758	0.0520938316243879	0.90017176	1.2458299388725386e-05	1.9858522	5.056158660183512e-07	False	ADT-supported	0.2623829658713379	0.4810039933333334	0.181308544840353	1.0	0.3983467453563722	Tier 3 — exploratory	3.0			0.0	0.3186773962850978	NK → Tnfsf4 → Tnfrsf4 → CD4 activation-associated program	CORRELATIONAL	Perturb ligand in NK and independently KO/CRISPRi receptor in target T cells	Increase ligand exposure or expression, with receptor-deficient T cells as specificity control	0.80×animal-level interaction score + 0.20×(1−LIANA magnitude rank)	0.422162581908899	0.9256990400005192	9.0	4.0	0.0	0.8592006085325994	False	ordered cross-sectional support only	NK → Tnfsf4 → Tnfrsf4 → CD4	multicellular	source-cell ↔ T-cell program / feedback	NK	CD4	0.3186773962850978	0.0520938316243879		0.0	0.0	43	False	True	False	True	True	HIGH																			VALID_LR	True		True	False	True	True	NOT_ASSESSED	0				No external perturbational dataset integrated	NOT_ASSESSED	MULTI|NK|Tnfsf4	MULTI|NK|Tnfsf4	multicellular_association	multicellular_association	1.0	0.12832136980073228	1.0	0.5	0.0	0.0	1.0	0.0	1.0	0.5	AXIS|Tnfsf4|Tnfrsf4	same annotated ligand/contact/sheddase and molecular target axis	identical molecular entities; source alone is not used for collapse	HIGH	negative	positive	False	UNRESOLVED	43.0	0.0	0.0		-0.0002201519807257	-0.0004800023898778	0.0015437932667349	negative	0.0	104.0	104.0	104.0	1.0	1.0	1.0	within-candidate mouse-effect sign permutation	0.0	0.0	0.0		0.0	False	source-cell perturbation plus T-cell-specific perturbation and rescue	CD69/CD137, T-cell effector program and tumor-cell killing	non-targeting guide plus untreated/irrelevant control	receptor-deficient T cells or matched source-cell control	SUPPORTED	SUPPORTED	PARTIALLY_SUPPORTED	PARTIALLY_SUPPORTED	PARTIALLY_SUPPORTED	MISSING	MISSING	0.5	1.0	1.0	0.5448800978429095	0.07142857142857142	0.07142857142857142	0.009165812128623734	0.0	0.07142857142857142	0.0	0.0	0.07142857142857142	0.0	0.0	0.07142857142857142	0.03571428571428571	0.07142857142857142	0.07142857142857142	0.0	False	2	ASSOCIATION_ONLY	Test necessity and sufficiency; Phase 1.5 is associative.	
monocyte_macrophage	Plau	Itgb1	CD8	45	0.32788192129037	0.7919055506009256	0.2006587615283267	0.7341062193699072	-0.5080368906455862	0.0626629486690889	-0.19079351	0.370122225554747	-0.5470314	7.73865543430223e-06	False	ADT-supported	0.1003293807641633	0.0	0.5095601175637079	1.0	0.2370273067801987	Tier 3 — exploratory	3.0	0.3338491173680652	0.0874267002502295	0.6661508826319348	0.3228520219505459	monocyte_macrophage → Plau → Itgb1 → CD8 activation-associated program	CORRELATIONAL	Perturb ligand in monocyte_macrophage and independently KO/CRISPRi receptor in target T cells	Increase ligand exposure or expression, with receptor-deficient T cells as specificity control	0.80×animal-level interaction score + 0.20×(1−LIANA magnitude rank)	-0.8649518602245418	0.3371854677774424	9.0	6.0	0.0	0.8046695441735882	False	ordered cross-sectional support only	monocyte_macrophage → Plau → Itgb1 → CD8	multicellular	source-cell ↔ T-cell program / feedback	monocyte_macrophage	CD8	0.3228520219505459	0.0626629486690889		0.0	0.0	45	False	True	False	True	True	HIGH																			VALID_LR	True		True	False	True	True	NOT_ASSESSED	0				No external perturbational dataset integrated	NOT_ASSESSED	MULTI|monocyte_macrophage|Plau	MULTI|monocyte_macrophage|Plau	multicellular_association	multicellular_association	1.0	0.12029891728027968	1.0	0.5	0.0	0.0	1.0	0.0	1.0	0.5	AXIS|Plau|Itgb1	same annotated ligand/contact/sheddase and molecular target axis	identical molecular entities; source alone is not used for collapse	HIGH	positive	negative	False	UNRESOLVED	45.0	0.0	0.0		0.000145588029985	0.0007747108674579	0.0056462367781572	positive	0.0	105.0	105.0	105.0	1.0	1.0	1.0	within-candidate mouse-effect sign permutation	0.0	0.0	0.0		0.0	False	source-cell perturbation plus T-cell-specific perturbation and rescue	CD69/CD137, T-cell effector program and tumor-cell killing	non-targeting guide plus untreated/irrelevant control	receptor-deficient T cells or matched source-cell control	SUPPORTED	SUPPORTED	PARTIALLY_SUPPORTED	PARTIALLY_SUPPORTED	PARTIALLY_SUPPORTED	MISSING	MISSING	0.5	1.0	1.0	0.5443070655200201	0.07142857142857142	0.07142857142857142	0.008592779805734262	0.0	0.07142857142857142	0.0	0.0	0.07142857142857142	0.0	0.0	0.07142857142857142	0.03571428571428571	0.07142857142857142	0.07142857142857142	0.0	False	2	ASSOCIATION_ONLY	Test necessity and sufficiency; Phase 1.5 is associative.	
monocyte_macrophage	Plau	Igf2r	CD8	45	0.32788192129037	0.3919819934598887	0.2006587615283267	0.7341062193699072	-0.5080368906455862	0.0626629486690889	-0.11393571	0.622778441768018	-0.3820436	0.0071822208010256	False	ADT-supported	0.1003293807641633	0.0	0.3585021745078509	1.0	0.2068157181690273	Tier 3 — exploratory	3.0	0.6524589562582896	0.0874267002502295	0.3475410437417103	0.2349607832835639	monocyte_macrophage → Plau → Igf2r → CD8 activation-associated program	CORRELATIONAL	Perturb ligand in monocyte_macrophage and independently KO/CRISPRi receptor in target T cells	Increase ligand exposure or expression, with receptor-deficient T cells as specificity control	0.80×animal-level interaction score + 0.20×(1−LIANA magnitude rank)	-0.6496858891641124	0.3275002968118835	9.0	6.0	0.0	0.8046695441735882	False	ordered cross-sectional support only	monocyte_macrophage → Plau → Igf2r → CD8	multicellular	source-cell ↔ T-cell program / feedback	monocyte_macrophage	CD8	0.2349607832835639	0.0626629486690889		0.0	0.0	45	False	True	False	True	True	HIGH																			VALID_LR	True		True	False	True	True	NOT_ASSESSED	0				No external perturbational dataset integrated	NOT_ASSESSED	MULTI|monocyte_macrophage|Plau	MULTI|monocyte_macrophage|Plau	multicellular_association	multicellular_association	1.0	0.12029891728027968	1.0	0.5	0.0	0.0	1.0	0.0	1.0	0.5	AXIS|Plau|Igf2r	same annotated ligand/contact/sheddase and molecular target axis	identical molecular entities; source alone is not used for collapse	HIGH	positive	negative	False	UNRESOLVED	45.0	0.0	0.0		0.000145588029985	0.0007747108674579	0.0056462367781572	positive	0.0	105.0	105.0	105.0	1.0	1.0	1.0	within-candidate mouse-effect sign permutation	0.0	0.0	0.0		0.0	False	source-cell perturbation plus T-cell-specific perturbation and rescue	CD69/CD137, T-cell effector program and tumor-cell killing	non-targeting guide plus untreated/irrelevant control	receptor-deficient T cells or matched source-cell control	SUPPORTED	SUPPORTED	PARTIALLY_SUPPORTED	PARTIALLY_SUPPORTED	PARTIALLY_SUPPORTED	MISSING	MISSING	0.5	1.0	1.0	0.5443070655200201	0.07142857142857142	0.07142857142857142	0.008592779805734262	0.0	0.07142857142857142	0.0	0.0	0.07142857142857142	0.0	0.0	0.07142857142857142	0.03571428571428571	0.07142857142857142	0.07142857142857142	0.0	False	2	ASSOCIATION_ONLY	Test necessity and sufficiency; Phase 1.5 is associative.	
T_cell	Tgfb1	Itgb8	CD4	47	0.4717292406914561	0.1825355852201489	0.1393385753931544	0.8928779136389008	0.4902867715078631	0.0681333722380128	0.6891265	0.0051899204345096	3.683282	5.056158660183512e-07	True	ADT-supported	0.3148126734505088	0.7287347500000001	0.2934405783375425	1.0	0.5010562388751867	Tier 2 — single-modality source support	2.0			0.0	0.4008449911001494	T_cell → Tgfb1 → Itgb8 → CD4 activation-associated program	CORRELATIONAL	Perturb ligand in T_cell and independently KO/CRISPRi receptor in target T cells	Increase ligand exposure or expression, with receptor-deficient T cells as specificity control	0.80×animal-level interaction score + 0.20×(1−LIANA magnitude rank)	-0.3260149778674597	0.9383302220377776	9.0	4.0	0.0	0.8592006085325994	False	ordered cross-sectional support only	T_cell → Tgfb1 → Itgb8 → CD4	multicellular	source-cell ↔ T-cell program / feedback	T_cell	CD4	0.4008449911001494	0.0681333722380128		0.0	0.0	47	False	True	False	True	True	HIGH																			VALID_LR	True		True	False	True	True	NOT_ASSESSED	0				No external perturbational dataset integrated	NOT_ASSESSED	MULTI|T_cell|Tgfb1	MULTI|T_cell|Tgfb1	multicellular_association	multicellular_association	1.0	0.11666401152714279	1.0	0.5	0.0	0.0	1.0	0.0	1.0	0.5	AXIS|Tgfb1|Itgb8	same annotated ligand/contact/sheddase and molecular target axis	identical molecular entities; source alone is not used for collapse	HIGH	positive	positive	False	UNRESOLVED	47.0	0.0	0.0		0.0001714226677706	0.0002143014324981	0.0022598372186268	positive	0.0	113.0	113.0	113.0	1.0	1.0	1.0	within-candidate mouse-effect sign permutation	0.0	0.0	0.0		0.0	False	source-cell perturbation plus T-cell-specific perturbation and rescue	CD69/CD137, T-cell effector program and tumor-cell killing	non-targeting guide plus untreated/irrelevant control	receptor-deficient T cells or matched source-cell control	SUPPORTED	SUPPORTED	PARTIALLY_SUPPORTED	PARTIALLY_SUPPORTED	PARTIALLY_SUPPORTED	MISSING	MISSING	0.5	1.0	1.0	0.5440474293947959	0.07142857142857142	0.07142857142857142	0.0083331436805102	0.0	0.07142857142857142	0.0	0.0	0.07142857142857142	0.0	0.0	0.07142857142857142	0.03571428571428571	0.07142857142857142	0.07142857142857142	0.0	False	2	ASSOCIATION_ONLY	Test necessity and sufficiency; Phase 1.5 is associative.	
T_cell	Tgfb1	Itgb1	CD4	47	0.4717292406914561	0.6470241168227746	0.1393385753931544	0.8928779136389008	0.4902867715078631	0.0681333722380128	-0.27310753	0.0222896046084842	-1.6698895	5.056158660183512e-07	False	ADT-supported	0.3148126734505088	0.0	0.5524673703829643	1.0	0.3706779097842709	Tier 3 — exploratory	3.0	0.2846301007478354	1.0	0.7153698992521647	0.4396163076778496	T_cell → Tgfb1 → Itgb1 → CD4 activation-associated program	CORRELATIONAL	Perturb ligand in T_cell and independently KO/CRISPRi receptor in target T cells	Increase ligand exposure or expression, with receptor-deficient T cells as specificity control	0.80×animal-level interaction score + 0.20×(1−LIANA magnitude rank)	-0.006762260189487	0.9737357980556924	9.0	4.0	0.0	0.8592006085325994	False	ordered cross-sectional support only	T_cell → Tgfb1 → Itgb1 → CD4	multicellular	source-cell ↔ T-cell program / feedback	T_cell	CD4	0.4396163076778496	0.0681333722380128		0.0	0.0	47	False	True	False	True	True	HIGH																			VALID_LR	True		True	False	True	True	NOT_ASSESSED	0				No external perturbational dataset integrated	NOT_ASSESSED	MULTI|T_cell|Tgfb1	MULTI|T_cell|Tgfb1	multicellular_association	multicellular_association	1.0	0.11666401152714279	1.0	0.5	0.0	0.0	1.0	0.0	1.0	0.5	AXIS|Tgfb1|Itgb1	same annotated ligand/contact/sheddase and molecular target axis	identical molecular entities; source alone is not used for collapse	HIGH	positive	positive	False	UNRESOLVED	47.0	0.0	0.0		0.0001714226677706	0.0002143014324981	0.0022598372186268	positive	0.0	113.0	113.0	113.0	1.0	1.0	1.0	within-candidate mouse-effect sign permutation	0.0	0.0	0.0		0.0	False	source-cell perturbation plus T-cell-specific perturbation and rescue	CD69/CD137, T-cell effector program and tumor-cell killing	non-targeting guide plus untreated/irrelevant control	receptor-deficient T cells or matched source-cell control	SUPPORTED	SUPPORTED	PARTIALLY_SUPPORTED	PARTIALLY_SUPPORTED	PARTIALLY_SUPPORTED	MISSING	MISSING	0.5	1.0	1.0	0.5440474293947959	0.07142857142857142	0.07142857142857142	0.0083331436805102	0.0	0.07142857142857142	0.0	0.0	0.07142857142857142	0.0	0.0	0.07142857142857142	0.03571428571428571	0.07142857142857142	0.07142857142857142	0.0	False	2	ASSOCIATION_ONLY	Test necessity and sufficiency; Phase 1.5 is associative.	
T_cell	Tgfb1	Itgb3	CD4	47	0.4717292406914561	0.3818128180544289	0.1393385753931544	0.8928779136389008	0.4902867715078631	0.0681333722380128	-0.022535801	1.0	-0.95562315	5.056158660183512e-07	False	ADT-supported	0.3148126734505088	0.0	0.4243963604310019	1.0	0.2950637077938784	Tier 3 — exploratory	3.0	0.5842684621686114	1.0	0.4157315378313886	0.3191972738013804	T_cell → Tgfb1 → Itgb3 → CD4 activation-associated program	CORRELATIONAL	Perturb ligand in T_cell and independently KO/CRISPRi receptor in target T cells	Increase ligand exposure or expression, with receptor-deficient T cells as specificity control	0.80×animal-level interaction score + 0.20×(1−LIANA magnitude rank)	0.2309528925524571	0.9241924028142442	9.0	4.0	0.0	0.8592006085325994	False	ordered cross-sectional support only	T_cell → Tgfb1 → Itgb3 → CD4	multicellular	source-cell ↔ T-cell program / feedback	T_cell	CD4	0.3191972738013804	0.0681333722380128		0.0	0.0	47	False	True	False	True	True	HIGH																			VALID_LR	True		True	False	True	True	NOT_ASSESSED	0				No external perturbational dataset integrated	NOT_ASSESSED	MULTI|T_cell|Tgfb1	MULTI|T_cell|Tgfb1	multicellular_association	multicellular_association	1.0	0.11666401152714279	1.0	0.5	0.0	0.0	1.0	0.0	1.0	0.5	AXIS|Tgfb1|Itgb3	same annotated ligand/contact/sheddase and molecular target axis	identical molecular entities; source alone is not used for collapse	HIGH	positive	positive	False	UNRESOLVED	47.0	0.0	0.0		0.0001714226677706	0.0002143014324981	0.0022598372186268	positive	0.0	113.0	113.0	113.0	1.0	1.0	1.0	within-candidate mouse-effect sign permutation	0.0	0.0	0.0		0.0	False	source-cell perturbation plus T-cell-specific perturbation and rescue	CD69/CD137, T-cell effector program and tumor-cell killing	non-targeting guide plus untreated/irrelevant control	receptor-deficient T cells or matched source-cell control	SUPPORTED	SUPPORTED	PARTIALLY_SUPPORTED	PARTIALLY_SUPPORTED	PARTIALLY_SUPPORTED	MISSING	MISSING	0.5	1.0	1.0	0.5440474293947959	0.07142857142857142	0.07142857142857142	0.0083331436805102	0.0	0.07142857142857142	0.0	0.0	0.07142857142857142	0.0	0.0	0.07142857142857142	0.03571428571428571	0.07142857142857142	0.07142857142857142	0.0	False	2	ASSOCIATION_ONLY	Test necessity and sufficiency; Phase 1.5 is associative.	
T_cell	Tgfb1	Cxcr4	CD4	47	0.4717292406914561	0.4259901172652851	0.1393385753931544	0.8928779136389008	0.4902867715078631	0.0681333722380128	0.45349312	0.0034569290163712	-1.279254	1.4777777323999814e-06	False	ADT-supported	0.3148126734505088	0.0755821866666666	0.4482766941963604	1.0	0.3687353212136168	Tier 3 — exploratory	3.0	0.9053857916486848	1.0	0.0946142083513151	0.3139110986411564	T_cell → Tgfb1 → Cxcr4 → CD4 activation-associated program	CORRELATIONAL	Perturb ligand in T_cell and independently KO/CRISPRi receptor in target T cells	Increase ligand exposure or expression, with receptor-deficient T cells as specificity control	0.80×animal-level interaction score + 0.20×(1−LIANA magnitude rank)	0.3174629778127493	0.7578829361570336	9.0	4.0	0.0	0.8592006085325994	False	ordered cross-sectional support only	T_cell → Tgfb1 → Cxcr4 → CD4	multicellular	source-cell ↔ T-cell program / feedback	T_cell	CD4	0.3139110986411564	0.0681333722380128		0.0	0.0	47	False	True	False	True	True	HIGH																			VALID_LR	True		True	False	True	True	NOT_ASSESSED	0				No external perturbational dataset integrated	NOT_ASSESSED	MULTI|T_cell|Tgfb1	MULTI|T_cell|Tgfb1	multicellular_association	multicellular_association	1.0	0.11666401152714279	1.0	0.5	0.0	0.0	1.0	0.0	1.0	0.5	AXIS|Tgfb1|Cxcr4	same annotated ligand/contact/sheddase and molecular target axis	identical molecular entities; source alone is not used for collapse	HIGH	positive	positive	False	UNRESOLVED	47.0	0.0	0.0		0.0001714226677706	0.0002143014324981	0.0022598372186268	positive	0.0	113.0	113.0	113.0	1.0	1.0	1.0	within-candidate mouse-effect sign permutation	0.0	0.0	0.0		0.0	False	source-cell perturbation plus T-cell-specific perturbation and rescue	CD69/CD137, T-cell effector program and tumor-cell killing	non-targeting guide plus untreated/irrelevant control	receptor-deficient T cells or matched source-cell control	SUPPORTED	SUPPORTED	PARTIALLY_SUPPORTED	PARTIALLY_SUPPORTED	PARTIALLY_SUPPORTED	MISSING	MISSING	0.5	1.0	1.0	0.5440474293947959	0.07142857142857142	0.07142857142857142	0.0083331436805102	0.0	0.07142857142857142	0.0	0.0	0.07142857142857142	0.0	0.0	0.07142857142857142	0.03571428571428571	0.07142857142857142	0.07142857142857142	0.0	False	2	ASSOCIATION_ONLY	Test necessity and sufficiency; Phase 1.5 is associative.	
T_cell	Tgfb1	Tgfbr1_Tgfbr2	CD4	47	0.4717292406914561	0.1963271627701158	0.1393385753931544	0.8928779136389008	0.4902867715078631	0.0681333722380128	-0.19876862	0.1546512748331897	-1.6317334	0.6118139191569385	False	ADT-supported	0.3148126734505088	0.0	0.3043242734660754	1.0	0.2210492904008931	Tier 3 — exploratory	3.0	0.7614001576156404	1.0	0.2385998423843596	0.2245594007975864	T_cell → Tgfb1 → Tgfbr1_Tgfbr2 → CD4 activation-associated program	CORRELATIONAL	Perturb ligand in T_cell and independently KO/CRISPRi receptor in target T cells	Increase ligand exposure or expression, with receptor-deficient T cells as specificity control	0.80×animal-level interaction score + 0.20×(1−LIANA magnitude rank)			9.0	4.0	0.0	0.8592006085325994	False	ordered cross-sectional support only	T_cell → Tgfb1 → Tgfbr1_Tgfbr2 → CD4	multicellular	source-cell ↔ T-cell program / feedback	T_cell	CD4	0.2245594007975864	0.0681333722380128		0.0	0.0	47	False	True	False	True	True	HIGH																			VALID_LR	True		True	False	True	True	NOT_ASSESSED	0				No external perturbational dataset integrated	NOT_ASSESSED	MULTI|T_cell|Tgfb1	MULTI|T_cell|Tgfb1	multicellular_association	multicellular_association	1.0	0.11666401152714279	1.0	0.5	0.0	0.0	1.0	0.0	1.0	0.5	AXIS|Tgfb1|Tgfbr1_Tgfbr2	same annotated ligand/contact/sheddase and molecular target axis	identical molecular entities; source alone is not used for collapse	HIGH	positive	positive	False	UNRESOLVED	47.0	0.0	0.0		0.0001714226677706	0.0002143014324981	0.0022598372186268	positive	0.0	113.0	113.0	113.0	1.0	1.0	1.0	within-candidate mouse-effect sign permutation	0.0	0.0	0.0		0.0	False	source-cell perturbation plus T-cell-specific perturbation and rescue	CD69/CD137, T-cell effector program and tumor-cell killing	non-targeting guide plus untreated/irrelevant control	receptor-deficient T cells or matched source-cell control	SUPPORTED	SUPPORTED	PARTIALLY_SUPPORTED	PARTIALLY_SUPPORTED	PARTIALLY_SUPPORTED	MISSING	MISSING	0.5	1.0	1.0	0.5440474293947959	0.07142857142857142	0.07142857142857142	0.0083331436805102	0.0	0.07142857142857142	0.0	0.0	0.07142857142857142	0.0	0.0	0.07142857142857142	0.03571428571428571	0.07142857142857142	0.07142857142857142	0.0	False	2	ASSOCIATION_ONLY	Test necessity and sufficiency; Phase 1.5 is associative.	
T_cell	Tgfb1	Tgfbr3	CD4	47	0.4717292406914561	0.1263367504978243	0.1393385753931544	0.8928779136389008	0.4902867715078631	0.0681333722380128	-0.10581303	0.9724287183971176	-2.1716626	5.176047040806788e-07	False	ADT-supported	0.3148126734505088	0.0	0.2441244342210845	1.0	0.259009322551895	Tier 3 — exploratory	3.0	1.0	1.0	0.0	0.207207458041516	T_cell → Tgfb1 → Tgfbr3 → CD4 activation-associated program	CORRELATIONAL	Perturb ligand in T_cell and independently KO/CRISPRi receptor in target T cells	Increase ligand exposure or expression, with receptor-deficient T cells as specificity control	0.80×animal-level interaction score + 0.20×(1−LIANA magnitude rank)	0.7580183279997796	0.8616666716427712	9.0	4.0	0.0	0.8592006085325994	False	ordered cross-sectional support only	T_cell → Tgfb1 → Tgfbr3 → CD4	multicellular	source-cell ↔ T-cell program / feedback	T_cell	CD4	0.207207458041516	0.0681333722380128		0.0	0.0	47	False	True	False	True	True	HIGH																			VALID_LR	True		True	False	True	True	NOT_ASSESSED	0				No external perturbational dataset integrated	NOT_ASSESSED	MULTI|T_cell|Tgfb1	MULTI|T_cell|Tgfb1	multicellular_association	multicellular_association	1.0	0.11666401152714279	1.0	0.5	0.0	0.0	1.0	0.0	1.0	0.5	AXIS|Tgfb1|Tgfbr3	same annotated ligand/contact/sheddase and molecular target axis	identical molecular entities; source alone is not used for collapse	HIGH	positive	positive	False	UNRESOLVED	47.0	0.0	0.0		0.0001714226677706	0.0002143014324981	0.0022598372186268	positive	0.0	113.0	113.0	113.0	1.0	1.0	1.0	within-candidate mouse-effect sign permutation	0.0	0.0	0.0		0.0	False	source-cell perturbation plus T-cell-specific perturbation and rescue	CD69/CD137, T-cell effector program and tumor-cell killing	non-targeting guide plus untreated/irrelevant control	receptor-deficient T cells or matched source-cell control	SUPPORTED	SUPPORTED	PARTIALLY_SUPPORTED	PARTIALLY_SUPPORTED	PARTIALLY_SUPPORTED	MISSING	MISSING	0.5	1.0	1.0	0.5440474293947959	0.07142857142857142	0.07142857142857142	0.0083331436805102	0.0	0.07142857142857142	0.0	0.0	0.07142857142857142	0.0	0.0	0.07142857142857142	0.03571428571428571	0.07142857142857142	0.07142857142857142	0.0	False	2	ASSOCIATION_ONLY	Test necessity and sufficiency; Phase 1.5 is associative.	
T_cell	Tgfb1	Acvrl1	CD4	47	0.4717292406914561	0.0146028468176119	0.1393385753931544	0.8928779136389008	0.4902867715078631	0.0681333722380128	0.0010590553	0.050699969051223	0.35354292	0.0015949319821967	True	ADT-supported	0.3148126734505088	0.0591003292166666	0.0829975291271114	1.0	0.241559023837267	Tier 3 — exploratory	3.0			0.0	0.1932472190698136	T_cell → Tgfb1 → Acvrl1 → CD4 activation-associated program	CORRELATIONAL	Perturb ligand in T_cell and independently KO/CRISPRi receptor in target T cells	Increase ligand exposure or expression, with receptor-deficient T cells as specificity control	0.80×animal-level interaction score + 0.20×(1−LIANA magnitude rank)	-0.3431855170512093	0.9745393573241592	9.0	4.0	0.0	0.8592006085325994	False	ordered cross-sectional support only	T_cell → Tgfb1 → Acvrl1 → CD4	multicellular	source-cell ↔ T-cell program / feedback	T_cell	CD4	0.1932472190698136	0.0681333722380128	1.0	47.0	0.0	47	False	True	False	True	True	HIGH																			VALID_LR	True		True	False	True	True	NOT_ASSESSED	0				No external perturbational dataset integrated	NOT_ASSESSED	MULTI|T_cell|Tgfb1	MULTI|T_cell|Tgfb1	multicellular_association	multicellular_association	1.0	0.11666401152714279	1.0	0.5	0.0	0.0	1.0	0.0	1.0	0.5	AXIS|Tgfb1|Acvrl1	same annotated ligand/contact/sheddase and molecular target axis	identical molecular entities; source alone is not used for collapse	HIGH	positive	positive	False	UNRESOLVED																		0.0	0.0		0.0	False	source-cell perturbation plus T-cell-specific perturbation and rescue	CD69/CD137, T-cell effector program and tumor-cell killing	non-targeting guide plus untreated/irrelevant control	receptor-deficient T cells or matched source-cell control	SUPPORTED	SUPPORTED	PARTIALLY_SUPPORTED	PARTIALLY_SUPPORTED	PARTIALLY_SUPPORTED	MISSING	MISSING	0.5	1.0	1.0	0.5440474293947959	0.07142857142857142	0.07142857142857142	0.0083331436805102	0.0	0.07142857142857142	0.0	0.0	0.07142857142857142	0.0	0.0	0.07142857142857142	0.03571428571428571	0.07142857142857142	0.07142857142857142	0.0	False	2	ASSOCIATION_ONLY	Test necessity and sufficiency; Phase 1.5 is associative.	
melanoma	Agrn	Itgb1	CD8	42	0.3871046790432066	0.7919055506009256	0.0754395916052183	0.9257112050065416	-0.5120330605299409	0.0754666118237595	-0.19079351	0.370122225554747	-0.5470314	7.73865543430223e-06	False	ADT-supported	0.0377197958026091	0.0	0.5536698872052779	1.0	0.2239359059719688	Tier 3 — exploratory	3.0	0.508804573579132	0.5726032018540566	0.491195426420868	0.2773878100617486	melanoma → Agrn → Itgb1 → CD8 activation-associated program	CORRELATIONAL	Perturb ligand in melanoma and independently KO/CRISPRi receptor in target T cells	Increase ligand exposure or expression, with receptor-deficient T cells as specificity control	0.80×animal-level interaction score + 0.20×(1−LIANA magnitude rank)	-0.8649518602245418	0.3371854677774424	9.0	6.0	0.0	0.8046695441735882	False	ordered cross-sectional support only	melanoma → Agrn → Itgb1 → CD8	multicellular	source-cell ↔ T-cell program / feedback	melanoma	CD8	0.2773878100617486	0.0754666118237595		0.0	0.0	42	False	True	False	True	True	HIGH																			VALID_LR	True		True	False	True	True	NOT_ASSESSED	0				No external perturbational dataset integrated	NOT_ASSESSED	MULTI|melanoma|Agrn	MULTI|melanoma|Agrn	multicellular_association	multicellular_association	1.0	0.11222451478127123	1.0	0.5	0.0	0.0	1.0	0.0	1.0	0.5	AXIS|Agrn|Itgb1	same annotated ligand/contact/sheddase and molecular target axis	identical molecular entities; source alone is not used for collapse	HIGH	positive	negative	False	UNRESOLVED	42.0	0.0	0.0		-2.513721084617283e-05	3.680250814687826e-05	0.0010632036550069	negative	0.0	129.0	129.0	129.0	1.0	1.0	1.0	within-candidate mouse-effect sign permutation	0.0	0.0	0.0		0.0	False	source-cell perturbation plus T-cell-specific perturbation and rescue	CD69/CD137, T-cell effector program and tumor-cell killing	non-targeting guide plus untreated/irrelevant control	receptor-deficient T cells or matched source-cell control	SUPPORTED	SUPPORTED	PARTIALLY_SUPPORTED	PARTIALLY_SUPPORTED	PARTIALLY_SUPPORTED	MISSING	MISSING	0.5	1.0	1.0	0.5437303224843765	0.07142857142857142	0.07142857142857142	0.008016036770090803	0.0	0.07142857142857142	0.0	0.0	0.07142857142857142	0.0	0.0	0.07142857142857142	0.03571428571428571	0.07142857142857142	0.07142857142857142	0.0	False	2	ASSOCIATION_ONLY	Test necessity and sufficiency; Phase 1.5 is associative.	
T_cell	Tnfsf4	Tnfrsf4	CD8	47	0.042048335339343	0.1695332738777762	-0.1608464384828862	0.8060494561574746	0.482886216466235	0.0770375427413524	0.5449467	0.1818946036510169	1.9839206	1.6846005428952665e-05	False	ADT-supported	0.2414431082331175	0.4214778833333333	0.0844309892823093	1.0	0.3067607565713863	Tier 3 — exploratory	3.0			0.0	0.245408605257109	T_cell → Tnfsf4 → Tnfrsf4 → CD8 activation-associated program	CORRELATIONAL	Perturb ligand in T_cell and independently KO/CRISPRi receptor in target T cells	Increase ligand exposure or expression, with receptor-deficient T cells as specificity control	0.80×animal-level interaction score + 0.20×(1−LIANA magnitude rank)	1.486063567153027	0.6570621287717398	9.0	6.0	0.0	0.8046695441735882	False	ordered cross-sectional support only	T_cell → Tnfsf4 → Tnfrsf4 → CD8	multicellular	source-cell ↔ T-cell program / feedback	T_cell	CD8	0.245408605257109	0.0770375427413524		0.0	0.0	47	False	True	False	True	True	HIGH																			VALID_LR	True		True	False	True	True	NOT_ASSESSED	0				No external perturbational dataset integrated	NOT_ASSESSED	MULTI|T_cell|Tnfsf4	MULTI|T_cell|Tnfsf4	multicellular_association	multicellular_association	1.0	0.11132975783094157	1.0	0.5	0.0	0.0	1.0	0.0	1.0	0.5	AXIS|Tnfsf4|Tnfrsf4	same annotated ligand/contact/sheddase and molecular target axis	identical molecular entities; source alone is not used for collapse	HIGH	negative	positive	False	UNRESOLVED	47.0	0.0	0.0		-1.6798504130284953e-05	-0.000278016363983	0.0012034594935429	negative	0.0	130.0	130.0	130.0	1.0	1.0	1.0	within-candidate mouse-effect sign permutation	0.0	0.0	0.0		0.0	False	source-cell perturbation plus T-cell-specific perturbation and rescue	CD69/CD137, T-cell effector program and tumor-cell killing	non-targeting guide plus untreated/irrelevant control	receptor-deficient T cells or matched source-cell control	SUPPORTED	SUPPORTED	PARTIALLY_SUPPORTED	PARTIALLY_SUPPORTED	PARTIALLY_SUPPORTED	MISSING	MISSING	0.5	1.0	1.0	0.5436664112736387	0.07142857142857142	0.07142857142857142	0.00795212555935297	0.0	0.07142857142857142	0.0	0.0	0.07142857142857142	0.0	0.0	0.07142857142857142	0.03571428571428571	0.07142857142857142	0.07142857142857142	0.0	False	2	ASSOCIATION_ONLY	Test necessity and sufficiency; Phase 1.5 is associative.	
T_cell	Tgfb1	Acvr1_Tgfbr2	CD4	47	0.4717292406914561	0.0362121100376133	0.1393385753931544	0.8928779136389008	0.4902867715078631	0.0681333722380128	-0.19876862	0.4645069281975577	-1.6317334	0.0069657884931854	False	ADT-supported	0.3148126734505088	0.0	0.1306993158814491	1.0	0.2363242988839679	Tier 3 — exploratory	3.0			0.0	0.1890594391071743	T_cell → Tgfb1 → Acvr1_Tgfbr2 → CD4 activation-associated program	CORRELATIONAL	Perturb ligand in T_cell and independently KO/CRISPRi receptor in target T cells	Increase ligand exposure or expression, with receptor-deficient T cells as specificity control	0.80×animal-level interaction score + 0.20×(1−LIANA magnitude rank)			9.0	4.0	0.0	0.8592006085325994	False	ordered cross-sectional support only	T_cell → Tgfb1 → Acvr1_Tgfbr2 → CD4	multicellular	source-cell ↔ T-cell program / feedback	T_cell	CD4	0.1890594391071743	0.0681333722380128	1.0	47.0	0.0	47	False	True	False	True	True	HIGH																			VALID_LR	True		True	False	True	True	NOT_ASSESSED	0				No external perturbational dataset integrated	NOT_ASSESSED	MULTI|T_cell|Tgfb1	MULTI|T_cell|Tgfb1	multicellular_association	multicellular_association	0.9940159086469987	0.11666401152714279	1.0	0.5	0.0	0.0	1.0	0.0	1.0	0.5	AXIS|Tgfb1|Acvr1_Tgfbr2	same annotated ligand/contact/sheddase and molecular target axis	identical molecular entities; source alone is not used for collapse	HIGH	positive	positive	False	UNRESOLVED																		0.0	0.0		0.0	False	source-cell perturbation plus T-cell-specific perturbation and rescue	CD69/CD137, T-cell effector program and tumor-cell killing	non-targeting guide plus untreated/irrelevant control	receptor-deficient T cells or matched source-cell control	SUPPORTED	SUPPORTED	PARTIALLY_SUPPORTED	PARTIALLY_SUPPORTED	PARTIALLY_SUPPORTED	MISSING	MISSING	0.5	1.0	1.0	0.543619994298153	0.07142857142857142	0.07100113633192848	0.0083331436805102	0.0	0.07142857142857142	0.0	0.0	0.07142857142857142	0.0	0.0	0.07142857142857142	0.03571428571428571	0.07142857142857142	0.07142857142857142	0.0	False	2	ASSOCIATION_ONLY	Test necessity and sufficiency; Phase 1.5 is associative.	
T_cell	Lamc1	Dag1	CD4	47	0.3356727852328798	0.0595914152961132	0.332099907493062	0.5325071712252106	0.5211609620721555	0.0345399214078238	-0.10492778	1.0	-0.06880045	1.0	False	ADT-supported	0.4266304347826087	0.0	0.1414327272890386	1.0	0.2276071976317207	Tier 3 — exploratory	3.0			0.0	0.1820857581053765	T_cell → Lamc1 → Dag1 → CD4 activation-associated program	CORRELATIONAL	Perturb ligand in T_cell and independently KO/CRISPRi receptor in target T cells	Increase ligand exposure or expression, with receptor-deficient T cells as specificity control	0.80×animal-level interaction score + 0.20×(1−LIANA magnitude rank)	0.2993443405595086	0.9444426043704072	9.0	4.0	0.0	0.8592006085325994	False	ordered cross-sectional support only	T_cell → Lamc1 → Dag1 → CD4	multicellular	source-cell ↔ T-cell program / feedback	T_cell	CD4	0.1820857581053765	0.0345399214078238	1.0	47.0	0.0	47	False	True	False	True	True	HIGH																			VALID_LR	True		True	False	True	True	NOT_ASSESSED	0				No external perturbational dataset integrated	NOT_ASSESSED	MULTI|T_cell|Lamc1	MULTI|T_cell|Lamc1	multicellular_association	multicellular_association	0.95735045628793	0.14616786549615907	1.0	0.5	0.0	0.0	1.0	0.0	1.0	0.5	AXIS|Lamc1|Dag1	same annotated ligand/contact/sheddase and molecular target axis	identical molecular entities; source alone is not used for collapse	HIGH	positive	positive	False	UNRESOLVED																		0.0	0.0		0.0	False	source-cell perturbation plus T-cell-specific perturbation and rescue	CD69/CD137, T-cell effector program and tumor-cell killing	non-targeting guide plus untreated/irrelevant control	receptor-deficient T cells or matched source-cell control	SUPPORTED	SUPPORTED	PARTIALLY_SUPPORTED	PARTIALLY_SUPPORTED	PARTIALLY_SUPPORTED	MISSING	MISSING	0.5	1.0	1.0	0.5431084515560063	0.07142857142857142	0.06838217544913786	0.010440561821154219	0.0	0.07142857142857142	0.0	0.0	0.07142857142857142	0.0	0.0	0.07142857142857142	0.03571428571428571	0.07142857142857142	0.07142857142857142	0.0	False	2	ASSOCIATION_ONLY	Test necessity and sufficiency; Phase 1.5 is associative.	
T_cell	Areg	Erbb3	CD4	47	0.0995366531537468	0.0192492071686702	0.3747687326549491	0.4349679379109198	0.4853145235892692	0.0768229914397188	0.0	1.0	0.57797277	0.062031196135725	False	ADT-supported	0.4300416281221091	0.096328795	0.043772156188981	1.0	0.2333511998305344	Tier 3 — exploratory	3.0			0.0	0.1866809598644275	T_cell → Areg → Erbb3 → CD4 activation-associated program	CORRELATIONAL	Perturb ligand in T_cell and independently KO/CRISPRi receptor in target T cells	Increase ligand exposure or expression, with receptor-deficient T cells as specificity control	0.80×animal-level interaction score + 0.20×(1−LIANA magnitude rank)	0.3332518121373896	0.903455945154614	9.0	4.0	0.0	0.8592006085325994	False	ordered cross-sectional support only	T_cell → Areg → Erbb3 → CD4	multicellular	source-cell ↔ T-cell program / feedback	T_cell	CD4	0.1866809598644275	0.0768229914397188	1.0	47.0	0.0	47	False	True	False	True	True	HIGH																			VALID_LR	True		True	False	True	True	NOT_ASSESSED	0				No external perturbational dataset integrated	NOT_ASSESSED	MULTI|T_cell|Areg	MULTI|T_cell|Areg	multicellular_association	multicellular_association	0.9815106022902147	0.11145087856833638	1.0	0.5	0.0	0.0	1.0	0.0	1.0	0.5	AXIS|Areg|Erbb3	same annotated ligand/contact/sheddase and molecular target axis	identical molecular entities; source alone is not used for collapse	HIGH	positive	positive	False	UNRESOLVED																		0.0	0.0		0.0	False	source-cell perturbation plus T-cell-specific perturbation and rescue	CD69/CD137, T-cell effector program and tumor-cell killing	non-targeting guide plus untreated/irrelevant control	receptor-deficient T cells or matched source-cell control	SUPPORTED	SUPPORTED	PARTIALLY_SUPPORTED	PARTIALLY_SUPPORTED	PARTIALLY_SUPPORTED	MISSING	MISSING	0.5	1.0	1.0	0.5423543914898965	0.07142857142857142	0.07010790016358677	0.007960777040595456	0.0	0.07142857142857142	0.0	0.0	0.07142857142857142	0.0	0.0	0.07142857142857142	0.03571428571428571	0.07142857142857142	0.07142857142857142	0.0	False	2	ASSOCIATION_ONLY	Test necessity and sufficiency; Phase 1.5 is associative.	
NK	Ccl4	Cnr2	CD8	43	0.6343440916702875	0.0208519131948868	0.4998489882210812	0.0864256323914709	-0.1899728178797946	0.7674208524834459	0.111854434	0.260896402375691	-0.92333305	0.0376479876370518	False	RNA-supported	0.2499244941105406	0.0186424056666666	0.1150099471141438	1.0	0.2151361637781846	Tier 3 — exploratory	3.0			0.0	0.1721089310225476	NK → Ccl4 → Cnr2 → CD8 activation-associated program	CORRELATIONAL	Perturb ligand in NK and independently KO/CRISPRi receptor in target T cells	Increase ligand exposure or expression, with receptor-deficient T cells as specificity control	0.80×animal-level interaction score + 0.20×(1−LIANA magnitude rank)	-0.5094704779602576	0.8694412792118096	9.0	6.0	0.0	0.8046695441735882	False	ordered cross-sectional support only	NK → Ccl4 → Cnr2 → CD8	multicellular	source-cell ↔ T-cell program / feedback	NK	CD8	0.1721089310225476	0.0864256323914709	1.0	43.0	0.0	43	True	False	False	True	True	HIGH																			VALID_LR	True		True	False	True	True	NOT_ASSESSED	0				No external perturbational dataset integrated	NOT_ASSESSED	MULTI|NK|Ccl4	MULTI|NK|Ccl4	multicellular_association	multicellular_association	0.9048953930285372	0.10633574339652327	1.0	0.5	0.0	1.0	0.0	0.0	1.0	0.5	AXIS|Ccl4|Cnr2	same annotated ligand/contact/sheddase and molecular target axis	identical molecular entities; source alone is not used for collapse	HIGH	positive	negative	False	UNRESOLVED																		0.0	0.0		0.0	False	source-cell perturbation plus T-cell-specific perturbation and rescue	CD69/CD137, T-cell effector program and tumor-cell killing	non-targeting guide plus untreated/irrelevant control	receptor-deficient T cells or matched source-cell control	SUPPORTED	SUPPORTED	PARTIALLY_SUPPORTED	SUPPORTED	PARTIALLY_SUPPORTED	MISSING	MISSING	0.5714285714285714	1.0	1.0	0.5416185505609736	0.07142857142857142	0.06463538521632409	0.007595410242608805	0.07142857142857142	0.0	0.0	0.0	0.07142857142857142	0.0	0.0	0.07142857142857142	0.04081632653061224	0.07142857142857142	0.07142857142857142	0.0	False	2	ASSOCIATION_ONLY	Test necessity and sufficiency; Phase 1.5 is associative.	
T_cell	Kitl	Kit	CD4	47	0.0104415283925528	0.0204292351943358	0.6013702988838885	0.045137145168232	0.225376543125603	0.6627153219843573	0.0	1.0	0.0	0.6351535513247315	False	RNA-supported	0.4133734210047458	0.0	0.0146052195916322	1.0	0.1976017412699874	Tier 3 — exploratory	3.0			0.0	0.1580813930159899	T_cell → Kitl → Kit → CD4 activation-associated program	CORRELATIONAL	Perturb ligand in T_cell and independently KO/CRISPRi receptor in target T cells	Increase ligand exposure or expression, with receptor-deficient T cells as specificity control	0.80×animal-level interaction score + 0.20×(1−LIANA magnitude rank)	0.3232305681483039	0.9751058809224972	9.0	4.0	0.0	0.8592006085325994	False	ordered cross-sectional support only	T_cell → Kitl → Kit → CD4	multicellular	source-cell ↔ T-cell program / feedback	T_cell	CD4	0.1580813930159899	0.045137145168232	1.0	47.0	0.0	47	True	False	False	True	True	HIGH																			VALID_LR	True		True	False	True	True	NOT_ASSESSED	0				No external perturbational dataset integrated	NOT_ASSESSED	MULTI|T_cell|Kitl	MULTI|T_cell|Kitl	multicellular_association	multicellular_association	0.831142947747218	0.13454659126240381	1.0	0.5	0.0	1.0	0.0	0.0	1.0	0.5	AXIS|Kitl|Kit	same annotated ligand/contact/sheddase and molecular target axis	identical molecular entities; source alone is not used for collapse	HIGH	positive	positive	False	UNRESOLVED																		0.0	0.0		0.0	False	source-cell perturbation plus T-cell-specific perturbation and rescue	CD69/CD137, T-cell effector program and tumor-cell killing	non-targeting guide plus untreated/irrelevant control	receptor-deficient T cells or matched source-cell control	SUPPORTED	SUPPORTED	PARTIALLY_SUPPORTED	SUPPORTED	PARTIALLY_SUPPORTED	MISSING	MISSING	0.5714285714285714	1.0	1.0	0.5383655793170138	0.07142857142857142	0.05936735341051557	0.009610470804457415	0.07142857142857142	0.0	0.0	0.0	0.07142857142857142	0.0	0.0	0.07142857142857142	0.04081632653061224	0.07142857142857142	0.07142857142857142	0.0	False	2	ASSOCIATION_ONLY	Test necessity and sufficiency; Phase 1.5 is associative.	
T_cell	Kitl	Lrrn3	CD4	47	0.0104415283925528	0.0158566265948816	0.6013702988838885	0.045137145168232	0.225376543125603	0.6627153219843573	0.0	1.0	0.0	1.0	False	RNA-supported	0.4133734210047458	0.0	0.0128673002918469	1.0	0.1972541574100303	Tier 3 — exploratory	3.0			0.0	0.1578033259280242	T_cell → Kitl → Lrrn3 → CD4 activation-associated program	CORRELATIONAL	Perturb ligand in T_cell and independently KO/CRISPRi receptor in target T cells	Increase ligand exposure or expression, with receptor-deficient T cells as specificity control	0.80×animal-level interaction score + 0.20×(1−LIANA magnitude rank)	-1.0730531777434973	0.8524267873976286	9.0	4.0	0.0	0.8592006085325994	False	ordered cross-sectional support only	T_cell → Kitl → Lrrn3 → CD4	multicellular	source-cell ↔ T-cell program / feedback	T_cell	CD4	0.1578033259280242	0.045137145168232	1.0	47.0	0.0	47	True	False	False	True	True	HIGH																			VALID_LR	True		True	False	True	True	NOT_ASSESSED	0				No external perturbational dataset integrated	NOT_ASSESSED	MULTI|T_cell|Kitl	MULTI|T_cell|Kitl	multicellular_association	multicellular_association	0.8296809572197187	0.13454659126240381	1.0	0.5	0.0	1.0	0.0	0.0	1.0	0.5	AXIS|Kitl|Lrrn3	same annotated ligand/contact/sheddase and molecular target axis	identical molecular entities; source alone is not used for collapse	HIGH	positive	positive	False	UNRESOLVED																		0.0	0.0		0.0	False	source-cell perturbation plus T-cell-specific perturbation and rescue	CD69/CD137, T-cell effector program and tumor-cell killing	non-targeting guide plus untreated/irrelevant control	receptor-deficient T cells or matched source-cell control	SUPPORTED	SUPPORTED	PARTIALLY_SUPPORTED	SUPPORTED	PARTIALLY_SUPPORTED	MISSING	MISSING	0.5714285714285714	1.0	1.0	0.5382611514221924	0.07142857142857142	0.05926292551569419	0.009610470804457415	0.07142857142857142	0.0	0.0	0.0	0.07142857142857142	0.0	0.0	0.07142857142857142	0.04081632653061224	0.07142857142857142	0.07142857142857142	0.0	False	2	ASSOCIATION_ONLY	Test necessity and sufficiency; Phase 1.5 is associative.	
T_cell	Lamc1	Itga7_Itgb1	CD4	47	0.3356727852328798	0.0084076996828674	0.332099907493062	0.5325071712252106	0.5211609620721555	0.0345399214078238	-0.27310753	0.5266032125918795	-1.6698895	1.0	False	ADT-supported	0.4266304347826087	0.0	0.0531247208929112	1.0	0.2099455963524953	Tier 3 — exploratory	3.0			0.0	0.1679564770819962	T_cell → Lamc1 → Itga7_Itgb1 → CD4 activation-associated program	CORRELATIONAL	Perturb ligand in T_cell and independently KO/CRISPRi receptor in target T cells	Increase ligand exposure or expression, with receptor-deficient T cells as specificity control	0.80×animal-level interaction score + 0.20×(1−LIANA magnitude rank)			9.0	4.0	0.0	0.8592006085325994	False	ordered cross-sectional support only	T_cell → Lamc1 → Itga7_Itgb1 → CD4	multicellular	source-cell ↔ T-cell program / feedback	T_cell	CD4	0.1679564770819962	0.0345399214078238	1.0	47.0	0.0	47	False	True	False	True	True	HIGH																			VALID_LR	True		True	False	True	True	NOT_ASSESSED	0				No external perturbational dataset integrated	NOT_ASSESSED	MULTI|T_cell|Lamc1	MULTI|T_cell|Lamc1	multicellular_association	multicellular_association	0.8830630777718939	0.14616786549615907	1.0	0.5	0.0	0.0	1.0	0.0	1.0	0.5	AXIS|Lamc1|Itga7_Itgb1	same annotated ligand/contact/sheddase and molecular target axis	identical molecular entities; source alone is not used for collapse	HIGH	positive	positive	False	UNRESOLVED																		0.0	0.0		0.0	False	source-cell perturbation plus T-cell-specific perturbation and rescue	CD69/CD137, T-cell effector program and tumor-cell killing	non-targeting guide plus untreated/irrelevant control	receptor-deficient T cells or matched source-cell control	SUPPORTED	SUPPORTED	PARTIALLY_SUPPORTED	PARTIALLY_SUPPORTED	PARTIALLY_SUPPORTED	MISSING	MISSING	0.5	1.0	1.0	0.5378022102334323	0.07142857142857142	0.06307593412656384	0.010440561821154219	0.0	0.07142857142857142	0.0	0.0	0.07142857142857142	0.0	0.0	0.07142857142857142	0.03571428571428571	0.07142857142857142	0.07142857142857142	0.0	False	2	ASSOCIATION_ONLY	Test necessity and sufficiency; Phase 1.5 is associative.	
T_cell	Kitl	Epor	CD4	47	0.0104415283925528	7.375175160410059e-05	0.6013702988838885	0.045137145168232	0.225376543125603	0.6627153219843573	0.0	1.0	0.0	1.0	False	RNA-supported	0.4133734210047458	0.0	0.0008775425963306	1.0	0.1948562058709271	Tier 3 — exploratory	3.0			0.0	0.1558849646967417	T_cell → Kitl → Epor → CD4 activation-associated program	CORRELATIONAL	Perturb ligand in T_cell and independently KO/CRISPRi receptor in target T cells	Increase ligand exposure or expression, with receptor-deficient T cells as specificity control	0.80×animal-level interaction score + 0.20×(1−LIANA magnitude rank)	0.0		9.0	4.0	0.0	0.8592006085325994	False	ordered cross-sectional support only	T_cell → Kitl → Epor → CD4	multicellular	source-cell ↔ T-cell program / feedback	T_cell	CD4	0.1558849646967417	0.045137145168232	1.0	47.0	0.0	47	True	False	False	True	True	HIGH																			VALID_LR	True		True	False	True	True	NOT_ASSESSED	0				No external perturbational dataset integrated	NOT_ASSESSED	MULTI|T_cell|Kitl	MULTI|T_cell|Kitl	multicellular_association	multicellular_association	0.8195948086971607	0.13454659126240381	1.0	0.5	0.0	1.0	0.0	0.0	1.0	0.5	AXIS|Kitl|Epor	same annotated ligand/contact/sheddase and molecular target axis	identical molecular entities; source alone is not used for collapse	HIGH	positive	positive	False	UNRESOLVED																		0.0	0.0		0.0	False	source-cell perturbation plus T-cell-specific perturbation and rescue	CD69/CD137, T-cell effector program and tumor-cell killing	non-targeting guide plus untreated/irrelevant control	receptor-deficient T cells or matched source-cell control	SUPPORTED	SUPPORTED	PARTIALLY_SUPPORTED	SUPPORTED	PARTIALLY_SUPPORTED	MISSING	MISSING	0.5714285714285714	1.0	1.0	0.5375407122420096	0.07142857142857142	0.05854248633551148	0.009610470804457415	0.07142857142857142	0.0	0.0	0.0	0.07142857142857142	0.0	0.0	0.07142857142857142	0.04081632653061224	0.07142857142857142	0.07142857142857142	0.0	False	2	ASSOCIATION_ONLY	Test necessity and sufficiency; Phase 1.5 is associative.	
T_cell	Penk	Ogfr	CD4	47	0.0304228708054917	0.1823143299653367	0.0317992599444958	0.9795733168697052	0.629740980573543	0.0036866912484448	0.0011658669	1.0	0.101436615	0.5769953190135456	True	ADT-supported	0.3307701202590194	0.01710041365	0.0744749978618679	1.0	0.1849396450755303	Tier 3 — exploratory	3.0			0.0	0.1479517160604242	T_cell → Penk → Ogfr → CD4 activation-associated program	CORRELATIONAL	Perturb ligand in T_cell and independently KO/CRISPRi receptor in target T cells	Increase ligand exposure or expression, with receptor-deficient T cells as specificity control	0.80×animal-level interaction score + 0.20×(1−LIANA magnitude rank)	0.3976616525648273	0.859496944985776	9.0	4.0	0.0	0.8592006085325994	False	ordered cross-sectional support only	T_cell → Penk → Ogfr → CD4	multicellular	source-cell ↔ T-cell program / feedback	T_cell	CD4	0.1479517160604242	0.0036866912484448	1.0	47.0	0.0	47	False	True	False	True	True	HIGH																			VALID_LR	True		True	False	True	True	NOT_ASSESSED	0				No external perturbational dataset integrated	NOT_ASSESSED	MULTI|T_cell|Penk	MULTI|T_cell|Penk	multicellular_association	multicellular_association	0.7778842472515541	0.24333632319928436	1.0	0.5	0.0	0.0	1.0	0.0	1.0	0.5	AXIS|Penk|Ogfr	same annotated ligand/contact/sheddase and molecular target axis	identical molecular entities; source alone is not used for collapse	HIGH	positive	positive	False	UNRESOLVED																		0.0	0.0		0.0	False	source-cell perturbation plus T-cell-specific perturbation and rescue	CD69/CD137, T-cell effector program and tumor-cell killing	non-targeting guide plus untreated/irrelevant control	receptor-deficient T cells or matched source-cell control	SUPPORTED	SUPPORTED	PARTIALLY_SUPPORTED	PARTIALLY_SUPPORTED	PARTIALLY_SUPPORTED	MISSING	MISSING	0.5	1.0	1.0	0.5372300407464884	0.07142857142857142	0.055563160517968155	0.017381165942806025	0.0	0.07142857142857142	0.0	0.0	0.07142857142857142	0.0	0.0	0.07142857142857142	0.03571428571428571	0.07142857142857142	0.07142857142857142	0.0	False	2	ASSOCIATION_ONLY	Test necessity and sufficiency; Phase 1.5 is associative.	
melanoma	Sema3e	Nrp1	CD8	42	0.2203801747939016	0.3132033804730963	0.0339518677578802	0.9603710604633344	-0.5779920589903573	0.0252290253606165	0.11500859	1.0	-0.32207346	0.1716058957654949	False	ADT-supported	0.0169759338789401	0.0191680983333333	0.2627238392965165	1.0	0.1132783693002656	Tier 3 — exploratory	3.0	0.6363152467920518	0.5403030593566107	0.3636847532079482	0.1633596460818021	melanoma → Sema3e → Nrp1 → CD8 activation-associated program	CORRELATIONAL	Perturb ligand in melanoma and independently KO/CRISPRi receptor in target T cells	Increase ligand exposure or expression, with receptor-deficient T cells as specificity control	0.80×animal-level interaction score + 0.20×(1−LIANA magnitude rank)	-1.3089788211921234	0.2650346425348326	9.0	6.0	0.0	0.8046695441735882	False	ordered cross-sectional support only	melanoma → Sema3e → Nrp1 → CD8	multicellular	source-cell ↔ T-cell program / feedback	melanoma	CD8	0.1633596460818021	0.0252290253606165	1.0	42.0	0.0	42	False	True	False	True	True	HIGH																			VALID_LR	True		True	False	True	True	NOT_ASSESSED	0				No external perturbational dataset integrated	NOT_ASSESSED	MULTI|melanoma|Sema3e	MULTI|melanoma|Sema3e	multicellular_association	multicellular_association	0.858894365724862	0.15980995266794928	1.0	0.5	0.0	0.0	1.0	0.0	1.0	0.5	AXIS|Sema3e|Nrp1	same annotated ligand/contact/sheddase and molecular target axis	identical molecular entities; source alone is not used for collapse	HIGH	positive	negative	False	UNRESOLVED																		0.0	0.0		0.0	False	source-cell perturbation plus T-cell-specific perturbation and rescue	CD69/CD137, T-cell effector program and tumor-cell killing	non-targeting guide plus untreated/irrelevant control	receptor-deficient T cells or matched source-cell control	SUPPORTED	SUPPORTED	PARTIALLY_SUPPORTED	PARTIALLY_SUPPORTED	PARTIALLY_SUPPORTED	MISSING	MISSING	0.5	1.0	1.0	0.5370503084566294	0.07142857142857142	0.06134959755177586	0.011414996619139235	0.0	0.07142857142857142	0.0	0.0	0.07142857142857142	0.0	0.0	0.07142857142857142	0.03571428571428571	0.07142857142857142	0.07142857142857142	0.0	False	2	ASSOCIATION_ONLY	Test necessity and sufficiency; Phase 1.5 is associative.	
T_cell	Fam3c	Ffar2	CD4	47	0.2851675090378383	0.003687587580205	0.2153098982423681	0.7718906071574196	0.5842969472710454	0.0125563842483386	0.0	1.0	0.0	0.6329277497097457	False	ADT-supported	0.3998034227567067	0.0	0.0324280767947459	1.0	0.1964168133237965	Tier 3 — exploratory	3.0			0.0	0.1571334506590372	T_cell → Fam3c → Ffar2 → CD4 activation-associated program	CORRELATIONAL	Perturb ligand in T_cell and independently KO/CRISPRi receptor in target T cells	Increase ligand exposure or expression, with receptor-deficient T cells as specificity control	0.80×animal-level interaction score + 0.20×(1−LIANA magnitude rank)	0.3087240579590816	0.9484108746324592	9.0	4.0	0.0	0.8592006085325994	False	ordered cross-sectional support only	T_cell → Fam3c → Ffar2 → CD4	multicellular	source-cell ↔ T-cell program / feedback	T_cell	CD4	0.1571334506590372	0.0125563842483386	1.0	47.0	0.0	47	False	True	False	True	True	HIGH																			VALID_LR	True		True	False	True	True	NOT_ASSESSED	0				No external perturbational dataset integrated	NOT_ASSESSED	MULTI|T_cell|Fam3c	MULTI|T_cell|Fam3c	multicellular_association	multicellular_association	0.8261589607654458	0.19011354025626498	1.0	0.5	0.0	0.0	1.0	0.0	1.0	0.5	AXIS|Fam3c|Ffar2	same annotated ligand/contact/sheddase and molecular target axis	identical molecular entities; source alone is not used for collapse	HIGH	positive	positive	False	UNRESOLVED																		0.0	0.0		0.0	False	source-cell perturbation plus T-cell-specific perturbation and rescue	CD69/CD137, T-cell effector program and tumor-cell killing	non-targeting guide plus untreated/irrelevant control	receptor-deficient T cells or matched source-cell control	SUPPORTED	SUPPORTED	PARTIALLY_SUPPORTED	PARTIALLY_SUPPORTED	PARTIALLY_SUPPORTED	MISSING	MISSING	0.5	1.0	1.0	0.5368766072158364	0.07142857142857142	0.05901135434038899	0.013579538589733212	0.0	0.07142857142857142	0.0	0.0	0.07142857142857142	0.0	0.0	0.07142857142857142	0.03571428571428571	0.07142857142857142	0.07142857142857142	0.0	False	2	ASSOCIATION_ONLY	Test necessity and sufficiency; Phase 1.5 is associative.	
T_cell	Fam3c	Lifr	CD4	47	0.2851675090378383	0.0030975735673722	0.2153098982423681	0.7718906071574196	0.5842969472710454	0.0125563842483386	0.0	0.5686044535883095	0.0	1.0	False	ADT-supported	0.3998034227567067	0.0	0.0297208233107528	1.0	0.1958753626269979	Tier 3 — exploratory	3.0			0.0	0.1567002901015983	T_cell → Fam3c → Lifr → CD4 activation-associated program	CORRELATIONAL	Perturb ligand in T_cell and independently KO/CRISPRi receptor in target T cells	Increase ligand exposure or expression, with receptor-deficient T cells as specificity control	0.80×animal-level interaction score + 0.20×(1−LIANA magnitude rank)	0.4402311637886331	0.8850003518971917	9.0	4.0	0.0	0.8592006085325994	False	ordered cross-sectional support only	T_cell → Fam3c → Lifr → CD4	multicellular	source-cell ↔ T-cell program / feedback	T_cell	CD4	0.1567002901015983	0.0125563842483386	1.0	47.0	0.0	47	False	True	False	True	True	HIGH																			VALID_LR	True		True	False	True	True	NOT_ASSESSED	0				No external perturbational dataset integrated	NOT_ASSESSED	MULTI|T_cell|Fam3c	MULTI|T_cell|Fam3c	multicellular_association	multicellular_association	0.8238815368657135	0.19011354025626498	1.0	0.5	0.0	0.0	1.0	0.0	1.0	0.5	AXIS|Fam3c|Lifr	same annotated ligand/contact/sheddase and molecular target axis	identical molecular entities; source alone is not used for collapse	HIGH	positive	positive	False	UNRESOLVED																		0.0	0.0		0.0	False	source-cell perturbation plus T-cell-specific perturbation and rescue	CD69/CD137, T-cell effector program and tumor-cell killing	non-targeting guide plus untreated/irrelevant control	receptor-deficient T cells or matched source-cell control	SUPPORTED	SUPPORTED	PARTIALLY_SUPPORTED	PARTIALLY_SUPPORTED	PARTIALLY_SUPPORTED	MISSING	MISSING	0.5	1.0	1.0	0.5367139340801413	0.07142857142857142	0.058848681204693824	0.013579538589733212	0.0	0.07142857142857142	0.0	0.0	0.07142857142857142	0.0	0.0	0.07142857142857142	0.03571428571428571	0.07142857142857142	0.07142857142857142	0.0	False	2	ASSOCIATION_ONLY	Test necessity and sufficiency; Phase 1.5 is associative.	
NK	Thy1	Itgav_Itgb3	CD8	43	0.560132262642308	0.1736951628657577	-0.5593476291150711	0.0394332468179697	0.2758985200845666	0.5693917575023107	-0.5537106	0.0045006933207894	-0.78209853	0.0004179291465249	False	RNA-supported	0.1379492600422833	0.0	0.3119170796638444	1.0	0.260665656947568	Tier 3 — exploratory	3.0	0.7794113658806964	0.4634549360178449	0.2205886341193036	0.2526502523819151	NK → Thy1 → Itgav_Itgb3 → CD8 activation-associated program	CORRELATIONAL	Perturb ligand in NK and independently KO/CRISPRi receptor in target T cells	Increase ligand exposure or expression, with receptor-deficient T cells as specificity control	0.80×animal-level interaction score + 0.20×(1−LIANA magnitude rank)			9.0	6.0	0.0	0.8046695441735882	False	ordered cross-sectional support only	NK → Thy1 → Itgav_Itgb3 → CD8	multicellular	source-cell ↔ T-cell program / feedback	NK	CD8	0.2526502523819151	0.0394332468179697		0.0	0.0	43	True	False	False	True	True	HIGH																			MEMBRANE_CONTACT	True	THY1 is a membrane adhesion/contact molecule; interpret only as contact-dependent	True	False	True	True	NOT_ASSESSED	0				No external perturbational dataset integrated	NOT_ASSESSED	MULTI|NK|Thy1	MULTI|NK|Thy1	multicellular_association	multicellular_association	1.0	0.14041374629197856	1.0	0.5	0.0	1.0	0.0	0.0	1.0	0.5	AXIS|Thy1|Itgav_Itgb3	same annotated ligand/contact/sheddase and molecular target axis	identical molecular entities; source alone is not used for collapse	HIGH	negative	positive	False	UNRESOLVED	43.0	0.0	0.0		-0.0015276517692789	-0.0067004442314496	0.0125934178950866	negative	0.0	161.0	161.0	161.0	1.0	1.0	1.0	within-candidate mouse-effect sign permutation	0.0	0.0	0.0		0.0	False	source-cell perturbation plus T-cell-specific perturbation and rescue	CD69/CD137, T-cell effector program and tumor-cell killing	non-targeting guide plus untreated/irrelevant control	receptor-deficient T cells or matched source-cell control	SUPPORTED	SUPPORTED	PARTIALLY_SUPPORTED	SUPPORTED	PARTIALLY_SUPPORTED	MISSING	MISSING	0.5714285714285714	0.8	1.0	0.5365601655514678	0.07142857142857142	0.07142857142857142	0.010029553306569896	0.07142857142857142	0.0	0.0	0.0	0.07142857142857142	0.0	0.0	0.05714285714285715	0.04081632653061224	0.07142857142857142	0.07142857142857142	0.0	False	2	ASSOCIATION_ONLY	Test necessity and sufficiency; Phase 1.5 is associative.	
NK	Thy1	Itgax_Itgb2	CD8	43	0.560132262642308	0.1833354567460823	-0.5593476291150711	0.0394332468179697	0.2758985200845666	0.5693917575023107	-0.08900404	1.0	-0.8359729	0.0263008358638339	False	RNA-supported	0.1379492600422833	0.0	0.3204560878025944	1.0	0.212373458575318	Tier 3 — exploratory	3.0	0.7295613013607075	0.9254052237364891	0.2704386986392925	0.2239865065881129	NK → Thy1 → Itgax_Itgb2 → CD8 activation-associated program	CORRELATIONAL	Perturb ligand in NK and independently KO/CRISPRi receptor in target T cells	Increase ligand exposure or expression, with receptor-deficient T cells as specificity control	0.80×animal-level interaction score + 0.20×(1−LIANA magnitude rank)			9.0	6.0	0.0	0.8046695441735882	False	ordered cross-sectional support only	NK → Thy1 → Itgax_Itgb2 → CD8	multicellular	source-cell ↔ T-cell program / feedback	NK	CD8	0.2239865065881129	0.0394332468179697		0.0	0.0	43	True	False	False	True	True	HIGH																			MEMBRANE_CONTACT	True	THY1 is a membrane adhesion/contact molecule; interpret only as contact-dependent	True	False	True	True	NOT_ASSESSED	0				No external perturbational dataset integrated	NOT_ASSESSED	MULTI|NK|Thy1	MULTI|NK|Thy1	multicellular_association	multicellular_association	1.0	0.14041374629197856	1.0	0.5	0.0	1.0	0.0	0.0	1.0	0.5	AXIS|Thy1|Itgax_Itgb2	same annotated ligand/contact/sheddase and molecular target axis	identical molecular entities; source alone is not used for collapse	HIGH	negative	positive	False	UNRESOLVED	43.0	0.0	0.0		-0.0015276517692789	-0.0067004442314496	0.0125934178950866	negative	0.0	161.0	161.0	161.0	1.0	1.0	1.0	within-candidate mouse-effect sign permutation	0.0	0.0	0.0		0.0	False	source-cell perturbation plus T-cell-specific perturbation and rescue	CD69/CD137, T-cell effector program and tumor-cell killing	non-targeting guide plus untreated/irrelevant control	receptor-deficient T cells or matched source-cell control	SUPPORTED	SUPPORTED	PARTIALLY_SUPPORTED	SUPPORTED	PARTIALLY_SUPPORTED	MISSING	MISSING	0.5714285714285714	0.8	1.0	0.5365601655514678	0.07142857142857142	0.07142857142857142	0.010029553306569896	0.07142857142857142	0.0	0.0	0.0	0.07142857142857142	0.0	0.0	0.05714285714285715	0.04081632653061224	0.07142857142857142	0.07142857142857142	0.0	False	2	ASSOCIATION_ONLY	Test necessity and sufficiency; Phase 1.5 is associative.	
NK	Ifnk	Ifnar1_Ifnar2	CD8	43	0.0010885093626773	0.3340977619229625	0.1489535336651886	0.8355501698766961	0.4812850525155405	0.096533573112733	-0.10463667	1.0	-0.77416396	2.3340721211100217e-05	False	ADT-supported	0.3151192930903645	0.0	0.0190700954875085	1.0	0.2141057716791293	Tier 3 — exploratory	3.0			0.0	0.1712846173433034	NK → Ifnk → Ifnar1_Ifnar2 → CD8 activation-associated program	CORRELATIONAL	Perturb ligand in NK and independently KO/CRISPRi receptor in target T cells	Increase ligand exposure or expression, with receptor-deficient T cells as specificity control	0.80×animal-level interaction score + 0.20×(1−LIANA magnitude rank)			9.0	6.0	0.0	0.8046695441735882	False	ordered cross-sectional support only	NK → Ifnk → Ifnar1_Ifnar2 → CD8	multicellular	source-cell ↔ T-cell program / feedback	NK	CD8	0.1712846173433034	0.096533573112733	1.0	43.0	0.0	43	False	True	False	True	True	HIGH																			VALID_LR	True		True	False	True	True	NOT_ASSESSED	0				No external perturbational dataset integrated	NOT_ASSESSED	MULTI|NK|Ifnk	MULTI|NK|Ifnk	multicellular_association	multicellular_association	0.9005614073002733	0.10153216184506911	1.0	0.5	0.0	0.0	1.0	0.0	1.0	0.5	AXIS|Ifnk|Ifnar1_Ifnar2	same annotated ligand/contact/sheddase and molecular target axis	identical molecular entities; source alone is not used for collapse	HIGH	positive	positive	False	UNRESOLVED																		0.0	0.0		0.0	False	source-cell perturbation plus T-cell-specific perturbation and rescue	CD69/CD137, T-cell effector program and tumor-cell killing	non-targeting guide plus untreated/irrelevant control	receptor-deficient T cells or matched source-cell control	SUPPORTED	SUPPORTED	PARTIALLY_SUPPORTED	PARTIALLY_SUPPORTED	PARTIALLY_SUPPORTED	MISSING	MISSING	0.5	1.0	1.0	0.5358638263675245	0.07142857142857142	0.06432581480716239	0.007252297274647794	0.0	0.07142857142857142	0.0	0.0	0.07142857142857142	0.0	0.0	0.07142857142857142	0.03571428571428571	0.07142857142857142	0.07142857142857142	0.0	False	2	ASSOCIATION_ONLY	Test necessity and sufficiency; Phase 1.5 is associative.	
T_cell	Fam3c	Glra2	CD4	47	0.2851675090378383	0.0001475035032082	0.2153098982423681	0.7718906071574196	0.5842969472710454	0.0125563842483386	0.0	1.0	0.0	1.0	False	ADT-supported	0.3998034227567067	0.0	0.0064856153589491	1.0	0.1912283210366371	Tier 3 — exploratory	3.0			0.0	0.1529826568293096	T_cell → Fam3c → Glra2 → CD4 activation-associated program	CORRELATIONAL	Perturb ligand in T_cell and independently KO/CRISPRi receptor in target T cells	Increase ligand exposure or expression, with receptor-deficient T cells as specificity control	0.80×animal-level interaction score + 0.20×(1−LIANA magnitude rank)	-0.0824959072229281	0.7381271009898184	9.0	4.0	0.0	0.8592006085325994	False	ordered cross-sectional support only	T_cell → Fam3c → Glra2 → CD4	multicellular	source-cell ↔ T-cell program / feedback	T_cell	CD4	0.1529826568293096	0.0125563842483386	1.0	47.0	0.0	47	False	True	False	True	True	HIGH																			VALID_LR	True		True	False	True	True	NOT_ASSESSED	0				No external perturbational dataset integrated	NOT_ASSESSED	MULTI|T_cell|Fam3c	MULTI|T_cell|Fam3c	multicellular_association	multicellular_association	0.8043353738567588	0.19011354025626498	1.0	0.5	0.0	0.0	1.0	0.0	1.0	0.5	AXIS|Fam3c|Glra2	same annotated ligand/contact/sheddase and molecular target axis	identical molecular entities; source alone is not used for collapse	HIGH	positive	positive	False	UNRESOLVED																		0.0	0.0		0.0	False	source-cell perturbation plus T-cell-specific perturbation and rescue	CD69/CD137, T-cell effector program and tumor-cell killing	non-targeting guide plus untreated/irrelevant control	receptor-deficient T cells or matched source-cell control	SUPPORTED	SUPPORTED	PARTIALLY_SUPPORTED	PARTIALLY_SUPPORTED	PARTIALLY_SUPPORTED	MISSING	MISSING	0.5	1.0	1.0	0.5353177795795017	0.07142857142857142	0.0574525267040542	0.013579538589733212	0.0	0.07142857142857142	0.0	0.0	0.07142857142857142	0.0	0.0	0.07142857142857142	0.03571428571428571	0.07142857142857142	0.07142857142857142	0.0	False	2	ASSOCIATION_ONLY	Test necessity and sufficiency; Phase 1.5 is associative.	
melanoma	App	Ptger2	CD8	42	0.6390965846760497	0.1122435979105618	0.1078518758609513	0.884894955043239	-0.57280609350944	0.0280140080292839	0.2687285	0.9414044281016132	0.32917702	0.0300457492312666	False	ADT-supported	0.0539259379304756	0.0996509199999999	0.2678329704804691	1.0	0.1973534023717603	Tier 3 — exploratory	3.0	1.0	1.0	0.0	0.1578827218974082	melanoma → App → Ptger2 → CD8 activation-associated program	CORRELATIONAL	Perturb ligand in melanoma and independently KO/CRISPRi receptor in target T cells	Increase ligand exposure or expression, with receptor-deficient T cells as specificity control	0.80×animal-level interaction score + 0.20×(1−LIANA magnitude rank)	0.8102957880844366	0.6760860268344574	9.0	6.0	0.0	0.8046695441735882	False	ordered cross-sectional support only	melanoma → App → Ptger2 → CD8	multicellular	source-cell ↔ T-cell program / feedback	melanoma	CD8	0.1578827218974082	0.0280140080292839	1.0	42.0	0.0	42	False	True	False	True	True	HIGH																			VALID_LR	True		True	False	True	True	NOT_ASSESSED	0				No external perturbational dataset integrated	NOT_ASSESSED	MULTI|melanoma|App	MULTI|melanoma|App	multicellular_association	multicellular_association	0.8300983966082138	0.15526247512094604	1.0	0.5	0.0	0.0	1.0	0.0	1.0	0.5	AXIS|App|Ptger2	same annotated ligand/contact/sheddase and molecular target axis	identical molecular entities; source alone is not used for collapse	HIGH	positive	negative	False	UNRESOLVED																		0.0	0.0		0.0	False	source-cell perturbation plus T-cell-specific perturbation and rescue	CD69/CD137, T-cell effector program and tumor-cell killing	non-targeting guide plus untreated/irrelevant control	receptor-deficient T cells or matched source-cell control	SUPPORTED	SUPPORTED	PARTIALLY_SUPPORTED	PARTIALLY_SUPPORTED	PARTIALLY_SUPPORTED	MISSING	MISSING	0.5	1.0	1.0	0.53466863369494	0.07142857142857142	0.05929274261487242	0.011090176794353288	0.0	0.07142857142857142	0.0	0.0	0.07142857142857142	0.0	0.0	0.07142857142857142	0.03571428571428571	0.07142857142857142	0.07142857142857142	0.0	False	2	ASSOCIATION_ONLY	Test necessity and sufficiency; Phase 1.5 is associative.	
T_cell	Col18a1	Itga3	CD4	47	0.0160980300803003	0.0615089608378199	0.2128299269485235	0.7769609593964136	0.5604926139198552	0.0161066468137148	0.8977821	0.0257278570387628	1.0267496	6.386277766181647e-05	True	ADT-supported	0.3866612704341893	0.3207552833333333	0.0314670160926523	1.0	0.3718136687038301	Tier 3 — exploratory	3.0			0.0	0.2974509349630641	T_cell → Col18a1 → Itga3 → CD4 activation-associated program	CORRELATIONAL	Perturb ligand in T_cell and independently KO/CRISPRi receptor in target T cells	Increase ligand exposure or expression, with receptor-deficient T cells as specificity control	0.80×animal-level interaction score + 0.20×(1−LIANA magnitude rank)	-0.2579140416009531	0.9896152585669143	9.0	4.0	0.0	0.8592006085325994	False	ordered cross-sectional support only	T_cell → Col18a1 → Itga3 → CD4	multicellular	source-cell ↔ T-cell program / feedback	T_cell	CD4	0.2974509349630641	0.0161066468137148		0.0	0.0	47	False	True	False	True	True	HIGH																			MEMBRANE_CONTACT	True		True	False	True	True	NOT_ASSESSED	0				No external perturbational dataset integrated	NOT_ASSESSED	MULTI|T_cell|Col18a1	MULTI|T_cell|Col18a1	multicellular_association	multicellular_association	1.0	0.17929948644149124	1.0	0.5	0.0	0.0	1.0	0.0	1.0	0.5	AXIS|Col18a1|Itga3	same annotated ligand/contact/sheddase and molecular target axis	identical molecular entities; source alone is not used for collapse	HIGH	positive	positive	False	UNRESOLVED	47.0	0.0	0.0		2.0849990584546088e-05	0.0001389548906722	0.0004210945423723	positive	0.0	150.0	150.0	150.0	1.0	1.0	1.0	within-candidate mouse-effect sign permutation	0.0	0.0	0.0		0.0	False	source-cell perturbation plus T-cell-specific perturbation and rescue	CD69/CD137, T-cell effector program and tumor-cell killing	non-targeting guide plus untreated/irrelevant control	receptor-deficient T cells or matched source-cell control	SUPPORTED	SUPPORTED	PARTIALLY_SUPPORTED	PARTIALLY_SUPPORTED	PARTIALLY_SUPPORTED	MISSING	MISSING	0.5	0.8	1.0	0.5342356776029636	0.07142857142857142	0.07142857142857142	0.012807106174392232	0.0	0.07142857142857142	0.0	0.0	0.07142857142857142	0.0	0.0	0.05714285714285715	0.03571428571428571	0.07142857142857142	0.07142857142857142	0.0	False	2	ASSOCIATION_ONLY	Test necessity and sufficiency; Phase 1.5 is associative.	
T_cell	Col18a1	Itgb3	CD4	47	0.0160980300803003	0.3818128180544289	0.2128299269485235	0.7769609593964136	0.5604926139198552	0.0161066468137148	-0.022535801	1.0	-0.95562315	5.056158660183512e-07	False	ADT-supported	0.3866612704341893	0.0	0.0783991978918435	1.0	0.251011284230335	Tier 3 — exploratory	3.0			0.0	0.2008090273842679	T_cell → Col18a1 → Itgb3 → CD4 activation-associated program	CORRELATIONAL	Perturb ligand in T_cell and independently KO/CRISPRi receptor in target T cells	Increase ligand exposure or expression, with receptor-deficient T cells as specificity control	0.80×animal-level interaction score + 0.20×(1−LIANA magnitude rank)	0.2309528925524571	0.9241924028142442	9.0	4.0	0.0	0.8592006085325994	False	ordered cross-sectional support only	T_cell → Col18a1 → Itgb3 → CD4	multicellular	source-cell ↔ T-cell program / feedback	T_cell	CD4	0.2008090273842679	0.0161066468137148		0.0	0.0	47	False	True	False	True	True	HIGH																			MEMBRANE_CONTACT	True		True	False	True	True	NOT_ASSESSED	0				No external perturbational dataset integrated	NOT_ASSESSED	MULTI|T_cell|Col18a1	MULTI|T_cell|Col18a1	multicellular_association	multicellular_association	1.0	0.17929948644149124	1.0	0.5	0.0	0.0	1.0	0.0	1.0	0.5	AXIS|Col18a1|Itgb3	same annotated ligand/contact/sheddase and molecular target axis	identical molecular entities; source alone is not used for collapse	HIGH	positive	positive	False	UNRESOLVED	47.0	0.0	0.0		2.0849990584546088e-05	0.0001389548906722	0.0004210945423723	positive	0.0	150.0	150.0	150.0	1.0	1.0	1.0	within-candidate mouse-effect sign permutation	0.0	0.0	0.0		0.0	False	source-cell perturbation plus T-cell-specific perturbation and rescue	CD69/CD137, T-cell effector program and tumor-cell killing	non-targeting guide plus untreated/irrelevant control	receptor-deficient T cells or matched source-cell control	SUPPORTED	SUPPORTED	PARTIALLY_SUPPORTED	PARTIALLY_SUPPORTED	PARTIALLY_SUPPORTED	MISSING	MISSING	0.5	0.8	1.0	0.5342356776029636	0.07142857142857142	0.07142857142857142	0.012807106174392232	0.0	0.07142857142857142	0.0	0.0	0.07142857142857142	0.0	0.0	0.05714285714285715	0.03571428571428571	0.07142857142857142	0.07142857142857142	0.0	False	2	ASSOCIATION_ONLY	Test necessity and sufficiency; Phase 1.5 is associative.	
T_cell	Col18a1	Itga1_Itgb1	CD4	47	0.0160980300803003	0.0913784202374806	0.2128299269485235	0.7769609593964136	0.5604926139198552	0.0161066468137148	-0.27310753	1.0	-1.7274919	0.0001005760880117	False	ADT-supported	0.3866612704341893	0.0	0.038353781530291	1.0	0.2430022009580244	Tier 3 — exploratory	3.0			0.0	0.1944017607664195	T_cell → Col18a1 → Itga1_Itgb1 → CD4 activation-associated program	CORRELATIONAL	Perturb ligand in T_cell and independently KO/CRISPRi receptor in target T cells	Increase ligand exposure or expression, with receptor-deficient T cells as specificity control	0.80×animal-level interaction score + 0.20×(1−LIANA magnitude rank)			9.0	4.0	0.0	0.8592006085325994	False	ordered cross-sectional support only	T_cell → Col18a1 → Itga1_Itgb1 → CD4	multicellular	source-cell ↔ T-cell program / feedback	T_cell	CD4	0.1944017607664195	0.0161066468137148	1.0	47.0	0.0	47	False	True	False	True	True	HIGH																			MEMBRANE_CONTACT	True		True	False	True	True	NOT_ASSESSED	0				No external perturbational dataset integrated	NOT_ASSESSED	MULTI|T_cell|Col18a1	MULTI|T_cell|Col18a1	multicellular_association	multicellular_association	1.0	0.17929948644149124	1.0	0.5	0.0	0.0	1.0	0.0	1.0	0.5	AXIS|Col18a1|Itga1_Itgb1	same annotated ligand/contact/sheddase and molecular target axis	identical molecular entities; source alone is not used for collapse	HIGH	positive	positive	False	UNRESOLVED																		0.0	0.0		0.0	False	source-cell perturbation plus T-cell-specific perturbation and rescue	CD69/CD137, T-cell effector program and tumor-cell killing	non-targeting guide plus untreated/irrelevant control	receptor-deficient T cells or matched source-cell control	SUPPORTED	SUPPORTED	PARTIALLY_SUPPORTED	PARTIALLY_SUPPORTED	PARTIALLY_SUPPORTED	MISSING	MISSING	0.5	0.8	1.0	0.5342356776029636	0.07142857142857142	0.07142857142857142	0.012807106174392232	0.0	0.07142857142857142	0.0	0.0	0.07142857142857142	0.0	0.0	0.05714285714285715	0.03571428571428571	0.07142857142857142	0.07142857142857142	0.0	False	2	ASSOCIATION_ONLY	Test necessity and sufficiency; Phase 1.5 is associative.	
T_cell	Col18a1	Itga11_Itgb1	CD4	47	0.0160980300803003	0.0137178257983627	0.2128299269485235	0.7769609593964136	0.5604926139198552	0.0161066468137148	-0.27310753	1.0	-1.6698895	0.001630105990749	False	ADT-supported	0.3866612704341893	0.0	0.0148603489978655	1.0	0.2383035144515393	Tier 3 — exploratory	3.0			0.0	0.1906428115612314	T_cell → Col18a1 → Itga11_Itgb1 → CD4 activation-associated program	CORRELATIONAL	Perturb ligand in T_cell and independently KO/CRISPRi receptor in target T cells	Increase ligand exposure or expression, with receptor-deficient T cells as specificity control	0.80×animal-level interaction score + 0.20×(1−LIANA magnitude rank)			9.0	4.0	0.0	0.8592006085325994	False	ordered cross-sectional support only	T_cell → Col18a1 → Itga11_Itgb1 → CD4	multicellular	source-cell ↔ T-cell program / feedback	T_cell	CD4	0.1906428115612314	0.0161066468137148	1.0	47.0	0.0	47	False	True	False	True	True	HIGH																			MEMBRANE_CONTACT	True		True	False	True	True	NOT_ASSESSED	0				No external perturbational dataset integrated	NOT_ASSESSED	MULTI|T_cell|Col18a1	MULTI|T_cell|Col18a1	multicellular_association	multicellular_association	1.0	0.17929948644149124	1.0	0.5	0.0	0.0	1.0	0.0	1.0	0.5	AXIS|Col18a1|Itga11_Itgb1	same annotated ligand/contact/sheddase and molecular target axis	identical molecular entities; source alone is not used for collapse	HIGH	positive	positive	False	UNRESOLVED																		0.0	0.0		0.0	False	source-cell perturbation plus T-cell-specific perturbation and rescue	CD69/CD137, T-cell effector program and tumor-cell killing	non-targeting guide plus untreated/irrelevant control	receptor-deficient T cells or matched source-cell control	SUPPORTED	SUPPORTED	PARTIALLY_SUPPORTED	PARTIALLY_SUPPORTED	PARTIALLY_SUPPORTED	MISSING	MISSING	0.5	0.8	1.0	0.5342356776029636	0.07142857142857142	0.07142857142857142	0.012807106174392232	0.0	0.07142857142857142	0.0	0.0	0.07142857142857142	0.0	0.0	0.05714285714285715	0.03571428571428571	0.07142857142857142	0.07142857142857142	0.0	False	2	ASSOCIATION_ONLY	Test necessity and sufficiency; Phase 1.5 is associative.	
T_cell	Areg	Egfr_Erbb2	CD4	47	0.0995366531537468	0.000737517516041	0.3747687326549491	0.4349679379109198	0.4853145235892692	0.0768229914397188	0.0	0.583347260084221	0.0	1.0	False	ADT-supported	0.4300416281221091	0.0	0.0085679650553084	1.0	0.2022281628537999	Tier 3 — exploratory	3.0			0.0	0.1617825302830399	T_cell → Areg → Egfr_Erbb2 → CD4 activation-associated program	CORRELATIONAL	Perturb ligand in T_cell and independently KO/CRISPRi receptor in target T cells	Increase ligand exposure or expression, with receptor-deficient T cells as specificity control	0.80×animal-level interaction score + 0.20×(1−LIANA magnitude rank)			9.0	4.0	0.0	0.8592006085325994	False	ordered cross-sectional support only	T_cell → Areg → Egfr_Erbb2 → CD4	multicellular	source-cell ↔ T-cell program / feedback	T_cell	CD4	0.1617825302830399	0.0768229914397188	1.0	47.0	0.0	47	False	True	False	True	True	HIGH																			VALID_LR	True		True	False	True	True	NOT_ASSESSED	0				No external perturbational dataset integrated	NOT_ASSESSED	MULTI|T_cell|Areg	MULTI|T_cell|Areg	multicellular_association	multicellular_association	0.8506023798755893	0.11145087856833638	1.0	0.5	0.0	0.0	1.0	0.0	1.0	0.5	AXIS|Areg|Egfr_Erbb2	same annotated ligand/contact/sheddase and molecular target axis	identical molecular entities; source alone is not used for collapse	HIGH	positive	positive	False	UNRESOLVED																		0.0	0.0		0.0	False	source-cell perturbation plus T-cell-specific perturbation and rescue	CD69/CD137, T-cell effector program and tumor-cell killing	non-targeting guide plus untreated/irrelevant control	receptor-deficient T cells or matched source-cell control	SUPPORTED	SUPPORTED	PARTIALLY_SUPPORTED	PARTIALLY_SUPPORTED	PARTIALLY_SUPPORTED	MISSING	MISSING	0.5	1.0	1.0	0.5330038041745662	0.07142857142857142	0.060757312848256376	0.007960777040595456	0.0	0.07142857142857142	0.0	0.0	0.07142857142857142	0.0	0.0	0.07142857142857142	0.03571428571428571	0.07142857142857142	0.07142857142857142	0.0	False	2	ASSOCIATION_ONLY	Test necessity and sufficiency; Phase 1.5 is associative.	
T_cell	Vim	Cd44	CD4	47	0.7878166464633306	0.7128106792536324	0.4051803885291397	0.3783039802031702	0.5419750231267345	0.0242785979418408	0.9703646	1.9767398454773044e-06	-0.07839012	0.3301218053312729	False	ADT-supported	0.4735777058279371	0.1617274333333333	0.7493758195277223	1.0	0.4560592192786558	Tier 3 — exploratory	3.0	0.0542910708863235	1.0	0.9457089291136764	0.55398916124566	T_cell → Vim → Cd44 → CD4 activation-associated program	CORRELATIONAL	Perturb ligand in T_cell and independently KO/CRISPRi receptor in target T cells	Increase ligand exposure or expression, with receptor-deficient T cells as specificity control	0.80×animal-level interaction score + 0.20×(1−LIANA magnitude rank)	0.1045084727826486	0.9444426043704072	9.0	4.0	0.0	0.8592006085325994	False	ordered cross-sectional support only	T_cell → Vim → Cd44 → CD4	multicellular	source-cell ↔ T-cell program / feedback	T_cell	CD4	0.55398916124566	0.0242785979418408		0.0	0.0	47	False	True	False	True	True	HIGH																			MEMBRANE_CONTACT	True		True	False	True	True	NOT_ASSESSED	0				No external perturbational dataset integrated	NOT_ASSESSED	MULTI|T_cell|Vim	MULTI|T_cell|Vim	multicellular_association	multicellular_association	1.0	0.16147763968267342	1.0	0.5	0.0	0.0	1.0	0.0	1.0	0.5	AXIS|Vim|Cd44	same annotated ligand/contact/sheddase and molecular target axis	identical molecular entities; source alone is not used for collapse	HIGH	positive	positive	False	UNRESOLVED	47.0	0.0	0.0		0.0014664779767138	0.0044833716782159	0.0102852038831732	positive	0.0	156.0	156.0	156.0	1.0	1.0	1.0	within-candidate mouse-effect sign permutation	0.0	0.0	0.0		0.0	False	source-cell perturbation plus T-cell-specific perturbation and rescue	CD69/CD137, T-cell effector program and tumor-cell killing	non-targeting guide plus untreated/irrelevant control	receptor-deficient T cells or matched source-cell control	SUPPORTED	SUPPORTED	PARTIALLY_SUPPORTED	PARTIALLY_SUPPORTED	PARTIALLY_SUPPORTED	MISSING	MISSING	0.5	0.8	1.0	0.5329626885487624	0.07142857142857142	0.07142857142857142	0.01153411712019096	0.0	0.07142857142857142	0.0	0.0	0.07142857142857142	0.0	0.0	0.05714285714285715	0.03571428571428571	0.07142857142857142	0.07142857142857142	0.0	False	2	ASSOCIATION_ONLY	Test necessity and sufficiency; Phase 1.5 is associative.	
melanoma	Nid1	Itgav	CD8	42	0.2394068616089633	0.4708880112116191	0.0444858601409934	0.9538661802119326	-0.5885260513734706	0.0247402608870927	0.72924757	0.0002047553241208	0.9842701	0.0001382533409225	False	ADT-supported	0.0222429300704967	0.2855862783333333	0.3357585753684634	1.0	0.2963333101816999	Tier 3 — exploratory	3.0	1.0	1.0	0.0	0.2370666481453599	melanoma → Nid1 → Itgav → CD8 activation-associated program	CORRELATIONAL	Perturb ligand in melanoma and independently KO/CRISPRi receptor in target T cells	Increase ligand exposure or expression, with receptor-deficient T cells as specificity control	0.80×animal-level interaction score + 0.20×(1−LIANA magnitude rank)	1.4925698429797505	0.4414396211644968	9.0	6.0	0.0	0.8046695441735882	False	ordered cross-sectional support only	melanoma → Nid1 → Itgav → CD8	multicellular	source-cell ↔ T-cell program / feedback	melanoma	CD8	0.2370666481453599	0.0247402608870927		0.0	0.0	42	False	True	False	True	True	HIGH																			MEMBRANE_CONTACT	True		True	False	True	True	NOT_ASSESSED	0				No external perturbational dataset integrated	NOT_ASSESSED	MULTI|melanoma|Nid1	MULTI|melanoma|Nid1	multicellular_association	multicellular_association	1.0	0.16065957250291546	1.0	0.5	0.0	0.0	1.0	0.0	1.0	0.5	AXIS|Nid1|Itgav	same annotated ligand/contact/sheddase and molecular target axis	identical molecular entities; source alone is not used for collapse	HIGH	positive	negative	False	UNRESOLVED	42.0	0.0	0.0		4.186955577012348e-05	5.31649792761383e-05	0.0005157366801831	positive	0.0	157.0	157.0	157.0	1.0	1.0	1.0	within-candidate mouse-effect sign permutation	0.0	0.0	0.0		0.0	False	source-cell perturbation plus T-cell-specific perturbation and rescue	CD69/CD137, T-cell effector program and tumor-cell killing	non-targeting guide plus untreated/irrelevant control	receptor-deficient T cells or matched source-cell control	SUPPORTED	SUPPORTED	PARTIALLY_SUPPORTED	PARTIALLY_SUPPORTED	PARTIALLY_SUPPORTED	MISSING	MISSING	0.5	0.8	1.0	0.5329042551787796	0.07142857142857142	0.07142857142857142	0.011475683750208247	0.0	0.07142857142857142	0.0	0.0	0.07142857142857142	0.0	0.0	0.05714285714285715	0.03571428571428571	0.07142857142857142	0.07142857142857142	0.0	False	2	ASSOCIATION_ONLY	Test necessity and sufficiency; Phase 1.5 is associative.	
melanoma	Nid1	Itgb3	CD8	42	0.2394068616089633	0.1736951628657577	0.0444858601409934	0.9538661802119326	-0.5885260513734706	0.0247402608870927	-0.5537106	0.0045006933207894	-0.78209853	0.0004179291465249	False	ADT-supported	0.0222429300704967	0.0	0.2039210970408624	1.0	0.1985692449328463	Tier 3 — exploratory	3.0	0.6453110718661949	1.0	0.3546889281338051	0.2297931815730381	melanoma → Nid1 → Itgb3 → CD8 activation-associated program	CORRELATIONAL	Perturb ligand in melanoma and independently KO/CRISPRi receptor in target T cells	Increase ligand exposure or expression, with receptor-deficient T cells as specificity control	0.80×animal-level interaction score + 0.20×(1−LIANA magnitude rank)	0.1128820931689364	0.91653265164315	9.0	6.0	0.0	0.8046695441735882	False	ordered cross-sectional support only	melanoma → Nid1 → Itgb3 → CD8	multicellular	source-cell ↔ T-cell program / feedback	melanoma	CD8	0.2297931815730381	0.0247402608870927		0.0	0.0	42	False	True	False	True	True	HIGH																			MEMBRANE_CONTACT	True		True	False	True	True	NOT_ASSESSED	0				No external perturbational dataset integrated	NOT_ASSESSED	MULTI|melanoma|Nid1	MULTI|melanoma|Nid1	multicellular_association	multicellular_association	1.0	0.16065957250291546	1.0	0.5	0.0	0.0	1.0	0.0	1.0	0.5	AXIS|Nid1|Itgb3	same annotated ligand/contact/sheddase and molecular target axis	identical molecular entities; source alone is not used for collapse	HIGH	positive	negative	False	UNRESOLVED	42.0	0.0	0.0		4.186955577012348e-05	5.31649792761383e-05	0.0005157366801831	positive	0.0	157.0	157.0	157.0	1.0	1.0	1.0	within-candidate mouse-effect sign permutation	0.0	0.0	0.0		0.0	False	source-cell perturbation plus T-cell-specific perturbation and rescue	CD69/CD137, T-cell effector program and tumor-cell killing	non-targeting guide plus untreated/irrelevant control	receptor-deficient T cells or matched source-cell control	SUPPORTED	SUPPORTED	PARTIALLY_SUPPORTED	PARTIALLY_SUPPORTED	PARTIALLY_SUPPORTED	MISSING	MISSING	0.5	0.8	1.0	0.5329042551787796	0.07142857142857142	0.07142857142857142	0.011475683750208247	0.0	0.07142857142857142	0.0	0.0	0.07142857142857142	0.0	0.0	0.05714285714285715	0.03571428571428571	0.07142857142857142	0.07142857142857142	0.0	False	2	ASSOCIATION_ONLY	Test necessity and sufficiency; Phase 1.5 is associative.	
melanoma	Nid1	Itgb1	CD8	42	0.2394068616089633	0.7919055506009256	0.0444858601409934	0.9538661802119326	-0.5885260513734706	0.0247402608870927	-0.19079351	0.370122225554747	-0.5470314	7.73865543430223e-06	False	ADT-supported	0.0222429300704967	0.0	0.4354166080434756	1.0	0.1948683471333689	Tier 3 — exploratory	3.0	0.8084247739323761	1.0	0.1915752260676239	0.1942097229202199	melanoma → Nid1 → Itgb1 → CD8 activation-associated program	CORRELATIONAL	Perturb ligand in melanoma and independently KO/CRISPRi receptor in target T cells	Increase ligand exposure or expression, with receptor-deficient T cells as specificity control	0.80×animal-level interaction score + 0.20×(1−LIANA magnitude rank)	-0.8649518602245418	0.3371854677774424	9.0	6.0	0.0	0.8046695441735882	False	ordered cross-sectional support only	melanoma → Nid1 → Itgb1 → CD8	multicellular	source-cell ↔ T-cell program / feedback	melanoma	CD8	0.1942097229202199	0.0247402608870927	1.0	42.0	0.0	42	False	True	False	True	True	HIGH																			MEMBRANE_CONTACT	True		True	False	True	True	NOT_ASSESSED	0				No external perturbational dataset integrated	NOT_ASSESSED	MULTI|melanoma|Nid1	MULTI|melanoma|Nid1	multicellular_association	multicellular_association	1.0	0.16065957250291546	1.0	0.5	0.0	0.0	1.0	0.0	1.0	0.5	AXIS|Nid1|Itgb1	same annotated ligand/contact/sheddase and molecular target axis	identical molecular entities; source alone is not used for collapse	HIGH	positive	negative	False	UNRESOLVED																		0.0	0.0		0.0	False	source-cell perturbation plus T-cell-specific perturbation and rescue	CD69/CD137, T-cell effector program and tumor-cell killing	non-targeting guide plus untreated/irrelevant control	receptor-deficient T cells or matched source-cell control	SUPPORTED	SUPPORTED	PARTIALLY_SUPPORTED	PARTIALLY_SUPPORTED	PARTIALLY_SUPPORTED	MISSING	MISSING	0.5	0.8	1.0	0.5329042551787796	0.07142857142857142	0.07142857142857142	0.011475683750208247	0.0	0.07142857142857142	0.0	0.0	0.07142857142857142	0.0	0.0	0.05714285714285715	0.03571428571428571	0.07142857142857142	0.07142857142857142	0.0	False	2	ASSOCIATION_ONLY	Test necessity and sufficiency; Phase 1.5 is associative.	
T_cell	Tgfb3	Itgb3	CD8	47	0.0095329642953801	0.1736951628657577	-0.4867584165775513	0.0772933876079312	0.1473343365929675	0.8260881929912957	-0.5537106	0.0045006933207894	-0.78209853	0.0004179291465249	False	RNA-supported	0.0736671682964837	0.0	0.0406918884530996	1.0	0.1839218865943892	Tier 3 — exploratory	3.0			0.0	0.1471375092755113	T_cell → Tgfb3 → Itgb3 → CD8 activation-associated program	CORRELATIONAL	Perturb ligand in T_cell and independently KO/CRISPRi receptor in target T cells	Increase ligand exposure or expression, with receptor-deficient T cells as specificity control	0.80×animal-level interaction score + 0.20×(1−LIANA magnitude rank)	0.1128820931689364	0.91653265164315	9.0	6.0	0.0	0.8046695441735882	False	ordered cross-sectional support only	T_cell → Tgfb3 → Itgb3 → CD8	multicellular	source-cell ↔ T-cell program / feedback	T_cell	CD8	0.1471375092755113	0.0772933876079312	1.0	47.0	0.0	47	True	False	False	True	True	HIGH																			VALID_LR	True		True	False	True	True	NOT_ASSESSED	0				No external perturbational dataset integrated	NOT_ASSESSED	MULTI|T_cell|Tgfb3	MULTI|T_cell|Tgfb3	multicellular_association	multicellular_association	0.7736034004398118	0.11118576580638376	1.0	0.5	0.0	1.0	0.0	0.0	1.0	0.5	AXIS|Tgfb3|Itgb3	same annotated ligand/contact/sheddase and molecular target axis	identical molecular entities; source alone is not used for collapse	HIGH	negative	positive	False	UNRESOLVED																		0.0	0.0		0.0	False	source-cell perturbation plus T-cell-specific perturbation and rescue	CD69/CD137, T-cell effector program and tumor-cell killing	non-targeting guide plus untreated/irrelevant control	receptor-deficient T cells or matched source-cell control	SUPPORTED	SUPPORTED	PARTIALLY_SUPPORTED	SUPPORTED	PARTIALLY_SUPPORTED	MISSING	MISSING	0.5714285714285714	1.0	1.0	0.5325869812624833	0.07142857142857142	0.05525738574570084	0.007941840414741696	0.07142857142857142	0.0	0.0	0.0	0.07142857142857142	0.0	0.0	0.07142857142857142	0.04081632653061224	0.07142857142857142	0.07142857142857142	0.0	False	2	ASSOCIATION_ONLY	Test necessity and sufficiency; Phase 1.5 is associative.	
T_cell	Penk	Grm7	CD4	47	0.0304228708054917	0.0043513533446419	0.0317992599444958	0.9795733168697052	0.629740980573543	0.0036866912484448	0.0	1.0	0.0	1.0	False	ADT-supported	0.3307701202590194	0.0	0.0115056794946272	1.0	0.1680706779895822	Tier 3 — exploratory	3.0			0.0	0.1344565423916657	T_cell → Penk → Grm7 → CD4 activation-associated program	CORRELATIONAL	Perturb ligand in T_cell and independently KO/CRISPRi receptor in target T cells	Increase ligand exposure or expression, with receptor-deficient T cells as specificity control	0.80×animal-level interaction score + 0.20×(1−LIANA magnitude rank)	-0.2587303192910744	0.9502079231386918	9.0	4.0	0.0	0.8592006085325994	False	ordered cross-sectional support only	T_cell → Penk → Grm7 → CD4	multicellular	source-cell ↔ T-cell program / feedback	T_cell	CD4	0.1344565423916657	0.0036866912484448	1.0	47.0	0.0	47	False	True	False	True	True	HIGH																			VALID_LR	True		True	False	True	True	NOT_ASSESSED	0				No external perturbational dataset integrated	NOT_ASSESSED	MULTI|T_cell|Penk	MULTI|T_cell|Penk	multicellular_association	multicellular_association	0.7069308085867138	0.24333632319928436	1.0	0.5	0.0	0.0	1.0	0.0	1.0	0.5	AXIS|Penk|Grm7	same annotated ligand/contact/sheddase and molecular target axis	identical molecular entities; source alone is not used for collapse	HIGH	positive	positive	False	UNRESOLVED																		0.0	0.0		0.0	False	source-cell perturbation plus T-cell-specific perturbation and rescue	CD69/CD137, T-cell effector program and tumor-cell killing	non-targeting guide plus untreated/irrelevant control	receptor-deficient T cells or matched source-cell control	SUPPORTED	SUPPORTED	PARTIALLY_SUPPORTED	PARTIALLY_SUPPORTED	PARTIALLY_SUPPORTED	MISSING	MISSING	0.5	1.0	1.0	0.5321619379847141	0.07142857142857142	0.05049505775619384	0.017381165942806025	0.0	0.07142857142857142	0.0	0.0	0.07142857142857142	0.0	0.0	0.07142857142857142	0.03571428571428571	0.07142857142857142	0.07142857142857142	0.0	False	2	ASSOCIATION_ONLY	Test necessity and sufficiency; Phase 1.5 is associative.	
T_cell	Cd200	Cd200r1	CD4	47	0.0721347018167593	0.1721365882439708	0.0506475485661424	0.9657953045265132	0.5260175763182239	0.0345399214078238	0.7418599	0.0177037961403789	0.56252146	0.0343447436730957	True	ADT-supported	0.2883325624421832	0.2173968933333333	0.1114316896790724	1.0	0.3275519581239119	Tier 2 — single-modality source support	2.0			0.0	0.2620415664991295	T_cell → Cd200 → Cd200r1 → CD4 activation-associated program	CORRELATIONAL	Perturb ligand in T_cell and independently KO/CRISPRi receptor in target T cells	Increase ligand exposure or expression, with receptor-deficient T cells as specificity control	0.80×animal-level interaction score + 0.20×(1−LIANA magnitude rank)	-0.5024310216304841	0.7448947530985198	9.0	4.0	0.0	0.8592006085325994	False	ordered cross-sectional support only	T_cell → Cd200 → Cd200r1 → CD4	multicellular	source-cell ↔ T-cell program / feedback	T_cell	CD4	0.2620415664991295	0.0345399214078238		0.0	0.0	47	False	True	False	True	True	HIGH																			MEMBRANE_CONTACT	True		True	False	True	True	NOT_ASSESSED	0				No external perturbational dataset integrated	NOT_ASSESSED	MULTI|T_cell|Cd200	MULTI|T_cell|Cd200	multicellular_association	multicellular_association	1.0	0.14616786549615907	1.0	0.5	0.0	0.0	1.0	0.0	1.0	0.5	AXIS|Cd200|Cd200r1	same annotated ligand/contact/sheddase and molecular target axis	identical molecular entities; source alone is not used for collapse	HIGH	positive	positive	False	UNRESOLVED	47.0	0.0	0.0		-2.2606048348374885e-06	0.0001591594551129	0.000768981783587	negative	0.0	159.0	159.0	159.0	1.0	1.0	1.0	within-candidate mouse-effect sign permutation	0.0	0.0	0.0		0.0	False	source-cell perturbation plus T-cell-specific perturbation and rescue	CD69/CD137, T-cell effector program and tumor-cell killing	non-targeting guide plus untreated/irrelevant control	receptor-deficient T cells or matched source-cell control	SUPPORTED	SUPPORTED	PARTIALLY_SUPPORTED	PARTIALLY_SUPPORTED	PARTIALLY_SUPPORTED	MISSING	MISSING	0.5	0.8	1.0	0.5318691332497256	0.07142857142857142	0.07142857142857142	0.010440561821154219	0.0	0.07142857142857142	0.0	0.0	0.07142857142857142	0.0	0.0	0.05714285714285715	0.03571428571428571	0.07142857142857142	0.07142857142857142	0.0	False	2	ASSOCIATION_ONLY	Test necessity and sufficiency; Phase 1.5 is associative.	
T_cell	Cd200	Cd200r4	CD4	47	0.0721347018167593	0.0722029648204144	0.0506475485661424	0.9657953045265132	0.5260175763182239	0.0345399214078238	0.67156124	0.0090406550965098	0.046429873	1.0	True	ADT-supported	0.2883325624421832	0.1196651855	0.0721688252475164	1.0	0.2452664582792673	Tier 3 — exploratory	3.0			0.0	0.1962131666234138	T_cell → Cd200 → Cd200r4 → CD4 activation-associated program	CORRELATIONAL	Perturb ligand in T_cell and independently KO/CRISPRi receptor in target T cells	Increase ligand exposure or expression, with receptor-deficient T cells as specificity control	0.80×animal-level interaction score + 0.20×(1−LIANA magnitude rank)	-0.0838711905222164	0.9586446892706648	9.0	4.0	0.0	0.8592006085325994	False	ordered cross-sectional support only	T_cell → Cd200 → Cd200r4 → CD4	multicellular	source-cell ↔ T-cell program / feedback	T_cell	CD4	0.1962131666234138	0.0345399214078238	1.0	47.0	0.0	47	False	True	False	True	True	HIGH																			MEMBRANE_CONTACT	True		True	False	True	True	NOT_ASSESSED	0				No external perturbational dataset integrated	NOT_ASSESSED	MULTI|T_cell|Cd200	MULTI|T_cell|Cd200	multicellular_association	multicellular_association	1.0	0.14616786549615907	1.0	0.5	0.0	0.0	1.0	0.0	1.0	0.5	AXIS|Cd200|Cd200r4	same annotated ligand/contact/sheddase and molecular target axis	identical molecular entities; source alone is not used for collapse	HIGH	positive	positive	False	UNRESOLVED																		0.0	0.0		0.0	False	source-cell perturbation plus T-cell-specific perturbation and rescue	CD69/CD137, T-cell effector program and tumor-cell killing	non-targeting guide plus untreated/irrelevant control	receptor-deficient T cells or matched source-cell control	SUPPORTED	SUPPORTED	PARTIALLY_SUPPORTED	PARTIALLY_SUPPORTED	PARTIALLY_SUPPORTED	MISSING	MISSING	0.5	0.8	1.0	0.5318691332497256	0.07142857142857142	0.07142857142857142	0.010440561821154219	0.0	0.07142857142857142	0.0	0.0	0.07142857142857142	0.0	0.0	0.05714285714285715	0.03571428571428571	0.07142857142857142	0.07142857142857142	0.0	False	2	ASSOCIATION_ONLY	Test necessity and sufficiency; Phase 1.5 is associative.	
T_cell	Penk	Oprd1	CD4	47	0.0304228708054917	0.0005162622612287	0.0317992599444958	0.9795733168697052	0.629740980573543	0.0036866912484448	0.0	1.0	0.0	1.0	False	ADT-supported	0.3307701202590194	0.0	0.0039631023296291	1.0	0.1665621625565826	Tier 3 — exploratory	3.0			0.0	0.133249730045266	T_cell → Penk → Oprd1 → CD4 activation-associated program	CORRELATIONAL	Perturb ligand in T_cell and independently KO/CRISPRi receptor in target T cells	Increase ligand exposure or expression, with receptor-deficient T cells as specificity control	0.80×animal-level interaction score + 0.20×(1−LIANA magnitude rank)	0.371058746557227	0.7448947530985198	9.0	4.0	0.0	0.8592006085325994	False	ordered cross-sectional support only	T_cell → Penk → Oprd1 → CD4	multicellular	source-cell ↔ T-cell program / feedback	T_cell	CD4	0.133249730045266	0.0036866912484448	1.0	47.0	0.0	47	False	True	False	True	True	HIGH																			VALID_LR	True		True	False	True	True	NOT_ASSESSED	0				No external perturbational dataset integrated	NOT_ASSESSED	MULTI|T_cell|Penk	MULTI|T_cell|Penk	multicellular_association	multicellular_association	0.7005857634689564	0.24333632319928436	1.0	0.5	0.0	0.0	1.0	0.0	1.0	0.5	AXIS|Penk|Oprd1	same annotated ligand/contact/sheddase and molecular target axis	identical molecular entities; source alone is not used for collapse	HIGH	positive	positive	False	UNRESOLVED																		0.0	0.0		0.0	False	source-cell perturbation plus T-cell-specific perturbation and rescue	CD69/CD137, T-cell effector program and tumor-cell killing	non-targeting guide plus untreated/irrelevant control	receptor-deficient T cells or matched source-cell control	SUPPORTED	SUPPORTED	PARTIALLY_SUPPORTED	PARTIALLY_SUPPORTED	PARTIALLY_SUPPORTED	MISSING	MISSING	0.5	1.0	1.0	0.5317087204763029	0.07142857142857142	0.0500418402477826	0.017381165942806025	0.0	0.07142857142857142	0.0	0.0	0.07142857142857142	0.0	0.0	0.07142857142857142	0.03571428571428571	0.07142857142857142	0.07142857142857142	0.0	False	2	ASSOCIATION_ONLY	Test necessity and sufficiency; Phase 1.5 is associative.	
T_cell	Penk	Adra2a	CD4	47	0.0304228708054917	0.0003687587580205	0.0317992599444958	0.9795733168697052	0.629740980573543	0.0036866912484448	0.0	1.0	0.0	1.0	False	ADT-supported	0.3307701202590194	0.0	0.0033494327958105	1.0	0.1664394286498189	Tier 3 — exploratory	3.0			0.0	0.1331515429198551	T_cell → Penk → Adra2a → CD4 activation-associated program	CORRELATIONAL	Perturb ligand in T_cell and independently KO/CRISPRi receptor in target T cells	Increase ligand exposure or expression, with receptor-deficient T cells as specificity control	0.80×animal-level interaction score + 0.20×(1−LIANA magnitude rank)	0.0928182767000363	0.73683349850432	9.0	4.0	0.0	0.8592006085325994	False	ordered cross-sectional support only	T_cell → Penk → Adra2a → CD4	multicellular	source-cell ↔ T-cell program / feedback	T_cell	CD4	0.1331515429198551	0.0036866912484448	1.0	47.0	0.0	47	False	True	False	True	True	HIGH																			VALID_LR	True		True	False	True	True	NOT_ASSESSED	0				No external perturbational dataset integrated	NOT_ASSESSED	MULTI|T_cell|Penk	MULTI|T_cell|Penk	multicellular_association	multicellular_association	0.700069526008697	0.24333632319928436	1.0	0.5	0.0	0.0	1.0	0.0	1.0	0.5	AXIS|Penk|Adra2a	same annotated ligand/contact/sheddase and molecular target axis	identical molecular entities; source alone is not used for collapse	HIGH	positive	positive	False	UNRESOLVED																		0.0	0.0		0.0	False	source-cell perturbation plus T-cell-specific perturbation and rescue	CD69/CD137, T-cell effector program and tumor-cell killing	non-targeting guide plus untreated/irrelevant control	receptor-deficient T cells or matched source-cell control	SUPPORTED	SUPPORTED	PARTIALLY_SUPPORTED	PARTIALLY_SUPPORTED	PARTIALLY_SUPPORTED	MISSING	MISSING	0.5	1.0	1.0	0.5316718463719987	0.07142857142857142	0.05000496614347836	0.017381165942806025	0.0	0.07142857142857142	0.0	0.0	0.07142857142857142	0.0	0.0	0.07142857142857142	0.03571428571428571	0.07142857142857142	0.07142857142857142	0.0	False	2	ASSOCIATION_ONLY	Test necessity and sufficiency; Phase 1.5 is associative.	
T_cell	Penk	Oprk1	CD4	47	0.0304228708054917	7.375175160410059e-05	0.0317992599444958	0.9795733168697052	0.629740980573543	0.0036866912484448	0.0	1.0	0.0	1.0	False	ADT-supported	0.3307701202590194	0.0	0.0014979118834999	1.0	0.1660691244673567	Tier 3 — exploratory	3.0			0.0	0.1328552995738853	T_cell → Penk → Oprk1 → CD4 activation-associated program	CORRELATIONAL	Perturb ligand in T_cell and independently KO/CRISPRi receptor in target T cells	Increase ligand exposure or expression, with receptor-deficient T cells as specificity control	0.80×animal-level interaction score + 0.20×(1−LIANA magnitude rank)	-0.0619033173750885	0.7448947530985198	9.0	4.0	0.0	0.8592006085325994	False	ordered cross-sectional support only	T_cell → Penk → Oprk1 → CD4	multicellular	source-cell ↔ T-cell program / feedback	T_cell	CD4	0.1328552995738853	0.0036866912484448	1.0	47.0	0.0	47	False	True	False	True	True	HIGH																			VALID_LR	True		True	False	True	True	NOT_ASSESSED	0				No external perturbational dataset integrated	NOT_ASSESSED	MULTI|T_cell|Penk	MULTI|T_cell|Penk	multicellular_association	multicellular_association	0.6985119703525742	0.24333632319928436	1.0	0.5	0.0	0.0	1.0	0.0	1.0	0.5	AXIS|Penk|Oprk1	same annotated ligand/contact/sheddase and molecular target axis	identical molecular entities; source alone is not used for collapse	HIGH	positive	positive	False	UNRESOLVED																		0.0	0.0		0.0	False	source-cell perturbation plus T-cell-specific perturbation and rescue	CD69/CD137, T-cell effector program and tumor-cell killing	non-targeting guide plus untreated/irrelevant control	receptor-deficient T cells or matched source-cell control	SUPPORTED	SUPPORTED	PARTIALLY_SUPPORTED	PARTIALLY_SUPPORTED	PARTIALLY_SUPPORTED	MISSING	MISSING	0.5	1.0	1.0	0.5315605923965613	0.07142857142857142	0.04989371216804101	0.017381165942806025	0.0	0.07142857142857142	0.0	0.0	0.07142857142857142	0.0	0.0	0.07142857142857142	0.03571428571428571	0.07142857142857142	0.07142857142857142	0.0	False	2	ASSOCIATION_ONLY	Test necessity and sufficiency; Phase 1.5 is associative.	
T_cell	Penk	Oprl1	CD4	47	0.0304228708054917	7.375175160410059e-05	0.0317992599444958	0.9795733168697052	0.629740980573543	0.0036866912484448	0.0	1.0	0.0	1.0	False	ADT-supported	0.3307701202590194	0.0	0.0014979118834999	1.0	0.1660691244673567	Tier 3 — exploratory	3.0			0.0	0.1328552995738853	T_cell → Penk → Oprl1 → CD4 activation-associated program	CORRELATIONAL	Perturb ligand in T_cell and independently KO/CRISPRi receptor in target T cells	Increase ligand exposure or expression, with receptor-deficient T cells as specificity control	0.80×animal-level interaction score + 0.20×(1−LIANA magnitude rank)	0.0799031237674035	0.73683349850432	9.0	4.0	0.0	0.8592006085325994	False	ordered cross-sectional support only	T_cell → Penk → Oprl1 → CD4	multicellular	source-cell ↔ T-cell program / feedback	T_cell	CD4	0.1328552995738853	0.0036866912484448	1.0	47.0	0.0	47	False	True	False	True	True	HIGH																			VALID_LR	True		True	False	True	True	NOT_ASSESSED	0				No external perturbational dataset integrated	NOT_ASSESSED	MULTI|T_cell|Penk	MULTI|T_cell|Penk	multicellular_association	multicellular_association	0.6985119703525742	0.24333632319928436	1.0	0.5	0.0	0.0	1.0	0.0	1.0	0.5	AXIS|Penk|Oprl1	same annotated ligand/contact/sheddase and molecular target axis	identical molecular entities; source alone is not used for collapse	HIGH	positive	positive	False	UNRESOLVED																		0.0	0.0		0.0	False	source-cell perturbation plus T-cell-specific perturbation and rescue	CD69/CD137, T-cell effector program and tumor-cell killing	non-targeting guide plus untreated/irrelevant control	receptor-deficient T cells or matched source-cell control	SUPPORTED	SUPPORTED	PARTIALLY_SUPPORTED	PARTIALLY_SUPPORTED	PARTIALLY_SUPPORTED	MISSING	MISSING	0.5	1.0	1.0	0.5315605923965613	0.07142857142857142	0.04989371216804101	0.017381165942806025	0.0	0.07142857142857142	0.0	0.0	0.07142857142857142	0.0	0.0	0.07142857142857142	0.03571428571428571	0.07142857142857142	0.07142857142857142	0.0	False	2	ASSOCIATION_ONLY	Test necessity and sufficiency; Phase 1.5 is associative.	
T_cell	Penk	Mtnr1a	CD4	47	0.0304228708054917	7.375175160410059e-05	0.0317992599444958	0.9795733168697052	0.629740980573543	0.0036866912484448	0.0	1.0	0.0	1.0	False	ADT-supported	0.3307701202590194	0.0	0.0014979118834999	1.0	0.1660691244673567	Tier 3 — exploratory	3.0			0.0	0.1328552995738853	T_cell → Penk → Mtnr1a → CD4 activation-associated program	CORRELATIONAL	Perturb ligand in T_cell and independently KO/CRISPRi receptor in target T cells	Increase ligand exposure or expression, with receptor-deficient T cells as specificity control	0.80×animal-level interaction score + 0.20×(1−LIANA magnitude rank)	0.0		9.0	4.0	0.0	0.8592006085325994	False	ordered cross-sectional support only	T_cell → Penk → Mtnr1a → CD4	multicellular	source-cell ↔ T-cell program / feedback	T_cell	CD4	0.1328552995738853	0.0036866912484448	1.0	47.0	0.0	47	False	True	False	True	True	HIGH																			VALID_LR	True		True	False	True	True	NOT_ASSESSED	0				No external perturbational dataset integrated	NOT_ASSESSED	MULTI|T_cell|Penk	MULTI|T_cell|Penk	multicellular_association	multicellular_association	0.6985119703525742	0.24333632319928436	1.0	0.5	0.0	0.0	1.0	0.0	1.0	0.5	AXIS|Penk|Mtnr1a	same annotated ligand/contact/sheddase and molecular target axis	identical molecular entities; source alone is not used for collapse	HIGH	positive	positive	False	UNRESOLVED																		0.0	0.0		0.0	False	source-cell perturbation plus T-cell-specific perturbation and rescue	CD69/CD137, T-cell effector program and tumor-cell killing	non-targeting guide plus untreated/irrelevant control	receptor-deficient T cells or matched source-cell control	SUPPORTED	SUPPORTED	PARTIALLY_SUPPORTED	PARTIALLY_SUPPORTED	PARTIALLY_SUPPORTED	MISSING	MISSING	0.5	1.0	1.0	0.5315605923965613	0.07142857142857142	0.04989371216804101	0.017381165942806025	0.0	0.07142857142857142	0.0	0.0	0.07142857142857142	0.0	0.0	0.07142857142857142	0.03571428571428571	0.07142857142857142	0.07142857142857142	0.0	False	2	ASSOCIATION_ONLY	Test necessity and sufficiency; Phase 1.5 is associative.	
T_cell	Penk	Mrgprb2	CD4	47	0.0304228708054917	0.0	0.0317992599444958	0.9795733168697052	0.629740980573543	0.0036866912484448	0.0	1.0	0.0	1.0	False	ADT-supported	0.3307701202590194	0.0	0.0	1.0	0.1657695420906568	Tier 3 — exploratory	3.0			0.0	0.1326156336725254	T_cell → Penk → Mrgprb2 → CD4 activation-associated program	CORRELATIONAL	Perturb ligand in T_cell and independently KO/CRISPRi receptor in target T cells	Increase ligand exposure or expression, with receptor-deficient T cells as specificity control	0.80×animal-level interaction score + 0.20×(1−LIANA magnitude rank)	0.0		9.0	4.0	0.0	0.8592006085325994	False	ordered cross-sectional support only	T_cell → Penk → Mrgprb2 → CD4	multicellular	source-cell ↔ T-cell program / feedback	T_cell	CD4	0.1326156336725254	0.0036866912484448	1.0	47.0	0.0	47	False	True	False	True	True	HIGH																			VALID_LR	True		True	False	True	True	NOT_ASSESSED	0				No external perturbational dataset integrated	NOT_ASSESSED	MULTI|T_cell|Penk	MULTI|T_cell|Penk	multicellular_association	multicellular_association	0.6972518813570868	0.24333632319928436	1.0	0.5	0.0	0.0	1.0	0.0	1.0	0.5	AXIS|Penk|Mrgprb2	same annotated ligand/contact/sheddase and molecular target axis	identical molecular entities; source alone is not used for collapse	HIGH	positive	positive	False	UNRESOLVED																		0.0	0.0		0.0	False	source-cell perturbation plus T-cell-specific perturbation and rescue	CD69/CD137, T-cell effector program and tumor-cell killing	non-targeting guide plus untreated/irrelevant control	receptor-deficient T cells or matched source-cell control	SUPPORTED	SUPPORTED	PARTIALLY_SUPPORTED	PARTIALLY_SUPPORTED	PARTIALLY_SUPPORTED	MISSING	MISSING	0.5	1.0	1.0	0.5314705860397408	0.07142857142857142	0.04980370581122049	0.017381165942806025	0.0	0.07142857142857142	0.0	0.0	0.07142857142857142	0.0	0.0	0.07142857142857142	0.03571428571428571	0.07142857142857142	0.07142857142857142	0.0	False	2	ASSOCIATION_ONLY	Test necessity and sufficiency; Phase 1.5 is associative.	
NK	Spp1	Ccr8	CD8	43	0.3081169291343778	0.0276043657366118	-0.5119299305345817	0.0722159632103581	0.0780730897009966	0.9331629230528572	0.9948776	0.0160073809500118	0.12653667	0.8030557082693508	False	RNA-supported	0.0390365448504983	0.1869023783333333	0.092224575908307	1.0	0.1788333004626691	Tier 3 — exploratory	3.0			0.0	0.1430666403701352	NK → Spp1 → Ccr8 → CD8 activation-associated program	CORRELATIONAL	Perturb ligand in NK and independently KO/CRISPRi receptor in target T cells	Increase ligand exposure or expression, with receptor-deficient T cells as specificity control	0.80×animal-level interaction score + 0.20×(1−LIANA magnitude rank)	0.1753708447849152	0.9075774136394448	9.0	6.0	0.0	0.8046695441735882	False	ordered cross-sectional support only	NK → Spp1 → Ccr8 → CD8	multicellular	source-cell ↔ T-cell program / feedback	NK	CD8	0.1430666403701352	0.0722159632103581	1.0	43.0	0.0	43	True	False	False	True	True	HIGH																			VALID_LR	True		True	False	True	True	NOT_ASSESSED	0				No external perturbational dataset integrated	NOT_ASSESSED	MULTI|NK|Spp1	MULTI|NK|Spp1	multicellular_association	multicellular_association	0.7522000340008246	0.11413667917948866	1.0	0.5	0.0	1.0	0.0	0.0	1.0	0.5	AXIS|Spp1|Ccr8	same annotated ligand/contact/sheddase and molecular target axis	identical molecular entities; source alone is not used for collapse	HIGH	negative	positive	False	UNRESOLVED																		0.0	0.0		0.0	False	source-cell perturbation plus T-cell-specific perturbation and rescue	CD69/CD137, T-cell effector program and tumor-cell killing	non-targeting guide plus untreated/irrelevant control	receptor-deficient T cells or matched source-cell control	SUPPORTED	SUPPORTED	PARTIALLY_SUPPORTED	SUPPORTED	PARTIALLY_SUPPORTED	MISSING	MISSING	0.5714285714285714	1.0	1.0	0.5312689489006346	0.07142857142857142	0.053728573857201756	0.008152619941392047	0.07142857142857142	0.0	0.0	0.0	0.07142857142857142	0.0	0.0	0.07142857142857142	0.04081632653061224	0.07142857142857142	0.07142857142857142	0.0	False	2	ASSOCIATION_ONLY	Test necessity and sufficiency; Phase 1.5 is associative.	
T_cell	Timp2	Itga3	CD4	47	0.095196298737531	0.0615089608378199	0.3728029602220166	0.4349679379109198	0.5105226641998151	0.0444451563949451	0.8977821	0.0257278570387628	1.0267496	6.386277766181647e-05	True	ADT-supported	0.4416628122109158	0.3207552833333333	0.0765207515054067	1.0	0.4000749554082352	Tier 2 — single-modality source support	2.0			0.0	0.3200599643265882	T_cell → Timp2 → Itga3 → CD4 activation-associated program	CORRELATIONAL	Perturb ligand in T_cell and independently KO/CRISPRi receptor in target T cells	Increase ligand exposure or expression, with receptor-deficient T cells as specificity control	0.80×animal-level interaction score + 0.20×(1−LIANA magnitude rank)	-0.2579140416009531	0.9896152585669143	9.0	4.0	0.0	0.8592006085325994	False	ordered cross-sectional support only	T_cell → Timp2 → Itga3 → CD4	multicellular	source-cell ↔ T-cell program / feedback	T_cell	CD4	0.3200599643265882	0.0444451563949451		0.0	0.0	47	False	True	False	True	True	HIGH																			MEMBRANE_CONTACT	True		True	False	True	True	NOT_ASSESSED	0				No external perturbational dataset integrated	NOT_ASSESSED	MULTI|T_cell|Timp2	MULTI|T_cell|Timp2	multicellular_association	multicellular_association	1.0	0.1352175561253172	1.0	0.5	0.0	0.0	1.0	0.0	1.0	0.5	AXIS|Timp2|Itga3	same annotated ligand/contact/sheddase and molecular target axis	identical molecular entities; source alone is not used for collapse	HIGH	positive	positive	False	UNRESOLVED	47.0	0.0	0.0		0.0002063089016065	0.0006727213670561	0.0012041715081559	positive	0.0	165.0	165.0	165.0	1.0	1.0	1.0	within-candidate mouse-effect sign permutation	0.0	0.0	0.0		0.0	False	source-cell perturbation plus T-cell-specific perturbation and rescue	CD69/CD137, T-cell effector program and tumor-cell killing	non-targeting guide plus untreated/irrelevant control	receptor-deficient T cells or matched source-cell control	SUPPORTED	SUPPORTED	PARTIALLY_SUPPORTED	PARTIALLY_SUPPORTED	PARTIALLY_SUPPORTED	MISSING	MISSING	0.5	0.8	1.0	0.5310869682946655	0.07142857142857142	0.07142857142857142	0.009658396866094085	0.0	0.07142857142857142	0.0	0.0	0.07142857142857142	0.0	0.0	0.05714285714285715	0.03571428571428571	0.07142857142857142	0.07142857142857142	0.0	False	2	ASSOCIATION_ONLY	Test necessity and sufficiency; Phase 1.5 is associative.	
T_cell	Timp2	Itgb1	CD4	47	0.095196298737531	0.6470241168227746	0.3728029602220166	0.4349679379109198	0.5105226641998151	0.0444451563949451	-0.27310753	0.0222896046084842	-1.6698895	5.056158660183512e-07	False	ADT-supported	0.4416628122109158	0.0	0.2481819919241684	1.0	0.3542183826586542	Tier 3 — exploratory	3.0			0.0	0.2833747061269233	T_cell → Timp2 → Itgb1 → CD4 activation-associated program	CORRELATIONAL	Perturb ligand in T_cell and independently KO/CRISPRi receptor in target T cells	Increase ligand exposure or expression, with receptor-deficient T cells as specificity control	0.80×animal-level interaction score + 0.20×(1−LIANA magnitude rank)	-0.006762260189487	0.9737357980556924	9.0	4.0	0.0	0.8592006085325994	False	ordered cross-sectional support only	T_cell → Timp2 → Itgb1 → CD4	multicellular	source-cell ↔ T-cell program / feedback	T_cell	CD4	0.2833747061269233	0.0444451563949451		0.0	0.0	47	False	True	False	True	True	HIGH																			MEMBRANE_CONTACT	True		True	False	True	True	NOT_ASSESSED	0				No external perturbational dataset integrated	NOT_ASSESSED	MULTI|T_cell|Timp2	MULTI|T_cell|Timp2	multicellular_association	multicellular_association	1.0	0.1352175561253172	1.0	0.5	0.0	0.0	1.0	0.0	1.0	0.5	AXIS|Timp2|Itgb1	same annotated ligand/contact/sheddase and molecular target axis	identical molecular entities; source alone is not used for collapse	HIGH	positive	positive	False	UNRESOLVED	47.0	0.0	0.0		0.0002063089016065	0.0006727213670561	0.0012041715081559	positive	0.0	165.0	165.0	165.0	1.0	1.0	1.0	within-candidate mouse-effect sign permutation	0.0	0.0	0.0		0.0	False	source-cell perturbation plus T-cell-specific perturbation and rescue	CD69/CD137, T-cell effector program and tumor-cell killing	non-targeting guide plus untreated/irrelevant control	receptor-deficient T cells or matched source-cell control	SUPPORTED	SUPPORTED	PARTIALLY_SUPPORTED	PARTIALLY_SUPPORTED	PARTIALLY_SUPPORTED	MISSING	MISSING	0.5	0.8	1.0	0.5310869682946655	0.07142857142857142	0.07142857142857142	0.009658396866094085	0.0	0.07142857142857142	0.0	0.0	0.07142857142857142	0.0	0.0	0.05714285714285715	0.03571428571428571	0.07142857142857142	0.07142857142857142	0.0	False	2	ASSOCIATION_ONLY	Test necessity and sufficiency; Phase 1.5 is associative.	
T_cell	Timp2	Cd44	CD4	47	0.095196298737531	0.7128106792536324	0.3728029602220166	0.4349679379109198	0.5105226641998151	0.0444451563949451	0.9703646	1.9767398454773044e-06	-0.07839012	0.3301218053312729	False	ADT-supported	0.4416628122109158	0.1617274333333333	0.2604936436182871	1.0	0.3471125713308113	Tier 3 — exploratory	3.0			0.0	0.277690057064649	T_cell → Timp2 → Cd44 → CD4 activation-associated program	CORRELATIONAL	Perturb ligand in T_cell and independently KO/CRISPRi receptor in target T cells	Increase ligand exposure or expression, with receptor-deficient T cells as specificity control	0.80×animal-level interaction score + 0.20×(1−LIANA magnitude rank)	0.1045084727826486	0.9444426043704072	9.0	4.0	0.0	0.8592006085325994	False	ordered cross-sectional support only	T_cell → Timp2 → Cd44 → CD4	multicellular	source-cell ↔ T-cell program / feedback	T_cell	CD4	0.277690057064649	0.0444451563949451		0.0	0.0	47	False	True	False	True	True	HIGH																			MEMBRANE_CONTACT	True		True	False	True	True	NOT_ASSESSED	0				No external perturbational dataset integrated	NOT_ASSESSED	MULTI|T_cell|Timp2	MULTI|T_cell|Timp2	multicellular_association	multicellular_association	1.0	0.1352175561253172	1.0	0.5	0.0	0.0	1.0	0.0	1.0	0.5	AXIS|Timp2|Cd44	same annotated ligand/contact/sheddase and molecular target axis	identical molecular entities; source alone is not used for collapse	HIGH	positive	positive	False	UNRESOLVED	47.0	0.0	0.0		0.0002063089016065	0.0006727213670561	0.0012041715081559	positive	0.0	165.0	165.0	165.0	1.0	1.0	1.0	within-candidate mouse-effect sign permutation	0.0	0.0	0.0		0.0	False	source-cell perturbation plus T-cell-specific perturbation and rescue	CD69/CD137, T-cell effector program and tumor-cell killing	non-targeting guide plus untreated/irrelevant control	receptor-deficient T cells or matched source-cell control	SUPPORTED	SUPPORTED	PARTIALLY_SUPPORTED	PARTIALLY_SUPPORTED	PARTIALLY_SUPPORTED	MISSING	MISSING	0.5	0.8	1.0	0.5310869682946655	0.07142857142857142	0.07142857142857142	0.009658396866094085	0.0	0.07142857142857142	0.0	0.0	0.07142857142857142	0.0	0.0	0.05714285714285715	0.03571428571428571	0.07142857142857142	0.07142857142857142	0.0	False	2	ASSOCIATION_ONLY	Test necessity and sufficiency; Phase 1.5 is associative.	
melanoma	Vegfb	Nrp1	CD8	42	0.5386403368053387	0.3132033804730963	0.0386516489749615	0.959850151510074	-0.5178672716959728	0.0693293124219332	0.11500859	1.0	-0.32207346	0.1716058957654949	False	ADT-supported	0.0193258244874807	0.0191680983333333	0.4107358936672071	1.0	0.143703241887393	Tier 3 — exploratory	3.0	0.8227023430249243	0.1388076169085582	0.1772976569750757	0.1504221249049295	melanoma → Vegfb → Nrp1 → CD8 activation-associated program	CORRELATIONAL	Perturb ligand in melanoma and independently KO/CRISPRi receptor in target T cells	Increase ligand exposure or expression, with receptor-deficient T cells as specificity control	0.80×animal-level interaction score + 0.20×(1−LIANA magnitude rank)	-1.3089788211921234	0.2650346425348326	9.0	6.0	0.0	0.8046695441735882	False	ordered cross-sectional support only	melanoma → Vegfb → Nrp1 → CD8	multicellular	source-cell ↔ T-cell program / feedback	melanoma	CD8	0.1504221249049295	0.0693293124219332	1.0	42.0	0.0	42	False	True	False	True	True	HIGH																			VALID_LR	True		True	False	True	True	NOT_ASSESSED	0				No external perturbational dataset integrated	NOT_ASSESSED	MULTI|melanoma|Vegfb	MULTI|melanoma|Vegfb	multicellular_association	multicellular_association	0.790872890949521	0.1159083106924278	1.0	0.5	0.0	0.0	1.0	0.0	1.0	0.5	AXIS|Vegfb|Nrp1	same annotated ligand/contact/sheddase and molecular target axis	identical molecular entities; source alone is not used for collapse	HIGH	positive	negative	False	UNRESOLVED																		0.0	0.0		0.0	False	source-cell perturbation plus T-cell-specific perturbation and rescue	CD69/CD137, T-cell effector program and tumor-cell killing	non-targeting guide plus untreated/irrelevant control	receptor-deficient T cells or matched source-cell control	SUPPORTED	SUPPORTED	PARTIALLY_SUPPORTED	PARTIALLY_SUPPORTED	PARTIALLY_SUPPORTED	MISSING	MISSING	0.5	1.0	1.0	0.529055800117282	0.07142857142857142	0.05649092078210864	0.008279165049459128	0.0	0.07142857142857142	0.0	0.0	0.07142857142857142	0.0	0.0	0.07142857142857142	0.03571428571428571	0.07142857142857142	0.07142857142857142	0.0	False	2	ASSOCIATION_ONLY	Test necessity and sufficiency; Phase 1.5 is associative.	
melanoma	Mfge8	Itgav	CD8	42	0.4554723958137381	0.4708880112116191	0.1003970504821327	0.8945397550961225	-0.4948545498744024	0.0896593769716194	0.72924757	0.0002047553241208	0.9842701	0.0001382533409225	False	ADT-supported	0.0501985252410663	0.2855862783333333	0.4631160660423287	1.0	0.3315892666261723	Tier 3 — exploratory	3.0	0.3788258316356175	0.6105637572092216	0.6211741683643826	0.3895062469738143	melanoma → Mfge8 → Itgav → CD8 activation-associated program	CORRELATIONAL	Perturb ligand in melanoma and independently KO/CRISPRi receptor in target T cells	Increase ligand exposure or expression, with receptor-deficient T cells as specificity control	0.80×animal-level interaction score + 0.20×(1−LIANA magnitude rank)	1.4925698429797505	0.4414396211644968	9.0	6.0	0.0	0.8046695441735882	False	ordered cross-sectional support only	melanoma → Mfge8 → Itgav → CD8	multicellular	source-cell ↔ T-cell program / feedback	melanoma	CD8	0.3895062469738143	0.0896593769716194		0.0	0.0	42	False	True	False	True	True	HIGH																			MEMBRANE_CONTACT	True		True	False	True	True	NOT_ASSESSED	0				No external perturbational dataset integrated	NOT_ASSESSED	MULTI|melanoma|Mfge8	MULTI|melanoma|Mfge8	multicellular_association	multicellular_association	1.0	0.10474042833012313	1.0	0.5	0.0	0.0	1.0	0.0	1.0	0.5	AXIS|Mfge8|Itgav	same annotated ligand/contact/sheddase and molecular target axis	identical molecular entities; source alone is not used for collapse	HIGH	positive	negative	False	UNRESOLVED	42.0	0.0	0.0		2.481033466963824e-05	0.0002137962516741	0.0011579355143598	positive	0.0	175.0	175.0	175.0	1.0	1.0	1.0	within-candidate mouse-effect sign permutation	0.0	0.0	0.0		0.0	False	source-cell perturbation plus T-cell-specific perturbation and rescue	CD69/CD137, T-cell effector program and tumor-cell killing	non-targeting guide plus untreated/irrelevant control	receptor-deficient T cells or matched source-cell control	SUPPORTED	SUPPORTED	PARTIALLY_SUPPORTED	PARTIALLY_SUPPORTED	PARTIALLY_SUPPORTED	MISSING	MISSING	0.5	0.8	1.0	0.5289100305950087	0.07142857142857142	0.07142857142857142	0.007481459166437367	0.0	0.07142857142857142	0.0	0.0	0.07142857142857142	0.0	0.0	0.05714285714285715	0.03571428571428571	0.07142857142857142	0.07142857142857142	0.0	False	2	ASSOCIATION_ONLY	Test necessity and sufficiency; Phase 1.5 is associative.	
melanoma	Col4a4	Cd47	CD8	42	0.314822508693749	0.851403575827069	0.1666801717851065	0.8086108380326599	-0.4950166112956811	0.0896593769716194	-0.07147312	0.7877735147850451	-0.17393064	0.004018962662686	False	ADT-supported	0.0833400858925532	0.0	0.5177267712343129	1.0	0.2327143843092562	Tier 3 — exploratory	3.0	0.5402242621627208	0.2102133477194886	0.4597757378372792	0.2781266550148608	melanoma → Col4a4 → Cd47 → CD8 activation-associated program	CORRELATIONAL	Perturb ligand in melanoma and independently KO/CRISPRi receptor in target T cells	Increase ligand exposure or expression, with receptor-deficient T cells as specificity control	0.80×animal-level interaction score + 0.20×(1−LIANA magnitude rank)	-0.2690469395855643	0.4886295286297775	9.0	6.0	0.0	0.8046695441735882	False	ordered cross-sectional support only	melanoma → Col4a4 → Cd47 → CD8	multicellular	source-cell ↔ T-cell program / feedback	melanoma	CD8	0.2781266550148608	0.0896593769716194		0.0	0.0	42	False	True	False	True	True	HIGH																			MEMBRANE_CONTACT	True		True	False	True	True	NOT_ASSESSED	0				No external perturbational dataset integrated	NOT_ASSESSED	MULTI|melanoma|Col4a4	MULTI|melanoma|Col4a4	multicellular_association	multicellular_association	1.0	0.10474042833012313	1.0	0.5	0.0	0.0	1.0	0.0	1.0	0.5	AXIS|Col4a4|Cd47	same annotated ligand/contact/sheddase and molecular target axis	identical molecular entities; source alone is not used for collapse	HIGH	positive	negative	False	UNRESOLVED	42.0	0.0	0.0		-2.4548307397904267e-05	0.0005058721706588	0.0007559125022706	negative	0.0	175.0	175.0	175.0	1.0	1.0	1.0	within-candidate mouse-effect sign permutation	0.0	0.0	0.0		0.0	False	source-cell perturbation plus T-cell-specific perturbation and rescue	CD69/CD137, T-cell effector program and tumor-cell killing	non-targeting guide plus untreated/irrelevant control	receptor-deficient T cells or matched source-cell control	SUPPORTED	SUPPORTED	PARTIALLY_SUPPORTED	PARTIALLY_SUPPORTED	PARTIALLY_SUPPORTED	MISSING	MISSING	0.5	0.8	1.0	0.5289100305950087	0.07142857142857142	0.07142857142857142	0.007481459166437367	0.0	0.07142857142857142	0.0	0.0	0.07142857142857142	0.0	0.0	0.05714285714285715	0.03571428571428571	0.07142857142857142	0.07142857142857142	0.0	False	2	ASSOCIATION_ONLY	Test necessity and sufficiency; Phase 1.5 is associative.	
melanoma	Col4a4	Cd44	CD8	42	0.314822508693749	0.6943984371682166	0.1666801717851065	0.8086108380326599	-0.4950166112956811	0.0896593769716194	0.72633934	2.259520716935255e-05	-0.06925821	0.6463675366823181	False	ADT-supported	0.0833400858925532	0.1210565566666666	0.4675598977909853	1.0	0.2529451487872574	Tier 3 — exploratory	3.0	0.7274303090994386	1.0	0.2725696909005614	0.2568700572099182	melanoma → Col4a4 → Cd44 → CD8 activation-associated program	CORRELATIONAL	Perturb ligand in melanoma and independently KO/CRISPRi receptor in target T cells	Increase ligand exposure or expression, with receptor-deficient T cells as specificity control	0.80×animal-level interaction score + 0.20×(1−LIANA magnitude rank)	0.0942330451866064	0.9355611534046334	9.0	6.0	0.0	0.8046695441735882	False	ordered cross-sectional support only	melanoma → Col4a4 → Cd44 → CD8	multicellular	source-cell ↔ T-cell program / feedback	melanoma	CD8	0.2568700572099182	0.0896593769716194		0.0	0.0	42	False	True	False	True	True	HIGH																			MEMBRANE_CONTACT	True		True	False	True	True	NOT_ASSESSED	0				No external perturbational dataset integrated	NOT_ASSESSED	MULTI|melanoma|Col4a4	MULTI|melanoma|Col4a4	multicellular_association	multicellular_association	1.0	0.10474042833012313	1.0	0.5	0.0	0.0	1.0	0.0	1.0	0.5	AXIS|Col4a4|Cd44	same annotated ligand/contact/sheddase and molecular target axis	identical molecular entities; source alone is not used for collapse	HIGH	positive	negative	False	UNRESOLVED	42.0	0.0	0.0		-2.4548307397904267e-05	0.0005058721706588	0.0007559125022706	negative	0.0	175.0	175.0	175.0	1.0	1.0	1.0	within-candidate mouse-effect sign permutation	0.0	0.0	0.0		0.0	False	source-cell perturbation plus T-cell-specific perturbation and rescue	CD69/CD137, T-cell effector program and tumor-cell killing	non-targeting guide plus untreated/irrelevant control	receptor-deficient T cells or matched source-cell control	SUPPORTED	SUPPORTED	PARTIALLY_SUPPORTED	PARTIALLY_SUPPORTED	PARTIALLY_SUPPORTED	MISSING	MISSING	0.5	0.8	1.0	0.5289100305950087	0.07142857142857142	0.07142857142857142	0.007481459166437367	0.0	0.07142857142857142	0.0	0.0	0.07142857142857142	0.0	0.0	0.05714285714285715	0.03571428571428571	0.07142857142857142	0.07142857142857142	0.0	False	2	ASSOCIATION_ONLY	Test necessity and sufficiency; Phase 1.5 is associative.	
melanoma	Col4a4	Itgb3	CD8	42	0.314822508693749	0.1736951628657577	0.1666801717851065	0.8086108380326599	-0.4950166112956811	0.0896593769716194	-0.5537106	0.0045006933207894	-0.78209853	0.0004179291465249	False	ADT-supported	0.0833400858925532	0.0	0.2338442792145388	1.0	0.2259378859053014	Tier 3 — exploratory	3.0	0.9191252854027993	0.2688472082039523	0.0808747145972007	0.1969252516436813	melanoma → Col4a4 → Itgb3 → CD8 activation-associated program	CORRELATIONAL	Perturb ligand in melanoma and independently KO/CRISPRi receptor in target T cells	Increase ligand exposure or expression, with receptor-deficient T cells as specificity control	0.80×animal-level interaction score + 0.20×(1−LIANA magnitude rank)	0.1128820931689364	0.91653265164315	9.0	6.0	0.0	0.8046695441735882	False	ordered cross-sectional support only	melanoma → Col4a4 → Itgb3 → CD8	multicellular	source-cell ↔ T-cell program / feedback	melanoma	CD8	0.1969252516436813	0.0896593769716194		0.0	0.0	42	False	True	False	True	True	HIGH																			MEMBRANE_CONTACT	True		True	False	True	True	NOT_ASSESSED	0				No external perturbational dataset integrated	NOT_ASSESSED	MULTI|melanoma|Col4a4	MULTI|melanoma|Col4a4	multicellular_association	multicellular_association	1.0	0.10474042833012313	1.0	0.5	0.0	0.0	1.0	0.0	1.0	0.5	AXIS|Col4a4|Itgb3	same annotated ligand/contact/sheddase and molecular target axis	identical molecular entities; source alone is not used for collapse	HIGH	positive	negative	False	UNRESOLVED	42.0	0.0	0.0		-2.4548307397904267e-05	0.0005058721706588	0.0007559125022706	negative	0.0	175.0	175.0	175.0	1.0	1.0	1.0	within-candidate mouse-effect sign permutation	0.0	0.0	0.0		0.0	False	source-cell perturbation plus T-cell-specific perturbation and rescue	CD69/CD137, T-cell effector program and tumor-cell killing	non-targeting guide plus untreated/irrelevant control	receptor-deficient T cells or matched source-cell control	SUPPORTED	SUPPORTED	PARTIALLY_SUPPORTED	PARTIALLY_SUPPORTED	PARTIALLY_SUPPORTED	MISSING	MISSING	0.5	0.8	1.0	0.5289100305950087	0.07142857142857142	0.07142857142857142	0.007481459166437367	0.0	0.07142857142857142	0.0	0.0	0.07142857142857142	0.0	0.0	0.05714285714285715	0.03571428571428571	0.07142857142857142	0.07142857142857142	0.0	False	2	ASSOCIATION_ONLY	Test necessity and sufficiency; Phase 1.5 is associative.	
monocyte_macrophage	Plau	Plaur	CD8	45	0.32788192129037	0.036055548477513	0.2006587615283267	0.7341062193699072	-0.5080368906455862	0.0626629486690889	0.68660945	0.0147787354971572	-0.08961266	1.0	False	ADT-supported	0.1003293807641633	0.1144349083333333	0.1087288485544892	1.0	0.1854697800616883	Tier 3 — exploratory	3.0			0.0	0.1483758240493506	monocyte_macrophage → Plau → Plaur → CD8 activation-associated program	CORRELATIONAL	Perturb ligand in monocyte_macrophage and independently KO/CRISPRi receptor in target T cells	Increase ligand exposure or expression, with receptor-deficient T cells as specificity control	0.80×animal-level interaction score + 0.20×(1−LIANA magnitude rank)	0.948036997651869	0.653106305429168	9.0	6.0	0.0	0.8046695441735882	False	ordered cross-sectional support only	monocyte_macrophage → Plau → Plaur → CD8	multicellular	source-cell ↔ T-cell program / feedback	monocyte_macrophage	CD8	0.1483758240493506	0.0626629486690889	1.0	45.0	0.0	45	False	True	False	True	True	HIGH																			VALID_LR	True		True	False	True	True	NOT_ASSESSED	0				No external perturbational dataset integrated	NOT_ASSESSED	MULTI|monocyte_macrophage|Plau	MULTI|monocyte_macrophage|Plau	multicellular_association	multicellular_association	0.7801140755530025	0.12029891728027968	1.0	0.5	0.0	0.0	1.0	0.0	1.0	0.5	AXIS|Plau|Plaur	same annotated ligand/contact/sheddase and molecular target axis	identical molecular entities; source alone is not used for collapse	HIGH	positive	negative	False	UNRESOLVED																		0.0	0.0		0.0	False	source-cell perturbation plus T-cell-specific perturbation and rescue	CD69/CD137, T-cell effector program and tumor-cell killing	non-targeting guide plus untreated/irrelevant control	receptor-deficient T cells or matched source-cell control	SUPPORTED	SUPPORTED	PARTIALLY_SUPPORTED	PARTIALLY_SUPPORTED	PARTIALLY_SUPPORTED	MISSING	MISSING	0.5	1.0	1.0	0.5286009280595202	0.07142857142857142	0.055722433968071604	0.008592779805734262	0.0	0.07142857142857142	0.0	0.0	0.07142857142857142	0.0	0.0	0.07142857142857142	0.03571428571428571	0.07142857142857142	0.07142857142857142	0.0	False	2	ASSOCIATION_ONLY	Test necessity and sufficiency; Phase 1.5 is associative.	
T_cell	Tgfb1	Acvr1_Tgfbr1_Tgfbr2	CD4	47	0.4717292406914561	0.0362121100376133	0.1393385753931544	0.8928779136389008	0.4902867715078631	0.0681333722380128	-0.19876862	0.4645069281975577	-1.6317334	0.6118139191569385	False	ADT-supported	0.3148126734505088	0.0	0.1306993158814491	1.0	0.1863242988839679	Tier 3 — exploratory	3.0			0.0	0.1490594391071743	T_cell → Tgfb1 → Acvr1_Tgfbr1_Tgfbr2 → CD4 activation-associated program	CORRELATIONAL	Perturb ligand in T_cell and independently KO/CRISPRi receptor in target T cells	Increase ligand exposure or expression, with receptor-deficient T cells as specificity control	0.80×animal-level interaction score + 0.20×(1−LIANA magnitude rank)			9.0	4.0	0.0	0.8592006085325994	False	ordered cross-sectional support only	T_cell → Tgfb1 → Acvr1_Tgfbr1_Tgfbr2 → CD4	multicellular	source-cell ↔ T-cell program / feedback	T_cell	CD4	0.1490594391071743	0.0681333722380128	1.0	47.0	0.0	47	False	True	False	True	True	HIGH																			VALID_LR	True		True	False	True	True	NOT_ASSESSED	0				No external perturbational dataset integrated	NOT_ASSESSED	MULTI|T_cell|Tgfb1	MULTI|T_cell|Tgfb1	multicellular_association	multicellular_association	0.7837083115566447	0.11666401152714279	1.0	0.5	0.0	0.0	1.0	0.0	1.0	0.5	AXIS|Tgfb1|Acvr1_Tgfbr1_Tgfbr2	same annotated ligand/contact/sheddase and molecular target axis	identical molecular entities; source alone is not used for collapse	HIGH	positive	positive	False	UNRESOLVED																		0.0	0.0		0.0	False	source-cell perturbation plus T-cell-specific perturbation and rescue	CD69/CD137, T-cell effector program and tumor-cell killing	non-targeting guide plus untreated/irrelevant control	receptor-deficient T cells or matched source-cell control	SUPPORTED	SUPPORTED	PARTIALLY_SUPPORTED	PARTIALLY_SUPPORTED	PARTIALLY_SUPPORTED	MISSING	MISSING	0.5	1.0	1.0	0.5285980230774134	0.07142857142857142	0.0559791651111889	0.0083331436805102	0.0	0.07142857142857142	0.0	0.0	0.07142857142857142	0.0	0.0	0.07142857142857142	0.03571428571428571	0.07142857142857142	0.07142857142857142	0.0	False	2	ASSOCIATION_ONLY	Test necessity and sufficiency; Phase 1.5 is associative.	
T_cell	Tgfb1	Acvr1b_Tgfbr2	CD4	47	0.4717292406914561	0.0334095434766575	0.1393385753931544	0.8928779136389008	0.4902867715078631	0.0681333722380128	-0.19876862	1.0	-1.6317334	1.0	False	ADT-supported	0.3148126734505088	0.0	0.1255398684724971	1.0	0.1852924094021775	Tier 3 — exploratory	3.0			0.0	0.148233927521742	T_cell → Tgfb1 → Acvr1b_Tgfbr2 → CD4 activation-associated program	CORRELATIONAL	Perturb ligand in T_cell and independently KO/CRISPRi receptor in target T cells	Increase ligand exposure or expression, with receptor-deficient T cells as specificity control	0.80×animal-level interaction score + 0.20×(1−LIANA magnitude rank)			9.0	4.0	0.0	0.8592006085325994	False	ordered cross-sectional support only	T_cell → Tgfb1 → Acvr1b_Tgfbr2 → CD4	multicellular	source-cell ↔ T-cell program / feedback	T_cell	CD4	0.148233927521742	0.0681333722380128	1.0	47.0	0.0	47	False	True	False	True	True	HIGH																			VALID_LR	True		True	False	True	True	NOT_ASSESSED	0				No external perturbational dataset integrated	NOT_ASSESSED	MULTI|T_cell|Tgfb1	MULTI|T_cell|Tgfb1	multicellular_association	multicellular_association	0.7793680276090817	0.11666401152714279	1.0	0.5	0.0	0.0	1.0	0.0	1.0	0.5	AXIS|Tgfb1|Acvr1b_Tgfbr2	same annotated ligand/contact/sheddase and molecular target axis	identical molecular entities; source alone is not used for collapse	HIGH	positive	positive	False	UNRESOLVED																		0.0	0.0		0.0	False	source-cell perturbation plus T-cell-specific perturbation and rescue	CD69/CD137, T-cell effector program and tumor-cell killing	non-targeting guide plus untreated/irrelevant control	receptor-deficient T cells or matched source-cell control	SUPPORTED	SUPPORTED	PARTIALLY_SUPPORTED	PARTIALLY_SUPPORTED	PARTIALLY_SUPPORTED	MISSING	MISSING	0.5	1.0	1.0	0.5282880027954446	0.07142857142857142	0.05566914482922013	0.0083331436805102	0.0	0.07142857142857142	0.0	0.0	0.07142857142857142	0.0	0.0	0.07142857142857142	0.03571428571428571	0.07142857142857142	0.07142857142857142	0.0	False	2	ASSOCIATION_ONLY	Test necessity and sufficiency; Phase 1.5 is associative.	
melanoma	Vegfb	Adrb2	CD8	42	0.5386403368053387	0.0536798742939652	0.0386516489749615	0.959850151510074	-0.5178672716959728	0.0693293124219332	0.9592881	0.00908406905889	-0.7916757	0.161754791807627	False	ADT-supported	0.0193258244874807	0.15988135	0.1700415995260268	1.0	0.1807426959758236	Tier 3 — exploratory	3.0			0.0	0.1445941567806588	melanoma → Vegfb → Adrb2 → CD8 activation-associated program	CORRELATIONAL	Perturb ligand in melanoma and independently KO/CRISPRi receptor in target T cells	Increase ligand exposure or expression, with receptor-deficient T cells as specificity control	0.80×animal-level interaction score + 0.20×(1−LIANA magnitude rank)	-0.5208432668054548	0.951411079957696	9.0	6.0	0.0	0.8046695441735882	False	ordered cross-sectional support only	melanoma → Vegfb → Adrb2 → CD8	multicellular	source-cell ↔ T-cell program / feedback	melanoma	CD8	0.1445941567806588	0.0693293124219332	1.0	42.0	0.0	42	False	True	False	True	True	HIGH																			VALID_LR	True		True	False	True	True	NOT_ASSESSED	0				No external perturbational dataset integrated	NOT_ASSESSED	MULTI|melanoma|Vegfb	MULTI|melanoma|Vegfb	multicellular_association	multicellular_association	0.7602312416461571	0.1159083106924278	1.0	0.5	0.0	0.0	1.0	0.0	1.0	0.5	AXIS|Vegfb|Adrb2	same annotated ligand/contact/sheddase and molecular target axis	identical molecular entities; source alone is not used for collapse	HIGH	positive	negative	False	UNRESOLVED																		0.0	0.0		0.0	False	source-cell perturbation plus T-cell-specific perturbation and rescue	CD69/CD137, T-cell effector program and tumor-cell killing	non-targeting guide plus untreated/irrelevant control	receptor-deficient T cells or matched source-cell control	SUPPORTED	SUPPORTED	PARTIALLY_SUPPORTED	PARTIALLY_SUPPORTED	PARTIALLY_SUPPORTED	MISSING	MISSING	0.5	1.0	1.0	0.5268671108813275	0.07142857142857142	0.05430223154615408	0.008279165049459128	0.0	0.07142857142857142	0.0	0.0	0.07142857142857142	0.0	0.0	0.07142857142857142	0.03571428571428571	0.07142857142857142	0.07142857142857142	0.0	False	2	ASSOCIATION_ONLY	Test necessity and sufficiency; Phase 1.5 is associative.	
T_cell	Il10	Il10ra_Il10rb	CD4	47	0.0578332509516697	0.1516336012980308	0.0367715078630897	0.9780521178940972	0.52104532839963	0.0345399214078238	0.1726551	0.6384894267075559	-0.14850616	0.2439386361697191	False	ADT-supported	0.2789084181313598	0.02877585	0.0936454169544588	1.0	0.1735409922368677	Tier 3 — exploratory	3.0			0.0	0.1388327937894941	T_cell → Il10 → Il10ra_Il10rb → CD4 activation-associated program	CORRELATIONAL	Perturb ligand in T_cell and independently KO/CRISPRi receptor in target T cells	Increase ligand exposure or expression, with receptor-deficient T cells as specificity control	0.80×animal-level interaction score + 0.20×(1−LIANA magnitude rank)			9.0	4.0	0.0	0.8592006085325994	False	ordered cross-sectional support only	T_cell → Il10 → Il10ra_Il10rb → CD4	multicellular	source-cell ↔ T-cell program / feedback	T_cell	CD4	0.1388327937894941	0.0345399214078238	1.0	47.0	0.0	47	False	True	False	True	True	HIGH																			VALID_LR	True		True	False	True	True	NOT_ASSESSED	0				No external perturbational dataset integrated	NOT_ASSESSED	MULTI|T_cell|Il10	MULTI|T_cell|Il10	multicellular_association	multicellular_association	0.7299397814802285	0.14616786549615907	1.0	0.5	0.0	0.0	1.0	0.0	1.0	0.5	AXIS|Il10|Il10ra_Il10rb	same annotated ligand/contact/sheddase and molecular target axis	identical molecular entities; source alone is not used for collapse	HIGH	positive	positive	False	UNRESOLVED																		0.0	0.0		0.0	False	source-cell perturbation plus T-cell-specific perturbation and rescue	CD69/CD137, T-cell effector program and tumor-cell killing	non-targeting guide plus untreated/irrelevant control	receptor-deficient T cells or matched source-cell control	SUPPORTED	SUPPORTED	PARTIALLY_SUPPORTED	PARTIALLY_SUPPORTED	PARTIALLY_SUPPORTED	MISSING	MISSING	0.5	1.0	1.0	0.5268648319268848	0.07142857142857142	0.05213855582001632	0.010440561821154219	0.0	0.07142857142857142	0.0	0.0	0.07142857142857142	0.0	0.0	0.07142857142857142	0.03571428571428571	0.07142857142857142	0.07142857142857142	0.0	False	2	ASSOCIATION_ONLY	Test necessity and sufficiency; Phase 1.5 is associative.	
T_cell	Pdcd1lg2	Rgmb	CD4	47	0.2258940891892234	0.0282469208643705	-0.0011563367252543	0.99850951807344	0.5615171137835338	0.0161066468137148	0.0	0.8455198014544371	-0.111329794	1.0	False	ADT-supported	0.2807585568917669	0.0	0.0798799878634007	1.0	0.1642414924847985	Tier 3 — exploratory	3.0			0.0	0.1313931939878388	T_cell → Pdcd1lg2 → Rgmb → CD4 activation-associated program	CORRELATIONAL	Perturb ligand in T_cell and independently KO/CRISPRi receptor in target T cells	Increase ligand exposure or expression, with receptor-deficient T cells as specificity control	0.80×animal-level interaction score + 0.20×(1−LIANA magnitude rank)	0.6480410555783135	0.8598859378520367	9.0	4.0	0.0	0.8592006085325994	False	ordered cross-sectional support only	T_cell → Pdcd1lg2 → Rgmb → CD4	multicellular	source-cell ↔ T-cell program / feedback	T_cell	CD4	0.1313931939878388	0.0161066468137148	1.0	47.0	0.0	47	False	True	False	True	True	HIGH																			VALID_LR	True		True	False	True	True	NOT_ASSESSED	0				No external perturbational dataset integrated	NOT_ASSESSED	MULTI|T_cell|Pdcd1lg2	MULTI|T_cell|Pdcd1lg2	multicellular_association	multicellular_association	0.6908246725402285	0.17929948644149124	1.0	0.5	0.0	0.0	1.0	0.0	1.0	0.5	AXIS|Pdcd1lg2|Rgmb	same annotated ligand/contact/sheddase and molecular target axis	identical molecular entities; source alone is not used for collapse	HIGH	negative	positive	False	UNRESOLVED																		0.0	0.0		0.0	False	source-cell perturbation plus T-cell-specific perturbation and rescue	CD69/CD137, T-cell effector program and tumor-cell killing	non-targeting guide plus untreated/irrelevant control	receptor-deficient T cells or matched source-cell control	SUPPORTED	SUPPORTED	PARTIALLY_SUPPORTED	PARTIALLY_SUPPORTED	PARTIALLY_SUPPORTED	MISSING	MISSING	0.5	1.0	1.0	0.5264374399272657	0.07142857142857142	0.04934461946715918	0.012807106174392232	0.0	0.07142857142857142	0.0	0.0	0.07142857142857142	0.0	0.0	0.07142857142857142	0.03571428571428571	0.07142857142857142	0.07142857142857142	0.0	False	2	ASSOCIATION_ONLY	Test necessity and sufficiency; Phase 1.5 is associative.	
NK	Ccl4	Ccr1	CD8	43	0.6343440916702875	0.0202573576251751	0.4998489882210812	0.0864256323914709	-0.1899728178797946	0.7674208524834459	0.09494619	0.6694178291818506	0.0	1.0	False	RNA-supported	0.2499244941105406	0.015824365	0.1133584364852564	1.0	0.1641013514857405	Tier 3 — exploratory	3.0			0.0	0.1312810811885924	NK → Ccl4 → Ccr1 → CD8 activation-associated program	CORRELATIONAL	Perturb ligand in NK and independently KO/CRISPRi receptor in target T cells	Increase ligand exposure or expression, with receptor-deficient T cells as specificity control	0.80×animal-level interaction score + 0.20×(1−LIANA magnitude rank)	2.2342064648959408	0.3209984980257765	9.0	6.0	0.0	0.8046695441735882	False	ordered cross-sectional support only	NK → Ccl4 → Ccr1 → CD8	multicellular	source-cell ↔ T-cell program / feedback	NK	CD8	0.1312810811885924	0.0864256323914709	1.0	43.0	0.0	43	True	False	False	True	True	HIGH																			VALID_LR	True		True	False	True	True	NOT_ASSESSED	0				No external perturbational dataset integrated	NOT_ASSESSED	MULTI|NK|Ccl4	MULTI|NK|Ccl4	multicellular_association	multicellular_association	0.690235218204914	0.10633574339652327	1.0	0.5	0.0	1.0	0.0	0.0	1.0	0.5	AXIS|Ccl4|Ccr1	same annotated ligand/contact/sheddase and molecular target axis	identical molecular entities; source alone is not used for collapse	HIGH	positive	negative	False	UNRESOLVED																		0.0	0.0		0.0	False	source-cell perturbation plus T-cell-specific perturbation and rescue	CD69/CD137, T-cell effector program and tumor-cell killing	non-targeting guide plus untreated/irrelevant control	receptor-deficient T cells or matched source-cell control	SUPPORTED	SUPPORTED	PARTIALLY_SUPPORTED	SUPPORTED	PARTIALLY_SUPPORTED	MISSING	MISSING	0.5714285714285714	1.0	1.0	0.5262856809307149	0.07142857142857142	0.049302515586065285	0.007595410242608805	0.07142857142857142	0.0	0.0	0.0	0.07142857142857142	0.0	0.0	0.07142857142857142	0.04081632653061224	0.07142857142857142	0.07142857142857142	0.0	False	2	ASSOCIATION_ONLY	Test necessity and sufficiency; Phase 1.5 is associative.	
T_cell	Tgfb1	Itgb5	CD4	47	0.4717292406914561	0.0128328047791135	0.1393385753931544	0.8928779136389008	0.4902867715078631	0.0681333722380128	0.0	1.0	0.0	1.0	False	ADT-supported	0.3148126734505088	0.0	0.0778049436372323	1.0	0.1757454244351245	Tier 3 — exploratory	3.0			0.0	0.1405963395480996	T_cell → Tgfb1 → Itgb5 → CD4 activation-associated program	CORRELATIONAL	Perturb ligand in T_cell and independently KO/CRISPRi receptor in target T cells	Increase ligand exposure or expression, with receptor-deficient T cells as specificity control	0.80×animal-level interaction score + 0.20×(1−LIANA magnitude rank)	-0.6640195348060325	0.8596551383827536	9.0	4.0	0.0	0.8592006085325994	False	ordered cross-sectional support only	T_cell → Tgfb1 → Itgb5 → CD4	multicellular	source-cell ↔ T-cell program / feedback	T_cell	CD4	0.1405963395480996	0.0681333722380128	1.0	47.0	0.0	47	False	True	False	True	True	HIGH																			VALID_LR	True		True	False	True	True	NOT_ASSESSED	0				No external perturbational dataset integrated	NOT_ASSESSED	MULTI|T_cell|Tgfb1	MULTI|T_cell|Tgfb1	multicellular_association	multicellular_association	0.7392119582515088	0.11666401152714279	1.0	0.5	0.0	0.0	1.0	0.0	1.0	0.5	AXIS|Tgfb1|Itgb5	same annotated ligand/contact/sheddase and molecular target axis	identical molecular entities; source alone is not used for collapse	HIGH	positive	positive	False	UNRESOLVED																		0.0	0.0		0.0	False	source-cell perturbation plus T-cell-specific perturbation and rescue	CD69/CD137, T-cell effector program and tumor-cell killing	non-targeting guide plus untreated/irrelevant control	receptor-deficient T cells or matched source-cell control	SUPPORTED	SUPPORTED	PARTIALLY_SUPPORTED	PARTIALLY_SUPPORTED	PARTIALLY_SUPPORTED	MISSING	MISSING	0.5	1.0	1.0	0.5254197121270465	0.07142857142857142	0.05280085416082205	0.0083331436805102	0.0	0.07142857142857142	0.0	0.0	0.07142857142857142	0.0	0.0	0.07142857142857142	0.03571428571428571	0.07142857142857142	0.07142857142857142	0.0	False	2	ASSOCIATION_ONLY	Test necessity and sufficiency; Phase 1.5 is associative.	
