source_cell_type	ligand	receptor	target_lineage	n_mice	source_detection_fraction	target_receptor_detection_fraction	ligand_rho_RNA	ligand_FDR_RNA	ligand_rho_ADT	ligand_FDR_ADT	receptor_log2FC_RNA_selector	receptor_FDR_RNA_selector	receptor_log2FC_ADT_selector	receptor_FDR_ADT_selector	cross_modal_positive_direction	evidence_class	association_component	receptor_component	expression_component	replication_component	interaction_score	evidence_tier	tier_rank	liana_magnitude_rank	liana_specificity_rank	liana_component	final_discovery_score	mechanistic_chain	causality	necessity_test	sufficiency_test	score_definition	early_effect	early_FDR	late_effector_count	late_effector_positive	late_effector_significant_positive	late_effector_best_FDR	temporal_support	temporal_causality_label	candidate	candidate_type	mechanism_class	source	target	effect_size	FDR	direction_consistency	n_mice_supporting	n_mice_opposing	effective_sample_size	RNA_evidence	ADT_evidence	data_driven_state_evidence	interaction_evidence	independence_from_curated_score	power_flag	gene	lineage	cross_modal_score	RNA_FDR	ADT_FDR	data_driven_FDR	data_driven_log2FC	used_in_curated_score	associated_with_data_driven_state	independent_candidate	TF	contrast	level_a	level_b	activity_effect_a_minus_b	pvalue	n_strata	n_cells	interaction_validity	valid_for_mechanistic_ranking	biological_reinterpretation	direction_mechanistically_concordant	known_activation_gene	mechanistically_supported	potentially_novel_hypothesis	external_perturbation_support	external_dataset_count	external_direction_consistency	external_effect	external_FDR	external_context	literature_novelty_status	candidate_family_id	candidate_family_label	entity_type	mechanism_level	effect_component	statistical_component	independence_component	multilayer_component	temporal_component	RNA_component	ADT_component	state_component	interaction_component	mechanistic_coherence	mechanistic_family_id	family_rule	family_evidence	family_confidence	RNA_direction	ADT_direction	RNA_ADT_direction_concordant	expected_direction	n_mice_true	n_mice_supporting_true	n_mice_opposing_true	direction_consistency_true	mouse_effect_median	mouse_effect_mean	mouse_effect_IQR	mouse_effect_sign	LOOCV_top10_fraction	LOOCV_rank_median	LOOCV_rank_min	LOOCV_rank_max	empirical_p	empirical_FDR	null_percentile	null_model_type	LOOCV_stability	stability_component	null_model_component	external_perturbation_support_verified	external_perturbation_component	external_assessed	suggested_perturbation	expected_readout	negative_control	specificity_control	source_signal_step	receptor_step	tcell_state_step	transcriptional_program_step	effector_response_step	myeloid_response_step	tumor_killing_step	mechanistic_evidence_coherence	biological_validity_component	experimental_testability_component	evidence_score	score_contribution_replication_component	score_contribution_effect_component	score_contribution_statistical_component	score_contribution_RNA_component	score_contribution_ADT_component	score_contribution_state_component	score_contribution_temporal_component	score_contribution_interaction_component	score_contribution_stability_component	score_contribution_null_model_component	score_contribution_biological_validity_component	score_contribution_mechanistic_evidence_coherence	score_contribution_independence_component	score_contribution_experimental_testability_component	score_contribution_external_perturbation_component	evidence_gate	causality_tier	causality_label	why_test	missing_evidence
				42												RNA+ADT-supported				0.0																			False		Eif2ak3	intrinsic	T-cell-intrinsic gene/state association	T cell	CD8		9.334136525417832e-30		0.0	0.0	47	True	True	True	False	True	MODERATE	Eif2ak3	CD8	1.6040299895349304	3.1355095119000086e-05	0.0001101337737488	9.334136525417832e-30		False	True	True										True		True	False	True	True	NOT_ASSESSED	0				No external perturbational dataset integrated	NOT_ASSESSED	INTRINSIC|Eif2ak3	INTRINSIC|Eif2ak3	intrinsic_gene	intrinsic_gene	0.0	1.0	1.0	0.75	0.0	1.0	1.0	1.0	0.0	1.0	INTRINSIC|Eif2ak3	same intrinsic regulator	regulator identity	HIGH	unknown	unknown	True	UNRESOLVED	42.0	0.0	0.0		-0.5267231464385986	-0.753412854103815	0.9302264451980592	negative	1.0	7.0	5.0	9.0	0.0009990009990009	0.0051615051615051	1.0	within-candidate mouse-effect sign permutation	1.0	1.0	0.9990009990009991		0.0	False	T-cell knockout/CRISPRi plus CRISPRa or cDNA rescue	CD69/CD137, T-cell effector program and tumor-cell killing	non-targeting guide plus untreated/irrelevant control	receptor-deficient T cells or matched source-cell control	NOT_APPLICABLE	NOT_APPLICABLE	SUPPORTED	SUPPORTED	PARTIALLY_SUPPORTED	MISSING	MISSING	0.5	1.0	1.0	0.6785000713572141	0.0	0.0	0.07142857142857142	0.07142857142857142	0.07142857142857142	0.07142857142857142	0.0	0.0	0.07142857142857142	0.07135721421435708	0.07142857142857142	0.03571428571428571	0.07142857142857142	0.07142857142857142	0.0	False	2	ASSOCIATION_ONLY	Test necessity and sufficiency; Phase 1.5 is associative.	
				42												RNA+ADT-supported				0.0																			False		Furin	intrinsic	T-cell-intrinsic gene/state association	T cell	CD8		9.525616335434343e-27		0.0	0.0	47	True	True	True	False	True	MODERATE	Furin	CD8	1.3878734934030286	1.859623359408147e-05	0.0104537309979216	9.525616335434343e-27		False	True	True										True		True	False	True	True	NOT_ASSESSED	0				No external perturbational dataset integrated	NOT_ASSESSED	INTRINSIC|Furin	INTRINSIC|Furin	intrinsic_gene	intrinsic_gene	0.0	1.0	1.0	0.75	0.0	1.0	1.0	1.0	0.0	1.0	INTRINSIC|Furin	same intrinsic regulator	regulator identity	HIGH	unknown	unknown	True	UNRESOLVED	42.0	0.0	0.0		1.2076239585876465	1.4053481306348528	1.023097276687622	positive	1.0	5.0	5.0	6.0	0.0009990009990009	0.0051615051615051	1.0	within-candidate mouse-effect sign permutation	1.0	1.0	0.9990009990009991		0.0	False	T-cell knockout/CRISPRi plus CRISPRa or cDNA rescue	CD69/CD137, T-cell effector program and tumor-cell killing	non-targeting guide plus untreated/irrelevant control	receptor-deficient T cells or matched source-cell control	NOT_APPLICABLE	NOT_APPLICABLE	SUPPORTED	SUPPORTED	PARTIALLY_SUPPORTED	MISSING	MISSING	0.5	1.0	1.0	0.6785000713572141	0.0	0.0	0.07142857142857142	0.07142857142857142	0.07142857142857142	0.07142857142857142	0.0	0.0	0.07142857142857142	0.07135721421435708	0.07142857142857142	0.03571428571428571	0.07142857142857142	0.07142857142857142	0.0	False	2	ASSOCIATION_ONLY	Test necessity and sufficiency; Phase 1.5 is associative.	
				47												RNA+ADT-supported				0.0																			False		Mir155hg	intrinsic	T-cell-intrinsic gene/state association	T cell	CD4		0.0		0.0	0.0	47	True	True	True	False	True	MODERATE	Mir155hg	CD4	1.897664802373741	3.3915550135934396e-05	0.007534920964825	0.0		False	True	True										True		True	False	True	True	NOT_ASSESSED	0				No external perturbational dataset integrated	NOT_ASSESSED	INTRINSIC|Mir155hg	INTRINSIC|Mir155hg	intrinsic_gene	intrinsic_gene	0.0	1.0	1.0	0.75	0.0	1.0	1.0	1.0	0.0	1.0	INTRINSIC|Mir155hg	same intrinsic regulator	regulator identity	HIGH	unknown	unknown	True	UNRESOLVED	47.0	0.0	0.0		1.037524700164795	1.1056458645678582	1.2354133129119873	positive	1.0	8.0	7.0	10.0	0.0009990009990009	0.0051615051615051	1.0	within-candidate mouse-effect sign permutation	1.0	1.0	0.9990009990009991		0.0	False	T-cell knockout/CRISPRi plus CRISPRa or cDNA rescue	CD69/CD137, T-cell effector program and tumor-cell killing	non-targeting guide plus untreated/irrelevant control	receptor-deficient T cells or matched source-cell control	NOT_APPLICABLE	NOT_APPLICABLE	SUPPORTED	SUPPORTED	PARTIALLY_SUPPORTED	MISSING	MISSING	0.5	1.0	1.0	0.6785000713572141	0.0	0.0	0.07142857142857142	0.07142857142857142	0.07142857142857142	0.07142857142857142	0.0	0.0	0.07142857142857142	0.07135721421435708	0.07142857142857142	0.03571428571428571	0.07142857142857142	0.07142857142857142	0.0	False	2	ASSOCIATION_ONLY	Test necessity and sufficiency; Phase 1.5 is associative.	
				47												RNA+ADT-supported				0.0																			False		Mir155hg	intrinsic	T-cell-intrinsic gene/state association	T cell	CD8		0.0		0.0	0.0	47	True	True	True	False	True	MODERATE	Mir155hg	CD8	2.6076378396906277	1.5142373072636011e-05	0.0019189057452255	0.0		False	True	True										True		True	False	True	True	NOT_ASSESSED	0				No external perturbational dataset integrated	NOT_ASSESSED	INTRINSIC|Mir155hg	INTRINSIC|Mir155hg	intrinsic_gene	intrinsic_gene	0.0	1.0	1.0	0.75	0.0	1.0	1.0	1.0	0.0	1.0	INTRINSIC|Mir155hg	same intrinsic regulator	regulator identity	HIGH	unknown	unknown	True	UNRESOLVED	47.0	0.0	0.0		1.037524700164795	1.1056458645678582	1.2354133129119873	positive	1.0	8.0	7.0	10.0	0.0009990009990009	0.0051615051615051	1.0	within-candidate mouse-effect sign permutation	1.0	1.0	0.9990009990009991		0.0	False	T-cell knockout/CRISPRi plus CRISPRa or cDNA rescue	CD69/CD137, T-cell effector program and tumor-cell killing	non-targeting guide plus untreated/irrelevant control	receptor-deficient T cells or matched source-cell control	NOT_APPLICABLE	NOT_APPLICABLE	SUPPORTED	SUPPORTED	PARTIALLY_SUPPORTED	MISSING	MISSING	0.5	1.0	1.0	0.6785000713572141	0.0	0.0	0.07142857142857142	0.07142857142857142	0.07142857142857142	0.07142857142857142	0.0	0.0	0.07142857142857142	0.07135721421435708	0.07142857142857142	0.03571428571428571	0.07142857142857142	0.07142857142857142	0.0	False	2	ASSOCIATION_ONLY	Test necessity and sufficiency; Phase 1.5 is associative.	
				42												RNA+ADT-supported				0.0																			False		Nfat5	intrinsic	T-cell-intrinsic gene/state association	T cell	CD4		1.3066684326528052e-252		0.0	0.0	47	True	True	True	False	True	MODERATE	Nfat5	CD4	0.7743130305709285	0.0003546531940785	0.0026934595070569	1.3066684326528052e-252		False	True	True										True		True	False	True	True	NOT_ASSESSED	0				No external perturbational dataset integrated	NOT_ASSESSED	INTRINSIC|Nfat5	INTRINSIC|Nfat5	intrinsic_gene	intrinsic_gene	0.0	1.0	1.0	0.75	0.0	1.0	1.0	1.0	0.0	1.0	INTRINSIC|Nfat5	same intrinsic regulator	regulator identity	HIGH	unknown	unknown	True	UNRESOLVED	42.0	0.0	0.0		0.5858545303344727	0.7185845147995722	0.7376937866210938	positive	1.0	5.0	5.0	6.0	0.0009990009990009	0.0051615051615051	1.0	within-candidate mouse-effect sign permutation	1.0	1.0	0.9990009990009991		0.0	False	T-cell knockout/CRISPRi plus CRISPRa or cDNA rescue	CD69/CD137, T-cell effector program and tumor-cell killing	non-targeting guide plus untreated/irrelevant control	receptor-deficient T cells or matched source-cell control	NOT_APPLICABLE	NOT_APPLICABLE	SUPPORTED	SUPPORTED	PARTIALLY_SUPPORTED	MISSING	MISSING	0.5	1.0	1.0	0.6785000713572141	0.0	0.0	0.07142857142857142	0.07142857142857142	0.07142857142857142	0.07142857142857142	0.0	0.0	0.07142857142857142	0.07135721421435708	0.07142857142857142	0.03571428571428571	0.07142857142857142	0.07142857142857142	0.0	False	2	ASSOCIATION_ONLY	Test necessity and sufficiency; Phase 1.5 is associative.	
				42												RNA+ADT-supported				0.0																			False		Nfat5	intrinsic	T-cell-intrinsic gene/state association	T cell	CD8		1.3066684326528052e-252		0.0	0.0	47	True	True	True	False	True	MODERATE	Nfat5	CD8	0.976490480638818	4.347861800505215e-05	0.008366717775563	1.3066684326528052e-252		False	True	True										True		True	False	True	True	NOT_ASSESSED	0				No external perturbational dataset integrated	NOT_ASSESSED	INTRINSIC|Nfat5	INTRINSIC|Nfat5	intrinsic_gene	intrinsic_gene	0.0	1.0	1.0	0.75	0.0	1.0	1.0	1.0	0.0	1.0	INTRINSIC|Nfat5	same intrinsic regulator	regulator identity	HIGH	unknown	unknown	True	UNRESOLVED	42.0	0.0	0.0		0.5858545303344727	0.7185845147995722	0.7376937866210938	positive	1.0	5.0	5.0	6.0	0.0009990009990009	0.0051615051615051	1.0	within-candidate mouse-effect sign permutation	1.0	1.0	0.9990009990009991		0.0	False	T-cell knockout/CRISPRi plus CRISPRa or cDNA rescue	CD69/CD137, T-cell effector program and tumor-cell killing	non-targeting guide plus untreated/irrelevant control	receptor-deficient T cells or matched source-cell control	NOT_APPLICABLE	NOT_APPLICABLE	SUPPORTED	SUPPORTED	PARTIALLY_SUPPORTED	MISSING	MISSING	0.5	1.0	1.0	0.6785000713572141	0.0	0.0	0.07142857142857142	0.07142857142857142	0.07142857142857142	0.07142857142857142	0.0	0.0	0.07142857142857142	0.07135721421435708	0.07142857142857142	0.03571428571428571	0.07142857142857142	0.07142857142857142	0.0	False	2	ASSOCIATION_ONLY	Test necessity and sufficiency; Phase 1.5 is associative.	
				42												RNA+ADT-supported				0.0																			False		Nfkbia	intrinsic	T-cell-intrinsic gene/state association	T cell	CD8		1.2896377916681661e-50		0.0	0.0	47	True	True	True	False	True	MODERATE	Nfkbia	CD8	0.5626415151777026	1.5142373072636011e-05	0.0428541672453595	1.2896377916681661e-50		False	True	True										True		True	False	True	True	NOT_ASSESSED	0				No external perturbational dataset integrated	NOT_ASSESSED	INTRINSIC|Nfkbia	INTRINSIC|Nfkbia	intrinsic_gene	intrinsic_gene	0.0	1.0	1.0	0.75	0.0	1.0	1.0	1.0	0.0	1.0	INTRINSIC|Nfkbia	same intrinsic regulator	regulator identity	HIGH	unknown	unknown	True	UNRESOLVED	42.0	0.0	0.0		1.75298810005188	1.793948218936012	0.6333084106445312	positive	1.0	1.0	1.0	1.0	0.0009990009990009	0.0051615051615051	1.0	within-candidate mouse-effect sign permutation	1.0	1.0	0.9990009990009991		0.0	False	T-cell knockout/CRISPRi plus CRISPRa or cDNA rescue	CD69/CD137, T-cell effector program and tumor-cell killing	non-targeting guide plus untreated/irrelevant control	receptor-deficient T cells or matched source-cell control	NOT_APPLICABLE	NOT_APPLICABLE	SUPPORTED	SUPPORTED	PARTIALLY_SUPPORTED	MISSING	MISSING	0.5	1.0	1.0	0.6785000713572141	0.0	0.0	0.07142857142857142	0.07142857142857142	0.07142857142857142	0.07142857142857142	0.0	0.0	0.07142857142857142	0.07135721421435708	0.07142857142857142	0.03571428571428571	0.07142857142857142	0.07142857142857142	0.0	False	2	ASSOCIATION_ONLY	Test necessity and sufficiency; Phase 1.5 is associative.	
				42												RNA+ADT-supported				0.0																			False		Nfkbid	intrinsic	T-cell-intrinsic gene/state association	T cell	CD4		1.7757543842956352e-17		0.0	0.0	47	True	True	True	False	True	MODERATE	Nfkbid	CD4	0.0	1.9767398454773044e-06	2.4742761969152587e-05	1.7757543842956352e-17		False	True	True										True		True	False	True	True	NOT_ASSESSED	0				No external perturbational dataset integrated	NOT_ASSESSED	INTRINSIC|Nfkbid	INTRINSIC|Nfkbid	intrinsic_gene	intrinsic_gene	0.0	1.0	1.0	0.75	0.0	1.0	1.0	1.0	0.0	1.0	INTRINSIC|Nfkbid	same intrinsic regulator	regulator identity	HIGH	unknown	unknown	True	UNRESOLVED	42.0	0.0	0.0		1.4514312744140625	1.586978412809826	0.7447304725646973	positive	1.0	2.0	1.0	3.0	0.0009990009990009	0.0051615051615051	1.0	within-candidate mouse-effect sign permutation	1.0	1.0	0.9990009990009991		0.0	False	T-cell knockout/CRISPRi plus CRISPRa or cDNA rescue	CD69/CD137, T-cell effector program and tumor-cell killing	non-targeting guide plus untreated/irrelevant control	receptor-deficient T cells or matched source-cell control	NOT_APPLICABLE	NOT_APPLICABLE	SUPPORTED	SUPPORTED	PARTIALLY_SUPPORTED	MISSING	MISSING	0.5	1.0	1.0	0.6785000713572141	0.0	0.0	0.07142857142857142	0.07142857142857142	0.07142857142857142	0.07142857142857142	0.0	0.0	0.07142857142857142	0.07135721421435708	0.07142857142857142	0.03571428571428571	0.07142857142857142	0.07142857142857142	0.0	False	2	ASSOCIATION_ONLY	Test necessity and sufficiency; Phase 1.5 is associative.	
				42												RNA+ADT-supported				0.0																			False		Nfkbid	intrinsic	T-cell-intrinsic gene/state association	T cell	CD8		1.7757543842956352e-17		0.0	0.0	47	True	True	True	False	True	MODERATE	Nfkbid	CD8	0.0	1.5142373072636011e-05	0.0001446789049735	1.7757543842956352e-17		False	True	True										True		True	False	True	True	NOT_ASSESSED	0				No external perturbational dataset integrated	NOT_ASSESSED	INTRINSIC|Nfkbid	INTRINSIC|Nfkbid	intrinsic_gene	intrinsic_gene	0.0	1.0	1.0	0.75	0.0	1.0	1.0	1.0	0.0	1.0	INTRINSIC|Nfkbid	same intrinsic regulator	regulator identity	HIGH	unknown	unknown	True	UNRESOLVED	42.0	0.0	0.0		1.4514312744140625	1.586978412809826	0.7447304725646973	positive	1.0	2.0	1.0	3.0	0.0009990009990009	0.0051615051615051	1.0	within-candidate mouse-effect sign permutation	1.0	1.0	0.9990009990009991		0.0	False	T-cell knockout/CRISPRi plus CRISPRa or cDNA rescue	CD69/CD137, T-cell effector program and tumor-cell killing	non-targeting guide plus untreated/irrelevant control	receptor-deficient T cells or matched source-cell control	NOT_APPLICABLE	NOT_APPLICABLE	SUPPORTED	SUPPORTED	PARTIALLY_SUPPORTED	MISSING	MISSING	0.5	1.0	1.0	0.6785000713572141	0.0	0.0	0.07142857142857142	0.07142857142857142	0.07142857142857142	0.07142857142857142	0.0	0.0	0.07142857142857142	0.07135721421435708	0.07142857142857142	0.03571428571428571	0.07142857142857142	0.07142857142857142	0.0	False	2	ASSOCIATION_ONLY	Test necessity and sufficiency; Phase 1.5 is associative.	
				42												RNA+ADT-supported				0.0																			False		Nfkbiz	intrinsic	T-cell-intrinsic gene/state association	T cell	CD4		5.894355980468672e-71		0.0	0.0	47	True	True	True	False	True	MODERATE	Nfkbiz	CD4	0.0	1.9767398454773044e-06	5.127267606779622e-05	5.894355980468672e-71		False	True	True										True		True	False	True	True	NOT_ASSESSED	0				No external perturbational dataset integrated	NOT_ASSESSED	INTRINSIC|Nfkbiz	INTRINSIC|Nfkbiz	intrinsic_gene	intrinsic_gene	0.0	1.0	1.0	0.75	0.0	1.0	1.0	1.0	0.0	1.0	INTRINSIC|Nfkbiz	same intrinsic regulator	regulator identity	HIGH	unknown	unknown	True	UNRESOLVED	42.0	0.0	0.0		1.5138304233551023	1.4553562573024206	0.6819977760314941	positive	1.0	2.0	1.0	3.0	0.0009990009990009	0.0051615051615051	1.0	within-candidate mouse-effect sign permutation	1.0	1.0	0.9990009990009991		0.0	False	T-cell knockout/CRISPRi plus CRISPRa or cDNA rescue	CD69/CD137, T-cell effector program and tumor-cell killing	non-targeting guide plus untreated/irrelevant control	receptor-deficient T cells or matched source-cell control	NOT_APPLICABLE	NOT_APPLICABLE	SUPPORTED	SUPPORTED	PARTIALLY_SUPPORTED	MISSING	MISSING	0.5	1.0	1.0	0.6785000713572141	0.0	0.0	0.07142857142857142	0.07142857142857142	0.07142857142857142	0.07142857142857142	0.0	0.0	0.07142857142857142	0.07135721421435708	0.07142857142857142	0.03571428571428571	0.07142857142857142	0.07142857142857142	0.0	False	2	ASSOCIATION_ONLY	Test necessity and sufficiency; Phase 1.5 is associative.	
				42												RNA+ADT-supported				0.0																			False		Nfkbiz	intrinsic	T-cell-intrinsic gene/state association	T cell	CD8		5.894355980468672e-71		0.0	0.0	47	True	True	True	False	True	MODERATE	Nfkbiz	CD8	0.0	1.5142373072636011e-05	0.0428541672453595	5.894355980468672e-71		False	True	True										True		True	False	True	True	NOT_ASSESSED	0				No external perturbational dataset integrated	NOT_ASSESSED	INTRINSIC|Nfkbiz	INTRINSIC|Nfkbiz	intrinsic_gene	intrinsic_gene	0.0	1.0	1.0	0.75	0.0	1.0	1.0	1.0	0.0	1.0	INTRINSIC|Nfkbiz	same intrinsic regulator	regulator identity	HIGH	unknown	unknown	True	UNRESOLVED	42.0	0.0	0.0		1.5138304233551023	1.4553562573024206	0.6819977760314941	positive	1.0	2.0	1.0	3.0	0.0009990009990009	0.0051615051615051	1.0	within-candidate mouse-effect sign permutation	1.0	1.0	0.9990009990009991		0.0	False	T-cell knockout/CRISPRi plus CRISPRa or cDNA rescue	CD69/CD137, T-cell effector program and tumor-cell killing	non-targeting guide plus untreated/irrelevant control	receptor-deficient T cells or matched source-cell control	NOT_APPLICABLE	NOT_APPLICABLE	SUPPORTED	SUPPORTED	PARTIALLY_SUPPORTED	MISSING	MISSING	0.5	1.0	1.0	0.6785000713572141	0.0	0.0	0.07142857142857142	0.07142857142857142	0.07142857142857142	0.07142857142857142	0.0	0.0	0.07142857142857142	0.07135721421435708	0.07142857142857142	0.03571428571428571	0.07142857142857142	0.07142857142857142	0.0	False	2	ASSOCIATION_ONLY	Test necessity and sufficiency; Phase 1.5 is associative.	
				47												RNA+ADT-supported				0.0																			False		Nrip1	intrinsic	T-cell-intrinsic gene/state association	T cell	CD4		3.248911791593786e-11		0.0	0.0	47	True	True	True	False	True	MODERATE	Nrip1	CD4	3.030383778406385	6.984908922786708e-05	4.005009640210779e-06	3.248911791593786e-11		False	True	True										True		True	False	True	True	NOT_ASSESSED	0				No external perturbational dataset integrated	NOT_ASSESSED	INTRINSIC|Nrip1	INTRINSIC|Nrip1	intrinsic_gene	intrinsic_gene	0.0	1.0	1.0	0.75	0.0	1.0	1.0	1.0	0.0	1.0	INTRINSIC|Nrip1	same intrinsic regulator	regulator identity	HIGH	unknown	unknown	True	UNRESOLVED	47.0	0.0	0.0		0.7352075576782227	0.5847061644209192	0.6100864410400391	positive	1.0	8.0	7.0	10.0	0.0009990009990009	0.0051615051615051	1.0	within-candidate mouse-effect sign permutation	1.0	1.0	0.9990009990009991		0.0	False	T-cell knockout/CRISPRi plus CRISPRa or cDNA rescue	CD69/CD137, T-cell effector program and tumor-cell killing	non-targeting guide plus untreated/irrelevant control	receptor-deficient T cells or matched source-cell control	NOT_APPLICABLE	NOT_APPLICABLE	SUPPORTED	SUPPORTED	PARTIALLY_SUPPORTED	MISSING	MISSING	0.5	1.0	1.0	0.6785000713572141	0.0	0.0	0.07142857142857142	0.07142857142857142	0.07142857142857142	0.07142857142857142	0.0	0.0	0.07142857142857142	0.07135721421435708	0.07142857142857142	0.03571428571428571	0.07142857142857142	0.07142857142857142	0.0	False	2	ASSOCIATION_ONLY	Test necessity and sufficiency; Phase 1.5 is associative.	
				47												RNA+ADT-supported				0.0																			False		Dusp5	intrinsic	T-cell-intrinsic gene/state association	T cell	CD4		1.913338106081542e-48		0.0	0.0	47	True	True	True	False	True	MODERATE	Dusp5	CD4	0.0	3.4302251642470698e-06	0.000142676071245	1.913338106081542e-48		False	True	True										True		True	False	True	True	NOT_ASSESSED	0				No external perturbational dataset integrated	NOT_ASSESSED	INTRINSIC|Dusp5	INTRINSIC|Dusp5	intrinsic_gene	intrinsic_gene	0.0	1.0	1.0	0.75	0.0	1.0	1.0	1.0	0.0	1.0	INTRINSIC|Dusp5	same intrinsic regulator	regulator identity	HIGH	unknown	unknown	True	UNRESOLVED	47.0	0.0	0.0		0.5806488990783691	0.6124947730531084	0.6478462219238281	positive	0.9787234042553192	8.0	7.0	11.0	0.0009990009990009	0.0051615051615051	1.0	within-candidate mouse-effect sign permutation	0.9787234042553192	0.9787234042553192	0.9990009990009991		0.0	False	T-cell knockout/CRISPRi plus CRISPRa or cDNA rescue	CD69/CD137, T-cell effector program and tumor-cell killing	non-targeting guide plus untreated/irrelevant control	receptor-deficient T cells or matched source-cell control	NOT_APPLICABLE	NOT_APPLICABLE	SUPPORTED	SUPPORTED	PARTIALLY_SUPPORTED	MISSING	MISSING	0.5	1.0	1.0	0.6769803145183084	0.0	0.0	0.07142857142857142	0.07142857142857142	0.07142857142857142	0.07142857142857142	0.0	0.0	0.06990881458966566	0.07135721421435708	0.07142857142857142	0.03571428571428571	0.07142857142857142	0.07142857142857142	0.0	False	2	ASSOCIATION_ONLY	Test necessity and sufficiency; Phase 1.5 is associative.	
				47												RNA+ADT-supported				0.0																			False		Mpp7	intrinsic	T-cell-intrinsic gene/state association	T cell	CD4		2.4907900046979617e-10		0.0	0.0	47	True	True	True	False	True	MODERATE	Mpp7	CD4	0.0	1.9767398454773044e-06	8.896192557084595e-06	2.4907900046979617e-10		False	True	True										True		True	False	True	True	NOT_ASSESSED	0				No external perturbational dataset integrated	NOT_ASSESSED	INTRINSIC|Mpp7	INTRINSIC|Mpp7	intrinsic_gene	intrinsic_gene	0.0	0.9603662885729355	1.0	0.75	0.0	1.0	1.0	1.0	0.0	1.0	INTRINSIC|Mpp7	same intrinsic regulator	regulator identity	HIGH	unknown	unknown	True	UNRESOLVED	47.0	0.0	0.0		1.325789451599121	1.4481025249400037	0.8325099945068359	positive	1.0	4.0	2.0	4.0	0.0009990009990009	0.0051615051615051	1.0	within-candidate mouse-effect sign permutation	1.0	1.0	0.9990009990009991		0.0	False	T-cell knockout/CRISPRi plus CRISPRa or cDNA rescue	CD69/CD137, T-cell effector program and tumor-cell killing	non-targeting guide plus untreated/irrelevant control	receptor-deficient T cells or matched source-cell control	NOT_APPLICABLE	NOT_APPLICABLE	SUPPORTED	SUPPORTED	PARTIALLY_SUPPORTED	MISSING	MISSING	0.5	1.0	1.0	0.6756690919695666	0.0	0.0	0.06859759204092396	0.07142857142857142	0.07142857142857142	0.07142857142857142	0.0	0.0	0.07142857142857142	0.07135721421435708	0.07142857142857142	0.03571428571428571	0.07142857142857142	0.07142857142857142	0.0	False	2	ASSOCIATION_ONLY	Test necessity and sufficiency; Phase 1.5 is associative.	
				42												RNA+ADT-supported				0.0																			False		Myo1f	intrinsic	T-cell-intrinsic gene/state association	T cell	CD8		8.380384010402078e-61		0.0	0.0	47	True	True	True	False	True	MODERATE	Myo1f	CD8	2.566692391823568	7.326257569362227e-05	8.641042392808852e-06	8.380384010402078e-61		False	True	True										True		True	False	True	True	NOT_ASSESSED	0				No external perturbational dataset integrated	NOT_ASSESSED	INTRINSIC|Myo1f	INTRINSIC|Myo1f	intrinsic_gene	intrinsic_gene	0.0	1.0	1.0	0.75	0.0	1.0	1.0	1.0	0.0	1.0	INTRINSIC|Myo1f	same intrinsic regulator	regulator identity	HIGH	unknown	unknown	True	UNRESOLVED	42.0	0.0	0.0		-0.5580644607543945	-0.6930156378518968	0.6458902359008789	negative	0.119047619047619	11.0	7.0	12.0	0.0009990009990009	0.0051615051615051	1.0	within-candidate mouse-effect sign permutation	0.119047619047619	0.119047619047619	0.9990009990009991		0.0	False	T-cell knockout/CRISPRi plus CRISPRa or cDNA rescue	CD69/CD137, T-cell effector program and tumor-cell killing	non-targeting guide plus untreated/irrelevant control	receptor-deficient T cells or matched source-cell control	NOT_APPLICABLE	NOT_APPLICABLE	SUPPORTED	SUPPORTED	PARTIALLY_SUPPORTED	MISSING	MISSING	0.5	1.0	1.0	0.615574901289187	0.0	0.0	0.07142857142857142	0.07142857142857142	0.07142857142857142	0.07142857142857142	0.0	0.0	0.008503401360544215	0.07135721421435708	0.07142857142857142	0.03571428571428571	0.07142857142857142	0.07142857142857142	0.0	False	2	ASSOCIATION_ONLY	Test necessity and sufficiency; Phase 1.5 is associative.	
				42												RNA+ADT-supported				0.0																			False		Ubash3b	intrinsic	T-cell-intrinsic gene/state association	T cell	CD8		2.6013913740398342e-121		0.0	0.0	47	True	True	True	False	True	MODERATE	Ubash3b	CD8	0.5371165467682185	0.000372878798845	0.0300457492312666	2.6013913740398342e-121		False	True	True										True		True	False	True	True	NOT_ASSESSED	0				No external perturbational dataset integrated	NOT_ASSESSED	INTRINSIC|Ubash3b	INTRINSIC|Ubash3b	intrinsic_gene	intrinsic_gene	0.0	1.0	1.0	0.75	0.0	1.0	1.0	1.0	0.0	1.0	INTRINSIC|Ubash3b	same intrinsic regulator	regulator identity	HIGH	unknown	unknown	True	UNRESOLVED	42.0	0.0	0.0		0.4049606323242187	0.462167637688773	0.6152650117874146	positive	0.119047619047619	11.0	7.0	12.0	0.0009990009990009	0.0051615051615051	1.0	within-candidate mouse-effect sign permutation	0.119047619047619	0.119047619047619	0.9990009990009991		0.0	False	T-cell knockout/CRISPRi plus CRISPRa or cDNA rescue	CD69/CD137, T-cell effector program and tumor-cell killing	non-targeting guide plus untreated/irrelevant control	receptor-deficient T cells or matched source-cell control	NOT_APPLICABLE	NOT_APPLICABLE	SUPPORTED	SUPPORTED	PARTIALLY_SUPPORTED	MISSING	MISSING	0.5	1.0	1.0	0.615574901289187	0.0	0.0	0.07142857142857142	0.07142857142857142	0.07142857142857142	0.07142857142857142	0.0	0.0	0.008503401360544215	0.07135721421435708	0.07142857142857142	0.03571428571428571	0.07142857142857142	0.07142857142857142	0.0	False	2	ASSOCIATION_ONLY	Test necessity and sufficiency; Phase 1.5 is associative.	
				47												RNA+ADT-supported				0.0																			False		Cxcr4	intrinsic	T-cell-intrinsic gene/state association	T cell	CD4		6.4355352519291345e-62		0.0	0.0	47	True	True	True	False	True	MODERATE	Cxcr4	CD4	0.0	0.0034569290163712	1.4777777323999814e-06	6.4355352519291345e-62		False	True	True										True		True	False	True	True	NOT_ASSESSED	0				No external perturbational dataset integrated	NOT_ASSESSED	INTRINSIC|Cxcr4	INTRINSIC|Cxcr4	intrinsic_gene	intrinsic_gene	0.0	1.0	1.0	0.75	0.0	1.0	1.0	1.0	0.0	1.0	INTRINSIC|Cxcr4	same intrinsic regulator	regulator identity	HIGH	unknown	unknown	True	UNRESOLVED	47.0	0.0	0.0		0.4534931182861328	0.3567727271546709	0.7354962825775146	positive	0.0	28.0	25.0	33.0	0.0009990009990009	0.0051615051615051	1.0	within-candidate mouse-effect sign permutation	0.0	0.0	0.9990009990009991		0.0	False	T-cell knockout/CRISPRi plus CRISPRa or cDNA rescue	CD69/CD137, T-cell effector program and tumor-cell killing	non-targeting guide plus untreated/irrelevant control	receptor-deficient T cells or matched source-cell control	NOT_APPLICABLE	NOT_APPLICABLE	SUPPORTED	SUPPORTED	PARTIALLY_SUPPORTED	MISSING	MISSING	0.5	1.0	1.0	0.6070714999286427	0.0	0.0	0.07142857142857142	0.07142857142857142	0.07142857142857142	0.07142857142857142	0.0	0.0	0.0	0.07135721421435708	0.07142857142857142	0.03571428571428571	0.07142857142857142	0.07142857142857142	0.0	False	2	ASSOCIATION_ONLY	Test necessity and sufficiency; Phase 1.5 is associative.	
				42												RNA+ADT-supported				0.0																			False		Eea1	intrinsic	T-cell-intrinsic gene/state association	T cell	CD8		4.054602340198081e-98		0.0	0.0	47	True	True	True	False	True	MODERATE	Eea1	CD8	3.2637125512858165	0.0001716882916692	5.120561440159171e-05	4.054602340198081e-98		False	True	True										True		True	False	True	True	NOT_ASSESSED	0				No external perturbational dataset integrated	NOT_ASSESSED	INTRINSIC|Eea1	INTRINSIC|Eea1	intrinsic_gene	intrinsic_gene	0.0	1.0	1.0	0.75	0.0	1.0	1.0	1.0	0.0	1.0	INTRINSIC|Eea1	same intrinsic regulator	regulator identity	HIGH	unknown	unknown	True	UNRESOLVED	42.0	0.0	0.0		0.8366091251373291	0.8099770205361503	1.1405184268951416	positive	0.0	19.0	15.0	22.0	0.0009990009990009	0.0051615051615051	1.0	within-candidate mouse-effect sign permutation	0.0	0.0	0.9990009990009991		0.0	False	T-cell knockout/CRISPRi plus CRISPRa or cDNA rescue	CD69/CD137, T-cell effector program and tumor-cell killing	non-targeting guide plus untreated/irrelevant control	receptor-deficient T cells or matched source-cell control	NOT_APPLICABLE	NOT_APPLICABLE	SUPPORTED	SUPPORTED	PARTIALLY_SUPPORTED	MISSING	MISSING	0.5	1.0	1.0	0.6070714999286427	0.0	0.0	0.07142857142857142	0.07142857142857142	0.07142857142857142	0.07142857142857142	0.0	0.0	0.0	0.07135721421435708	0.07142857142857142	0.03571428571428571	0.07142857142857142	0.07142857142857142	0.0	False	2	ASSOCIATION_ONLY	Test necessity and sufficiency; Phase 1.5 is associative.	
				42												RNA+ADT-supported				0.0																			False		Elovl5	intrinsic	T-cell-intrinsic gene/state association	T cell	CD8		3.413043897182366e-26		0.0	0.0	47	True	True	True	False	True	MODERATE	Elovl5	CD8	0.0	0.0004150002077094	5.586740672757555e-05	3.413043897182366e-26		False	True	True										True		True	False	True	True	NOT_ASSESSED	0				No external perturbational dataset integrated	NOT_ASSESSED	INTRINSIC|Elovl5	INTRINSIC|Elovl5	intrinsic_gene	intrinsic_gene	0.0	1.0	1.0	0.75	0.0	1.0	1.0	1.0	0.0	1.0	INTRINSIC|Elovl5	same intrinsic regulator	regulator identity	HIGH	unknown	unknown	True	UNRESOLVED	42.0	0.0	0.0		0.7266881465911865	0.5356890133449009	0.7764263153076172	positive	0.0	15.0	13.0	17.0	0.0009990009990009	0.0051615051615051	1.0	within-candidate mouse-effect sign permutation	0.0	0.0	0.9990009990009991		0.0	False	T-cell knockout/CRISPRi plus CRISPRa or cDNA rescue	CD69/CD137, T-cell effector program and tumor-cell killing	non-targeting guide plus untreated/irrelevant control	receptor-deficient T cells or matched source-cell control	NOT_APPLICABLE	NOT_APPLICABLE	SUPPORTED	SUPPORTED	PARTIALLY_SUPPORTED	MISSING	MISSING	0.5	1.0	1.0	0.6070714999286427	0.0	0.0	0.07142857142857142	0.07142857142857142	0.07142857142857142	0.07142857142857142	0.0	0.0	0.0	0.07135721421435708	0.07142857142857142	0.03571428571428571	0.07142857142857142	0.07142857142857142	0.0	False	2	ASSOCIATION_ONLY	Test necessity and sufficiency; Phase 1.5 is associative.	
				42												RNA+ADT-supported				0.0																			False		Fbxl20	intrinsic	T-cell-intrinsic gene/state association	T cell	CD8		6.678640975741338e-25		0.0	0.0	47	True	True	True	False	True	MODERATE	Fbxl20	CD8	1.003879190163843	0.008316993693158	4.894302755082746e-05	6.678640975741338e-25		False	True	True										True		True	False	True	True	NOT_ASSESSED	0				No external perturbational dataset integrated	NOT_ASSESSED	INTRINSIC|Fbxl20	INTRINSIC|Fbxl20	intrinsic_gene	intrinsic_gene	0.0	1.0	1.0	0.75	0.0	1.0	1.0	1.0	0.0	1.0	INTRINSIC|Fbxl20	same intrinsic regulator	regulator identity	HIGH	unknown	unknown	True	UNRESOLVED	42.0	0.0	0.0		-0.3141863346099853	-0.5374989282517206	1.0559223890304563	negative	0.0	31.0	26.0	35.0	0.0009990009990009	0.0051615051615051	1.0	within-candidate mouse-effect sign permutation	0.0	0.0	0.9990009990009991		0.0	False	T-cell knockout/CRISPRi plus CRISPRa or cDNA rescue	CD69/CD137, T-cell effector program and tumor-cell killing	non-targeting guide plus untreated/irrelevant control	receptor-deficient T cells or matched source-cell control	NOT_APPLICABLE	NOT_APPLICABLE	SUPPORTED	SUPPORTED	PARTIALLY_SUPPORTED	MISSING	MISSING	0.5	1.0	1.0	0.6070714999286427	0.0	0.0	0.07142857142857142	0.07142857142857142	0.07142857142857142	0.07142857142857142	0.0	0.0	0.0	0.07135721421435708	0.07142857142857142	0.03571428571428571	0.07142857142857142	0.07142857142857142	0.0	False	2	ASSOCIATION_ONLY	Test necessity and sufficiency; Phase 1.5 is associative.	
				42												RNA-supported				0.0																			False		Furin	intrinsic	T-cell-intrinsic gene/state association	T cell	CD4		9.525616335434343e-27		0.0	0.0	47	True	False	True	False	True	MODERATE	Furin	CD4	0.0	1.9767398454773044e-06	0.1145546876009366	9.525616335434343e-27		False	True	True										True		True	False	True	True	NOT_ASSESSED	0				No external perturbational dataset integrated	NOT_ASSESSED	INTRINSIC|Furin	INTRINSIC|Furin	intrinsic_gene	intrinsic_gene	0.0	1.0	1.0	0.5	0.0	1.0	0.0	1.0	0.0	1.0	INTRINSIC|Furin	same intrinsic regulator	regulator identity	HIGH	unknown	unknown	False	UNRESOLVED	42.0	0.0	0.0		1.2076239585876465	1.4053481306348528	1.023097276687622	positive	1.0	5.0	5.0	6.0	0.0009990009990009	0.0051615051615051	1.0	within-candidate mouse-effect sign permutation	1.0	1.0	0.9990009990009991		0.0	False	T-cell knockout/CRISPRi plus CRISPRa or cDNA rescue	CD69/CD137, T-cell effector program and tumor-cell killing	non-targeting guide plus untreated/irrelevant control	receptor-deficient T cells or matched source-cell control	NOT_APPLICABLE	NOT_APPLICABLE	SUPPORTED	SUPPORTED	PARTIALLY_SUPPORTED	MISSING	MISSING	0.5	1.0	1.0	0.6070714999286427	0.0	0.0	0.07142857142857142	0.07142857142857142	0.0	0.07142857142857142	0.0	0.0	0.07142857142857142	0.07135721421435708	0.07142857142857142	0.03571428571428571	0.07142857142857142	0.07142857142857142	0.0	False	2	ASSOCIATION_ONLY	Test necessity and sufficiency; Phase 1.5 is associative.	
				42												RNA+ADT-supported				0.0																			False		Mdfic	intrinsic	T-cell-intrinsic gene/state association	T cell	CD8		1.2209867208868708e-113		0.0	0.0	47	True	True	True	False	True	MODERATE	Mdfic	CD8	1.0507591190303385	0.0002337035963108	0.004018962662686	1.2209867208868708e-113		False	True	True										True		True	False	True	True	NOT_ASSESSED	0				No external perturbational dataset integrated	NOT_ASSESSED	INTRINSIC|Mdfic	INTRINSIC|Mdfic	intrinsic_gene	intrinsic_gene	0.0	1.0	1.0	0.75	0.0	1.0	1.0	1.0	0.0	1.0	INTRINSIC|Mdfic	same intrinsic regulator	regulator identity	HIGH	unknown	unknown	True	UNRESOLVED	42.0	0.0	0.0		0.5494933128356934	0.5740668433053153	0.7544567584991455	positive	0.0	15.0	13.0	17.0	0.0009990009990009	0.0051615051615051	1.0	within-candidate mouse-effect sign permutation	0.0	0.0	0.9990009990009991		0.0	False	T-cell knockout/CRISPRi plus CRISPRa or cDNA rescue	CD69/CD137, T-cell effector program and tumor-cell killing	non-targeting guide plus untreated/irrelevant control	receptor-deficient T cells or matched source-cell control	NOT_APPLICABLE	NOT_APPLICABLE	SUPPORTED	SUPPORTED	PARTIALLY_SUPPORTED	MISSING	MISSING	0.5	1.0	1.0	0.6070714999286427	0.0	0.0	0.07142857142857142	0.07142857142857142	0.07142857142857142	0.07142857142857142	0.0	0.0	0.0	0.07135721421435708	0.07142857142857142	0.03571428571428571	0.07142857142857142	0.07142857142857142	0.0	False	2	ASSOCIATION_ONLY	Test necessity and sufficiency; Phase 1.5 is associative.	
				42												RNA+ADT-supported				0.0																			False		Mxd1	intrinsic	T-cell-intrinsic gene/state association	T cell	CD8		3.0103574291377673e-119		0.0	0.0	47	True	True	True	False	True	MODERATE	Mxd1	CD8	0.0	0.0040235730023049	1.7419871897988284e-05	3.0103574291377673e-119		False	True	True										True		True	False	True	True	NOT_ASSESSED	0				No external perturbational dataset integrated	NOT_ASSESSED	INTRINSIC|Mxd1	INTRINSIC|Mxd1	intrinsic_gene	intrinsic_gene	0.0	1.0	1.0	0.75	0.0	1.0	1.0	1.0	0.0	1.0	INTRINSIC|Mxd1	same intrinsic regulator	regulator identity	HIGH	unknown	unknown	True	UNRESOLVED	42.0	0.0	0.0		0.6027035713195801	0.5383565539405459	0.6446061134338379	positive	0.0	19.0	15.0	22.0	0.0009990009990009	0.0051615051615051	1.0	within-candidate mouse-effect sign permutation	0.0	0.0	0.9990009990009991		0.0	False	T-cell knockout/CRISPRi plus CRISPRa or cDNA rescue	CD69/CD137, T-cell effector program and tumor-cell killing	non-targeting guide plus untreated/irrelevant control	receptor-deficient T cells or matched source-cell control	NOT_APPLICABLE	NOT_APPLICABLE	SUPPORTED	SUPPORTED	PARTIALLY_SUPPORTED	MISSING	MISSING	0.5	1.0	1.0	0.6070714999286427	0.0	0.0	0.07142857142857142	0.07142857142857142	0.07142857142857142	0.07142857142857142	0.0	0.0	0.0	0.07135721421435708	0.07142857142857142	0.03571428571428571	0.07142857142857142	0.07142857142857142	0.0	False	2	ASSOCIATION_ONLY	Test necessity and sufficiency; Phase 1.5 is associative.	
				47												RNA+ADT-supported				0.0																			False		Mxi1	intrinsic	T-cell-intrinsic gene/state association	T cell	CD4		2.0336050339554195e-32		0.0	0.0	47	True	True	True	False	True	MODERATE	Mxi1	CD4	2.0526857412047583	0.0009271519271553	2.0760512331345725e-05	2.0336050339554195e-32		False	True	True										True		True	False	True	True	NOT_ASSESSED	0				No external perturbational dataset integrated	NOT_ASSESSED	INTRINSIC|Mxi1	INTRINSIC|Mxi1	intrinsic_gene	intrinsic_gene	0.0	1.0	1.0	0.75	0.0	1.0	1.0	1.0	0.0	1.0	INTRINSIC|Mxi1	same intrinsic regulator	regulator identity	HIGH	unknown	unknown	True	UNRESOLVED	47.0	0.0	0.0		0.5320863723754883	0.4915452409297862	0.907024621963501	positive	0.0	28.0	25.0	33.0	0.0009990009990009	0.0051615051615051	1.0	within-candidate mouse-effect sign permutation	0.0	0.0	0.9990009990009991		0.0	False	T-cell knockout/CRISPRi plus CRISPRa or cDNA rescue	CD69/CD137, T-cell effector program and tumor-cell killing	non-targeting guide plus untreated/irrelevant control	receptor-deficient T cells or matched source-cell control	NOT_APPLICABLE	NOT_APPLICABLE	SUPPORTED	SUPPORTED	PARTIALLY_SUPPORTED	MISSING	MISSING	0.5	1.0	1.0	0.6070714999286427	0.0	0.0	0.07142857142857142	0.07142857142857142	0.07142857142857142	0.07142857142857142	0.0	0.0	0.0	0.07135721421435708	0.07142857142857142	0.03571428571428571	0.07142857142857142	0.07142857142857142	0.0	False	2	ASSOCIATION_ONLY	Test necessity and sufficiency; Phase 1.5 is associative.	
				42												RNA+ADT-supported				0.0																			False		N4bp1	intrinsic	T-cell-intrinsic gene/state association	T cell	CD4		2.121025390020238e-18		0.0	0.0	47	True	True	True	False	True	MODERATE	N4bp1	CD4	1.3164184724915706	3.7903059397770274e-06	5.347206702395132e-05	2.121025390020238e-18		False	True	True										True		True	False	True	True	NOT_ASSESSED	0				No external perturbational dataset integrated	NOT_ASSESSED	INTRINSIC|N4bp1	INTRINSIC|N4bp1	intrinsic_gene	intrinsic_gene	0.0	1.0	1.0	0.75	0.0	1.0	1.0	1.0	0.0	1.0	INTRINSIC|N4bp1	same intrinsic regulator	regulator identity	HIGH	unknown	unknown	True	UNRESOLVED	42.0	0.0	0.0		0.5680170059204102	0.4080475284939721	0.8231308460235596	positive	0.0	32.0	26.0	35.0	0.0009990009990009	0.0051615051615051	1.0	within-candidate mouse-effect sign permutation	0.0	0.0	0.9990009990009991		0.0	False	T-cell knockout/CRISPRi plus CRISPRa or cDNA rescue	CD69/CD137, T-cell effector program and tumor-cell killing	non-targeting guide plus untreated/irrelevant control	receptor-deficient T cells or matched source-cell control	NOT_APPLICABLE	NOT_APPLICABLE	SUPPORTED	SUPPORTED	PARTIALLY_SUPPORTED	MISSING	MISSING	0.5	1.0	1.0	0.6070714999286427	0.0	0.0	0.07142857142857142	0.07142857142857142	0.07142857142857142	0.07142857142857142	0.0	0.0	0.0	0.07135721421435708	0.07142857142857142	0.03571428571428571	0.07142857142857142	0.07142857142857142	0.0	False	2	ASSOCIATION_ONLY	Test necessity and sufficiency; Phase 1.5 is associative.	
				42												RNA+ADT-supported				0.0																			False		N4bp1	intrinsic	T-cell-intrinsic gene/state association	T cell	CD8		2.121025390020238e-18		0.0	0.0	47	True	True	True	False	True	MODERATE	N4bp1	CD8	0.0	0.0074729083151961	1.6846005428952665e-05	2.121025390020238e-18		False	True	True										True		True	False	True	True	NOT_ASSESSED	0				No external perturbational dataset integrated	NOT_ASSESSED	INTRINSIC|N4bp1	INTRINSIC|N4bp1	intrinsic_gene	intrinsic_gene	0.0	1.0	1.0	0.75	0.0	1.0	1.0	1.0	0.0	1.0	INTRINSIC|N4bp1	same intrinsic regulator	regulator identity	HIGH	unknown	unknown	True	UNRESOLVED	42.0	0.0	0.0		0.5680170059204102	0.4080475284939721	0.8231308460235596	positive	0.0	32.0	26.0	35.0	0.0009990009990009	0.0051615051615051	1.0	within-candidate mouse-effect sign permutation	0.0	0.0	0.9990009990009991		0.0	False	T-cell knockout/CRISPRi plus CRISPRa or cDNA rescue	CD69/CD137, T-cell effector program and tumor-cell killing	non-targeting guide plus untreated/irrelevant control	receptor-deficient T cells or matched source-cell control	NOT_APPLICABLE	NOT_APPLICABLE	SUPPORTED	SUPPORTED	PARTIALLY_SUPPORTED	MISSING	MISSING	0.5	1.0	1.0	0.6070714999286427	0.0	0.0	0.07142857142857142	0.07142857142857142	0.07142857142857142	0.07142857142857142	0.0	0.0	0.0	0.07135721421435708	0.07142857142857142	0.03571428571428571	0.07142857142857142	0.07142857142857142	0.0	False	2	ASSOCIATION_ONLY	Test necessity and sufficiency; Phase 1.5 is associative.	
				42												RNA+ADT-supported				0.0																			False		Ncoa7	intrinsic	T-cell-intrinsic gene/state association	T cell	CD8		5.599867658002084e-23		0.0	0.0	47	True	True	True	False	True	MODERATE	Ncoa7	CD8	1.231469769476158	0.0039152746456846	0.0003337781037881	5.599867658002084e-23		False	True	True										True		True	False	True	True	NOT_ASSESSED	0				No external perturbational dataset integrated	NOT_ASSESSED	INTRINSIC|Ncoa7	INTRINSIC|Ncoa7	intrinsic_gene	intrinsic_gene	0.0	1.0	1.0	0.75	0.0	1.0	1.0	1.0	0.0	1.0	INTRINSIC|Ncoa7	same intrinsic regulator	regulator identity	HIGH	unknown	unknown	True	UNRESOLVED	42.0	0.0	0.0		-0.4185981750488281	-0.5973984457197643	0.7466907501220703	negative	0.0	31.0	26.0	35.0	0.0009990009990009	0.0051615051615051	1.0	within-candidate mouse-effect sign permutation	0.0	0.0	0.9990009990009991		0.0	False	T-cell knockout/CRISPRi plus CRISPRa or cDNA rescue	CD69/CD137, T-cell effector program and tumor-cell killing	non-targeting guide plus untreated/irrelevant control	receptor-deficient T cells or matched source-cell control	NOT_APPLICABLE	NOT_APPLICABLE	SUPPORTED	SUPPORTED	PARTIALLY_SUPPORTED	MISSING	MISSING	0.5	1.0	1.0	0.6070714999286427	0.0	0.0	0.07142857142857142	0.07142857142857142	0.07142857142857142	0.07142857142857142	0.0	0.0	0.0	0.07135721421435708	0.07142857142857142	0.03571428571428571	0.07142857142857142	0.07142857142857142	0.0	False	2	ASSOCIATION_ONLY	Test necessity and sufficiency; Phase 1.5 is associative.	
				47												RNA+ADT-supported				0.0																			False		Nfatc2	intrinsic	T-cell-intrinsic gene/state association	T cell	CD4		1.6597731604754e-27		0.0	0.0	47	True	True	True	False	True	MODERATE	Nfatc2	CD4	0.0	1.1956634655279182e-05	0.0048674258483645	1.6597731604754e-27		False	True	True										True		True	False	True	True	NOT_ASSESSED	0				No external perturbational dataset integrated	NOT_ASSESSED	INTRINSIC|Nfatc2	INTRINSIC|Nfatc2	intrinsic_gene	intrinsic_gene	0.0	1.0	1.0	0.75	0.0	1.0	1.0	1.0	0.0	1.0	INTRINSIC|Nfatc2	same intrinsic regulator	regulator identity	HIGH	unknown	unknown	True	UNRESOLVED	47.0	0.0	0.0		0.7427020072937012	0.708875189436243	0.6341629028320312	positive	0.0	13.0	13.0	14.0	0.0009990009990009	0.0051615051615051	1.0	within-candidate mouse-effect sign permutation	0.0	0.0	0.9990009990009991		0.0	False	T-cell knockout/CRISPRi plus CRISPRa or cDNA rescue	CD69/CD137, T-cell effector program and tumor-cell killing	non-targeting guide plus untreated/irrelevant control	receptor-deficient T cells or matched source-cell control	NOT_APPLICABLE	NOT_APPLICABLE	SUPPORTED	SUPPORTED	PARTIALLY_SUPPORTED	MISSING	MISSING	0.5	1.0	1.0	0.6070714999286427	0.0	0.0	0.07142857142857142	0.07142857142857142	0.07142857142857142	0.07142857142857142	0.0	0.0	0.0	0.07135721421435708	0.07142857142857142	0.03571428571428571	0.07142857142857142	0.07142857142857142	0.0	False	2	ASSOCIATION_ONLY	Test necessity and sufficiency; Phase 1.5 is associative.	
				42												RNA-supported				0.0																			False		Nfkbia	intrinsic	T-cell-intrinsic gene/state association	T cell	CD4		1.2896377916681661e-50		0.0	0.0	47	True	False	True	False	True	MODERATE	Nfkbia	CD4	0.5676189289778298	1.9767398454773044e-06	0.122653238184582	1.2896377916681661e-50		False	True	True										True		True	False	True	True	NOT_ASSESSED	0				No external perturbational dataset integrated	NOT_ASSESSED	INTRINSIC|Nfkbia	INTRINSIC|Nfkbia	intrinsic_gene	intrinsic_gene	0.0	1.0	1.0	0.5	0.0	1.0	0.0	1.0	0.0	1.0	INTRINSIC|Nfkbia	same intrinsic regulator	regulator identity	HIGH	unknown	unknown	False	UNRESOLVED	42.0	0.0	0.0		1.75298810005188	1.793948218936012	0.6333084106445312	positive	1.0	1.0	1.0	1.0	0.0009990009990009	0.0051615051615051	1.0	within-candidate mouse-effect sign permutation	1.0	1.0	0.9990009990009991		0.0	False	T-cell knockout/CRISPRi plus CRISPRa or cDNA rescue	CD69/CD137, T-cell effector program and tumor-cell killing	non-targeting guide plus untreated/irrelevant control	receptor-deficient T cells or matched source-cell control	NOT_APPLICABLE	NOT_APPLICABLE	SUPPORTED	SUPPORTED	PARTIALLY_SUPPORTED	MISSING	MISSING	0.5	1.0	1.0	0.6070714999286427	0.0	0.0	0.07142857142857142	0.07142857142857142	0.0	0.07142857142857142	0.0	0.0	0.07142857142857142	0.07135721421435708	0.07142857142857142	0.03571428571428571	0.07142857142857142	0.07142857142857142	0.0	False	2	ASSOCIATION_ONLY	Test necessity and sufficiency; Phase 1.5 is associative.	
				47												RNA+ADT-supported				0.0																			False		Nlk	intrinsic	T-cell-intrinsic gene/state association	T cell	CD4		1.2245094294314826e-34		0.0	0.0	47	True	True	True	False	True	MODERATE	Nlk	CD4	2.086024392178586	0.0003337355990627	5.056158660183512e-07	1.2245094294314826e-34		False	True	True										True		True	False	True	True	NOT_ASSESSED	0				No external perturbational dataset integrated	NOT_ASSESSED	INTRINSIC|Nlk	INTRINSIC|Nlk	intrinsic_gene	intrinsic_gene	0.0	1.0	1.0	0.75	0.0	1.0	1.0	1.0	0.0	1.0	INTRINSIC|Nlk	same intrinsic regulator	regulator identity	HIGH	unknown	unknown	True	UNRESOLVED	47.0	0.0	0.0		-0.4269051551818847	-0.4154368055627701	0.4401848316192627	negative	0.0	18.0	13.0	21.0	0.0009990009990009	0.0051615051615051	1.0	within-candidate mouse-effect sign permutation	0.0	0.0	0.9990009990009991		0.0	False	T-cell knockout/CRISPRi plus CRISPRa or cDNA rescue	CD69/CD137, T-cell effector program and tumor-cell killing	non-targeting guide plus untreated/irrelevant control	receptor-deficient T cells or matched source-cell control	NOT_APPLICABLE	NOT_APPLICABLE	SUPPORTED	SUPPORTED	PARTIALLY_SUPPORTED	MISSING	MISSING	0.5	1.0	1.0	0.6070714999286427	0.0	0.0	0.07142857142857142	0.07142857142857142	0.07142857142857142	0.07142857142857142	0.0	0.0	0.0	0.07135721421435708	0.07142857142857142	0.03571428571428571	0.07142857142857142	0.07142857142857142	0.0	False	2	ASSOCIATION_ONLY	Test necessity and sufficiency; Phase 1.5 is associative.	
				47												RNA+ADT-supported				0.0																			False		Nlk	intrinsic	T-cell-intrinsic gene/state association	T cell	CD8		1.2245094294314826e-34		0.0	0.0	47	True	True	True	False	True	MODERATE	Nlk	CD8	1.2503010407382311	0.000823311663762	1.037549474766855e-05	1.2245094294314826e-34		False	True	True										True		True	False	True	True	NOT_ASSESSED	0				No external perturbational dataset integrated	NOT_ASSESSED	INTRINSIC|Nlk	INTRINSIC|Nlk	intrinsic_gene	intrinsic_gene	0.0	1.0	1.0	0.75	0.0	1.0	1.0	1.0	0.0	1.0	INTRINSIC|Nlk	same intrinsic regulator	regulator identity	HIGH	unknown	unknown	True	UNRESOLVED	47.0	0.0	0.0		-0.4269051551818847	-0.4154368055627701	0.4401848316192627	negative	0.0	18.0	13.0	21.0	0.0009990009990009	0.0051615051615051	1.0	within-candidate mouse-effect sign permutation	0.0	0.0	0.9990009990009991		0.0	False	T-cell knockout/CRISPRi plus CRISPRa or cDNA rescue	CD69/CD137, T-cell effector program and tumor-cell killing	non-targeting guide plus untreated/irrelevant control	receptor-deficient T cells or matched source-cell control	NOT_APPLICABLE	NOT_APPLICABLE	SUPPORTED	SUPPORTED	PARTIALLY_SUPPORTED	MISSING	MISSING	0.5	1.0	1.0	0.6070714999286427	0.0	0.0	0.07142857142857142	0.07142857142857142	0.07142857142857142	0.07142857142857142	0.0	0.0	0.0	0.07135721421435708	0.07142857142857142	0.03571428571428571	0.07142857142857142	0.07142857142857142	0.0	False	2	ASSOCIATION_ONLY	Test necessity and sufficiency; Phase 1.5 is associative.	
				47												RNA-supported				0.0																			False		Nrip1	intrinsic	T-cell-intrinsic gene/state association	T cell	CD8		3.248911791593786e-11		0.0	0.0	47	True	False	True	False	True	MODERATE	Nrip1	CD8	0.0882330245871965	0.0170915510062539	0.5901120381941141	3.248911791593786e-11		False	True	True										True		True	False	True	True	NOT_ASSESSED	0				No external perturbational dataset integrated	NOT_ASSESSED	INTRINSIC|Nrip1	INTRINSIC|Nrip1	intrinsic_gene	intrinsic_gene	0.0	1.0	1.0	0.5	0.0	1.0	0.0	1.0	0.0	1.0	INTRINSIC|Nrip1	same intrinsic regulator	regulator identity	HIGH	unknown	unknown	False	UNRESOLVED	47.0	0.0	0.0		0.7352075576782227	0.5847061644209192	0.6100864410400391	positive	1.0	8.0	7.0	10.0	0.0009990009990009	0.0051615051615051	1.0	within-candidate mouse-effect sign permutation	1.0	1.0	0.9990009990009991		0.0	False	T-cell knockout/CRISPRi plus CRISPRa or cDNA rescue	CD69/CD137, T-cell effector program and tumor-cell killing	non-targeting guide plus untreated/irrelevant control	receptor-deficient T cells or matched source-cell control	NOT_APPLICABLE	NOT_APPLICABLE	SUPPORTED	SUPPORTED	PARTIALLY_SUPPORTED	MISSING	MISSING	0.5	1.0	1.0	0.6070714999286427	0.0	0.0	0.07142857142857142	0.07142857142857142	0.0	0.07142857142857142	0.0	0.0	0.07142857142857142	0.07135721421435708	0.07142857142857142	0.03571428571428571	0.07142857142857142	0.07142857142857142	0.0	False	2	ASSOCIATION_ONLY	Test necessity and sufficiency; Phase 1.5 is associative.	
				42												RNA+ADT-supported				0.0																			False		Osbpl3	intrinsic	T-cell-intrinsic gene/state association	T cell	CD4		7.570907299836613e-47		0.0	0.0	47	True	True	True	False	True	MODERATE	Osbpl3	CD4	3.3019605397434644	0.0005014715279584	5.056158660183512e-07	7.570907299836613e-47		False	True	True										True		True	False	True	True	NOT_ASSESSED	0				No external perturbational dataset integrated	NOT_ASSESSED	INTRINSIC|Osbpl3	INTRINSIC|Osbpl3	intrinsic_gene	intrinsic_gene	0.0	1.0	1.0	0.75	0.0	1.0	1.0	1.0	0.0	1.0	INTRINSIC|Osbpl3	same intrinsic regulator	regulator identity	HIGH	unknown	unknown	True	UNRESOLVED	42.0	0.0	0.0		0.3197908401489258	0.3392937013081142	0.4621790647506714	positive	0.0	19.0	15.0	21.0	0.0009990009990009	0.0051615051615051	1.0	within-candidate mouse-effect sign permutation	0.0	0.0	0.9990009990009991		0.0	False	T-cell knockout/CRISPRi plus CRISPRa or cDNA rescue	CD69/CD137, T-cell effector program and tumor-cell killing	non-targeting guide plus untreated/irrelevant control	receptor-deficient T cells or matched source-cell control	NOT_APPLICABLE	NOT_APPLICABLE	SUPPORTED	SUPPORTED	PARTIALLY_SUPPORTED	MISSING	MISSING	0.5	1.0	1.0	0.6070714999286427	0.0	0.0	0.07142857142857142	0.07142857142857142	0.07142857142857142	0.07142857142857142	0.0	0.0	0.0	0.07135721421435708	0.07142857142857142	0.03571428571428571	0.07142857142857142	0.07142857142857142	0.0	False	2	ASSOCIATION_ONLY	Test necessity and sufficiency; Phase 1.5 is associative.	
				42												RNA+ADT-supported				0.0																			False		Osbpl3	intrinsic	T-cell-intrinsic gene/state association	T cell	CD8		7.570907299836613e-47		0.0	0.0	47	True	True	True	False	True	MODERATE	Osbpl3	CD8	0.8099911448469984	0.0149678896493815	0.0005742270803026	7.570907299836613e-47		False	True	True										True		True	False	True	True	NOT_ASSESSED	0				No external perturbational dataset integrated	NOT_ASSESSED	INTRINSIC|Osbpl3	INTRINSIC|Osbpl3	intrinsic_gene	intrinsic_gene	0.0	1.0	1.0	0.75	0.0	1.0	1.0	1.0	0.0	1.0	INTRINSIC|Osbpl3	same intrinsic regulator	regulator identity	HIGH	unknown	unknown	True	UNRESOLVED	42.0	0.0	0.0		0.3197908401489258	0.3392937013081142	0.4621790647506714	positive	0.0	19.0	15.0	21.0	0.0009990009990009	0.0051615051615051	1.0	within-candidate mouse-effect sign permutation	0.0	0.0	0.9990009990009991		0.0	False	T-cell knockout/CRISPRi plus CRISPRa or cDNA rescue	CD69/CD137, T-cell effector program and tumor-cell killing	non-targeting guide plus untreated/irrelevant control	receptor-deficient T cells or matched source-cell control	NOT_APPLICABLE	NOT_APPLICABLE	SUPPORTED	SUPPORTED	PARTIALLY_SUPPORTED	MISSING	MISSING	0.5	1.0	1.0	0.6070714999286427	0.0	0.0	0.07142857142857142	0.07142857142857142	0.07142857142857142	0.07142857142857142	0.0	0.0	0.0	0.07135721421435708	0.07142857142857142	0.03571428571428571	0.07142857142857142	0.07142857142857142	0.0	False	2	ASSOCIATION_ONLY	Test necessity and sufficiency; Phase 1.5 is associative.	
				47												RNA+ADT-supported				0.0																			False		Spry1	intrinsic	T-cell-intrinsic gene/state association	T cell	CD4		2.628578675873934e-61		0.0	0.0	47	True	True	True	False	True	MODERATE	Spry1	CD4	0.0	0.0055324265768311	0.0068418749342514	2.628578675873934e-61		False	True	True										True		True	False	True	True	NOT_ASSESSED	0				No external perturbational dataset integrated	NOT_ASSESSED	INTRINSIC|Spry1	INTRINSIC|Spry1	intrinsic_gene	intrinsic_gene	0.0	1.0	1.0	0.75	0.0	1.0	1.0	1.0	0.0	1.0	INTRINSIC|Spry1	same intrinsic regulator	regulator identity	HIGH	unknown	unknown	True	UNRESOLVED	47.0	0.0	0.0		1.0403380393981934	1.0936454509166962	1.863619685173035	positive	0.0	38.0	27.0	42.0	0.0009990009990009	0.0051615051615051	1.0	within-candidate mouse-effect sign permutation	0.0	0.0	0.9990009990009991		0.0	False	T-cell knockout/CRISPRi plus CRISPRa or cDNA rescue	CD69/CD137, T-cell effector program and tumor-cell killing	non-targeting guide plus untreated/irrelevant control	receptor-deficient T cells or matched source-cell control	NOT_APPLICABLE	NOT_APPLICABLE	SUPPORTED	SUPPORTED	PARTIALLY_SUPPORTED	MISSING	MISSING	0.5	1.0	1.0	0.6070714999286427	0.0	0.0	0.07142857142857142	0.07142857142857142	0.07142857142857142	0.07142857142857142	0.0	0.0	0.0	0.07135721421435708	0.07142857142857142	0.03571428571428571	0.07142857142857142	0.07142857142857142	0.0	False	2	ASSOCIATION_ONLY	Test necessity and sufficiency; Phase 1.5 is associative.	
				47												RNA+ADT-supported				0.0																			False		Spry1	intrinsic	T-cell-intrinsic gene/state association	T cell	CD8		2.628578675873934e-61		0.0	0.0	47	True	True	True	False	True	MODERATE	Spry1	CD8	2.224477618848571	0.0006991802634684	0.0082207775336688	2.628578675873934e-61		False	True	True										True		True	False	True	True	NOT_ASSESSED	0				No external perturbational dataset integrated	NOT_ASSESSED	INTRINSIC|Spry1	INTRINSIC|Spry1	intrinsic_gene	intrinsic_gene	0.0	1.0	1.0	0.75	0.0	1.0	1.0	1.0	0.0	1.0	INTRINSIC|Spry1	same intrinsic regulator	regulator identity	HIGH	unknown	unknown	True	UNRESOLVED	47.0	0.0	0.0		1.0403380393981934	1.0936454509166962	1.863619685173035	positive	0.0	38.0	27.0	42.0	0.0009990009990009	0.0051615051615051	1.0	within-candidate mouse-effect sign permutation	0.0	0.0	0.9990009990009991		0.0	False	T-cell knockout/CRISPRi plus CRISPRa or cDNA rescue	CD69/CD137, T-cell effector program and tumor-cell killing	non-targeting guide plus untreated/irrelevant control	receptor-deficient T cells or matched source-cell control	NOT_APPLICABLE	NOT_APPLICABLE	SUPPORTED	SUPPORTED	PARTIALLY_SUPPORTED	MISSING	MISSING	0.5	1.0	1.0	0.6070714999286427	0.0	0.0	0.07142857142857142	0.07142857142857142	0.07142857142857142	0.07142857142857142	0.0	0.0	0.0	0.07135721421435708	0.07142857142857142	0.03571428571428571	0.07142857142857142	0.07142857142857142	0.0	False	2	ASSOCIATION_ONLY	Test necessity and sufficiency; Phase 1.5 is associative.	
				42												RNA+ADT-supported				0.0																			False		Srgap3	intrinsic	T-cell-intrinsic gene/state association	T cell	CD8		2.630027476389842e-28		0.0	0.0	47	True	True	True	False	True	MODERATE	Srgap3	CD8	1.2151918075647594	0.0027063357473544	0.008366717775563	2.630027476389842e-28		False	True	True										True		True	False	True	True	NOT_ASSESSED	0				No external perturbational dataset integrated	NOT_ASSESSED	INTRINSIC|Srgap3	INTRINSIC|Srgap3	intrinsic_gene	intrinsic_gene	0.0	1.0	1.0	0.75	0.0	1.0	1.0	1.0	0.0	1.0	INTRINSIC|Srgap3	same intrinsic regulator	regulator identity	HIGH	unknown	unknown	True	UNRESOLVED	42.0	0.0	0.0		0.5232186317443848	1.054014728182838	1.2655367255210876	positive	0.0	19.0	15.0	22.0	0.0009990009990009	0.0051615051615051	1.0	within-candidate mouse-effect sign permutation	0.0	0.0	0.9990009990009991		0.0	False	T-cell knockout/CRISPRi plus CRISPRa or cDNA rescue	CD69/CD137, T-cell effector program and tumor-cell killing	non-targeting guide plus untreated/irrelevant control	receptor-deficient T cells or matched source-cell control	NOT_APPLICABLE	NOT_APPLICABLE	SUPPORTED	SUPPORTED	PARTIALLY_SUPPORTED	MISSING	MISSING	0.5	1.0	1.0	0.6070714999286427	0.0	0.0	0.07142857142857142	0.07142857142857142	0.07142857142857142	0.07142857142857142	0.0	0.0	0.0	0.07135721421435708	0.07142857142857142	0.03571428571428571	0.07142857142857142	0.07142857142857142	0.0	False	2	ASSOCIATION_ONLY	Test necessity and sufficiency; Phase 1.5 is associative.	
				47												RNA+ADT-supported				0.0																			False		St3gal1	intrinsic	T-cell-intrinsic gene/state association	T cell	CD4		5.403399654306748e-28		0.0	0.0	47	True	True	True	False	True	MODERATE	St3gal1	CD4	1.585245670426298	0.0005191793775728	0.0007828946322314	5.403399654306748e-28		False	True	True										True		True	False	True	True	NOT_ASSESSED	0				No external perturbational dataset integrated	NOT_ASSESSED	INTRINSIC|St3gal1	INTRINSIC|St3gal1	intrinsic_gene	intrinsic_gene	0.0	1.0	1.0	0.75	0.0	1.0	1.0	1.0	0.0	1.0	INTRINSIC|St3gal1	same intrinsic regulator	regulator identity	HIGH	unknown	unknown	True	UNRESOLVED	47.0	0.0	0.0		0.8189201354980469	0.9495782446353992	0.979334592819214	positive	0.0	13.0	13.0	14.0	0.0009990009990009	0.0051615051615051	1.0	within-candidate mouse-effect sign permutation	0.0	0.0	0.9990009990009991		0.0	False	T-cell knockout/CRISPRi plus CRISPRa or cDNA rescue	CD69/CD137, T-cell effector program and tumor-cell killing	non-targeting guide plus untreated/irrelevant control	receptor-deficient T cells or matched source-cell control	NOT_APPLICABLE	NOT_APPLICABLE	SUPPORTED	SUPPORTED	PARTIALLY_SUPPORTED	MISSING	MISSING	0.5	1.0	1.0	0.6070714999286427	0.0	0.0	0.07142857142857142	0.07142857142857142	0.07142857142857142	0.07142857142857142	0.0	0.0	0.0	0.07135721421435708	0.07142857142857142	0.03571428571428571	0.07142857142857142	0.07142857142857142	0.0	False	2	ASSOCIATION_ONLY	Test necessity and sufficiency; Phase 1.5 is associative.	
				47												RNA+ADT-supported				0.0																			False		St3gal1	intrinsic	T-cell-intrinsic gene/state association	T cell	CD8		5.403399654306748e-28		0.0	0.0	47	True	True	True	False	True	MODERATE	St3gal1	CD8	1.1696299725876975	3.562858915785646e-05	0.0173249061812725	5.403399654306748e-28		False	True	True										True		True	False	True	True	NOT_ASSESSED	0				No external perturbational dataset integrated	NOT_ASSESSED	INTRINSIC|St3gal1	INTRINSIC|St3gal1	intrinsic_gene	intrinsic_gene	0.0	1.0	1.0	0.75	0.0	1.0	1.0	1.0	0.0	1.0	INTRINSIC|St3gal1	same intrinsic regulator	regulator identity	HIGH	unknown	unknown	True	UNRESOLVED	47.0	0.0	0.0		0.8189201354980469	0.9495782446353992	0.979334592819214	positive	0.0	13.0	13.0	14.0	0.0009990009990009	0.0051615051615051	1.0	within-candidate mouse-effect sign permutation	0.0	0.0	0.9990009990009991		0.0	False	T-cell knockout/CRISPRi plus CRISPRa or cDNA rescue	CD69/CD137, T-cell effector program and tumor-cell killing	non-targeting guide plus untreated/irrelevant control	receptor-deficient T cells or matched source-cell control	NOT_APPLICABLE	NOT_APPLICABLE	SUPPORTED	SUPPORTED	PARTIALLY_SUPPORTED	MISSING	MISSING	0.5	1.0	1.0	0.6070714999286427	0.0	0.0	0.07142857142857142	0.07142857142857142	0.07142857142857142	0.07142857142857142	0.0	0.0	0.0	0.07135721421435708	0.07142857142857142	0.03571428571428571	0.07142857142857142	0.07142857142857142	0.0	False	2	ASSOCIATION_ONLY	Test necessity and sufficiency; Phase 1.5 is associative.	
				42												RNA+ADT-supported				0.0																			False		Trps1	intrinsic	T-cell-intrinsic gene/state association	T cell	CD4		5.871801662911536e-38		0.0	0.0	47	True	True	True	False	True	MODERATE	Trps1	CD4	0.4150757123660082	0.0168050378280772	0.0018024600152116	5.871801662911536e-38		False	True	True										True		True	False	True	True	NOT_ASSESSED	0				No external perturbational dataset integrated	NOT_ASSESSED	INTRINSIC|Trps1	INTRINSIC|Trps1	intrinsic_gene	intrinsic_gene	0.0	1.0	1.0	0.75	0.0	1.0	1.0	1.0	0.0	1.0	INTRINSIC|Trps1	same intrinsic regulator	regulator identity	HIGH	unknown	unknown	True	UNRESOLVED	42.0	0.0	0.0		0.4081180095672607	0.3684154465084984	0.5105905532836914	positive	0.0	19.0	15.0	22.0	0.0009990009990009	0.0051615051615051	1.0	within-candidate mouse-effect sign permutation	0.0	0.0	0.9990009990009991		0.0	False	T-cell knockout/CRISPRi plus CRISPRa or cDNA rescue	CD69/CD137, T-cell effector program and tumor-cell killing	non-targeting guide plus untreated/irrelevant control	receptor-deficient T cells or matched source-cell control	NOT_APPLICABLE	NOT_APPLICABLE	SUPPORTED	SUPPORTED	PARTIALLY_SUPPORTED	MISSING	MISSING	0.5	1.0	1.0	0.6070714999286427	0.0	0.0	0.07142857142857142	0.07142857142857142	0.07142857142857142	0.07142857142857142	0.0	0.0	0.0	0.07135721421435708	0.07142857142857142	0.03571428571428571	0.07142857142857142	0.07142857142857142	0.0	False	2	ASSOCIATION_ONLY	Test necessity and sufficiency; Phase 1.5 is associative.	
				42												RNA+ADT-supported				0.0																			False		Trps1	intrinsic	T-cell-intrinsic gene/state association	T cell	CD8		5.871801662911536e-38		0.0	0.0	47	True	True	True	False	True	MODERATE	Trps1	CD8	0.7830549313043038	0.0113339185968069	0.0011489214560295	5.871801662911536e-38		False	True	True										True		True	False	True	True	NOT_ASSESSED	0				No external perturbational dataset integrated	NOT_ASSESSED	INTRINSIC|Trps1	INTRINSIC|Trps1	intrinsic_gene	intrinsic_gene	0.0	1.0	1.0	0.75	0.0	1.0	1.0	1.0	0.0	1.0	INTRINSIC|Trps1	same intrinsic regulator	regulator identity	HIGH	unknown	unknown	True	UNRESOLVED	42.0	0.0	0.0		0.4081180095672607	0.3684154465084984	0.5105905532836914	positive	0.0	19.0	15.0	22.0	0.0009990009990009	0.0051615051615051	1.0	within-candidate mouse-effect sign permutation	0.0	0.0	0.9990009990009991		0.0	False	T-cell knockout/CRISPRi plus CRISPRa or cDNA rescue	CD69/CD137, T-cell effector program and tumor-cell killing	non-targeting guide plus untreated/irrelevant control	receptor-deficient T cells or matched source-cell control	NOT_APPLICABLE	NOT_APPLICABLE	SUPPORTED	SUPPORTED	PARTIALLY_SUPPORTED	MISSING	MISSING	0.5	1.0	1.0	0.6070714999286427	0.0	0.0	0.07142857142857142	0.07142857142857142	0.07142857142857142	0.07142857142857142	0.0	0.0	0.0	0.07135721421435708	0.07142857142857142	0.03571428571428571	0.07142857142857142	0.07142857142857142	0.0	False	2	ASSOCIATION_ONLY	Test necessity and sufficiency; Phase 1.5 is associative.	
				42												RNA+ADT-supported				0.0																			False		Tsc22d3	intrinsic	T-cell-intrinsic gene/state association	T cell	CD4		2.9122911025206626e-52		0.0	0.0	47	True	True	True	False	True	MODERATE	Tsc22d3	CD4	0.0	2.4131029127556964e-05	9.271477934940962e-06	2.9122911025206626e-52		False	True	True										True		True	False	True	True	NOT_ASSESSED	0				No external perturbational dataset integrated	NOT_ASSESSED	INTRINSIC|Tsc22d3	INTRINSIC|Tsc22d3	intrinsic_gene	intrinsic_gene	0.0	1.0	1.0	0.75	0.0	1.0	1.0	1.0	0.0	1.0	INTRINSIC|Tsc22d3	same intrinsic regulator	regulator identity	HIGH	unknown	unknown	True	UNRESOLVED	42.0	0.0	0.0		0.5301661491394043	0.4683327561333066	0.8482295274734497	positive	0.0	26.0	18.0	28.0	0.0009990009990009	0.0051615051615051	1.0	within-candidate mouse-effect sign permutation	0.0	0.0	0.9990009990009991		0.0	False	T-cell knockout/CRISPRi plus CRISPRa or cDNA rescue	CD69/CD137, T-cell effector program and tumor-cell killing	non-targeting guide plus untreated/irrelevant control	receptor-deficient T cells or matched source-cell control	NOT_APPLICABLE	NOT_APPLICABLE	SUPPORTED	SUPPORTED	PARTIALLY_SUPPORTED	MISSING	MISSING	0.5	1.0	1.0	0.6070714999286427	0.0	0.0	0.07142857142857142	0.07142857142857142	0.07142857142857142	0.07142857142857142	0.0	0.0	0.0	0.07135721421435708	0.07142857142857142	0.03571428571428571	0.07142857142857142	0.07142857142857142	0.0	False	2	ASSOCIATION_ONLY	Test necessity and sufficiency; Phase 1.5 is associative.	
				42												RNA+ADT-supported				0.0																			False		Tsc22d3	intrinsic	T-cell-intrinsic gene/state association	T cell	CD8		2.9122911025206626e-52		0.0	0.0	47	True	True	True	False	True	MODERATE	Tsc22d3	CD8	0.0	0.0125631427505549	9.808680415928092e-06	2.9122911025206626e-52		False	True	True										True		True	False	True	True	NOT_ASSESSED	0				No external perturbational dataset integrated	NOT_ASSESSED	INTRINSIC|Tsc22d3	INTRINSIC|Tsc22d3	intrinsic_gene	intrinsic_gene	0.0	1.0	1.0	0.75	0.0	1.0	1.0	1.0	0.0	1.0	INTRINSIC|Tsc22d3	same intrinsic regulator	regulator identity	HIGH	unknown	unknown	True	UNRESOLVED	42.0	0.0	0.0		0.5301661491394043	0.4683327561333066	0.8482295274734497	positive	0.0	26.0	18.0	28.0	0.0009990009990009	0.0051615051615051	1.0	within-candidate mouse-effect sign permutation	0.0	0.0	0.9990009990009991		0.0	False	T-cell knockout/CRISPRi plus CRISPRa or cDNA rescue	CD69/CD137, T-cell effector program and tumor-cell killing	non-targeting guide plus untreated/irrelevant control	receptor-deficient T cells or matched source-cell control	NOT_APPLICABLE	NOT_APPLICABLE	SUPPORTED	SUPPORTED	PARTIALLY_SUPPORTED	MISSING	MISSING	0.5	1.0	1.0	0.6070714999286427	0.0	0.0	0.07142857142857142	0.07142857142857142	0.07142857142857142	0.07142857142857142	0.0	0.0	0.0	0.07135721421435708	0.07142857142857142	0.03571428571428571	0.07142857142857142	0.07142857142857142	0.0	False	2	ASSOCIATION_ONLY	Test necessity and sufficiency; Phase 1.5 is associative.	
				42												RNA+ADT-supported				0.0																			False		Txnip	intrinsic	T-cell-intrinsic gene/state association	T cell	CD4		1.2035187402547976e-37		0.0	0.0	47	True	True	True	False	True	MODERATE	Txnip	CD4	1.4561525030560296	0.0008086372174446	9.271477934940962e-06	1.2035187402547976e-37		False	True	True										True		True	False	True	True	NOT_ASSESSED	0				No external perturbational dataset integrated	NOT_ASSESSED	INTRINSIC|Txnip	INTRINSIC|Txnip	intrinsic_gene	intrinsic_gene	0.0	1.0	1.0	0.75	0.0	1.0	1.0	1.0	0.0	1.0	INTRINSIC|Txnip	same intrinsic regulator	regulator identity	HIGH	unknown	unknown	True	UNRESOLVED	42.0	0.0	0.0		-0.5891411304473877	-0.6727389948708671	0.929901361465454	negative	0.0	19.0	15.0	22.0	0.0009990009990009	0.0051615051615051	1.0	within-candidate mouse-effect sign permutation	0.0	0.0	0.9990009990009991		0.0	False	T-cell knockout/CRISPRi plus CRISPRa or cDNA rescue	CD69/CD137, T-cell effector program and tumor-cell killing	non-targeting guide plus untreated/irrelevant control	receptor-deficient T cells or matched source-cell control	NOT_APPLICABLE	NOT_APPLICABLE	SUPPORTED	SUPPORTED	PARTIALLY_SUPPORTED	MISSING	MISSING	0.5	1.0	1.0	0.6070714999286427	0.0	0.0	0.07142857142857142	0.07142857142857142	0.07142857142857142	0.07142857142857142	0.0	0.0	0.0	0.07135721421435708	0.07142857142857142	0.03571428571428571	0.07142857142857142	0.07142857142857142	0.0	False	2	ASSOCIATION_ONLY	Test necessity and sufficiency; Phase 1.5 is associative.	
				42												RNA+ADT-supported				0.0																			False		Txnip	intrinsic	T-cell-intrinsic gene/state association	T cell	CD8		1.2035187402547976e-37		0.0	0.0	47	True	True	True	False	True	MODERATE	Txnip	CD8	2.3968634233769	0.0010033052268144	7.273799568216233e-06	1.2035187402547976e-37		False	True	True										True		True	False	True	True	NOT_ASSESSED	0				No external perturbational dataset integrated	NOT_ASSESSED	INTRINSIC|Txnip	INTRINSIC|Txnip	intrinsic_gene	intrinsic_gene	0.0	1.0	1.0	0.75	0.0	1.0	1.0	1.0	0.0	1.0	INTRINSIC|Txnip	same intrinsic regulator	regulator identity	HIGH	unknown	unknown	True	UNRESOLVED	42.0	0.0	0.0		-0.5891411304473877	-0.6727389948708671	0.929901361465454	negative	0.0	19.0	15.0	22.0	0.0009990009990009	0.0051615051615051	1.0	within-candidate mouse-effect sign permutation	0.0	0.0	0.9990009990009991		0.0	False	T-cell knockout/CRISPRi plus CRISPRa or cDNA rescue	CD69/CD137, T-cell effector program and tumor-cell killing	non-targeting guide plus untreated/irrelevant control	receptor-deficient T cells or matched source-cell control	NOT_APPLICABLE	NOT_APPLICABLE	SUPPORTED	SUPPORTED	PARTIALLY_SUPPORTED	MISSING	MISSING	0.5	1.0	1.0	0.6070714999286427	0.0	0.0	0.07142857142857142	0.07142857142857142	0.07142857142857142	0.07142857142857142	0.0	0.0	0.0	0.07135721421435708	0.07142857142857142	0.03571428571428571	0.07142857142857142	0.07142857142857142	0.0	False	2	ASSOCIATION_ONLY	Test necessity and sufficiency; Phase 1.5 is associative.	
				47												RNA+ADT-supported				0.0																			False		Fam49a	intrinsic	T-cell-intrinsic gene/state association	T cell	CD4		1.7037295248139387e-11		0.0	0.0	47	True	True	True	False	True	MODERATE	Fam49a	CD4	1.803589542217058	0.0345701184826252	1.0506978855885587e-06	1.7037295248139387e-11		False	True	True										True		True	False	True	True	NOT_ASSESSED	0				No external perturbational dataset integrated	NOT_ASSESSED	INTRINSIC|Fam49a	INTRINSIC|Fam49a	intrinsic_gene	intrinsic_gene	0.0	1.0	1.0	0.75	0.0	1.0	1.0	1.0	0.0	1.0	INTRINSIC|Fam49a	same intrinsic regulator	regulator identity	HIGH	unknown	unknown	True	UNRESOLVED	47.0	0.0	0.0		-0.4848475456237793	-0.3910642989138339	0.936049222946167	negative	0.0	38.0	28.0	40.0	0.0019980019980019	0.008078877644095	0.999	within-candidate mouse-effect sign permutation	0.0	0.0	0.9980019980019981		0.0	False	T-cell knockout/CRISPRi plus CRISPRa or cDNA rescue	CD69/CD137, T-cell effector program and tumor-cell killing	non-targeting guide plus untreated/irrelevant control	receptor-deficient T cells or matched source-cell control	NOT_APPLICABLE	NOT_APPLICABLE	SUPPORTED	SUPPORTED	PARTIALLY_SUPPORTED	MISSING	MISSING	0.5	1.0	1.0	0.6070001427144284	0.0	0.0	0.07142857142857142	0.07142857142857142	0.07142857142857142	0.07142857142857142	0.0	0.0	0.0	0.07128585700014271	0.07142857142857142	0.03571428571428571	0.07142857142857142	0.07142857142857142	0.0	False	2	ASSOCIATION_ONLY	Test necessity and sufficiency; Phase 1.5 is associative.	
				47												RNA+ADT-supported				0.0																			False		Fam69a	intrinsic	T-cell-intrinsic gene/state association	T cell	CD4		1.4887952676177726e-17		0.0	0.0	47	True	True	True	False	True	MODERATE	Fam69a	CD4	2.5095461084125996	0.0044818971974733	5.056158660183512e-07	1.4887952676177726e-17		False	True	True										True		True	False	True	True	NOT_ASSESSED	0				No external perturbational dataset integrated	NOT_ASSESSED	INTRINSIC|Fam69a	INTRINSIC|Fam69a	intrinsic_gene	intrinsic_gene	0.0	1.0	1.0	0.75	0.0	1.0	1.0	1.0	0.0	1.0	INTRINSIC|Fam69a	same intrinsic regulator	regulator identity	HIGH	unknown	unknown	True	UNRESOLVED	47.0	0.0	0.0		-0.5805964469909668	-0.4651469271233741	0.7265393733978271	negative	0.0	24.0	17.0	25.0	0.0019980019980019	0.008078877644095	1.0	within-candidate mouse-effect sign permutation	0.0	0.0	0.9980019980019981		0.0	False	T-cell knockout/CRISPRi plus CRISPRa or cDNA rescue	CD69/CD137, T-cell effector program and tumor-cell killing	non-targeting guide plus untreated/irrelevant control	receptor-deficient T cells or matched source-cell control	NOT_APPLICABLE	NOT_APPLICABLE	SUPPORTED	SUPPORTED	PARTIALLY_SUPPORTED	MISSING	MISSING	0.5	1.0	1.0	0.6070001427144284	0.0	0.0	0.07142857142857142	0.07142857142857142	0.07142857142857142	0.07142857142857142	0.0	0.0	0.0	0.07128585700014271	0.07142857142857142	0.03571428571428571	0.07142857142857142	0.07142857142857142	0.0	False	2	ASSOCIATION_ONLY	Test necessity and sufficiency; Phase 1.5 is associative.	
				47												RNA+ADT-supported				0.0																			False		Fam69a	intrinsic	T-cell-intrinsic gene/state association	T cell	CD8		1.4887952676177726e-17		0.0	0.0	47	True	True	True	False	True	MODERATE	Fam69a	CD8	2.4508225213134613	0.0002520084989631	6.8649516200110315e-06	1.4887952676177726e-17		False	True	True										True		True	False	True	True	NOT_ASSESSED	0				No external perturbational dataset integrated	NOT_ASSESSED	INTRINSIC|Fam69a	INTRINSIC|Fam69a	intrinsic_gene	intrinsic_gene	0.0	1.0	1.0	0.75	0.0	1.0	1.0	1.0	0.0	1.0	INTRINSIC|Fam69a	same intrinsic regulator	regulator identity	HIGH	unknown	unknown	True	UNRESOLVED	47.0	0.0	0.0		-0.5805964469909668	-0.4651469271233741	0.7265393733978271	negative	0.0	24.0	17.0	25.0	0.0019980019980019	0.008078877644095	1.0	within-candidate mouse-effect sign permutation	0.0	0.0	0.9980019980019981		0.0	False	T-cell knockout/CRISPRi plus CRISPRa or cDNA rescue	CD69/CD137, T-cell effector program and tumor-cell killing	non-targeting guide plus untreated/irrelevant control	receptor-deficient T cells or matched source-cell control	NOT_APPLICABLE	NOT_APPLICABLE	SUPPORTED	SUPPORTED	PARTIALLY_SUPPORTED	MISSING	MISSING	0.5	1.0	1.0	0.6070001427144284	0.0	0.0	0.07142857142857142	0.07142857142857142	0.07142857142857142	0.07142857142857142	0.0	0.0	0.0	0.07128585700014271	0.07142857142857142	0.03571428571428571	0.07142857142857142	0.07142857142857142	0.0	False	2	ASSOCIATION_ONLY	Test necessity and sufficiency; Phase 1.5 is associative.	
				47												RNA+ADT-supported				0.0																			False		Mctp2	intrinsic	T-cell-intrinsic gene/state association	T cell	CD4		9.853154829686656e-36		0.0	0.0	47	True	True	True	False	True	MODERATE	Mctp2	CD4	1.834743257512134	0.0017379246539948	4.005009640210779e-06	9.853154829686656e-36		False	True	True										True		True	False	True	True	NOT_ASSESSED	0				No external perturbational dataset integrated	NOT_ASSESSED	INTRINSIC|Mctp2	INTRINSIC|Mctp2	intrinsic_gene	intrinsic_gene	0.0	1.0	1.0	0.75	0.0	1.0	1.0	1.0	0.0	1.0	INTRINSIC|Mctp2	same intrinsic regulator	regulator identity	HIGH	unknown	unknown	True	UNRESOLVED	47.0	0.0	0.0		-0.4498372077941894	-0.6529086599958703	0.9808859825134276	negative	0.0	25.0	24.0	26.0	0.0019980019980019	0.008078877644095	1.0	within-candidate mouse-effect sign permutation	0.0	0.0	0.9980019980019981		0.0	False	T-cell knockout/CRISPRi plus CRISPRa or cDNA rescue	CD69/CD137, T-cell effector program and tumor-cell killing	non-targeting guide plus untreated/irrelevant control	receptor-deficient T cells or matched source-cell control	NOT_APPLICABLE	NOT_APPLICABLE	SUPPORTED	SUPPORTED	PARTIALLY_SUPPORTED	MISSING	MISSING	0.5	1.0	1.0	0.6070001427144284	0.0	0.0	0.07142857142857142	0.07142857142857142	0.07142857142857142	0.07142857142857142	0.0	0.0	0.0	0.07128585700014271	0.07142857142857142	0.03571428571428571	0.07142857142857142	0.07142857142857142	0.0	False	2	ASSOCIATION_ONLY	Test necessity and sufficiency; Phase 1.5 is associative.	
				47												RNA+ADT-supported				0.0																			False		Mfsd6	intrinsic	T-cell-intrinsic gene/state association	T cell	CD4		5.474299588672533e-25		0.0	0.0	47	True	True	True	False	True	MODERATE	Mfsd6	CD4	2.3061701693483903	0.0054467506716578	5.056158660183512e-07	5.474299588672533e-25		False	True	True										True		True	False	True	True	NOT_ASSESSED	0				No external perturbational dataset integrated	NOT_ASSESSED	INTRINSIC|Mfsd6	INTRINSIC|Mfsd6	intrinsic_gene	intrinsic_gene	0.0	1.0	1.0	0.75	0.0	1.0	1.0	1.0	0.0	1.0	INTRINSIC|Mfsd6	same intrinsic regulator	regulator identity	HIGH	unknown	unknown	True	UNRESOLVED	47.0	0.0	0.0		-0.5388221740722656	-0.4538698957321491	0.8775913715362549	negative	0.0	28.0	25.0	33.0	0.0019980019980019	0.008078877644095	1.0	within-candidate mouse-effect sign permutation	0.0	0.0	0.9980019980019981		0.0	False	T-cell knockout/CRISPRi plus CRISPRa or cDNA rescue	CD69/CD137, T-cell effector program and tumor-cell killing	non-targeting guide plus untreated/irrelevant control	receptor-deficient T cells or matched source-cell control	NOT_APPLICABLE	NOT_APPLICABLE	SUPPORTED	SUPPORTED	PARTIALLY_SUPPORTED	MISSING	MISSING	0.5	1.0	1.0	0.6070001427144284	0.0	0.0	0.07142857142857142	0.07142857142857142	0.07142857142857142	0.07142857142857142	0.0	0.0	0.0	0.07128585700014271	0.07142857142857142	0.03571428571428571	0.07142857142857142	0.07142857142857142	0.0	False	2	ASSOCIATION_ONLY	Test necessity and sufficiency; Phase 1.5 is associative.	
				42												RNA+ADT-supported				0.0																			False		Pacs1	intrinsic	T-cell-intrinsic gene/state association	T cell	CD8		4.7735483366791784e-30		0.0	0.0	47	True	True	True	False	True	MODERATE	Pacs1	CD8	0.516521503560185	0.0276424261736073	2.5352522498086864e-05	4.7735483366791784e-30		False	True	True										True		True	False	True	True	NOT_ASSESSED	0				No external perturbational dataset integrated	NOT_ASSESSED	INTRINSIC|Pacs1	INTRINSIC|Pacs1	intrinsic_gene	intrinsic_gene	0.0	1.0	1.0	0.75	0.0	1.0	1.0	1.0	0.0	1.0	INTRINSIC|Pacs1	same intrinsic regulator	regulator identity	HIGH	unknown	unknown	True	UNRESOLVED	42.0	0.0	0.0		-0.1678543090820312	-0.2737221604301816	0.5787404775619507	negative	0.0	31.0	26.0	35.0	0.0019980019980019	0.008078877644095	0.999	within-candidate mouse-effect sign permutation	0.0	0.0	0.9980019980019981		0.0	False	T-cell knockout/CRISPRi plus CRISPRa or cDNA rescue	CD69/CD137, T-cell effector program and tumor-cell killing	non-targeting guide plus untreated/irrelevant control	receptor-deficient T cells or matched source-cell control	NOT_APPLICABLE	NOT_APPLICABLE	SUPPORTED	SUPPORTED	PARTIALLY_SUPPORTED	MISSING	MISSING	0.5	1.0	1.0	0.6070001427144284	0.0	0.0	0.07142857142857142	0.07142857142857142	0.07142857142857142	0.07142857142857142	0.0	0.0	0.0	0.07128585700014271	0.07142857142857142	0.03571428571428571	0.07142857142857142	0.07142857142857142	0.0	False	2	ASSOCIATION_ONLY	Test necessity and sufficiency; Phase 1.5 is associative.	
				47												RNA+ADT-supported				0.0																			False		Parp14	intrinsic	T-cell-intrinsic gene/state association	T cell	CD4		3.3572531413624187e-35		0.0	0.0	47	True	True	True	False	True	MODERATE	Parp14	CD4	0.0	0.0279355761619138	0.0274052258298071	3.3572531413624187e-35		False	True	True										True		True	False	True	True	NOT_ASSESSED	0				No external perturbational dataset integrated	NOT_ASSESSED	INTRINSIC|Parp14	INTRINSIC|Parp14	intrinsic_gene	intrinsic_gene	0.0	1.0	1.0	0.75	0.0	1.0	1.0	1.0	0.0	1.0	INTRINSIC|Parp14	same intrinsic regulator	regulator identity	HIGH	unknown	unknown	True	UNRESOLVED	47.0	0.0	0.0		0.2671985626220703	0.3092155253633539	0.6094512939453125	positive	0.0	38.0	27.0	40.0	0.0019980019980019	0.008078877644095	1.0	within-candidate mouse-effect sign permutation	0.0	0.0	0.9980019980019981		0.0	False	T-cell knockout/CRISPRi plus CRISPRa or cDNA rescue	CD69/CD137, T-cell effector program and tumor-cell killing	non-targeting guide plus untreated/irrelevant control	receptor-deficient T cells or matched source-cell control	NOT_APPLICABLE	NOT_APPLICABLE	SUPPORTED	SUPPORTED	PARTIALLY_SUPPORTED	MISSING	MISSING	0.5	1.0	1.0	0.6070001427144284	0.0	0.0	0.07142857142857142	0.07142857142857142	0.07142857142857142	0.07142857142857142	0.0	0.0	0.0	0.07128585700014271	0.07142857142857142	0.03571428571428571	0.07142857142857142	0.07142857142857142	0.0	False	2	ASSOCIATION_ONLY	Test necessity and sufficiency; Phase 1.5 is associative.	
				47												RNA+ADT-supported				0.0																			False		Ugcg	intrinsic	T-cell-intrinsic gene/state association	T cell	CD4		3.4379109107386527e-29		0.0	0.0	47	True	True	True	False	True	MODERATE	Ugcg	CD4	1.5802998997322175	0.002568916286631	4.961179538985622e-06	3.4379109107386527e-29		False	True	True										True		True	False	True	True	NOT_ASSESSED	0				No external perturbational dataset integrated	NOT_ASSESSED	INTRINSIC|Ugcg	INTRINSIC|Ugcg	intrinsic_gene	intrinsic_gene	0.0	1.0	1.0	0.75	0.0	1.0	1.0	1.0	0.0	1.0	INTRINSIC|Ugcg	same intrinsic regulator	regulator identity	HIGH	unknown	unknown	True	UNRESOLVED	47.0	0.0	0.0		-0.4003462791442871	-0.535435788174893	0.9406485557556152	negative	0.0	38.0	27.0	40.0	0.0019980019980019	0.008078877644095	1.0	within-candidate mouse-effect sign permutation	0.0	0.0	0.9980019980019981		0.0	False	T-cell knockout/CRISPRi plus CRISPRa or cDNA rescue	CD69/CD137, T-cell effector program and tumor-cell killing	non-targeting guide plus untreated/irrelevant control	receptor-deficient T cells or matched source-cell control	NOT_APPLICABLE	NOT_APPLICABLE	SUPPORTED	SUPPORTED	PARTIALLY_SUPPORTED	MISSING	MISSING	0.5	1.0	1.0	0.6070001427144284	0.0	0.0	0.07142857142857142	0.07142857142857142	0.07142857142857142	0.07142857142857142	0.0	0.0	0.0	0.07128585700014271	0.07142857142857142	0.03571428571428571	0.07142857142857142	0.07142857142857142	0.0	False	2	ASSOCIATION_ONLY	Test necessity and sufficiency; Phase 1.5 is associative.	
				47												RNA+ADT-supported				0.0																			False		Ugcg	intrinsic	T-cell-intrinsic gene/state association	T cell	CD8		3.4379109107386527e-29		0.0	0.0	47	True	True	True	False	True	MODERATE	Ugcg	CD8	0.6654578088578814	0.0016519433607135	6.980630560507154e-05	3.4379109107386527e-29		False	True	True										True		True	False	True	True	NOT_ASSESSED	0				No external perturbational dataset integrated	NOT_ASSESSED	INTRINSIC|Ugcg	INTRINSIC|Ugcg	intrinsic_gene	intrinsic_gene	0.0	1.0	1.0	0.75	0.0	1.0	1.0	1.0	0.0	1.0	INTRINSIC|Ugcg	same intrinsic regulator	regulator identity	HIGH	unknown	unknown	True	UNRESOLVED	47.0	0.0	0.0		-0.4003462791442871	-0.535435788174893	0.9406485557556152	negative	0.0	38.0	27.0	40.0	0.0019980019980019	0.008078877644095	1.0	within-candidate mouse-effect sign permutation	0.0	0.0	0.9980019980019981		0.0	False	T-cell knockout/CRISPRi plus CRISPRa or cDNA rescue	CD69/CD137, T-cell effector program and tumor-cell killing	non-targeting guide plus untreated/irrelevant control	receptor-deficient T cells or matched source-cell control	NOT_APPLICABLE	NOT_APPLICABLE	SUPPORTED	SUPPORTED	PARTIALLY_SUPPORTED	MISSING	MISSING	0.5	1.0	1.0	0.6070001427144284	0.0	0.0	0.07142857142857142	0.07142857142857142	0.07142857142857142	0.07142857142857142	0.0	0.0	0.0	0.07128585700014271	0.07142857142857142	0.03571428571428571	0.07142857142857142	0.07142857142857142	0.0	False	2	ASSOCIATION_ONLY	Test necessity and sufficiency; Phase 1.5 is associative.	
				47												RNA+ADT-supported				0.0																			False		Ctla4	intrinsic	T-cell-intrinsic gene/state association	T cell	CD4		1.800842382579378e-179		0.0	0.0	47	True	True	True	False	True	MODERATE	Ctla4	CD4	1.630965356686488	0.0022377769720125	5.056158660183512e-07	1.800842382579378e-179		False	True	True										True		True	False	True	True	NOT_ASSESSED	0				No external perturbational dataset integrated	NOT_ASSESSED	INTRINSIC|Ctla4	INTRINSIC|Ctla4	intrinsic_gene	intrinsic_gene	0.0	1.0	1.0	0.75	0.0	1.0	1.0	1.0	0.0	1.0	INTRINSIC|Ctla4	same intrinsic regulator	regulator identity	HIGH	unknown	unknown	True	UNRESOLVED	47.0	0.0	0.0		0.3646097183227539	0.4059561465648895	0.7536659240722656	positive	0.0	44.0	38.0	47.0	0.0029970029970029	0.011454299125532	0.999	within-candidate mouse-effect sign permutation	0.0	0.0	0.9970029970029971		0.0	False	T-cell knockout/CRISPRi plus CRISPRa or cDNA rescue	CD69/CD137, T-cell effector program and tumor-cell killing	non-targeting guide plus untreated/irrelevant control	receptor-deficient T cells or matched source-cell control	NOT_APPLICABLE	NOT_APPLICABLE	SUPPORTED	SUPPORTED	PARTIALLY_SUPPORTED	MISSING	MISSING	0.5	1.0	1.0	0.6069287855002141	0.0	0.0	0.07142857142857142	0.07142857142857142	0.07142857142857142	0.07142857142857142	0.0	0.0	0.0	0.07121449978592836	0.07142857142857142	0.03571428571428571	0.07142857142857142	0.07142857142857142	0.0	False	2	ASSOCIATION_ONLY	Test necessity and sufficiency; Phase 1.5 is associative.	
				42												RNA+ADT-supported				0.0																			False		Ece1	intrinsic	T-cell-intrinsic gene/state association	T cell	CD8		1.6360794345200156e-27		0.0	0.0	47	True	True	True	False	True	MODERATE	Ece1	CD8	0.9412363746306752	0.0095116474753879	0.0050898235787529	1.6360794345200156e-27		False	True	True										True		True	False	True	True	NOT_ASSESSED	0				No external perturbational dataset integrated	NOT_ASSESSED	INTRINSIC|Ece1	INTRINSIC|Ece1	intrinsic_gene	intrinsic_gene	0.0	1.0	1.0	0.75	0.0	1.0	1.0	1.0	0.0	1.0	INTRINSIC|Ece1	same intrinsic regulator	regulator identity	HIGH	unknown	unknown	True	UNRESOLVED	42.0	0.0	0.0		0.588947057723999	0.6807972817193895	1.5852208137512207	positive	0.0	43.0	30.0	45.0	0.0029970029970029	0.011454299125532	0.999	within-candidate mouse-effect sign permutation	0.0	0.0	0.9970029970029971		0.0	False	T-cell knockout/CRISPRi plus CRISPRa or cDNA rescue	CD69/CD137, T-cell effector program and tumor-cell killing	non-targeting guide plus untreated/irrelevant control	receptor-deficient T cells or matched source-cell control	NOT_APPLICABLE	NOT_APPLICABLE	SUPPORTED	SUPPORTED	PARTIALLY_SUPPORTED	MISSING	MISSING	0.5	1.0	1.0	0.6069287855002141	0.0	0.0	0.07142857142857142	0.07142857142857142	0.07142857142857142	0.07142857142857142	0.0	0.0	0.0	0.07121449978592836	0.07142857142857142	0.03571428571428571	0.07142857142857142	0.07142857142857142	0.0	False	2	ASSOCIATION_ONLY	Test necessity and sufficiency; Phase 1.5 is associative.	
				47												RNA+ADT-supported				0.0																			False		Mcu	intrinsic	T-cell-intrinsic gene/state association	T cell	CD4		6.7633752478617616e-21		0.0	0.0	47	True	True	True	False	True	MODERATE	Mcu	CD4	0.8849289463535952	0.0287022038657382	5.056158660183512e-07	6.7633752478617616e-21		False	True	True										True		True	False	True	True	NOT_ASSESSED	0				No external perturbational dataset integrated	NOT_ASSESSED	INTRINSIC|Mcu	INTRINSIC|Mcu	intrinsic_gene	intrinsic_gene	0.0	1.0	1.0	0.75	0.0	1.0	1.0	1.0	0.0	1.0	INTRINSIC|Mcu	same intrinsic regulator	regulator identity	HIGH	unknown	unknown	True	UNRESOLVED	47.0	0.0	0.0		0.2257971763610839	0.2049048099112003	0.5381171703338623	positive	0.0	44.0	37.0	47.0	0.0039960039960039	0.0146695409853304	1.0	within-candidate mouse-effect sign permutation	0.0	0.0	0.9960039960039961		0.0	False	T-cell knockout/CRISPRi plus CRISPRa or cDNA rescue	CD69/CD137, T-cell effector program and tumor-cell killing	non-targeting guide plus untreated/irrelevant control	receptor-deficient T cells or matched source-cell control	NOT_APPLICABLE	NOT_APPLICABLE	SUPPORTED	SUPPORTED	PARTIALLY_SUPPORTED	MISSING	MISSING	0.5	1.0	1.0	0.6068574282859996	0.0	0.0	0.07142857142857142	0.07142857142857142	0.07142857142857142	0.07142857142857142	0.0	0.0	0.0	0.07114314257171402	0.07142857142857142	0.03571428571428571	0.07142857142857142	0.07142857142857142	0.0	False	2	ASSOCIATION_ONLY	Test necessity and sufficiency; Phase 1.5 is associative.	
				47												RNA+ADT-supported				0.0																			False		Ero1l	intrinsic	T-cell-intrinsic gene/state association	T cell	CD4		4.2134306919273276e-14		0.0	0.0	47	True	True	True	False	True	MODERATE	Ero1l	CD4	1.1812290648696226	0.0163562891742529	0.0003680779872789	4.2134306919273276e-14		False	True	True										True		True	False	True	True	NOT_ASSESSED	0				No external perturbational dataset integrated	NOT_ASSESSED	INTRINSIC|Ero1l	INTRINSIC|Ero1l	intrinsic_gene	intrinsic_gene	0.0	1.0	1.0	0.75	0.0	1.0	1.0	1.0	0.0	1.0	INTRINSIC|Ero1l	same intrinsic regulator	regulator identity	HIGH	unknown	unknown	True	UNRESOLVED	47.0	0.0	0.0		0.4525456428527832	0.3641410989964262	1.1313765048980713	positive	0.0	44.0	37.0	47.0	0.0049950049950049	0.0178667486359794	0.998	within-candidate mouse-effect sign permutation	0.0	0.0	0.9950049950049951		0.0	False	T-cell knockout/CRISPRi plus CRISPRa or cDNA rescue	CD69/CD137, T-cell effector program and tumor-cell killing	non-targeting guide plus untreated/irrelevant control	receptor-deficient T cells or matched source-cell control	NOT_APPLICABLE	NOT_APPLICABLE	SUPPORTED	SUPPORTED	PARTIALLY_SUPPORTED	MISSING	MISSING	0.5	1.0	1.0	0.6067860710717854	0.0	0.0	0.07142857142857142	0.07142857142857142	0.07142857142857142	0.07142857142857142	0.0	0.0	0.0	0.07107178535749965	0.07142857142857142	0.03571428571428571	0.07142857142857142	0.07142857142857142	0.0	False	2	ASSOCIATION_ONLY	Test necessity and sufficiency; Phase 1.5 is associative.	
				47												RNA+ADT-supported				0.0																			False		Ctse	intrinsic	T-cell-intrinsic gene/state association	T cell	CD4		2.7897008290360773e-28		0.0	0.0	47	True	True	True	False	True	MODERATE	Ctse	CD4	1.0473699017980855	0.0328740558777702	5.056270255695319e-07	2.7897008290360773e-28		False	True	True										True		True	False	True	True	NOT_ASSESSED	0				No external perturbational dataset integrated	NOT_ASSESSED	INTRINSIC|Ctse	INTRINSIC|Ctse	intrinsic_gene	intrinsic_gene	0.0	1.0	1.0	0.75	0.0	1.0	1.0	1.0	0.0	1.0	INTRINSIC|Ctse	same intrinsic regulator	regulator identity	HIGH	unknown	unknown	True	UNRESOLVED	47.0	0.0	0.0		-0.2692704200744629	-0.3000403769472812	0.7177557945251465	negative	0.0	48.0	44.0	52.0	0.0069930069930069	0.0237932798908408	1.0	within-candidate mouse-effect sign permutation	0.0	0.0	0.9930069930069931		0.0	False	T-cell knockout/CRISPRi plus CRISPRa or cDNA rescue	CD69/CD137, T-cell effector program and tumor-cell killing	non-targeting guide plus untreated/irrelevant control	receptor-deficient T cells or matched source-cell control	NOT_APPLICABLE	NOT_APPLICABLE	SUPPORTED	SUPPORTED	PARTIALLY_SUPPORTED	MISSING	MISSING	0.5	1.0	1.0	0.6066433566433567	0.0	0.0	0.07142857142857142	0.07142857142857142	0.07142857142857142	0.07142857142857142	0.0	0.0	0.0	0.07092907092907094	0.07142857142857142	0.03571428571428571	0.07142857142857142	0.07142857142857142	0.0	False	2	ASSOCIATION_ONLY	Test necessity and sufficiency; Phase 1.5 is associative.	
				47												RNA+ADT-supported				0.0																			False		Ctse	intrinsic	T-cell-intrinsic gene/state association	T cell	CD8		2.7897008290360773e-28		0.0	0.0	47	True	True	True	False	True	MODERATE	Ctse	CD8	1.1318722589348147	0.0117347270170284	9.99062215640012e-06	2.7897008290360773e-28		False	True	True										True		True	False	True	True	NOT_ASSESSED	0				No external perturbational dataset integrated	NOT_ASSESSED	INTRINSIC|Ctse	INTRINSIC|Ctse	intrinsic_gene	intrinsic_gene	0.0	1.0	1.0	0.75	0.0	1.0	1.0	1.0	0.0	1.0	INTRINSIC|Ctse	same intrinsic regulator	regulator identity	HIGH	unknown	unknown	True	UNRESOLVED	47.0	0.0	0.0		-0.2692704200744629	-0.3000403769472812	0.7177557945251465	negative	0.0	48.0	44.0	52.0	0.0069930069930069	0.0237932798908408	1.0	within-candidate mouse-effect sign permutation	0.0	0.0	0.9930069930069931		0.0	False	T-cell knockout/CRISPRi plus CRISPRa or cDNA rescue	CD69/CD137, T-cell effector program and tumor-cell killing	non-targeting guide plus untreated/irrelevant control	receptor-deficient T cells or matched source-cell control	NOT_APPLICABLE	NOT_APPLICABLE	SUPPORTED	SUPPORTED	PARTIALLY_SUPPORTED	MISSING	MISSING	0.5	1.0	1.0	0.6066433566433567	0.0	0.0	0.07142857142857142	0.07142857142857142	0.07142857142857142	0.07142857142857142	0.0	0.0	0.0	0.07092907092907094	0.07142857142857142	0.03571428571428571	0.07142857142857142	0.07142857142857142	0.0	False	2	ASSOCIATION_ONLY	Test necessity and sufficiency; Phase 1.5 is associative.	
				42												RNA+ADT-supported				0.0																			False		Fgl2	intrinsic	T-cell-intrinsic gene/state association	T cell	CD4		6.616904203146022e-28		0.0	0.0	47	True	True	True	False	True	MODERATE	Fgl2	CD4	1.2909085706125996	0.048072091837166	1.393090505289706e-05	6.616904203146022e-28		False	True	True										True		True	False	True	True	NOT_ASSESSED	0				No external perturbational dataset integrated	NOT_ASSESSED	INTRINSIC|Fgl2	INTRINSIC|Fgl2	intrinsic_gene	intrinsic_gene	0.0	1.0	1.0	0.75	0.0	1.0	1.0	1.0	0.0	1.0	INTRINSIC|Fgl2	same intrinsic regulator	regulator identity	HIGH	unknown	unknown	True	UNRESOLVED	42.0	0.0	0.0		-0.4920775890350342	-0.5487077065876552	1.086255431175232	negative	0.0	47.0	43.0	48.0	0.0109890109890109	0.0326163198503624	0.996	within-candidate mouse-effect sign permutation	0.0	0.0	0.989010989010989		0.0	False	T-cell knockout/CRISPRi plus CRISPRa or cDNA rescue	CD69/CD137, T-cell effector program and tumor-cell killing	non-targeting guide plus untreated/irrelevant control	receptor-deficient T cells or matched source-cell control	NOT_APPLICABLE	NOT_APPLICABLE	SUPPORTED	SUPPORTED	PARTIALLY_SUPPORTED	MISSING	MISSING	0.5	1.0	1.0	0.6063579277864992	0.0	0.0	0.07142857142857142	0.07142857142857142	0.07142857142857142	0.07142857142857142	0.0	0.0	0.0	0.0706436420722135	0.07142857142857142	0.03571428571428571	0.07142857142857142	0.07142857142857142	0.0	False	2	ASSOCIATION_ONLY	Test necessity and sufficiency; Phase 1.5 is associative.	
				42												RNA+ADT-supported				0.0																			False		Fgl2	intrinsic	T-cell-intrinsic gene/state association	T cell	CD8		6.616904203146022e-28		0.0	0.0	47	True	True	True	False	True	MODERATE	Fgl2	CD8	1.4776698988750876	0.0154733700146039	6.376377360497808e-05	6.616904203146022e-28		False	True	True										True		True	False	True	True	NOT_ASSESSED	0				No external perturbational dataset integrated	NOT_ASSESSED	INTRINSIC|Fgl2	INTRINSIC|Fgl2	intrinsic_gene	intrinsic_gene	0.0	1.0	1.0	0.75	0.0	1.0	1.0	1.0	0.0	1.0	INTRINSIC|Fgl2	same intrinsic regulator	regulator identity	HIGH	unknown	unknown	True	UNRESOLVED	42.0	0.0	0.0		-0.4920775890350342	-0.5487077065876552	1.086255431175232	negative	0.0	47.0	43.0	48.0	0.0109890109890109	0.0326163198503624	0.996	within-candidate mouse-effect sign permutation	0.0	0.0	0.989010989010989		0.0	False	T-cell knockout/CRISPRi plus CRISPRa or cDNA rescue	CD69/CD137, T-cell effector program and tumor-cell killing	non-targeting guide plus untreated/irrelevant control	receptor-deficient T cells or matched source-cell control	NOT_APPLICABLE	NOT_APPLICABLE	SUPPORTED	SUPPORTED	PARTIALLY_SUPPORTED	MISSING	MISSING	0.5	1.0	1.0	0.6063579277864992	0.0	0.0	0.07142857142857142	0.07142857142857142	0.07142857142857142	0.07142857142857142	0.0	0.0	0.0	0.0706436420722135	0.07142857142857142	0.03571428571428571	0.07142857142857142	0.07142857142857142	0.0	False	2	ASSOCIATION_ONLY	Test necessity and sufficiency; Phase 1.5 is associative.	
				42												RNA+ADT-supported				0.0																			False		Spata6	intrinsic	T-cell-intrinsic gene/state association	T cell	CD8		9.378303034904462e-34		0.0	0.0	47	True	True	True	False	True	MODERATE	Spata6	CD8	0.7076985293625628	0.0421045702073627	0.0001320434374593	9.378303034904462e-34		False	True	True										True		True	False	True	True	NOT_ASSESSED	0				No external perturbational dataset integrated	NOT_ASSESSED	INTRINSIC|Spata6	INTRINSIC|Spata6	intrinsic_gene	intrinsic_gene	0.0	1.0	1.0	0.75	0.0	1.0	1.0	1.0	0.0	1.0	INTRINSIC|Spata6	same intrinsic regulator	regulator identity	HIGH	unknown	unknown	True	UNRESOLVED	42.0	0.0	0.0		-0.2693452835083008	-0.3005309331984747	0.6255738735198975	negative	0.0	50.0	47.0	53.0	0.0129870129870129	0.0381408065618592	0.993	within-candidate mouse-effect sign permutation	0.0	0.0	0.9870129870129871		0.0	False	T-cell knockout/CRISPRi plus CRISPRa or cDNA rescue	CD69/CD137, T-cell effector program and tumor-cell killing	non-targeting guide plus untreated/irrelevant control	receptor-deficient T cells or matched source-cell control	NOT_APPLICABLE	NOT_APPLICABLE	SUPPORTED	SUPPORTED	PARTIALLY_SUPPORTED	MISSING	MISSING	0.5	1.0	1.0	0.6062152133580705	0.0	0.0	0.07142857142857142	0.07142857142857142	0.07142857142857142	0.07142857142857142	0.0	0.0	0.0	0.0705009276437848	0.07142857142857142	0.03571428571428571	0.07142857142857142	0.07142857142857142	0.0	False	2	ASSOCIATION_ONLY	Test necessity and sufficiency; Phase 1.5 is associative.	
				42												RNA+ADT-supported				0.0																			False		Gab3	intrinsic	T-cell-intrinsic gene/state association	T cell	CD8		4.5890938544495884e-23		0.0	0.0	47	True	True	True	False	True	MODERATE	Gab3	CD8	1.48700194820256	0.0092241310162741	6.8649516200110315e-06	4.5890938544495884e-23		False	True	True										True		True	False	True	True	NOT_ASSESSED	0				No external perturbational dataset integrated	NOT_ASSESSED	INTRINSIC|Gab3	INTRINSIC|Gab3	intrinsic_gene	intrinsic_gene	0.0	1.0	1.0	0.75	0.0	1.0	1.0	1.0	0.0	1.0	INTRINSIC|Gab3	same intrinsic regulator	regulator identity	HIGH	unknown	unknown	True	UNRESOLVED	42.0	0.0	0.0		-0.4131457805633545	-0.7058308238074893	1.2622798681259155	negative	0.0	50.0	47.0	53.0	0.0169830169830169	0.0488480591573375	0.996	within-candidate mouse-effect sign permutation	0.0	0.0	0.9830169830169831		0.0	False	T-cell knockout/CRISPRi plus CRISPRa or cDNA rescue	CD69/CD137, T-cell effector program and tumor-cell killing	non-targeting guide plus untreated/irrelevant control	receptor-deficient T cells or matched source-cell control	NOT_APPLICABLE	NOT_APPLICABLE	SUPPORTED	SUPPORTED	PARTIALLY_SUPPORTED	MISSING	MISSING	0.5	1.0	1.0	0.6059297845012132	0.0	0.0	0.07142857142857142	0.07142857142857142	0.07142857142857142	0.07142857142857142	0.0	0.0	0.0	0.07021549878692737	0.07142857142857142	0.03571428571428571	0.07142857142857142	0.07142857142857142	0.0	False	2	ASSOCIATION_ONLY	Test necessity and sufficiency; Phase 1.5 is associative.	
				42												RNA+ADT-supported				0.0																			False		Eya2	intrinsic	T-cell-intrinsic gene/state association	T cell	CD8		4.980972349758142e-19		0.0	0.0	47	True	True	True	False	True	MODERATE	Eya2	CD8	1.6943976343932283	0.0362325106406359	9.808680415928092e-06	4.980972349758142e-19		False	True	True										True		True	False	True	True	NOT_ASSESSED	0				No external perturbational dataset integrated	NOT_ASSESSED	INTRINSIC|Eya2	INTRINSIC|Eya2	intrinsic_gene	intrinsic_gene	0.0	1.0	1.0	0.75	0.0	1.0	1.0	1.0	0.0	1.0	INTRINSIC|Eya2	same intrinsic regulator	regulator identity	HIGH	unknown	unknown	True	UNRESOLVED	42.0	0.0	0.0		-0.5254523754119873	-0.8447821424120948	1.4812976121902466	negative	0.0	50.0	47.0	53.0	0.0179820179820179	0.0511937042549287	0.992	within-candidate mouse-effect sign permutation	0.0	0.0	0.9820179820179821		0.0	False	T-cell knockout/CRISPRi plus CRISPRa or cDNA rescue	CD69/CD137, T-cell effector program and tumor-cell killing	non-targeting guide plus untreated/irrelevant control	receptor-deficient T cells or matched source-cell control	NOT_APPLICABLE	NOT_APPLICABLE	SUPPORTED	SUPPORTED	PARTIALLY_SUPPORTED	MISSING	MISSING	0.5	1.0	1.0	0.6058584272869988	0.0	0.0	0.07142857142857142	0.07142857142857142	0.07142857142857142	0.07142857142857142	0.0	0.0	0.0	0.07014414157271301	0.07142857142857142	0.03571428571428571	0.07142857142857142	0.07142857142857142	0.0	False	2	ASSOCIATION_ONLY	Test necessity and sufficiency; Phase 1.5 is associative.	
				47												RNA-supported				0.0																			False		Dusp5	intrinsic	T-cell-intrinsic gene/state association	T cell	CD8		1.913338106081542e-48		0.0	0.0	47	True	False	True	False	True	MODERATE	Dusp5	CD8	0.0	1.5142373072636011e-05	0.4576758794213631	1.913338106081542e-48		False	True	True										True		True	False	True	True	NOT_ASSESSED	0				No external perturbational dataset integrated	NOT_ASSESSED	INTRINSIC|Dusp5	INTRINSIC|Dusp5	intrinsic_gene	intrinsic_gene	0.0	1.0	1.0	0.5	0.0	1.0	0.0	1.0	0.0	1.0	INTRINSIC|Dusp5	same intrinsic regulator	regulator identity	HIGH	unknown	unknown	False	UNRESOLVED	47.0	0.0	0.0		0.5806488990783691	0.6124947730531084	0.6478462219238281	positive	0.9787234042553192	8.0	7.0	11.0	0.0009990009990009	0.0051615051615051	1.0	within-candidate mouse-effect sign permutation	0.9787234042553192	0.9787234042553192	0.9990009990009991		0.0	False	T-cell knockout/CRISPRi plus CRISPRa or cDNA rescue	CD69/CD137, T-cell effector program and tumor-cell killing	non-targeting guide plus untreated/irrelevant control	receptor-deficient T cells or matched source-cell control	NOT_APPLICABLE	NOT_APPLICABLE	SUPPORTED	SUPPORTED	PARTIALLY_SUPPORTED	MISSING	MISSING	0.5	1.0	1.0	0.6055517430897369	0.0	0.0	0.07142857142857142	0.07142857142857142	0.0	0.07142857142857142	0.0	0.0	0.06990881458966566	0.07135721421435708	0.07142857142857142	0.03571428571428571	0.07142857142857142	0.07142857142857142	0.0	False	2	ASSOCIATION_ONLY	Test necessity and sufficiency; Phase 1.5 is associative.	
				47												RNA+ADT-supported				0.0																			False		Fchsd2	intrinsic	T-cell-intrinsic gene/state association	T cell	CD4		1.6360794345200156e-27		0.0	0.0	47	True	True	True	False	True	MODERATE	Fchsd2	CD4	0.0	0.0204399051820292	2.0760512331345725e-05	1.6360794345200156e-27		False	True	True										True		True	False	True	True	NOT_ASSESSED	0				No external perturbational dataset integrated	NOT_ASSESSED	INTRINSIC|Fchsd2	INTRINSIC|Fchsd2	intrinsic_gene	intrinsic_gene	0.0	1.0	1.0	0.75	0.0	1.0	1.0	1.0	0.0	1.0	INTRINSIC|Fchsd2	same intrinsic regulator	regulator identity	HIGH	unknown	unknown	True	UNRESOLVED	47.0	0.0	0.0		0.2912526130676269	0.2555984639106913	0.7424325942993164	positive	0.0	58.0	54.0	60.0	0.0329670329670329	0.0851648351648351	0.989	within-candidate mouse-effect sign permutation	0.0	0.0	0.9670329670329672		0.0	False	T-cell knockout/CRISPRi plus CRISPRa or cDNA rescue	CD69/CD137, T-cell effector program and tumor-cell killing	non-targeting guide plus untreated/irrelevant control	receptor-deficient T cells or matched source-cell control	NOT_APPLICABLE	NOT_APPLICABLE	SUPPORTED	SUPPORTED	PARTIALLY_SUPPORTED	MISSING	MISSING	0.5	1.0	1.0	0.6047880690737834	0.0	0.0	0.07142857142857142	0.07142857142857142	0.07142857142857142	0.07142857142857142	0.0	0.0	0.0	0.06907378335949765	0.07142857142857142	0.03571428571428571	0.07142857142857142	0.07142857142857142	0.0	False	2	ASSOCIATION_ONLY	Test necessity and sufficiency; Phase 1.5 is associative.	
				47												RNA-supported				0.0																			False		Mpp7	intrinsic	T-cell-intrinsic gene/state association	T cell	CD8		2.4907900046979617e-10		0.0	0.0	47	True	False	True	False	True	MODERATE	Mpp7	CD8	0.0	1.5142373072636011e-05	0.2132017662627608	2.4907900046979617e-10		False	True	True										True		True	False	True	True	NOT_ASSESSED	0				No external perturbational dataset integrated	NOT_ASSESSED	INTRINSIC|Mpp7	INTRINSIC|Mpp7	intrinsic_gene	intrinsic_gene	0.0	0.9603662885729355	1.0	0.5	0.0	1.0	0.0	1.0	0.0	1.0	INTRINSIC|Mpp7	same intrinsic regulator	regulator identity	HIGH	unknown	unknown	False	UNRESOLVED	47.0	0.0	0.0		1.325789451599121	1.4481025249400037	0.8325099945068359	positive	1.0	4.0	2.0	4.0	0.0009990009990009	0.0051615051615051	1.0	within-candidate mouse-effect sign permutation	1.0	1.0	0.9990009990009991		0.0	False	T-cell knockout/CRISPRi plus CRISPRa or cDNA rescue	CD69/CD137, T-cell effector program and tumor-cell killing	non-targeting guide plus untreated/irrelevant control	receptor-deficient T cells or matched source-cell control	NOT_APPLICABLE	NOT_APPLICABLE	SUPPORTED	SUPPORTED	PARTIALLY_SUPPORTED	MISSING	MISSING	0.5	1.0	1.0	0.6042405205409953	0.0	0.0	0.06859759204092396	0.07142857142857142	0.0	0.07142857142857142	0.0	0.0	0.07142857142857142	0.07135721421435708	0.07142857142857142	0.03571428571428571	0.07142857142857142	0.07142857142857142	0.0	False	2	ASSOCIATION_ONLY	Test necessity and sufficiency; Phase 1.5 is associative.	
				42												RNA+ADT-supported				0.0																			False		Mxd4	intrinsic	T-cell-intrinsic gene/state association	T cell	CD8		6.908376938785619e-39		0.0	0.0	47	True	True	True	False	True	MODERATE	Mxd4	CD8	0.7303914161129116	0.0176704098089104	0.0001207196307439	6.908376938785619e-39		False	True	True										True		True	False	True	True	NOT_ASSESSED	0				No external perturbational dataset integrated	NOT_ASSESSED	INTRINSIC|Mxd4	INTRINSIC|Mxd4	intrinsic_gene	intrinsic_gene	0.0	1.0	1.0	0.75	0.0	1.0	1.0	1.0	0.0	1.0	INTRINSIC|Mxd4	same intrinsic regulator	regulator identity	HIGH	unknown	unknown	True	UNRESOLVED	42.0	0.0	0.0		-0.2575893402099609	-0.5937642653783163	0.9241047501564026	negative	0.0	55.0	50.0	58.0	0.0419580419580419	0.1045204795204795	0.98	within-candidate mouse-effect sign permutation	0.0	0.0	0.9580419580419581		0.0	False	T-cell knockout/CRISPRi plus CRISPRa or cDNA rescue	CD69/CD137, T-cell effector program and tumor-cell killing	non-targeting guide plus untreated/irrelevant control	receptor-deficient T cells or matched source-cell control	NOT_APPLICABLE	NOT_APPLICABLE	SUPPORTED	SUPPORTED	PARTIALLY_SUPPORTED	MISSING	MISSING	0.5	1.0	1.0	0.6041458541458542	0.0	0.0	0.07142857142857142	0.07142857142857142	0.07142857142857142	0.07142857142857142	0.0	0.0	0.0	0.06843156843156843	0.07142857142857142	0.03571428571428571	0.07142857142857142	0.07142857142857142	0.0	False	2	ASSOCIATION_ONLY	Test necessity and sufficiency; Phase 1.5 is associative.	
				42												RNA+ADT-supported				0.0																			False		Myo10	intrinsic	T-cell-intrinsic gene/state association	T cell	CD8		1.775234429351023e-25		0.0	0.0	47	True	True	True	False	True	MODERATE	Myo10	CD8	2.1418695900745823	0.0310746547444884	1.9565867245186973e-05	1.775234429351023e-25		False	True	True										True		True	False	True	True	NOT_ASSESSED	0				No external perturbational dataset integrated	NOT_ASSESSED	INTRINSIC|Myo10	INTRINSIC|Myo10	intrinsic_gene	intrinsic_gene	0.0	1.0	1.0	0.75	0.0	1.0	1.0	1.0	0.0	1.0	INTRINSIC|Myo10	same intrinsic regulator	regulator identity	HIGH	unknown	unknown	True	UNRESOLVED	42.0	0.0	0.0		0.6891367435455322	1.3946547167641776	2.272946536540985	positive	0.0	55.0	49.0	57.0	0.0419580419580419	0.1045204795204795	0.98	within-candidate mouse-effect sign permutation	0.0	0.0	0.9580419580419581		0.0	False	T-cell knockout/CRISPRi plus CRISPRa or cDNA rescue	CD69/CD137, T-cell effector program and tumor-cell killing	non-targeting guide plus untreated/irrelevant control	receptor-deficient T cells or matched source-cell control	NOT_APPLICABLE	NOT_APPLICABLE	SUPPORTED	SUPPORTED	PARTIALLY_SUPPORTED	MISSING	MISSING	0.5	1.0	1.0	0.6041458541458542	0.0	0.0	0.07142857142857142	0.07142857142857142	0.07142857142857142	0.07142857142857142	0.0	0.0	0.0	0.06843156843156843	0.07142857142857142	0.03571428571428571	0.07142857142857142	0.07142857142857142	0.0	False	2	ASSOCIATION_ONLY	Test necessity and sufficiency; Phase 1.5 is associative.	
				42												RNA+ADT-supported				0.0																			False		Fam117b	intrinsic	T-cell-intrinsic gene/state association	T cell	CD8		2.885388938996883e-10		0.0	0.0	47	True	True	True	False	True	MODERATE	Fam117b	CD8	0.7847525917713364	0.0072182908344894	0.0050898235787529	2.885388938996883e-10		False	True	True										True		True	False	True	True	NOT_ASSESSED	0				No external perturbational dataset integrated	NOT_ASSESSED	INTRINSIC|Fam117b	INTRINSIC|Fam117b	intrinsic_gene	intrinsic_gene	0.0	0.9539795637386878	1.0	0.75	0.0	1.0	1.0	1.0	0.0	1.0	INTRINSIC|Fam117b	same intrinsic regulator	regulator identity	HIGH	unknown	unknown	True	UNRESOLVED	42.0	0.0	0.0		-0.3539016246795654	-0.3839986097244989	0.7474061250686646	negative	0.0	54.0	50.0	58.0	0.0239760239760239	0.0662307989040662	0.991	within-candidate mouse-effect sign permutation	0.0	0.0	0.9760239760239761		0.0	False	T-cell knockout/CRISPRi plus CRISPRa or cDNA rescue	CD69/CD137, T-cell effector program and tumor-cell killing	non-targeting guide plus untreated/irrelevant control	receptor-deficient T cells or matched source-cell control	NOT_APPLICABLE	NOT_APPLICABLE	SUPPORTED	SUPPORTED	PARTIALLY_SUPPORTED	MISSING	MISSING	0.5	1.0	1.0	0.6021431099830474	0.0	0.0	0.06814139740990627	0.07142857142857142	0.07142857142857142	0.07142857142857142	0.0	0.0	0.0	0.06971599828742686	0.07142857142857142	0.03571428571428571	0.07142857142857142	0.07142857142857142	0.0	False	2	ASSOCIATION_ONLY	Test necessity and sufficiency; Phase 1.5 is associative.	
				47												RNA+ADT-supported				0.0																			False		Trat1	intrinsic	T-cell-intrinsic gene/state association	T cell	CD4		5.954361232596932e-10		0.0	0.0	47	True	True	True	False	True	MODERATE	Trat1	CD4	0.0	0.0187457767906339	8.640977686892396e-05	5.954361232596932e-10		False	True	True										True		True	False	True	True	NOT_ASSESSED	0				No external perturbational dataset integrated	NOT_ASSESSED	INTRINSIC|Trat1	INTRINSIC|Trat1	intrinsic_gene	intrinsic_gene	0.0	0.9225164821593109	1.0	0.75	0.0	1.0	1.0	1.0	0.0	1.0	INTRINSIC|Trat1	same intrinsic regulator	regulator identity	HIGH	unknown	unknown	True	UNRESOLVED	47.0	0.0	0.0		0.6469287872314453	0.5505756824574572	1.1331634521484375	positive	0.0	53.0	48.0	55.0	0.0029970029970029	0.011454299125532	0.999	within-candidate mouse-effect sign permutation	0.0	0.0	0.9970029970029971		0.0	False	T-cell knockout/CRISPRi plus CRISPRa or cDNA rescue	CD69/CD137, T-cell effector program and tumor-cell killing	non-targeting guide plus untreated/irrelevant control	receptor-deficient T cells or matched source-cell control	NOT_APPLICABLE	NOT_APPLICABLE	SUPPORTED	SUPPORTED	PARTIALLY_SUPPORTED	MISSING	MISSING	0.5	1.0	1.0	0.6013942485115934	0.0	0.0	0.06589403443995077	0.07142857142857142	0.07142857142857142	0.07142857142857142	0.0	0.0	0.0	0.07121449978592836	0.07142857142857142	0.03571428571428571	0.07142857142857142	0.07142857142857142	0.0	False	2	ASSOCIATION_ONLY	Test necessity and sufficiency; Phase 1.5 is associative.	
				42												ADT-supported				0.0																			False		Eif2ak3	intrinsic	T-cell-intrinsic gene/state association	T cell	CD4		9.334136525417832e-30		0.0	0.0	47	False	True	True	False	True	MODERATE	Eif2ak3	CD4	0.83353201739014	0.0653175806574582	4.326852134367842e-05	9.334136525417832e-30		False	True	True										True		True	False	True	True	NOT_ASSESSED	0				No external perturbational dataset integrated	NOT_ASSESSED	INTRINSIC|Eif2ak3	INTRINSIC|Eif2ak3	intrinsic_gene	intrinsic_gene	0.0	1.0	1.0	0.5	0.0	0.0	1.0	1.0	0.0	0.6666666666666666	INTRINSIC|Eif2ak3	same intrinsic regulator	regulator identity	HIGH	unknown	unknown	False	UNRESOLVED	42.0	0.0	0.0		-0.5267231464385986	-0.753412854103815	0.9302264451980592	negative	1.0	7.0	5.0	9.0	0.0009990009990009	0.0051615051615051	1.0	within-candidate mouse-effect sign permutation	1.0	1.0	0.9990009990009991		0.0	False	T-cell knockout/CRISPRi plus CRISPRa or cDNA rescue	CD69/CD137, T-cell effector program and tumor-cell killing	non-targeting guide plus untreated/irrelevant control	receptor-deficient T cells or matched source-cell control	NOT_APPLICABLE	NOT_APPLICABLE	SUPPORTED	PARTIALLY_SUPPORTED	PARTIALLY_SUPPORTED	MISSING	MISSING	0.4	1.0	1.0	0.5999286427857857	0.0	0.0	0.07142857142857142	0.0	0.07142857142857142	0.07142857142857142	0.0	0.0	0.07142857142857142	0.07135721421435708	0.07142857142857142	0.028571428571428574	0.07142857142857142	0.07142857142857142	0.0	False	2	ASSOCIATION_ONLY	Test necessity and sufficiency; Phase 1.5 is associative.	
				42												RNA+ADT-supported				0.0																			False		Mgat5	intrinsic	T-cell-intrinsic gene/state association	T cell	CD8		2.9424918169148373e-09		0.0	0.0	47	True	True	True	False	True	MODERATE	Mgat5	CD8	0.0	0.0002736549337937	0.0027880281778019	2.9424918169148373e-09		False	True	True										True		True	False	True	True	NOT_ASSESSED	0				No external perturbational dataset integrated	NOT_ASSESSED	INTRINSIC|Mgat5	INTRINSIC|Mgat5	intrinsic_gene	intrinsic_gene	0.0	0.8531284736258078	1.0	0.75	0.0	1.0	1.0	1.0	0.0	1.0	INTRINSIC|Mgat5	same intrinsic regulator	regulator identity	HIGH	unknown	unknown	True	UNRESOLVED	42.0	0.0	0.0		0.3437709808349609	0.4385706243060884	0.451946496963501	positive	0.0	35.0	27.0	40.0	0.0009990009990009	0.0051615051615051	1.0	within-candidate mouse-effect sign permutation	0.0	0.0	0.9990009990009991		0.0	False	T-cell knockout/CRISPRi plus CRISPRa or cDNA rescue	CD69/CD137, T-cell effector program and tumor-cell killing	non-targeting guide plus untreated/irrelevant control	receptor-deficient T cells or matched source-cell control	NOT_APPLICABLE	NOT_APPLICABLE	SUPPORTED	SUPPORTED	PARTIALLY_SUPPORTED	MISSING	MISSING	0.5	1.0	1.0	0.5965806766162005	0.0	0.0	0.06093774811612913	0.07142857142857142	0.07142857142857142	0.07142857142857142	0.0	0.0	0.0	0.07135721421435708	0.07142857142857142	0.03571428571428571	0.07142857142857142	0.07142857142857142	0.0	False	2	ASSOCIATION_ONLY	Test necessity and sufficiency; Phase 1.5 is associative.	
				47												RNA+ADT-supported				0.0																			False		Fam168a	intrinsic	T-cell-intrinsic gene/state association	T cell	CD4		5.290010731893942e-09		0.0	0.0	47	True	True	True	False	True	MODERATE	Fam168a	CD4	0.5395396096846711	0.035523958525146	0.0059772033533154	5.290010731893942e-09		False	True	True										True		True	False	True	True	NOT_ASSESSED	0				No external perturbational dataset integrated	NOT_ASSESSED	INTRINSIC|Fam168a	INTRINSIC|Fam168a	intrinsic_gene	intrinsic_gene	0.0	0.8276543446906668	1.0	0.75	0.0	1.0	1.0	1.0	0.0	1.0	INTRINSIC|Fam168a	same intrinsic regulator	regulator identity	HIGH	unknown	unknown	True	UNRESOLVED	47.0	0.0	0.0		-0.446382999420166	-0.3506245714552859	0.7167956829071045	negative	0.0	57.0	54.0	59.0	0.0019980019980019	0.008078877644095	0.999	within-candidate mouse-effect sign permutation	0.0	0.0	0.9980019980019981		0.0	False	T-cell knockout/CRISPRi plus CRISPRa or cDNA rescue	CD69/CD137, T-cell effector program and tumor-cell killing	non-targeting guide plus untreated/irrelevant control	receptor-deficient T cells or matched source-cell control	NOT_APPLICABLE	NOT_APPLICABLE	SUPPORTED	SUPPORTED	PARTIALLY_SUPPORTED	MISSING	MISSING	0.5	1.0	1.0	0.5946897387637617	0.0	0.0	0.05911816747790477	0.07142857142857142	0.07142857142857142	0.07142857142857142	0.0	0.0	0.0	0.07128585700014271	0.07142857142857142	0.03571428571428571	0.07142857142857142	0.07142857142857142	0.0	False	2	ASSOCIATION_ONLY	Test necessity and sufficiency; Phase 1.5 is associative.	
				47												RNA+ADT-supported				0.0																			False		Fam168a	intrinsic	T-cell-intrinsic gene/state association	T cell	CD8		5.290010731893942e-09		0.0	0.0	47	True	True	True	False	True	MODERATE	Fam168a	CD8	0.6820524844380512	0.0130385856098161	0.0013684078712145	5.290010731893942e-09		False	True	True										True		True	False	True	True	NOT_ASSESSED	0				No external perturbational dataset integrated	NOT_ASSESSED	INTRINSIC|Fam168a	INTRINSIC|Fam168a	intrinsic_gene	intrinsic_gene	0.0	0.8276543446906668	1.0	0.75	0.0	1.0	1.0	1.0	0.0	1.0	INTRINSIC|Fam168a	same intrinsic regulator	regulator identity	HIGH	unknown	unknown	True	UNRESOLVED	47.0	0.0	0.0		-0.446382999420166	-0.3506245714552859	0.7167956829071045	negative	0.0	57.0	54.0	59.0	0.0019980019980019	0.008078877644095	0.999	within-candidate mouse-effect sign permutation	0.0	0.0	0.9980019980019981		0.0	False	T-cell knockout/CRISPRi plus CRISPRa or cDNA rescue	CD69/CD137, T-cell effector program and tumor-cell killing	non-targeting guide plus untreated/irrelevant control	receptor-deficient T cells or matched source-cell control	NOT_APPLICABLE	NOT_APPLICABLE	SUPPORTED	SUPPORTED	PARTIALLY_SUPPORTED	MISSING	MISSING	0.5	1.0	1.0	0.5946897387637617	0.0	0.0	0.05911816747790477	0.07142857142857142	0.07142857142857142	0.07142857142857142	0.0	0.0	0.0	0.07128585700014271	0.07142857142857142	0.03571428571428571	0.07142857142857142	0.07142857142857142	0.0	False	2	ASSOCIATION_ONLY	Test necessity and sufficiency; Phase 1.5 is associative.	
				47												RNA+ADT-supported				0.0																			False		Egr2	intrinsic	T-cell-intrinsic gene/state association	T cell	CD4		1.2325857588980588e-08		0.0	0.0	47	True	True	True	False	True	MODERATE	Egr2	CD4	0.0	0.0005755773295583	0.0014727569681289	1.2325857588980588e-08		False	True	True										True		True	False	True	True	NOT_ASSESSED	0				No external perturbational dataset integrated	NOT_ASSESSED	INTRINSIC|Egr2	INTRINSIC|Egr2	intrinsic_gene	intrinsic_gene	0.0	0.7909182854346475	1.0	0.75	0.0	1.0	1.0	1.0	0.0	1.0	INTRINSIC|Egr2	same intrinsic regulator	regulator identity	HIGH	unknown	unknown	True	UNRESOLVED	47.0	0.0	0.0		1.5579217672348022	1.805566336246247	3.377386212348938	positive	0.0	59.0	57.0	61.0	0.0009990009990009	0.0051615051615051	1.0	within-candidate mouse-effect sign permutation	0.0	0.0	0.9990009990009991		0.0	False	T-cell knockout/CRISPRi plus CRISPRa or cDNA rescue	CD69/CD137, T-cell effector program and tumor-cell killing	non-targeting guide plus untreated/irrelevant control	receptor-deficient T cells or matched source-cell control	NOT_APPLICABLE	NOT_APPLICABLE	SUPPORTED	SUPPORTED	PARTIALLY_SUPPORTED	MISSING	MISSING	0.5	1.0	1.0	0.5921370917454034	0.0	0.0	0.05649416324533196	0.07142857142857142	0.07142857142857142	0.07142857142857142	0.0	0.0	0.0	0.07135721421435708	0.07142857142857142	0.03571428571428571	0.07142857142857142	0.07142857142857142	0.0	False	2	ASSOCIATION_ONLY	Test necessity and sufficiency; Phase 1.5 is associative.	
				47												RNA+ADT-supported				0.0																			False		Fam46a	intrinsic	T-cell-intrinsic gene/state association	T cell	CD4		3.341746483094942e-08		0.0	0.0	47	True	True	True	False	True	MODERATE	Fam46a	CD4	3.5138848744116156	0.002568916286631	5.661186233178321e-07	3.341746483094942e-08		False	True	True										True		True	False	True	True	NOT_ASSESSED	0				No external perturbational dataset integrated	NOT_ASSESSED	INTRINSIC|Fam46a	INTRINSIC|Fam46a	intrinsic_gene	intrinsic_gene	0.0	0.7476026500334058	1.0	0.75	0.0	1.0	1.0	1.0	0.0	1.0	INTRINSIC|Fam46a	same intrinsic regulator	regulator identity	HIGH	unknown	unknown	True	UNRESOLVED	47.0	0.0	0.0		0.7952356338500977	0.6757087707519531	1.2303671836853027	positive	0.0	61.0	59.0	62.0	0.0029970029970029	0.011454299125532	0.998	within-candidate mouse-effect sign permutation	0.0	0.0	0.9970029970029971		0.0	False	T-cell knockout/CRISPRi plus CRISPRa or cDNA rescue	CD69/CD137, T-cell effector program and tumor-cell killing	non-targeting guide plus untreated/irrelevant control	receptor-deficient T cells or matched source-cell control	NOT_APPLICABLE	NOT_APPLICABLE	SUPPORTED	SUPPORTED	PARTIALLY_SUPPORTED	MISSING	MISSING	0.5	1.0	1.0	0.588900403359743	0.0	0.0	0.05340018928810041	0.07142857142857142	0.07142857142857142	0.07142857142857142	0.0	0.0	0.0	0.07121449978592836	0.07142857142857142	0.03571428571428571	0.07142857142857142	0.07142857142857142	0.0	False	2	ASSOCIATION_ONLY	Test necessity and sufficiency; Phase 1.5 is associative.	
				47												RNA+ADT-supported				0.0																			False		Ndrg1	intrinsic	T-cell-intrinsic gene/state association	T cell	CD4		4.948830150485312e-08		0.0	0.0	47	True	True	True	False	True	MODERATE	Ndrg1	CD4	5.070624243577457	2.25473215827154e-05	1.4163131305774769e-06	4.948830150485312e-08		False	True	True										True		True	False	True	True	NOT_ASSESSED	0				No external perturbational dataset integrated	NOT_ASSESSED	INTRINSIC|Ndrg1	INTRINSIC|Ndrg1	intrinsic_gene	intrinsic_gene	0.0	0.730549745141673	1.0	0.75	0.0	1.0	1.0	1.0	0.0	1.0	INTRINSIC|Ndrg1	same intrinsic regulator	regulator identity	HIGH	unknown	unknown	True	UNRESOLVED	47.0	0.0	0.0		0.9662246704101562	1.5283100097737414	1.5563175678253174	positive	0.0	43.0	31.0	45.0	0.0009990009990009	0.0051615051615051	1.0	within-candidate mouse-effect sign permutation	0.0	0.0	0.9990009990009991		0.0	False	T-cell knockout/CRISPRi plus CRISPRa or cDNA rescue	CD69/CD137, T-cell effector program and tumor-cell killing	non-targeting guide plus untreated/irrelevant control	receptor-deficient T cells or matched source-cell control	NOT_APPLICABLE	NOT_APPLICABLE	SUPPORTED	SUPPORTED	PARTIALLY_SUPPORTED	MISSING	MISSING	0.5	1.0	1.0	0.587825053153048	0.0	0.0	0.05218212465297665	0.07142857142857142	0.07142857142857142	0.07142857142857142	0.0	0.0	0.0	0.07135721421435708	0.07142857142857142	0.03571428571428571	0.07142857142857142	0.07142857142857142	0.0	False	2	ASSOCIATION_ONLY	Test necessity and sufficiency; Phase 1.5 is associative.	
				47												RNA+ADT-supported				0.0																			False		Ndrg1	intrinsic	T-cell-intrinsic gene/state association	T cell	CD8		4.948830150485312e-08		0.0	0.0	47	True	True	True	False	True	MODERATE	Ndrg1	CD8	5.127951468382599	2.1768261819912056e-05	0.0005482767506683	4.948830150485312e-08		False	True	True										True		True	False	True	True	NOT_ASSESSED	0				No external perturbational dataset integrated	NOT_ASSESSED	INTRINSIC|Ndrg1	INTRINSIC|Ndrg1	intrinsic_gene	intrinsic_gene	0.0	0.730549745141673	1.0	0.75	0.0	1.0	1.0	1.0	0.0	1.0	INTRINSIC|Ndrg1	same intrinsic regulator	regulator identity	HIGH	unknown	unknown	True	UNRESOLVED	47.0	0.0	0.0		0.9662246704101562	1.5283100097737414	1.5563175678253174	positive	0.0	43.0	31.0	45.0	0.0009990009990009	0.0051615051615051	1.0	within-candidate mouse-effect sign permutation	0.0	0.0	0.9990009990009991		0.0	False	T-cell knockout/CRISPRi plus CRISPRa or cDNA rescue	CD69/CD137, T-cell effector program and tumor-cell killing	non-targeting guide plus untreated/irrelevant control	receptor-deficient T cells or matched source-cell control	NOT_APPLICABLE	NOT_APPLICABLE	SUPPORTED	SUPPORTED	PARTIALLY_SUPPORTED	MISSING	MISSING	0.5	1.0	1.0	0.587825053153048	0.0	0.0	0.05218212465297665	0.07142857142857142	0.07142857142857142	0.07142857142857142	0.0	0.0	0.0	0.07135721421435708	0.07142857142857142	0.03571428571428571	0.07142857142857142	0.07142857142857142	0.0	False	2	ASSOCIATION_ONLY	Test necessity and sufficiency; Phase 1.5 is associative.	
				42												RNA+ADT-supported				0.0																			False		Mfhas1	intrinsic	T-cell-intrinsic gene/state association	T cell	CD8		8.807019993959185e-08		0.0	0.0	47	True	True	True	False	True	MODERATE	Mfhas1	CD8	0.7752229811889351	0.0113339185968069	0.0074564650989994	8.807019993959185e-08		False	True	True										True		True	False	True	True	NOT_ASSESSED	0				No external perturbational dataset integrated	NOT_ASSESSED	INTRINSIC|Mfhas1	INTRINSIC|Mfhas1	intrinsic_gene	intrinsic_gene	0.0	0.7055171017707392	1.0	0.75	0.0	1.0	1.0	1.0	0.0	1.0	INTRINSIC|Mfhas1	same intrinsic regulator	regulator identity	HIGH	unknown	unknown	True	UNRESOLVED	42.0	0.0	0.0		0.3806562423706054	0.7062295788810367	0.8270622491836548	positive	0.0	60.0	57.0	61.0	0.0009990009990009	0.0051615051615051	1.0	within-candidate mouse-effect sign permutation	0.0	0.0	0.9990009990009991		0.0	False	T-cell knockout/CRISPRi plus CRISPRa or cDNA rescue	CD69/CD137, T-cell effector program and tumor-cell killing	non-targeting guide plus untreated/irrelevant control	receptor-deficient T cells or matched source-cell control	NOT_APPLICABLE	NOT_APPLICABLE	SUPPORTED	SUPPORTED	PARTIALLY_SUPPORTED	MISSING	MISSING	0.5	1.0	1.0	0.5860370071979814	0.0	0.0	0.05039407869790995	0.07142857142857142	0.07142857142857142	0.07142857142857142	0.0	0.0	0.0	0.07135721421435708	0.07142857142857142	0.03571428571428571	0.07142857142857142	0.07142857142857142	0.0	False	2	ASSOCIATION_ONLY	Test necessity and sufficiency; Phase 1.5 is associative.	
				47												RNA+ADT-supported				0.0																			False		Foxp3	intrinsic	T-cell-intrinsic gene/state association	T cell	CD4		1.232572501862403e-07		0.0	0.0	47	True	True	True	False	True	MODERATE	Foxp3	CD4	5.9658233416936515	9.71902930074337e-06	5.056158660183512e-07	1.232572501862403e-07		False	True	True										True		True	False	True	True	NOT_ASSESSED	0				No external perturbational dataset integrated	NOT_ASSESSED	INTRINSIC|Foxp3	INTRINSIC|Foxp3	intrinsic_gene	intrinsic_gene	0.0	0.6909187525411633	1.0	0.75	0.0	1.0	1.0	1.0	0.0	1.0	INTRINSIC|Foxp3	same intrinsic regulator	regulator identity	HIGH	unknown	unknown	True	UNRESOLVED	47.0	0.0	0.0		1.0550990104675293	1.458363837384163	1.2305595874786377	positive	0.0	42.0	30.0	44.0	0.0009990009990009	0.0051615051615051	1.0	within-candidate mouse-effect sign permutation	0.0	0.0	0.9990009990009991		0.0	False	T-cell knockout/CRISPRi plus CRISPRa or cDNA rescue	CD69/CD137, T-cell effector program and tumor-cell killing	non-targeting guide plus untreated/irrelevant control	receptor-deficient T cells or matched source-cell control	NOT_APPLICABLE	NOT_APPLICABLE	SUPPORTED	SUPPORTED	PARTIALLY_SUPPORTED	MISSING	MISSING	0.5	1.0	1.0	0.5849942679672974	0.0	0.0	0.04935133946722595	0.07142857142857142	0.07142857142857142	0.07142857142857142	0.0	0.0	0.0	0.07135721421435708	0.07142857142857142	0.03571428571428571	0.07142857142857142	0.07142857142857142	0.0	False	2	ASSOCIATION_ONLY	Test necessity and sufficiency; Phase 1.5 is associative.	
				42												RNA+ADT-supported				0.0																			False		Errfi1	intrinsic	T-cell-intrinsic gene/state association	T cell	CD8		1.7627915583240518e-07		0.0	0.0	47	True	True	True	False	True	MODERATE	Errfi1	CD8	0.0	0.000127944969951	0.0108467004650725	1.7627915583240518e-07		False	True	True										True		True	False	True	True	NOT_ASSESSED	0				No external perturbational dataset integrated	NOT_ASSESSED	INTRINSIC|Errfi1	INTRINSIC|Errfi1	intrinsic_gene	intrinsic_gene	0.0	0.6753799037911415	1.0	0.75	0.0	1.0	1.0	1.0	0.0	1.0	INTRINSIC|Errfi1	same intrinsic regulator	regulator identity	HIGH	unknown	unknown	True	UNRESOLVED	42.0	0.0	0.0		0.6671466827392578	0.7977801391056606	0.6636515855789185	positive	0.0	37.0	28.0	40.0	0.0009990009990009	0.0051615051615051	1.0	within-candidate mouse-effect sign permutation	0.0	0.0	0.9990009990009991		0.0	False	T-cell knockout/CRISPRi plus CRISPRa or cDNA rescue	CD69/CD137, T-cell effector program and tumor-cell killing	non-targeting guide plus untreated/irrelevant control	receptor-deficient T cells or matched source-cell control	NOT_APPLICABLE	NOT_APPLICABLE	SUPPORTED	SUPPORTED	PARTIALLY_SUPPORTED	MISSING	MISSING	0.5	1.0	1.0	0.5838843501994386	0.0	0.0	0.04824142169936725	0.07142857142857142	0.07142857142857142	0.07142857142857142	0.0	0.0	0.0	0.07135721421435708	0.07142857142857142	0.03571428571428571	0.07142857142857142	0.07142857142857142	0.0	False	2	ASSOCIATION_ONLY	Test necessity and sufficiency; Phase 1.5 is associative.	
				42												RNA+ADT-supported				0.0																			False		Ncapg2	intrinsic	T-cell-intrinsic gene/state association	T cell	CD4		5.632751945363945e-07		0.0	0.0	47	True	True	True	False	True	MODERATE	Ncapg2	CD4	0.0	0.0005719696187894	4.0609300379522786e-05	5.632751945363945e-07		False	True	True										True		True	False	True	True	NOT_ASSESSED	0				No external perturbational dataset integrated	NOT_ASSESSED	INTRINSIC|Ncapg2	INTRINSIC|Ncapg2	intrinsic_gene	intrinsic_gene	0.0	0.6249279373765837	1.0	0.75	0.0	1.0	1.0	1.0	0.0	1.0	INTRINSIC|Ncapg2	same intrinsic regulator	regulator identity	HIGH	unknown	unknown	True	UNRESOLVED	42.0	0.0	0.0		-0.6162676811218262	-0.8828578392664591	0.8762342929840088	negative	0.0	62.0	61.0	62.0	0.0009990009990009	0.0051615051615051	1.0	within-candidate mouse-effect sign permutation	0.0	0.0	0.9990009990009991		0.0	False	T-cell knockout/CRISPRi plus CRISPRa or cDNA rescue	CD69/CD137, T-cell effector program and tumor-cell killing	non-targeting guide plus untreated/irrelevant control	receptor-deficient T cells or matched source-cell control	NOT_APPLICABLE	NOT_APPLICABLE	SUPPORTED	SUPPORTED	PARTIALLY_SUPPORTED	MISSING	MISSING	0.5	1.0	1.0	0.5802806383126845	0.0	0.0	0.04463770981261312	0.07142857142857142	0.07142857142857142	0.07142857142857142	0.0	0.0	0.0	0.07135721421435708	0.07142857142857142	0.03571428571428571	0.07142857142857142	0.07142857142857142	0.0	False	2	ASSOCIATION_ONLY	Test necessity and sufficiency; Phase 1.5 is associative.	
				42												RNA+ADT-supported				0.0																			False		Ncapg2	intrinsic	T-cell-intrinsic gene/state association	T cell	CD8		5.632751945363945e-07		0.0	0.0	47	True	True	True	False	True	MODERATE	Ncapg2	CD8	0.0	0.0149678896493815	0.0001056893052344	5.632751945363945e-07		False	True	True										True		True	False	True	True	NOT_ASSESSED	0				No external perturbational dataset integrated	NOT_ASSESSED	INTRINSIC|Ncapg2	INTRINSIC|Ncapg2	intrinsic_gene	intrinsic_gene	0.0	0.6249279373765837	1.0	0.75	0.0	1.0	1.0	1.0	0.0	1.0	INTRINSIC|Ncapg2	same intrinsic regulator	regulator identity	HIGH	unknown	unknown	True	UNRESOLVED	42.0	0.0	0.0		-0.6162676811218262	-0.8828578392664591	0.8762342929840088	negative	0.0	62.0	61.0	62.0	0.0009990009990009	0.0051615051615051	1.0	within-candidate mouse-effect sign permutation	0.0	0.0	0.9990009990009991		0.0	False	T-cell knockout/CRISPRi plus CRISPRa or cDNA rescue	CD69/CD137, T-cell effector program and tumor-cell killing	non-targeting guide plus untreated/irrelevant control	receptor-deficient T cells or matched source-cell control	NOT_APPLICABLE	NOT_APPLICABLE	SUPPORTED	SUPPORTED	PARTIALLY_SUPPORTED	MISSING	MISSING	0.5	1.0	1.0	0.5802806383126845	0.0	0.0	0.04463770981261312	0.07142857142857142	0.07142857142857142	0.07142857142857142	0.0	0.0	0.0	0.07135721421435708	0.07142857142857142	0.03571428571428571	0.07142857142857142	0.07142857142857142	0.0	False	2	ASSOCIATION_ONLY	Test necessity and sufficiency; Phase 1.5 is associative.	
				47												RNA+ADT-supported				0.0																			False		Nebl	intrinsic	T-cell-intrinsic gene/state association	T cell	CD4		5.892946773906503e-07		0.0	0.0	47	True	True	True	False	True	MODERATE	Nebl	CD4	0.0	4.338485063085728e-06	5.626691974484964e-06	5.892946773906503e-07		False	True	True										True		True	False	True	True	NOT_ASSESSED	0				No external perturbational dataset integrated	NOT_ASSESSED	INTRINSIC|Nebl	INTRINSIC|Nebl	intrinsic_gene	intrinsic_gene	0.0	0.6229667481508464	1.0	0.75	0.0	1.0	1.0	1.0	0.0	1.0	INTRINSIC|Nebl	same intrinsic regulator	regulator identity	HIGH	unknown	unknown	True	UNRESOLVED	47.0	0.0	0.0		1.346784591674805	1.4643303079808012	0.7949337959289551	positive	0.0	36.0	27.0	41.0	0.0009990009990009	0.0051615051615051	1.0	within-candidate mouse-effect sign permutation	0.0	0.0	0.9990009990009991		0.0	False	T-cell knockout/CRISPRi plus CRISPRa or cDNA rescue	CD69/CD137, T-cell effector program and tumor-cell killing	non-targeting guide plus untreated/irrelevant control	receptor-deficient T cells or matched source-cell control	NOT_APPLICABLE	NOT_APPLICABLE	SUPPORTED	SUPPORTED	PARTIALLY_SUPPORTED	MISSING	MISSING	0.5	1.0	1.0	0.580140553367989	0.0	0.0	0.0444976248679176	0.07142857142857142	0.07142857142857142	0.07142857142857142	0.0	0.0	0.0	0.07135721421435708	0.07142857142857142	0.03571428571428571	0.07142857142857142	0.07142857142857142	0.0	False	2	ASSOCIATION_ONLY	Test necessity and sufficiency; Phase 1.5 is associative.	
				47												RNA+ADT-supported				0.0																			False		E130308A19Rik	intrinsic	T-cell-intrinsic gene/state association	T cell	CD4		2.7570157964490403e-06		0.0	0.0	47	True	True	True	False	True	MODERATE	E130308A19Rik	CD4	0.0	0.0172751130549561	2.9605233622868305e-06	2.7570157964490403e-06		False	True	True										True		True	False	True	True	NOT_ASSESSED	0				No external perturbational dataset integrated	NOT_ASSESSED	INTRINSIC|E130308A19Rik	INTRINSIC|E130308A19Rik	intrinsic_gene	intrinsic_gene	0.0	0.5559560745576853	1.0	0.75	0.0	1.0	1.0	1.0	0.0	1.0	INTRINSIC|E130308A19Rik	same intrinsic regulator	regulator identity	HIGH	unknown	unknown	True	UNRESOLVED	47.0	0.0	0.0		-0.7480764389038086	-0.6826058702265962	1.6792399883270264	negative	0.0	66.0	63.0	67.0	0.0019980019980019	0.008078877644095	1.0	within-candidate mouse-effect sign permutation	0.0	0.0	0.9980019980019981		0.0	False	T-cell knockout/CRISPRi plus CRISPRa or cDNA rescue	CD69/CD137, T-cell effector program and tumor-cell killing	non-targeting guide plus untreated/irrelevant control	receptor-deficient T cells or matched source-cell control	NOT_APPLICABLE	NOT_APPLICABLE	SUPPORTED	SUPPORTED	PARTIALLY_SUPPORTED	MISSING	MISSING	0.5	1.0	1.0	0.5752827194685489	0.0	0.0	0.0397111481826918	0.07142857142857142	0.07142857142857142	0.07142857142857142	0.0	0.0	0.0	0.07128585700014271	0.07142857142857142	0.03571428571428571	0.07142857142857142	0.07142857142857142	0.0	False	2	ASSOCIATION_ONLY	Test necessity and sufficiency; Phase 1.5 is associative.	
				47												RNA+ADT-supported				0.0																			False		Neb	intrinsic	T-cell-intrinsic gene/state association	T cell	CD4		4.835084095305072e-06		0.0	0.0	47	True	True	True	False	True	MODERATE	Neb	CD4	2.3610124287546106	0.0011809236184553	5.056158660183512e-07	4.835084095305072e-06		False	True	True										True		True	False	True	True	NOT_ASSESSED	0				No external perturbational dataset integrated	NOT_ASSESSED	INTRINSIC|Neb	INTRINSIC|Neb	intrinsic_gene	intrinsic_gene	0.0	0.5315595967949266	1.0	0.75	0.0	1.0	1.0	1.0	0.0	1.0	INTRINSIC|Neb	same intrinsic regulator	regulator identity	HIGH	unknown	unknown	True	UNRESOLVED	47.0	0.0	0.0		0.5119304656982422	0.993168277943388	1.6770126819610596	positive	0.0	71.0	71.0	72.0	0.0039960039960039	0.0146695409853304	0.999	within-candidate mouse-effect sign permutation	0.0	0.0	0.9960039960039961		0.0	False	T-cell knockout/CRISPRi plus CRISPRa or cDNA rescue	CD69/CD137, T-cell effector program and tumor-cell killing	non-targeting guide plus untreated/irrelevant control	receptor-deficient T cells or matched source-cell control	NOT_APPLICABLE	NOT_APPLICABLE	SUPPORTED	SUPPORTED	PARTIALLY_SUPPORTED	MISSING	MISSING	0.5	1.0	1.0	0.5733973994856374	0.0	0.0	0.03796854262820904	0.07142857142857142	0.07142857142857142	0.07142857142857142	0.0	0.0	0.0	0.07114314257171402	0.07142857142857142	0.03571428571428571	0.07142857142857142	0.07142857142857142	0.0	False	2	ASSOCIATION_ONLY	Test necessity and sufficiency; Phase 1.5 is associative.	
				47												RNA+ADT-supported				0.0																			False		Neb	intrinsic	T-cell-intrinsic gene/state association	T cell	CD8		4.835084095305072e-06		0.0	0.0	47	True	True	True	False	True	MODERATE	Neb	CD8	0.0	0.0224570012358874	0.0456152387683474	4.835084095305072e-06		False	True	True										True		True	False	True	True	NOT_ASSESSED	0				No external perturbational dataset integrated	NOT_ASSESSED	INTRINSIC|Neb	INTRINSIC|Neb	intrinsic_gene	intrinsic_gene	0.0	0.5315595967949266	1.0	0.75	0.0	1.0	1.0	1.0	0.0	1.0	INTRINSIC|Neb	same intrinsic regulator	regulator identity	HIGH	unknown	unknown	True	UNRESOLVED	47.0	0.0	0.0		0.5119304656982422	0.993168277943388	1.6770126819610596	positive	0.0	71.0	71.0	72.0	0.0039960039960039	0.0146695409853304	0.999	within-candidate mouse-effect sign permutation	0.0	0.0	0.9960039960039961		0.0	False	T-cell knockout/CRISPRi plus CRISPRa or cDNA rescue	CD69/CD137, T-cell effector program and tumor-cell killing	non-targeting guide plus untreated/irrelevant control	receptor-deficient T cells or matched source-cell control	NOT_APPLICABLE	NOT_APPLICABLE	SUPPORTED	SUPPORTED	PARTIALLY_SUPPORTED	MISSING	MISSING	0.5	1.0	1.0	0.5733973994856374	0.0	0.0	0.03796854262820904	0.07142857142857142	0.07142857142857142	0.07142857142857142	0.0	0.0	0.0	0.07114314257171402	0.07142857142857142	0.03571428571428571	0.07142857142857142	0.07142857142857142	0.0	False	2	ASSOCIATION_ONLY	Test necessity and sufficiency; Phase 1.5 is associative.	
				42												RNA+ADT-supported				0.0																			False		Frmd4b	intrinsic	T-cell-intrinsic gene/state association	T cell	CD8		3.7063382556296e-05		0.0	0.0	47	True	True	True	False	True	MODERATE	Frmd4b	CD8	0.0	0.0019917147957826	0.0140164178980617	3.7063382556296e-05		False	True	True										True		True	False	True	True	NOT_ASSESSED	0				No external perturbational dataset integrated	NOT_ASSESSED	INTRINSIC|Frmd4b	INTRINSIC|Frmd4b	intrinsic_gene	intrinsic_gene	0.0	0.4431054947712821	1.0	0.75	0.0	1.0	1.0	1.0	0.0	1.0	INTRINSIC|Frmd4b	same intrinsic regulator	regulator identity	HIGH	unknown	unknown	True	UNRESOLVED	42.0	0.0	0.0		0.8184210062026978	0.6903511229015532	1.086921513080597	positive	0.0	64.0	63.0	65.0	0.0009990009990009	0.0051615051615051	1.0	within-candidate mouse-effect sign permutation	0.0	0.0	0.9990009990009991		0.0	False	T-cell knockout/CRISPRi plus CRISPRa or cDNA rescue	CD69/CD137, T-cell effector program and tumor-cell killing	non-targeting guide plus untreated/irrelevant control	receptor-deficient T cells or matched source-cell control	NOT_APPLICABLE	NOT_APPLICABLE	SUPPORTED	SUPPORTED	PARTIALLY_SUPPORTED	MISSING	MISSING	0.5	1.0	1.0	0.5672933209837343	0.0	0.0	0.031650392483663005	0.07142857142857142	0.07142857142857142	0.07142857142857142	0.0	0.0	0.0	0.07135721421435708	0.07142857142857142	0.03571428571428571	0.07142857142857142	0.07142857142857142	0.0	False	2	ASSOCIATION_ONLY	Test necessity and sufficiency; Phase 1.5 is associative.	
				42												RNA+ADT-supported				0.0																			False		Mkl2	intrinsic	T-cell-intrinsic gene/state association	T cell	CD8		3.4795559822478117e-05		0.0	0.0	47	True	True	True	False	True	MODERATE	Mkl2	CD8	0.7380229971697315	0.0251377503696068	0.0059435896354851	3.4795559822478117e-05		False	True	True										True		True	False	True	True	NOT_ASSESSED	0				No external perturbational dataset integrated	NOT_ASSESSED	INTRINSIC|Mkl2	INTRINSIC|Mkl2	intrinsic_gene	intrinsic_gene	0.0	0.4458476171789824	1.0	0.75	0.0	1.0	1.0	1.0	0.0	1.0	INTRINSIC|Mkl2	same intrinsic regulator	regulator identity	HIGH	unknown	unknown	True	UNRESOLVED	42.0	0.0	0.0		-0.385831356048584	-0.3887297425951276	0.6415188312530518	negative	0.0	72.0	71.0	73.0	0.0059940059940059	0.0211687047130085	1.0	within-candidate mouse-effect sign permutation	0.0	0.0	0.9940059940059941		0.0	False	T-cell knockout/CRISPRi plus CRISPRa or cDNA rescue	CD69/CD137, T-cell effector program and tumor-cell killing	non-targeting guide plus untreated/irrelevant control	receptor-deficient T cells or matched source-cell control	NOT_APPLICABLE	NOT_APPLICABLE	SUPPORTED	SUPPORTED	PARTIALLY_SUPPORTED	MISSING	MISSING	0.5	1.0	1.0	0.5671324007989269	0.0	0.0	0.03184625836992731	0.07142857142857142	0.07142857142857142	0.07142857142857142	0.0	0.0	0.0	0.07100042814328529	0.07142857142857142	0.03571428571428571	0.07142857142857142	0.07142857142857142	0.0	False	2	ASSOCIATION_ONLY	Test necessity and sufficiency; Phase 1.5 is associative.	
				47												RNA+ADT-supported				0.0																			False		Fbxo32	intrinsic	T-cell-intrinsic gene/state association	T cell	CD4		5.6942964309567234e-05		0.0	0.0	47	True	True	True	False	True	MODERATE	Fbxo32	CD4	1.521685747155389	0.015894180524331	0.0066111508360546	5.6942964309567234e-05		False	True	True										True		True	False	True	True	NOT_ASSESSED	0				No external perturbational dataset integrated	NOT_ASSESSED	INTRINSIC|Fbxo32	INTRINSIC|Fbxo32	intrinsic_gene	intrinsic_gene	0.0	0.4244559928306413	1.0	0.75	0.0	1.0	1.0	1.0	0.0	1.0	INTRINSIC|Fbxo32	same intrinsic regulator	regulator identity	HIGH	unknown	unknown	True	UNRESOLVED	47.0	0.0	0.0		-0.7649574279785156	-0.8292546982460833	1.2189539670944214	negative	0.0	68.0	67.0	70.0	0.0009990009990009	0.0051615051615051	1.0	within-candidate mouse-effect sign permutation	0.0	0.0	0.9990009990009991		0.0	False	T-cell knockout/CRISPRi plus CRISPRa or cDNA rescue	CD69/CD137, T-cell effector program and tumor-cell killing	non-targeting guide plus untreated/irrelevant control	receptor-deficient T cells or matched source-cell control	NOT_APPLICABLE	NOT_APPLICABLE	SUPPORTED	SUPPORTED	PARTIALLY_SUPPORTED	MISSING	MISSING	0.5	1.0	1.0	0.56596121370226	0.0	0.0	0.030318285202188662	0.07142857142857142	0.07142857142857142	0.07142857142857142	0.0	0.0	0.0	0.07135721421435708	0.07142857142857142	0.03571428571428571	0.07142857142857142	0.07142857142857142	0.0	False	2	ASSOCIATION_ONLY	Test necessity and sufficiency; Phase 1.5 is associative.	
				47												RNA+ADT-supported				0.0																			False		Fam126a	intrinsic	T-cell-intrinsic gene/state association	T cell	CD4		0.0002032006640126		0.0	0.0	47	True	True	True	False	True	MODERATE	Fam126a	CD4	2.9104688401134813	0.0002654296696569	1.7646696250226878e-06	0.0002032006640126		False	True	True										True		True	False	True	True	NOT_ASSESSED	0				No external perturbational dataset integrated	NOT_ASSESSED	INTRINSIC|Fam126a	INTRINSIC|Fam126a	intrinsic_gene	intrinsic_gene	0.0	0.36920748772122475	1.0	0.75	0.0	1.0	1.0	1.0	0.0	1.0	INTRINSIC|Fam126a	same intrinsic regulator	regulator identity	HIGH	unknown	unknown	True	UNRESOLVED	47.0	0.0	0.0		0.6239356994628906	0.6531238454453488	0.8976118564605713	positive	0.0	63.0	63.0	64.0	0.0009990009990009	0.0051615051615051	1.0	within-candidate mouse-effect sign permutation	0.0	0.0	0.9990009990009991		0.0	False	T-cell knockout/CRISPRi plus CRISPRa or cDNA rescue	CD69/CD137, T-cell effector program and tumor-cell killing	non-targeting guide plus untreated/irrelevant control	receptor-deficient T cells or matched source-cell control	NOT_APPLICABLE	NOT_APPLICABLE	SUPPORTED	SUPPORTED	PARTIALLY_SUPPORTED	MISSING	MISSING	0.5	1.0	1.0	0.5620148919087302	0.0	0.0	0.02637196340865891	0.07142857142857142	0.07142857142857142	0.07142857142857142	0.0	0.0	0.0	0.07135721421435708	0.07142857142857142	0.03571428571428571	0.07142857142857142	0.07142857142857142	0.0	False	2	ASSOCIATION_ONLY	Test necessity and sufficiency; Phase 1.5 is associative.	
				47												RNA+ADT-supported				0.0																			False		Ezh2	intrinsic	T-cell-intrinsic gene/state association	T cell	CD4		0.0006188477679886		0.0	0.0	47	True	True	True	False	True	MODERATE	Ezh2	CD4	0.0	0.0104950940797486	0.0003540665856755	0.0006188477679886		False	True	True										True		True	False	True	True	NOT_ASSESSED	0				No external perturbational dataset integrated	NOT_ASSESSED	INTRINSIC|Ezh2	INTRINSIC|Ezh2	intrinsic_gene	intrinsic_gene	0.0	0.32084161710987413	1.0	0.75	0.0	1.0	1.0	1.0	0.0	1.0	INTRINSIC|Ezh2	same intrinsic regulator	regulator identity	HIGH	unknown	unknown	True	UNRESOLVED	47.0	0.0	0.0		-0.4007701873779297	-0.3722425927507116	0.8871099948883057	negative	0.0	75.0	74.0	76.0	0.0159840159840159	0.0464535464535464	0.997	within-candidate mouse-effect sign permutation	0.0	0.0	0.9840159840159841		0.0	False	T-cell knockout/CRISPRi plus CRISPRa or cDNA rescue	CD69/CD137, T-cell effector program and tumor-cell killing	non-targeting guide plus untreated/irrelevant control	receptor-deficient T cells or matched source-cell control	NOT_APPLICABLE	NOT_APPLICABLE	SUPPORTED	SUPPORTED	PARTIALLY_SUPPORTED	MISSING	MISSING	0.5	1.0	1.0	0.557489828651847	0.0	0.0	0.02291725836499101	0.07142857142857142	0.07142857142857142	0.07142857142857142	0.0	0.0	0.0	0.07028685600114172	0.07142857142857142	0.03571428571428571	0.07142857142857142	0.07142857142857142	0.0	False	2	ASSOCIATION_ONLY	Test necessity and sufficiency; Phase 1.5 is associative.	
				47												RNA+ADT-supported				0.0																			False		Ezh2	intrinsic	T-cell-intrinsic gene/state association	T cell	CD8		0.0006188477679886		0.0	0.0	47	True	True	True	False	True	MODERATE	Ezh2	CD8	0.0	0.0259304202194334	8.641042392808852e-06	0.0006188477679886		False	True	True										True		True	False	True	True	NOT_ASSESSED	0				No external perturbational dataset integrated	NOT_ASSESSED	INTRINSIC|Ezh2	INTRINSIC|Ezh2	intrinsic_gene	intrinsic_gene	0.0	0.32084161710987413	1.0	0.75	0.0	1.0	1.0	1.0	0.0	1.0	INTRINSIC|Ezh2	same intrinsic regulator	regulator identity	HIGH	unknown	unknown	True	UNRESOLVED	47.0	0.0	0.0		-0.4007701873779297	-0.3722425927507116	0.8871099948883057	negative	0.0	75.0	74.0	76.0	0.0159840159840159	0.0464535464535464	0.997	within-candidate mouse-effect sign permutation	0.0	0.0	0.9840159840159841		0.0	False	T-cell knockout/CRISPRi plus CRISPRa or cDNA rescue	CD69/CD137, T-cell effector program and tumor-cell killing	non-targeting guide plus untreated/irrelevant control	receptor-deficient T cells or matched source-cell control	NOT_APPLICABLE	NOT_APPLICABLE	SUPPORTED	SUPPORTED	PARTIALLY_SUPPORTED	MISSING	MISSING	0.5	1.0	1.0	0.557489828651847	0.0	0.0	0.02291725836499101	0.07142857142857142	0.07142857142857142	0.07142857142857142	0.0	0.0	0.0	0.07028685600114172	0.07142857142857142	0.03571428571428571	0.07142857142857142	0.07142857142857142	0.0	False	2	ASSOCIATION_ONLY	Test necessity and sufficiency; Phase 1.5 is associative.	
				47												RNA+ADT-supported				0.0																			False		Flnb	intrinsic	T-cell-intrinsic gene/state association	T cell	CD4		0.0011501771265315		0.0	0.0	47	True	True	True	False	True	MODERATE	Flnb	CD4	3.632798410567016	0.0008401884565829	5.056158660183512e-07	0.0011501771265315		False	True	True										True		True	False	True	True	NOT_ASSESSED	0				No external perturbational dataset integrated	NOT_ASSESSED	INTRINSIC|Flnb	INTRINSIC|Flnb	intrinsic_gene	intrinsic_gene	0.0	0.2939235273427502	1.0	0.75	0.0	1.0	1.0	1.0	0.0	1.0	INTRINSIC|Flnb	same intrinsic regulator	regulator identity	HIGH	unknown	unknown	True	UNRESOLVED	47.0	0.0	0.0		0.775261402130127	0.8841937602834499	1.1451337337493896	positive	0.0	69.0	67.0	70.0	0.0009990009990009	0.0051615051615051	1.0	within-candidate mouse-effect sign permutation	0.0	0.0	0.9990009990009991		0.0	False	T-cell knockout/CRISPRi plus CRISPRa or cDNA rescue	CD69/CD137, T-cell effector program and tumor-cell killing	non-targeting guide plus untreated/irrelevant control	receptor-deficient T cells or matched source-cell control	NOT_APPLICABLE	NOT_APPLICABLE	SUPPORTED	SUPPORTED	PARTIALLY_SUPPORTED	MISSING	MISSING	0.5	1.0	1.0	0.5566374661674106	0.0	0.0	0.0209945376673393	0.07142857142857142	0.07142857142857142	0.07142857142857142	0.0	0.0	0.0	0.07135721421435708	0.07142857142857142	0.03571428571428571	0.07142857142857142	0.07142857142857142	0.0	False	2	ASSOCIATION_ONLY	Test necessity and sufficiency; Phase 1.5 is associative.	
				47												RNA+ADT-supported				0.0																			False		Flnb	intrinsic	T-cell-intrinsic gene/state association	T cell	CD8		0.0011501771265315		0.0	0.0	47	True	True	True	False	True	MODERATE	Flnb	CD8	1.3894999037835376	0.0160073809500118	0.0001382533409225	0.0011501771265315		False	True	True										True		True	False	True	True	NOT_ASSESSED	0				No external perturbational dataset integrated	NOT_ASSESSED	INTRINSIC|Flnb	INTRINSIC|Flnb	intrinsic_gene	intrinsic_gene	0.0	0.2939235273427502	1.0	0.75	0.0	1.0	1.0	1.0	0.0	1.0	INTRINSIC|Flnb	same intrinsic regulator	regulator identity	HIGH	unknown	unknown	True	UNRESOLVED	47.0	0.0	0.0		0.775261402130127	0.8841937602834499	1.1451337337493896	positive	0.0	69.0	67.0	70.0	0.0009990009990009	0.0051615051615051	1.0	within-candidate mouse-effect sign permutation	0.0	0.0	0.9990009990009991		0.0	False	T-cell knockout/CRISPRi plus CRISPRa or cDNA rescue	CD69/CD137, T-cell effector program and tumor-cell killing	non-targeting guide plus untreated/irrelevant control	receptor-deficient T cells or matched source-cell control	NOT_APPLICABLE	NOT_APPLICABLE	SUPPORTED	SUPPORTED	PARTIALLY_SUPPORTED	MISSING	MISSING	0.5	1.0	1.0	0.5566374661674106	0.0	0.0	0.0209945376673393	0.07142857142857142	0.07142857142857142	0.07142857142857142	0.0	0.0	0.0	0.07135721421435708	0.07142857142857142	0.03571428571428571	0.07142857142857142	0.07142857142857142	0.0	False	2	ASSOCIATION_ONLY	Test necessity and sufficiency; Phase 1.5 is associative.	
				47												RNA+ADT-supported				0.0																			False		Metrnl	intrinsic	T-cell-intrinsic gene/state association	T cell	CD4		0.0017544804984505		0.0	0.0	47	True	True	True	False	True	MODERATE	Metrnl	CD4	1.092846029675562	0.0002084286725988	0.0418596341043116	0.0017544804984505		False	True	True										True		True	False	True	True	NOT_ASSESSED	0				No external perturbational dataset integrated	NOT_ASSESSED	INTRINSIC|Metrnl	INTRINSIC|Metrnl	intrinsic_gene	intrinsic_gene	0.0	0.27558514547283736	1.0	0.75	0.0	1.0	1.0	1.0	0.0	1.0	INTRINSIC|Metrnl	same intrinsic regulator	regulator identity	HIGH	unknown	unknown	True	UNRESOLVED	47.0	0.0	0.0		0.9135432243347168	1.430352495071736	1.5745911598205566	positive	0.0	70.0	67.0	70.0	0.0009990009990009	0.0051615051615051	1.0	within-candidate mouse-effect sign permutation	0.0	0.0	0.9990009990009991		0.0	False	T-cell knockout/CRISPRi plus CRISPRa or cDNA rescue	CD69/CD137, T-cell effector program and tumor-cell killing	non-targeting guide plus untreated/irrelevant control	receptor-deficient T cells or matched source-cell control	NOT_APPLICABLE	NOT_APPLICABLE	SUPPORTED	SUPPORTED	PARTIALLY_SUPPORTED	MISSING	MISSING	0.5	1.0	1.0	0.5553275817481312	0.0	0.0	0.019684653248059812	0.07142857142857142	0.07142857142857142	0.07142857142857142	0.0	0.0	0.0	0.07135721421435708	0.07142857142857142	0.03571428571428571	0.07142857142857142	0.07142857142857142	0.0	False	2	ASSOCIATION_ONLY	Test necessity and sufficiency; Phase 1.5 is associative.	
				47												RNA+ADT-supported				0.0																			False		Emp1	intrinsic	T-cell-intrinsic gene/state association	T cell	CD4		0.0021892984880821		0.0	0.0	47	True	True	True	False	True	MODERATE	Emp1	CD4	0.0	0.0001169742581117	5.056158660183512e-07	0.0021892984880821		False	True	True										True		True	False	True	True	NOT_ASSESSED	0				No external perturbational dataset integrated	NOT_ASSESSED	INTRINSIC|Emp1	INTRINSIC|Emp1	intrinsic_gene	intrinsic_gene	0.0	0.265969502285893	1.0	0.75	0.0	1.0	1.0	1.0	0.0	1.0	INTRINSIC|Emp1	same intrinsic regulator	regulator identity	HIGH	unknown	unknown	True	UNRESOLVED	47.0	0.0	0.0		0.8128318786621094	0.7458237181318567	0.8567750453948975	positive	0.0	67.0	65.0	69.0	0.0009990009990009	0.0051615051615051	1.0	within-candidate mouse-effect sign permutation	0.0	0.0	0.9990009990009991		0.0	False	T-cell knockout/CRISPRi plus CRISPRa or cDNA rescue	CD69/CD137, T-cell effector program and tumor-cell killing	non-targeting guide plus untreated/irrelevant control	receptor-deficient T cells or matched source-cell control	NOT_APPLICABLE	NOT_APPLICABLE	SUPPORTED	SUPPORTED	PARTIALLY_SUPPORTED	MISSING	MISSING	0.5	1.0	1.0	0.5546407500919208	0.0	0.0	0.0189978215918495	0.07142857142857142	0.07142857142857142	0.07142857142857142	0.0	0.0	0.0	0.07135721421435708	0.07142857142857142	0.03571428571428571	0.07142857142857142	0.07142857142857142	0.0	False	2	ASSOCIATION_ONLY	Test necessity and sufficiency; Phase 1.5 is associative.	
				47												RNA+ADT-supported				0.0																			False		Emp1	intrinsic	T-cell-intrinsic gene/state association	T cell	CD8		0.0021892984880821		0.0	0.0	47	True	True	True	False	True	MODERATE	Emp1	CD8	0.0	0.0002899646540518	0.0001263219135578	0.0021892984880821		False	True	True										True		True	False	True	True	NOT_ASSESSED	0				No external perturbational dataset integrated	NOT_ASSESSED	INTRINSIC|Emp1	INTRINSIC|Emp1	intrinsic_gene	intrinsic_gene	0.0	0.265969502285893	1.0	0.75	0.0	1.0	1.0	1.0	0.0	1.0	INTRINSIC|Emp1	same intrinsic regulator	regulator identity	HIGH	unknown	unknown	True	UNRESOLVED	47.0	0.0	0.0		0.8128318786621094	0.7458237181318567	0.8567750453948975	positive	0.0	67.0	65.0	69.0	0.0009990009990009	0.0051615051615051	1.0	within-candidate mouse-effect sign permutation	0.0	0.0	0.9990009990009991		0.0	False	T-cell knockout/CRISPRi plus CRISPRa or cDNA rescue	CD69/CD137, T-cell effector program and tumor-cell killing	non-targeting guide plus untreated/irrelevant control	receptor-deficient T cells or matched source-cell control	NOT_APPLICABLE	NOT_APPLICABLE	SUPPORTED	SUPPORTED	PARTIALLY_SUPPORTED	MISSING	MISSING	0.5	1.0	1.0	0.5546407500919208	0.0	0.0	0.0189978215918495	0.07142857142857142	0.07142857142857142	0.07142857142857142	0.0	0.0	0.0	0.07135721421435708	0.07142857142857142	0.03571428571428571	0.07142857142857142	0.07142857142857142	0.0	False	2	ASSOCIATION_ONLY	Test necessity and sufficiency; Phase 1.5 is associative.	
