TF	lineage	contrast	level_a	level_b	activity_effect_a_minus_b	pvalue	FDR	n_strata	direction_consistency
Irf1	CD4	48h_vs_12h	48	12	-0.6106920661857678	7.2309829450680245e-06	0.0021909878323556112	4	0.75
Stat2	CD4	48h_vs_12h	48	12	-1.243668773152867	3.233648994312729e-05	0.004898978226383784	4	0.75
Irf2	CD4	48h_vs_12h	48	12	-0.428070144910485	0.00039150126351253817	0.029656220711074766	4	0.75
Relb	CD4	48h_vs_12h	48	12	-0.3636379929138385	0.00034057287281670225	0.029656220711074766	4	0.75
Irf9	CD4	48h_vs_12h	48	12	-0.620460159894255	0.0005957371063791154	0.036101668646574395	4	0.75
Nfkb2	CD4	48h_vs_12h	48	12	-0.43207086960679103	0.0008438758883107329	0.04261573235969201	4	0.75
Etv6	CD4	48h_vs_12h	48	12	-0.11333491634371383	0.0022023007593560654	0.07414412556498753	4	0.75
Hmbox1	CD4	48h_vs_12h	48	12	-0.2008613239315673	0.001732061775531775	0.07414412556498753	4	0.75
Stat6	CD4	48h_vs_12h	48	12	-0.32843483944920243	0.001966109865442968	0.07414412556498753	4	0.75
Ncoa3	CD4	48h_vs_12h	48	12	-0.3033701975598162	0.00295352938892266	0.0894919404843566	4	0.75
Wt1	CD4	48h_vs_12h	48	12	-0.23854405334972045	0.003249216682068964	0.08950115042426328	4	0.75
Cebpb	CD4	48h_vs_12h	48	12	-0.50886749081816	0.005349173185527039	0.12467688270882252	4	0.75
Zbtb11	CD4	48h_vs_12h	48	12	-0.19125559545426907	0.005331083470063434	0.12467688270882252	4	1.0
Stat5b	CD4	48h_vs_12h	48	12	-0.281236452661579	0.006166190809457773	0.13345398680469323	4	0.75
Mef2a	CD4	48h_vs_12h	48	12	-0.304228803458285	0.006789333161453042	0.13714452986135145	4	0.75
Arid2	CD4	48h_vs_12h	48	12	-0.197990118557467	0.00829340272342023	0.14781770736449	4	0.75
Foxm1	CD4	48h_vs_12h	48	12	0.7631669794892073	0.00826641898888872	0.14781770736449	4	1.0
Irf4	CD4	48h_vs_12h	48	12	-0.3500864463310901	0.00903243353817178	0.15114451410287974	4	1.0
Mybl2	CD4	48h_vs_12h	48	12	0.38094419633484367	0.009477708805131073	0.15114451410287974	4	0.75
Cdx2	CD4	48h_vs_12h	48	12	-0.20417749962589318	0.01083034618506739	0.1562664235274009	4	0.75
Prdm1	CD4	48h_vs_12h	48	12	-0.21820880627352032	0.010735755091529983	0.1562664235274009	4	1.0
Atf2	CD4	48h_vs_12h	48	12	-0.21917299816703317	0.015693309334534344	0.2010302490865894	4	0.75
Gli1	CD4	48h_vs_12h	48	12	-0.2189468067888422	0.017250120383667737	0.2010302490865894	4	0.75
Klf4	CD4	48h_vs_12h	48	12	-0.2786499010666071	0.017209097039733334	0.2010302490865894	4	1.0
Mnt	CD4	48h_vs_12h	48	12	-0.28874488904236106	0.016175734067849692	0.2010302490865894	4	0.75
Zhx1	CD4	48h_vs_12h	48	12	-0.11540816429979342	0.0171245879613307	0.2010302490865894	4	0.75
Hhex	CD4	48h_vs_12h	48	12	-0.2133462109874915	0.020749343359313385	0.22453753706685556	4	1.0
Smad4	CD4	48h_vs_12h	48	12	-0.22131532713959448	0.020349639061048537	0.22453753706685556	4	0.75
Eomes	CD4	48h_vs_12h	48	12	-0.2094446667269461	0.023848760595431697	0.22757944486137308	4	0.5
Foxl2	CD4	48h_vs_12h	48	12	-0.15127341061874217	0.02471899623788728	0.22757944486137308	4	0.75
Nr1h2	CD4	48h_vs_12h	48	12	-0.10355492916839575	0.022633927006031025	0.22757944486137308	4	1.0
Nr5a2	CD4	48h_vs_12h	48	12	0.11723328277030906	0.025840899148680308	0.22757944486137308	4	0.75
Rarb	CD4	48h_vs_12h	48	12	-0.1701370072366602	0.025508188417879954	0.22757944486137308	4	1.0
Zfp143	CD4	48h_vs_12h	48	12	0.041768463658497894	0.024257259887533498	0.22757944486137308	4	0.75
Zfp644	CD4	48h_vs_12h	48	12	-0.13650233547670163	0.026288054686957284	0.22757944486137308	4	1.0
Bach1	CD4	48h_vs_12h	48	12	-0.2442983225089946	0.02927584889690891	0.2464050615489833	4	0.75
Tbx21	CD4	48h_vs_12h	48	12	-0.29367099276122066	0.03083077159381698	0.25247902143044715	4	0.75
Rxrb	CD4	48h_vs_12h	48	12	0.20096224554169825	0.03379467658569944	0.26946807909123505	4	1.0
Mbd2	CD4	48h_vs_12h	48	12	-0.19863957410633729	0.035592019826860784	0.27294082739542613	4	1.0
Sox10	CD4	48h_vs_12h	48	12	0.20972992496422174	0.03603179239543579	0.27294082739542613	4	0.75
Nfyb	CD4	48h_vs_12h	48	12	0.25356825667369	0.037373284247897376	0.2752247690595565	4	0.5
Runx3	CD4	48h_vs_12h	48	12	-0.3107396059755425	0.03814996798845338	0.2752247690595565	4	1.0
Arnt	CD4	48h_vs_12h	48	12	-0.14299392116638246	0.04340738024172149	0.2922763602942581	4	0.75
Bcl11a	CD4	48h_vs_12h	48	12	-0.18835133077129726	0.04228884459531216	0.2922763602942581	4	0.75
Pbx3	CD4	48h_vs_12h	48	12	0.12954931862472813	0.042466966132774724	0.2922763602942581	4	0.75
Rxrg	CD4	48h_vs_12h	48	12	0.16236947277247063	0.04955395247636002	0.3264097304421105	4	1.0
Kdm5b	CD4	48h_vs_12h	48	12	-0.15050121895183644	0.053167784616720046	0.33562164039304526	4	0.5
Lhx4	CD4	48h_vs_12h	48	12	-0.061889328981683936	0.05299837406548898	0.33562164039304526	4	0.75
E2f2	CD4	48h_vs_12h	48	12	0.41152054482465406	0.05591766875844776	0.345776604771626	4	0.75
Foxa3	CD4	48h_vs_12h	48	12	-0.0952076685009496	0.05790614186181328	0.35001824737337073	4	0.75
Thap11	CD4	48h_vs_12h	48	12	0.2419092996843181	0.05891396242918122	0.35001824737337073	4	1.0
E2f4	CD4	48h_vs_12h	48	12	0.875520954519518	0.06303755260133623	0.3666349216461429	4	0.75
Neurod1	CD4	48h_vs_12h	48	12	-0.07466081029145064	0.0641308608819986	0.3666349216461429	4	1.0
Stat1	CD4	48h_vs_12h	48	12	-0.7620420292206539	0.06857037232554813	0.384755978048909	4	0.5
Ahr	CD4	48h_vs_12h	48	12	-0.24617040845081117	0.07514627726029421	0.38695422972137405	4	0.75
Elf3	CD4	48h_vs_12h	48	12	0.060662042313478506	0.07068006123184106	0.38695422972137405	4	0.75
Kmt2b	CD4	48h_vs_12h	48	12	0.07929847089004147	0.07834741467775859	0.38695422972137405	4	0.75
Maz	CD4	48h_vs_12h	48	12	0.06884977589136627	0.07592887303751734	0.38695422972137405	4	0.75
Mycn	CD4	48h_vs_12h	48	12	0.10071629187943694	0.08045582994206787	0.38695422972137405	4	0.75
Mycs	CD4	48h_vs_12h	48	12	0.10071629187943694	0.08045582994206787	0.38695422972137405	4	0.75
Nr2f1	CD4	48h_vs_12h	48	12	0.043383727850760744	0.07368934237377715	0.38695422972137405	4	0.75
Spi1	CD4	48h_vs_12h	48	12	-0.574981614596855	0.07794981632195806	0.38695422972137405	4	0.75
Stat3	CD4	48h_vs_12h	48	12	-0.2518419093937392	0.07760706362796933	0.38695422972137405	4	0.5
Foxo1	CD4	48h_vs_12h	48	12	-0.2769455468644308	0.08628315020585008	0.40221222326727035	4	0.75
Sox6	CD4	48h_vs_12h	48	12	0.16693054801071266	0.08513127890134836	0.40221222326727035	4	0.75
E2f1	CD4	48h_vs_12h	48	12	0.4181188620809304	0.09228358638466833	0.42366555567506825	4	0.75
Erg	CD4	48h_vs_12h	48	12	0.10782011872290764	0.09609458709081445	0.43457701326144443	4	0.75
Pdx1	CD4	48h_vs_12h	48	12	-0.01991133244142484	0.10638735374340465	0.460505259775023	4	0.75
Pknox1	CD4	48h_vs_12h	48	12	0.034988218248749016	0.10381768461303864	0.460505259775023	4	0.75
Rbpj	CD4	48h_vs_12h	48	12	-0.19542890268247184	0.10541506601978927	0.460505259775023	4	0.75
Max	CD4	48h_vs_12h	48	12	-0.07466197623525134	0.11466204963001744	0.4825361255263234	4	0.5
Tfdp1	CD4	48h_vs_12h	48	12	0.6105161894244767	0.11426775258502514	0.4825361255263234	4	0.5
Bcl6	CD4	48h_vs_12h	48	12	-0.16252544987991407	0.11777920122313795	0.48886435576179177	4	0.75
Atf6	CD4	48h_vs_12h	48	12	-0.09666252069893323	0.14857906976100282	0.4953185625969619	4	0.75
Batf	CD4	48h_vs_12h	48	12	-0.24389880386926605	0.14038092686964546	0.4953185625969619	4	0.75
E2f7	CD4	48h_vs_12h	48	12	0.19061282217316478	0.13991046907604923	0.4953185625969619	4	1.0
Etv1	CD4	48h_vs_12h	48	12	-0.013281003107235173	0.14488470330989853	0.4953185625969619	4	0.75
Foxo3	CD4	48h_vs_12h	48	12	-0.2640789271710896	0.13117562885767348	0.4953185625969619	4	0.75
Hsf1	CD4	48h_vs_12h	48	12	-0.09428506767599742	0.13864135337397268	0.4953185625969619	4	0.75
Jund	CD4	48h_vs_12h	48	12	-0.24709807626071292	0.14875904025189285	0.4953185625969619	4	0.75
Klf6	CD4	48h_vs_12h	48	12	-0.1929491808549986	0.14552636687215748	0.4953185625969619	4	0.5
Myb	CD4	48h_vs_12h	48	12	-0.10182898408713023	0.1405178901656669	0.4953185625969619	4	0.5
Myc	CD4	48h_vs_12h	48	12	0.3827530857811757	0.14504051816367197	0.4953185625969619	4	0.75
Ncoa1	CD4	48h_vs_12h	48	12	-0.19851967278246788	0.12577187343643415	0.4953185625969619	4	0.75
Nr2f2	CD4	48h_vs_12h	48	12	0.056244497490215935	0.1395018000901266	0.4953185625969619	4	0.75
Prox1	CD4	48h_vs_12h	48	12	-0.11250638845741265	0.13878358581596517	0.4953185625969619	4	0.75
Rel	CD4	48h_vs_12h	48	12	-0.2656983048317476	0.12291438745959683	0.4953185625969619	4	0.75
Rfx2	CD4	48h_vs_12h	48	12	0.16798203312742332	0.14615955491367064	0.4953185625969619	4	0.75
Smad3	CD4	48h_vs_12h	48	12	-0.025125605889159748	0.12126386323453257	0.4953185625969619	4	0.75
Tfap2c	CD4	48h_vs_12h	48	12	-0.02817733524958094	0.12864299334578208	0.4953185625969619	4	0.75
Usf1	CD4	48h_vs_12h	48	12	0.1692637434998785	0.13425577862916835	0.4953185625969619	4	0.75
Cux1	CD4	48h_vs_12h	48	12	0.19148479443740588	0.15425136978485582	0.5080235330957751	4	0.75
Vdr	CD4	48h_vs_12h	48	12	-0.23173703852690147	0.15601274794276698	0.5082995981361118	4	0.75
Foxk2	CD4	48h_vs_12h	48	12	-0.13976198373157223	0.15811172200383494	0.5096579975229999	4	0.5
Mef2c	CD4	48h_vs_12h	48	12	-0.08090477467343841	0.16175929324504623	0.5159270089815685	4	1.0
Nr2c2	CD4	48h_vs_12h	48	12	0.09955997022821605	0.16746690506028705	0.528567419096531	4	0.75
Bhlhe22	CD4	48h_vs_12h	48	12	-0.03364201230465553	0.17179059681980235	0.5297891921948791	4	0.75
Cebpg	CD4	48h_vs_12h	48	12	0.028598485416744694	0.1730994390339704	0.5297891921948791	4	0.75
Duxbl1	CD4	48h_vs_12h	48	12	0.1332561587684827	0.17013129970017515	0.5297891921948791	4	0.75
E2f3	CD4	48h_vs_12h	48	12	0.2234225798451517	0.17952592380452603	0.5332975971840331	4	0.5
Foxj2	CD4	48h_vs_12h	48	12	0.033135214616606214	0.1783921375819495	0.5332975971840331	4	0.75
Pparg	CD4	48h_vs_12h	48	12	0.16024650838101295	0.17866633810521138	0.5332975971840331	4	0.75
Crem	CD4	48h_vs_12h	48	12	-0.2597135888461069	0.18419651791003577	0.5416632344587279	4	0.75
Ctcf	CD4	48h_vs_12h	48	12	-0.02059641858190967	0.19128041612898972	0.5416632344587279	4	0.75
Ikzf1	CD4	48h_vs_12h	48	12	-0.1598032620995664	0.1910356751368334	0.5416632344587279	4	0.75
Rela	CD4	48h_vs_12h	48	12	-0.4772903989818662	0.190423340356764	0.5416632344587279	4	0.5
Zbtb33	CD4	48h_vs_12h	48	12	-0.08234890604928649	0.18597373804500938	0.5416632344587279	4	0.75
Lhx2	CD4	48h_vs_12h	48	12	0.1540393154343465	0.19423330000984262	0.544932313916503	4	0.75
Meis1	CD4	48h_vs_12h	48	12	0.13634930329748524	0.21243429468661346	0.5568141397109507	4	0.75
Nfatc2	CD4	48h_vs_12h	48	12	-0.22755775877331574	0.20549343710342116	0.5568141397109507	4	0.5
Nfic	CD4	48h_vs_12h	48	12	0.03350077851717927	0.2064840622232379	0.5568141397109507	4	0.75
Nr1h4	CD4	48h_vs_12h	48	12	-0.06112056081701177	0.21440542939734397	0.5568141397109507	4	0.75
Pbx2	CD4	48h_vs_12h	48	12	0.03136398066629545	0.2089789092893436	0.5568141397109507	4	0.75
Runx1	CD4	48h_vs_12h	48	12	-0.44042916079420574	0.2150074400864067	0.5568141397109507	4	0.75
Snapc4	CD4	48h_vs_12h	48	12	0.07447555237943138	0.21436085986996656	0.5568141397109507	4	0.75
Sp3	CD4	48h_vs_12h	48	12	0.056214034218443114	0.2103486698361181	0.5568141397109507	4	0.75
Thap1	CD4	48h_vs_12h	48	12	-0.21402433917430583	0.2028826826333503	0.5568141397109507	4	0.75
Egr1	CD4	48h_vs_12h	48	12	0.11076048023089859	0.2183891501319487	0.5607789194066141	4	0.75
Creb1	CD4	48h_vs_12h	48	12	0.1335397448028701	0.22567133933429562	0.5698201318190964	4	0.75
Trp73	CD4	48h_vs_12h	48	12	-0.11297616154498083	0.22563259248535794	0.5698201318190964	4	0.75
Esr1	CD4	48h_vs_12h	48	12	-0.024380847317747964	0.23767701368509797	0.5767799395571808	4	0.75
Fosl1	CD4	48h_vs_12h	48	12	-0.019751247947834887	0.23751911891951616	0.5767799395571808	4	0.5
Nfia	CD4	48h_vs_12h	48	12	0.06964142715927728	0.237945519619299	0.5767799395571808	4	0.75
Otx2	CD4	48h_vs_12h	48	12	0.009888798310727016	0.23327424981271738	0.5767799395571808	4	0.5
Zhx2	CD4	48h_vs_12h	48	12	-0.05624502945961063	0.2373792612942659	0.5767799395571808	4	0.5
Nfe2	CD4	48h_vs_12h	48	12	0.056600293561483855	0.24119319901325453	0.5800122166747311	4	0.75
Satb1	CD4	48h_vs_12h	48	12	0.1108951777522146	0.24729053186255723	0.5808452027469367	4	0.75
Sox11	CD4	48h_vs_12h	48	12	-0.13067609851215153	0.2472626049365857	0.5808452027469367	4	0.5
Zfp148	CD4	48h_vs_12h	48	12	-0.09255486067063694	0.24576408987812515	0.5808452027469367	4	0.75
Pax8	CD4	48h_vs_12h	48	12	-0.10111248316080829	0.26470800097664615	0.6076251840600286	4	0.75
Rest	CD4	48h_vs_12h	48	12	-0.2011343260446888	0.2616212764631177	0.6076251840600286	4	0.75
Tal1	CD4	48h_vs_12h	48	12	-0.3774324409375764	0.264273134842856	0.6076251840600286	4	0.75
Foxk1	CD4	48h_vs_12h	48	12	0.0625592085027681	0.26979333161815744	0.6146419509797121	4	0.5
Atf1	CD4	48h_vs_12h	48	12	0.02641752687540802	0.2770963880764086	0.6265686984115806	4	0.5
Gfi1b	CD4	48h_vs_12h	48	12	-0.11430825272478522	0.2844226542251336	0.6383708461497443	4	1.0
Pax6	CD4	48h_vs_12h	48	12	0.09245591689476193	0.2873553919683439	0.6402109100471192	4	0.5
Rxra	CD4	48h_vs_12h	48	12	-0.006668015272656389	0.29623627775642514	0.6551795048189549	4	0.75
Tgif2	CD4	48h_vs_12h	48	12	-0.1415896847218985	0.304712650024796	0.6690429924457476	4	0.75
Cebpe	CD4	48h_vs_12h	48	12	-0.014089938495341733	0.31817124712275235	0.6820977256147297	4	0.75
Elk4	CD4	48h_vs_12h	48	12	-0.0667888184845141	0.31536260908809066	0.6820977256147297	4	0.75
Nfe2l1	CD4	48h_vs_12h	48	12	0.12218239701376205	0.31456919611418843	0.6820977256147297	4	0.5
Rfx5	CD4	48h_vs_12h	48	12	0.08186567648359139	0.31966296051911425	0.6820977256147297	4	0.75
Nfkb1	CD4	48h_vs_12h	48	12	-0.4625288806179235	0.32260173532025727	0.6835547258883773	4	0.5
Atf3	CD4	48h_vs_12h	48	12	0.04449525839925402	0.3336949954725553	0.6867204722585096	4	0.75
Atf7	CD4	48h_vs_12h	48	12	0.07229845869670282	0.3376942256320724	0.6867204722585096	4	0.75
Mafk	CD4	48h_vs_12h	48	12	-0.14755969500889116	0.32673540723574923	0.6867204722585096	4	0.5
Usf2	CD4	48h_vs_12h	48	12	0.06523492899134657	0.32985480514174403	0.6867204722585096	4	0.75
Zfp110	CD4	48h_vs_12h	48	12	0.05328114013332997	0.33756927825746474	0.6867204722585096	4	0.75
Zfp369	CD4	48h_vs_12h	48	12	0.05328114013332997	0.33756927825746474	0.6867204722585096	4	0.75
Gata1	CD4	48h_vs_12h	48	12	0.12835892311429054	0.3425251565169549	0.6873186915538897	4	0.5
Kmt2a	CD4	48h_vs_12h	48	12	-0.1514304598680778	0.3420343713258098	0.6873186915538897	4	0.5
Six5	CD4	48h_vs_12h	48	12	0.10382216821997697	0.35228318171037953	0.6992972627920776	4	0.75
Tcf4	CD4	48h_vs_12h	48	12	0.015742844418280142	0.35311049903362335	0.6992972627920776	4	0.75
Nr1h3	CD4	48h_vs_12h	48	12	-0.0520929066294298	0.36486648381922127	0.7178866532287275	4	0.5
Runx2	CD4	48h_vs_12h	48	12	-0.250953054081402	0.369817351400202	0.7229332740274916	4	0.75
Tcf7l1	CD4	48h_vs_12h	48	12	0.09705829728491189	0.3732825600677113	0.7250295878238239	4	0.5
Hnf1b	CD4	48h_vs_12h	48	12	0.07851849057598538	0.3764298531047233	0.7264856400683513	4	0.75
Gata3	CD4	48h_vs_12h	48	12	-0.3697920641575882	0.38858219025600016	0.7331162006589302	4	0.75
Hif1a	CD4	48h_vs_12h	48	12	-0.14135550288227358	0.3981021330350101	0.7331162006589302	4	0.5
Hinfp	CD4	48h_vs_12h	48	12	0.07631427374222188	0.3893296834131672	0.7331162006589302	4	0.75
Klf5	CD4	48h_vs_12h	48	12	0.07562226385807402	0.4040607442575622	0.7331162006589302	4	0.75
Maf	CD4	48h_vs_12h	48	12	-0.11817127285936962	0.4034416770155256	0.7331162006589302	4	0.75
Mxi1	CD4	48h_vs_12h	48	12	-0.0016195062829616102	0.4008200353054441	0.7331162006589302	4	0.5
Rara	CD4	48h_vs_12h	48	12	-0.23581847850367876	0.40038462813941644	0.7331162006589302	4	0.5
Tcf7	CD4	48h_vs_12h	48	12	-0.061490318412247794	0.39326614458890374	0.7331162006589302	4	0.5
Tead1	CD4	48h_vs_12h	48	12	0.22332102303882487	0.39464439658121475	0.7331162006589302	4	0.75
Zfp24	CD4	48h_vs_12h	48	12	0.07675076008996391	0.3833043270735903	0.7331162006589302	4	0.75
E2f6	CD4	48h_vs_12h	48	12	0.04494499572698683	0.4092633676416235	0.735786291009678	4	0.5
Irf3	CD4	48h_vs_12h	48	12	-0.06602060527901737	0.4103890534014375	0.735786291009678	4	0.75
Pgr	CD4	48h_vs_12h	48	12	-0.12450596533866426	0.41482673969585004	0.7393676595755445	4	0.75
Ybx1	CD4	48h_vs_12h	48	12	-0.06180430153234796	0.42147617165286566	0.7468261988936743	4	0.75
Etv4	CD4	48h_vs_12h	48	12	-0.039914819339162425	0.44099600185515875	0.772605378492289	4	0.75
Hoxb7	CD4	48h_vs_12h	48	12	-0.09104443556578437	0.4411245230335512	0.772605378492289	4	0.75
Myod1	CD4	48h_vs_12h	48	12	0.023323745233797127	0.4439688563256803	0.773118180842995	4	0.5
Mitf	CD4	48h_vs_12h	48	12	-0.09910330351863708	0.4470377591330944	0.7740139486704435	4	0.5
Cebpd	CD4	48h_vs_12h	48	12	-0.09737208051460386	0.45467549001821495	0.7827651902018132	4	0.5
Snai1	CD4	48h_vs_12h	48	12	0.08664654718380954	0.45869802503832213	0.7852288225232295	4	0.75
Lyl1	CD4	48h_vs_12h	48	12	0.04475565708441773	0.46465704754248627	0.7865423765663314	4	0.5
Mbd1	CD4	48h_vs_12h	48	12	-0.1411431837719262	0.46411275782026906	0.7865423765663314	4	0.75
Xbp1	CD4	48h_vs_12h	48	12	-0.05960617086869848	0.47437315861381857	0.7985281503332613	4	0.5
Zc3h8	CD4	48h_vs_12h	48	12	0.07815724637805443	0.4775754495274017	0.7989497876482011	4	0.75
Zeb1	CD4	48h_vs_12h	48	12	-0.08201611555131569	0.47989723218472813	0.7989497876482011	4	0.75
Ascl1	CD4	48h_vs_12h	48	12	-0.07161424147079333	0.5237433843755214	0.8017367813046484	4	0.5
Ctcfl	CD4	48h_vs_12h	48	12	0.05595660190606631	0.5313150666559276	0.8017367813046484	4	0.75
Esr2	CD4	48h_vs_12h	48	12	0.020411430555914416	0.48485444596598304	0.8017367813046484	4	0.5
Foxa1	CD4	48h_vs_12h	48	12	-0.29317809129012945	0.5245766210442742	0.8017367813046484	4	0.5
Gata2	CD4	48h_vs_12h	48	12	-0.25103287543224745	0.5078913283859625	0.8017367813046484	4	0.5
Gli2	CD4	48h_vs_12h	48	12	0.03564236144325175	0.5286403355371148	0.8017367813046484	4	0.5
Grhl2	CD4	48h_vs_12h	48	12	-0.021245455395932207	0.5211530970655995	0.8017367813046484	4	0.5
Hnf4g	CD4	48h_vs_12h	48	12	-0.012464230534820202	0.4919805685384766	0.8017367813046484	4	0.75
Jun	CD4	48h_vs_12h	48	12	-0.319157288202059	0.5273086515373782	0.8017367813046484	4	0.5
Mef2b	CD4	48h_vs_12h	48	12	-0.19146897587662448	0.505672442279703	0.8017367813046484	4	0.75
Mef2bl	CD4	48h_vs_12h	48	12	-0.19146897587662448	0.505672442279703	0.8017367813046484	4	0.75
Nfatc1	CD4	48h_vs_12h	48	12	-0.22842796707541727	0.5182901187636019	0.8017367813046484	4	0.5
Nrf1	CD4	48h_vs_12h	48	12	0.027079314430795313	0.5056089046451471	0.8017367813046484	4	0.75
Sox2	CD4	48h_vs_12h	48	12	-0.10921047172290217	0.5318451915585292	0.8017367813046484	4	0.5
Srebf2	CD4	48h_vs_12h	48	12	0.07018550026267252	0.5191436933824889	0.8017367813046484	4	0.5
Tead4	CD4	48h_vs_12h	48	12	0.10014479198144013	0.5123093915852003	0.8017367813046484	4	0.5
Tfap4	CD4	48h_vs_12h	48	12	-0.013257865267089322	0.514458236864395	0.8017367813046484	4	0.75
Zfp217	CD4	48h_vs_12h	48	12	-0.10773818750730317	0.4884797896633265	0.8017367813046484	4	0.75
Zfp384	CD4	48h_vs_12h	48	12	-0.07327460031770593	0.528767013926173	0.8017367813046484	4	0.5
E2f5	CD4	48h_vs_12h	48	12	-0.057388111542627414	0.5389050349982553	0.8066923739091421	4	0.75
Sp2	CD4	48h_vs_12h	48	12	-0.12635807533653934	0.5404572670084351	0.8066923739091421	4	0.75
Fli1	CD4	48h_vs_12h	48	12	-0.06984704784582563	0.5454674839591309	0.8101796452922385	4	0.75
Deaf1	CD4	48h_vs_12h	48	12	0.07369076708377605	0.5511271858375966	0.8145928649209354	4	0.75
Fos	CD4	48h_vs_12h	48	12	-0.24314007551090183	0.5574059388920312	0.8159130409868861	4	0.5
Ppara	CD4	48h_vs_12h	48	12	-0.04923133241791926	0.5568512592970528	0.8159130409868861	4	0.75
Srebf1	CD4	48h_vs_12h	48	12	0.07197704001343383	0.5641790989815441	0.821857052843307	4	0.5
Clock	CD4	48h_vs_12h	48	12	-0.15100309293620884	0.5808626006545856	0.8231744046494626	4	0.5
Creb3l1	CD4	48h_vs_12h	48	12	0.096344858846995	0.5759242775936512	0.8231744046494626	4	0.5
Ebf1	CD4	48h_vs_12h	48	12	-0.21245778133919702	0.5910188428996668	0.8231744046494626	4	0.75
Elk1	CD4	48h_vs_12h	48	12	0.020100495369017694	0.5829437962670889	0.8231744046494626	4	0.5
Klf9	CD4	48h_vs_12h	48	12	0.0052285172362302006	0.5857661996275426	0.8231744046494626	4	0.5
Stat4	CD4	48h_vs_12h	48	12	0.004603430004781388	0.5922508917940028	0.8231744046494626	4	0.5
Tcf12	CD4	48h_vs_12h	48	12	-0.08531114554802222	0.5705844238450886	0.8231744046494626	4	0.5
Trp53	CD4	48h_vs_12h	48	12	-0.2920127770186252	0.5678261292476758	0.8231744046494626	4	0.75
Yy1	CD4	48h_vs_12h	48	12	0.044753323170952576	0.5916891360268715	0.8231744046494626	4	0.5
Zbtb7a	CD4	48h_vs_12h	48	12	-0.10174779404075517	0.5850826812653235	0.8231744046494626	4	0.5
Gata4	CD4	48h_vs_12h	48	12	-0.06504798013247635	0.5972357280143777	0.8263124456089336	4	0.75
Foxp2	CD4	48h_vs_12h	48	12	-0.15904314799699465	0.6077305969173804	0.8320232408344138	4	0.75
Meis2	CD4	48h_vs_12h	48	12	-0.05133607433820756	0.6260486387318291	0.8320232408344138	4	0.5
Mynn	CD4	48h_vs_12h	48	12	-0.03707526458702238	0.6135882197297265	0.8320232408344138	4	0.75
Pou2f2	CD4	48h_vs_12h	48	12	-0.16877610978893867	0.6275351303400133	0.8320232408344138	4	0.5
Sox13	CD4	48h_vs_12h	48	12	0.06364217949046617	0.607911128247342	0.8320232408344138	4	0.75
Sp4	CD4	48h_vs_12h	48	12	-0.0008186092219158605	0.6210683985417114	0.8320232408344138	4	0.75
Twist1	CD4	48h_vs_12h	48	12	0.15934416089925	0.6284879103165898	0.8320232408344138	4	0.75
Zfx	CD4	48h_vs_12h	48	12	-0.08670229296148638	0.6258316861926929	0.8320232408344138	4	0.75
Zfy2	CD4	48h_vs_12h	48	12	-0.08670229296148638	0.6258316861926929	0.8320232408344138	4	0.75
Zkscan1	CD4	48h_vs_12h	48	12	-0.016215725558936748	0.6288228453831048	0.8320232408344138	4	0.5
Gabpa	CD4	48h_vs_12h	48	12	-0.03709983859586796	0.6350775834063227	0.8366456859657208	4	0.75
Six2	CD4	48h_vs_12h	48	12	-0.1529491856077701	0.6384509170071735	0.8374486054249938	4	0.5
Atf4	CD4	48h_vs_12h	48	12	-0.08133216576282493	0.650704961794087	0.8415571792904152	4	0.5
Creb3	CD4	48h_vs_12h	48	12	-0.11635781058864665	0.6520978037349192	0.8415571792904152	4	0.75
Ehf	CD4	48h_vs_12h	48	12	-0.0447148253530948	0.6457117348979229	0.8415571792904152	4	0.5
Epas1	CD4	48h_vs_12h	48	12	-0.14430201408946747	0.6526977562372163	0.8415571792904152	4	0.5
Onecut1	CD4	48h_vs_12h	48	12	-0.021844088688189094	0.6554702782592012	0.8415571792904152	4	0.5
Arid3a	CD4	48h_vs_12h	48	12	0.026008815931493824	0.6827953397427508	0.8692730585800567	4	0.5
Hnf1a	CD4	48h_vs_12h	48	12	0.007891795318087027	0.6811997175089466	0.8692730585800567	4	0.5
Esrra	CD4	48h_vs_12h	48	12	-0.029848917809358697	0.6893278336492566	0.8721148526718064	4	0.75
Klf1	CD4	48h_vs_12h	48	12	-0.12341833271026495	0.6907840417202428	0.8721148526718064	4	0.75
Ets1	CD4	48h_vs_12h	48	12	-0.03895127616216663	0.7160071250422368	0.8890670209583871	4	0.5
Hbp1	CD4	48h_vs_12h	48	12	-0.07525183030656041	0.7135243059639553	0.8890670209583871	4	0.5
Hnf4a	CD4	48h_vs_12h	48	12	-0.21896561031518869	0.7179403060384653	0.8890670209583871	4	0.5
Nfya	CD4	48h_vs_12h	48	12	-0.0038118047364951377	0.7159970907084992	0.8890670209583871	4	0.5
Nr4a1	CD4	48h_vs_12h	48	12	-0.14956478421682978	0.7188825747023262	0.8890670209583871	4	0.5
Pou2f1	CD4	48h_vs_12h	48	12	-0.13849858226601572	0.7246735809670802	0.8925857521667695	4	0.75
Klf3	CD4	48h_vs_12h	48	12	-0.008974448776930826	0.7490208451629974	0.9188393363740414	4	0.5
Fosl2	CD4	48h_vs_12h	48	12	-0.16338618321333584	0.7587188496394605	0.9195672457630261	4	0.5
Nanog	CD4	48h_vs_12h	48	12	0.0020889424252972613	0.757576016270443	0.9195672457630261	4	0.5
Snai2	CD4	48h_vs_12h	48	12	0.018429401708188256	0.7534493798195774	0.9195672457630261	4	0.5
Hoxa9	CD4	48h_vs_12h	48	12	-0.015367869355547412	0.773817358340237	0.9341301178370192	4	0.5
Rarg	CD4	48h_vs_12h	48	12	-0.006450959604885917	0.7885461189933758	0.9468060179211867	4	0.75
Stat5a	CD4	48h_vs_12h	48	12	-0.12919948426250535	0.790567401102509	0.9468060179211867	4	0.5
Gata6	CD4	48h_vs_12h	48	12	-0.11473961753119455	0.7983599263208788	0.9523742428158515	4	0.5
Hes1	CD4	48h_vs_12h	48	12	0.05044279830306497	0.8070582049418653	0.9589750435191576	4	0.75
Ar	CD4	48h_vs_12h	48	12	-0.0035677700183863142	0.837210806413865	0.9673923962328793	4	0.5
Bhlhe40	CD4	48h_vs_12h	48	12	-0.1456419533691214	0.8419636264858505	0.9673923962328793	4	0.5
Cebpa	CD4	48h_vs_12h	48	12	-0.23149602856355722	0.82990365874661	0.9673923962328793	4	0.5
Irf8	CD4	48h_vs_12h	48	12	-0.045890796219328164	0.832914057771173	0.9673923962328793	4	0.75
Maff	CD4	48h_vs_12h	48	12	-0.10819634761119179	0.8202336003122191	0.9673923962328793	4	0.5
Nfe2l2	CD4	48h_vs_12h	48	12	-0.0036176492041841883	0.8432678302768702	0.9673923962328793	4	0.5
Nr3c1	CD4	48h_vs_12h	48	12	-0.04721239096997264	0.8460692574313962	0.9673923962328793	4	0.5
Nr5a1	CD4	48h_vs_12h	48	12	0.01749603598189568	0.8428306857305987	0.9673923962328793	4	0.5
Smad1	CD4	48h_vs_12h	48	12	-0.07958576996693507	0.8282368568633729	0.9673923962328793	4	0.75
Tead2	CD4	48h_vs_12h	48	12	0.002926898536301853	0.8400503976136692	0.9673923962328793	4	0.5
Hoxb13	CD4	48h_vs_12h	48	12	0.05192396088165532	0.8512515865631584	0.9676586106475109	4	0.5
Zfp263	CD4	48h_vs_12h	48	12	-0.24079614489825626	0.8526892707685987	0.9676586106475109	4	0.5
Junb	CD4	48h_vs_12h	48	12	-0.18527963744511525	0.8597171653210971	0.9719936607921359	4	0.5
Bach2	CD4	48h_vs_12h	48	12	-0.16248383896592924	0.9034097800984077	0.9725624734610747	4	0.75
Bmal1	CD4	48h_vs_12h	48	12	-0.06132784402434207	0.867468455622269	0.9725624734610747	4	0.5
Elf1	CD4	48h_vs_12h	48	12	-0.10824390203079774	0.9048028531738705	0.9725624734610747	4	0.5
Elf5	CD4	48h_vs_12h	48	12	0.00936349426262898	0.9198523172341597	0.9725624734610747	4	0.5
Foxo4	CD4	48h_vs_12h	48	12	0.015147257997989112	0.9138179856075426	0.9725624734610747	4	0.75
Foxp1	CD4	48h_vs_12h	48	12	-0.20293315833297274	0.9269168684659734	0.9725624734610747	4	0.5
Klf13	CD4	48h_vs_12h	48	12	0.006927923360437011	0.9244354962960238	0.9725624734610747	4	0.5
Lef1	CD4	48h_vs_12h	48	12	0.020489146049958024	0.8811726136320269	0.9725624734610747	4	0.5
Mafb	CD4	48h_vs_12h	48	12	-0.07244645328214781	0.8825225642587946	0.9725624734610747	4	0.5
Mafg	CD4	48h_vs_12h	48	12	-0.14350763499411254	0.9241624705512306	0.9725624734610747	4	0.5
Ncoa2	CD4	48h_vs_12h	48	12	-0.14767989682006158	0.8750298038419634	0.9725624734610747	4	0.5
Nr1i2	CD4	48h_vs_12h	48	12	0.014511623965708272	0.9048577386879689	0.9725624734610747	4	0.75
Pou4f2	CD4	48h_vs_12h	48	12	-0.001513962856163632	0.9308353706393124	0.9725624734610747	4	0.75
Pou5f1	CD4	48h_vs_12h	48	12	-0.08869012085389276	0.9302152985875403	0.9725624734610747	4	0.5
Rfx1	CD4	48h_vs_12h	48	12	0.08730372848764144	0.8830055430638927	0.9725624734610747	4	0.5
Smad5	CD4	48h_vs_12h	48	12	-0.10146146216402074	0.9277124905300662	0.9725624734610747	4	0.75
Spib	CD4	48h_vs_12h	48	12	-0.08591707133310389	0.9119351869441366	0.9725624734610747	4	0.5
Tbp	CD4	48h_vs_12h	48	12	0.05522758607010635	0.9020447089025654	0.9725624734610747	4	0.5
Tcf3	CD4	48h_vs_12h	48	12	-0.16519623408958023	0.8738427771919107	0.9725624734610747	4	0.75
Trp63	CD4	48h_vs_12h	48	12	-0.15587212057078853	0.9167201256060473	0.9725624734610747	4	0.5
Zeb2	CD4	48h_vs_12h	48	12	0.010977051614884364	0.8943255858981545	0.9725624734610747	4	0.5
Zfp639	CD4	48h_vs_12h	48	12	-0.007750752312610765	0.8922865187837019	0.9725624734610747	4	0.5
Ets2	CD4	48h_vs_12h	48	12	0.04524548361107679	0.948341833937878	0.9762793010435262	4	0.75
Foxa2	CD4	48h_vs_12h	48	12	0.04611340919407591	0.9505029498608589	0.9762793010435262	4	0.5
Hic1	CD4	48h_vs_12h	48	12	0.11931520884926561	0.9463266135448719	0.9762793010435262	4	0.75
Pax5	CD4	48h_vs_12h	48	12	-0.112035765672524	0.9410359617549109	0.9762793010435262	4	0.75
Tcf7l2	CD4	48h_vs_12h	48	12	-0.012127937768237866	0.9381369426391605	0.9762793010435262	4	0.5
Srf	CD4	48h_vs_12h	48	12	-0.04061278683687558	0.954831183787583	0.9774116509717488	4	0.5
Zfp592	CD4	48h_vs_12h	48	12	-0.0015135646990896534	0.9587471028108783	0.978115731150492	4	0.5
Tfap2a	CD4	48h_vs_12h	48	12	0.041294008709993474	0.9624090336853129	0.9782959763223792	4	0.75
Zfp740	CD4	48h_vs_12h	48	12	-0.049179783558259284	0.965381177955087	0.9782959763223792	4	0.75
Nr2f6	CD4	48h_vs_12h	48	12	-0.05196443658366685	0.9857825367840071	0.9921743877989208	4	0.5
Prdm14	CD4	48h_vs_12h	48	12	-0.17239634766884826	0.9872150457475495	0.9921743877989208	4	0.5
Sox9	CD4	48h_vs_12h	48	12	0.038271943984246805	0.9921743877989208	0.9921743877989208	4	0.5
Sp1	CD4	48h_vs_12h	48	12	-0.03142523445096333	0.9918699490901044	0.9921743877989208	4	0.5
Foxl2	CD8	48h_vs_12h	48	12	-0.25456247454495157	1.5800897656065658e-05	0.002393835994893947	4	0.75
Zbtb11	CD8	48h_vs_12h	48	12	-0.20351988084959663	9.049186384453389e-06	0.002393835994893947	4	1.0
Stat6	CD8	48h_vs_12h	48	12	-0.32451405770681724	3.427185592890842e-05	0.0034614574488197507	4	1.0
Nfkb2	CD8	48h_vs_12h	48	12	-0.5906905524243	6.528617661698521e-05	0.004945427878736629	4	0.75
E2f4	CD8	48h_vs_12h	48	12	1.4135144645543425	8.717451980673931e-05	0.005282775900288403	4	1.0
Stat5b	CD8	48h_vs_12h	48	12	-0.5257689380988256	0.0001064588244277196	0.00537617063359984	4	0.75
Atf2	CD8	48h_vs_12h	48	12	-0.46484942137089685	0.00012949360658860733	0.0056052232566211465	4	0.75
Crem	CD8	48h_vs_12h	48	12	-0.4313204756444882	0.00019786948029859813	0.007494306566309404	4	0.75
Cebpb	CD8	48h_vs_12h	48	12	-0.45029851923579023	0.0002619700617243974	0.00881965874472138	4	0.75
Pknox1	CD8	48h_vs_12h	48	12	0.1617888004789929	0.0003296842143286587	0.009687530351918015	4	1.0
Usf1	CD8	48h_vs_12h	48	12	0.36831211906541306	0.00035169252102672667	0.009687530351918015	4	1.0
E2f3	CD8	48h_vs_12h	48	12	0.5454669447284368	0.0006100766746806635	0.014219479417557005	4	0.75
Foxm1	CD8	48h_vs_12h	48	12	0.8811886320351334	0.000593850791088706	0.014219479417557005	4	1.0
Yy1	CD8	48h_vs_12h	48	12	0.18761124558189035	0.0009342117085673695	0.02021901054970807	4	0.75
Stat2	CD8	48h_vs_12h	48	12	-0.857478045508119	0.001074792053315829	0.02035387450966851	4	0.75
Stat4	CD8	48h_vs_12h	48	12	-0.38070832466297205	0.0010594787945640647	0.02035387450966851	4	0.75
Relb	CD8	48h_vs_12h	48	12	-0.3122097639092132	0.0012945631396263616	0.023073684194516917	4	0.75
Foxp2	CD8	48h_vs_12h	48	12	-0.13260187588971478	0.0014255137119411	0.023981827621762784	4	0.75
Mbd1	CD8	48h_vs_12h	48	12	-0.17450762043661966	0.0015038109729818246	0.023981827621762784	4	1.0
Nfyb	CD8	48h_vs_12h	48	12	0.3306893670657665	0.001679865705993519	0.025449965445801817	4	0.75
Cux1	CD8	48h_vs_12h	48	12	0.31850624570771213	0.0017645770625265254	0.02546032618788272	4	1.0
Otx2	CD8	48h_vs_12h	48	12	0.26035006513769643	0.001980898836345915	0.027282379427855098	4	0.75
Stat5a	CD8	48h_vs_12h	48	12	-0.3467920496224691	0.0021490634252799975	0.028311574689558226	4	0.5
Irf1	CD8	48h_vs_12h	48	12	-0.35552397673358715	0.0027512554958426445	0.034734600635013387	4	0.75
Arid2	CD8	48h_vs_12h	48	12	-0.17428279595885848	0.002894020338019725	0.03507552649679906	4	1.0
E2f2	CD8	48h_vs_12h	48	12	0.6219652633170581	0.003155578261280779	0.036774623583387546	4	0.75
Irf9	CD8	48h_vs_12h	48	12	-0.48862491961047677	0.003380300969818146	0.03793448866129253	4	0.75
E2f1	CD8	48h_vs_12h	48	12	0.8159868664184815	0.00441307787724196	0.0477558070287255	4	0.75
Tfdp1	CD8	48h_vs_12h	48	12	0.8198466993691725	0.004939183288152435	0.051605949527937504	4	1.0
Rest	CD8	48h_vs_12h	48	12	-0.2120402423379245	0.005329473995841767	0.05382768735800184	4	1.0
Ncoa3	CD8	48h_vs_12h	48	12	-0.2901650264028508	0.005780054670611096	0.05649537307081168	4	0.75
Mybl2	CD8	48h_vs_12h	48	12	0.35617639247142263	0.006818403744920294	0.06341630452090542	4	1.0
Neurod1	CD8	48h_vs_12h	48	12	0.119776582770394	0.006906726234950095	0.06341630452090542	4	0.75
Ybx1	CD8	48h_vs_12h	48	12	-0.2175442830055273	0.00761955127915641	0.06790364816424684	4	0.75
Irf2	CD8	48h_vs_12h	48	12	-0.29998135446314256	0.008263637712759059	0.07153949219902843	4	0.75
Epas1	CD8	48h_vs_12h	48	12	-0.2947965904423202	0.010265053357773052	0.08406246398392526	4	0.5
Nfatc1	CD8	48h_vs_12h	48	12	-0.4743275816819596	0.01011395778972561	0.08406246398392526	4	0.75
Atf4	CD8	48h_vs_12h	48	12	-0.4859881853243647	0.012720662344031306	0.09434636096060754	4	0.75
Atf6	CD8	48h_vs_12h	48	12	-0.20943163202215634	0.013054107840057137	0.09434636096060754	4	0.75
Klf4	CD8	48h_vs_12h	48	12	-0.23889233775937938	0.013389087529063115	0.09434636096060754	4	1.0
Rbpj	CD8	48h_vs_12h	48	12	-0.2141535163984567	0.012367758779511023	0.09434636096060754	4	0.75
Stat1	CD8	48h_vs_12h	48	12	-0.6260489434833308	0.013141340119413801	0.09434636096060754	4	0.5
Zfp143	CD8	48h_vs_12h	48	12	0.2953256923830062	0.013254865498035949	0.09434636096060754	4	0.75
Smad4	CD8	48h_vs_12h	48	12	-0.2870987765722909	0.01536171190486702	0.1057863342539706	4	0.5
Grhl2	CD8	48h_vs_12h	48	12	0.17710008204904953	0.016052255753973517	0.10801818817010234	4	0.75
Nfia	CD8	48h_vs_12h	48	12	0.07809906528080289	0.017337823071327984	0.10801818817010234	4	0.75
Rel	CD8	48h_vs_12h	48	12	-0.5235076850666455	0.017333349061929435	0.10801818817010234	4	0.75
Rela	CD8	48h_vs_12h	48	12	-0.5729964967936354	0.016796961042802854	0.10801818817010234	4	0.5
Tfap2a	CD8	48h_vs_12h	48	12	-0.16181778258691945	0.017468287855891135	0.10801818817010234	4	0.5
Gli1	CD8	48h_vs_12h	48	12	-0.11351683998047711	0.018756326163935796	0.11327889652393003	4	1.0
Pou4f2	CD8	48h_vs_12h	48	12	0.2255084671256743	0.01917718771410918	0.11327889652393003	4	1.0
Trp53	CD8	48h_vs_12h	48	12	-0.2616222620088083	0.01944060270377677	0.11327889652393003	4	0.75
Arid3a	CD8	48h_vs_12h	48	12	-0.07258024211932622	0.021841049270874525	0.1248648665863204	4	0.75
Zfp644	CD8	48h_vs_12h	48	12	-0.08593274822670711	0.02247301038619538	0.1260985582780963	4	0.75
Cebpd	CD8	48h_vs_12h	48	12	-0.20439688118900806	0.026241738683710113	0.14456812402116662	4	0.5
Nr3c1	CD8	48h_vs_12h	48	12	0.19562766162513445	0.028387942220666235	0.15339364414640233	4	0.75
Pbx2	CD8	48h_vs_12h	48	12	0.11755962868077814	0.028856230086946974	0.15339364414640233	4	0.75
Zc3h8	CD8	48h_vs_12h	48	12	-0.1116364487787392	0.030062923611007306	0.1570528595540554	4	0.75
Nr5a2	CD8	48h_vs_12h	48	12	0.15142835716874836	0.03074497114442417	0.15789366536882243	4	0.75
Prdm1	CD8	48h_vs_12h	48	12	0.1994750098743197	0.032777853877817634	0.16552816208297905	4	0.75
Zfp740	CD8	48h_vs_12h	48	12	-0.12674361664422107	0.03706830821317674	0.18412618669823858	4	0.75
Foxo1	CD8	48h_vs_12h	48	12	-0.24930119827182137	0.04025305402209555	0.1876411595183839	4	0.75
Irf3	CD8	48h_vs_12h	48	12	0.13049700064404765	0.03907175373834842	0.1876411595183839	4	1.0
Nr2f2	CD8	48h_vs_12h	48	12	0.22409225132944188	0.03981066528921806	0.1876411595183839	4	0.75
Prox1	CD8	48h_vs_12h	48	12	-0.10459821290649449	0.038984212947416726	0.1876411595183839	4	0.5
Smad3	CD8	48h_vs_12h	48	12	-0.2159048890630298	0.04380573670904291	0.20110815489151518	4	0.75
Ahr	CD8	48h_vs_12h	48	12	-0.12549620529652097	0.047998533759298974	0.2040239559166658	4	0.5
Atf3	CD8	48h_vs_12h	48	12	-0.12693566899564732	0.05413949349836643	0.2040239559166658	4	0.75
E2f5	CD8	48h_vs_12h	48	12	0.12668128035482973	0.054541057522277	0.2040239559166658	4	1.0
Ebf1	CD8	48h_vs_12h	48	12	-0.1518263159505618	0.05332009430289284	0.2040239559166658	4	0.75
Foxa3	CD8	48h_vs_12h	48	12	-0.0632887466587364	0.05341894895320059	0.2040239559166658	4	0.75
Junb	CD8	48h_vs_12h	48	12	-0.2339369473701454	0.054027457251824756	0.2040239559166658	4	1.0
Kmt2b	CD8	48h_vs_12h	48	12	0.0975785779197925	0.05438146390873598	0.2040239559166658	4	0.75
Meis1	CD8	48h_vs_12h	48	12	-0.2205606737043256	0.05234684039879912	0.2040239559166658	4	0.75
Mycn	CD8	48h_vs_12h	48	12	0.18883273576431397	0.05370451767688639	0.2040239559166658	4	1.0
Mycs	CD8	48h_vs_12h	48	12	0.18883273576431397	0.05370451767688639	0.2040239559166658	4	1.0
Nr2c2	CD8	48h_vs_12h	48	12	0.12279287651219083	0.04868150680059395	0.2040239559166658	4	0.75
Nr2f1	CD8	48h_vs_12h	48	12	0.22009630980039735	0.045177820299940746	0.2040239559166658	4	0.5
Srebf2	CD8	48h_vs_12h	48	12	0.2557629178871028	0.049917445949272846	0.2040239559166658	4	0.5
Tbx21	CD8	48h_vs_12h	48	12	-0.23550205572678756	0.051999475399981995	0.2040239559166658	4	0.75
Zeb2	CD8	48h_vs_12h	48	12	0.18108999106494264	0.05015693107588197	0.2040239559166658	4	1.0
Creb1	CD8	48h_vs_12h	48	12	-0.30182150173429817	0.05604116222208006	0.20707892869866168	4	0.5
Hinfp	CD8	48h_vs_12h	48	12	0.15095161686844605	0.05691161595789802	0.2077616823523265	4	0.75
Mef2a	CD8	48h_vs_12h	48	12	-0.23286044708866105	0.057890374595249094	0.20881885121857707	4	0.75
Klf6	CD8	48h_vs_12h	48	12	-0.1321792400360669	0.06678310452550197	0.2380621255438482	4	0.75
Gata1	CD8	48h_vs_12h	48	12	0.1073668730494136	0.0688464749785326	0.24256374323831836	4	0.75
Nr1h3	CD8	48h_vs_12h	48	12	-0.047941136560437414	0.07020429826608815	0.24450462499568634	4	0.75
Thap11	CD8	48h_vs_12h	48	12	0.20104633937555952	0.07142533094416649	0.24593040086457324	4	1.0
E2f6	CD8	48h_vs_12h	48	12	-0.19060325862886238	0.07477893192334788	0.25189125760726766	4	0.5
Gli2	CD8	48h_vs_12h	48	12	0.09632123947362872	0.07599994632968005	0.25189125760726766	4	1.0
Nfkb1	CD8	48h_vs_12h	48	12	-0.5142208361752326	0.07662941882979112	0.25189125760726766	4	0.5
Nfya	CD8	48h_vs_12h	48	12	0.07103936373983302	0.07731315827549799	0.25189125760726766	4	0.5
Rfx2	CD8	48h_vs_12h	48	12	0.11040024120921069	0.07588361887227713	0.25189125760726766	4	0.5
Vdr	CD8	48h_vs_12h	48	12	-0.10080892978758973	0.08132173881777124	0.26213283895515627	4	0.75
Bhlhe40	CD8	48h_vs_12h	48	12	-0.15501744146436303	0.08253783232596425	0.26325224415544385	4	0.5
Lhx4	CD8	48h_vs_12h	48	12	-0.06310516348044344	0.09124321665769648	0.2852908833055683	4	1.0
Ppara	CD8	48h_vs_12h	48	12	-0.1133193757085311	0.09133074482059446	0.2852908833055683	4	0.75
Rara	CD8	48h_vs_12h	48	12	-0.28018508426534355	0.10213217133406313	0.31577599912470544	4	0.5
Bach1	CD8	48h_vs_12h	48	12	-0.14311415077107048	0.1161864866396548	0.3196597106046571	4	0.75
Bach2	CD8	48h_vs_12h	48	12	-0.22402042354934007	0.11285009320811194	0.3196597106046571	4	0.75
Cebpe	CD8	48h_vs_12h	48	12	0.10791170794988944	0.10785926600254837	0.3196597106046571	4	0.5
Esr2	CD8	48h_vs_12h	48	12	0.1097953830463652	0.11779565942475755	0.3196597106046571	4	0.75
Gata4	CD8	48h_vs_12h	48	12	0.08501641877672833	0.11681979643577002	0.3196597106046571	4	0.75
Hif1a	CD8	48h_vs_12h	48	12	-0.18480487823165115	0.12132299247371474	0.3196597106046571	4	0.5
Hmbox1	CD8	48h_vs_12h	48	12	-0.1032179045721245	0.11456541245204697	0.3196597106046571	4	0.5
Hoxb13	CD8	48h_vs_12h	48	12	0.17105156215002448	0.10499866178835315	0.3196597106046571	4	0.5
Irf4	CD8	48h_vs_12h	48	12	-0.177071424191045	0.1172657464247857	0.3196597106046571	4	0.75
Myc	CD8	48h_vs_12h	48	12	0.2720294367274239	0.12021358311910967	0.3196597106046571	4	0.5
Nanog	CD8	48h_vs_12h	48	12	0.146868115356186	0.11178923871567359	0.3196597106046571	4	0.75
Nr1h2	CD8	48h_vs_12h	48	12	-0.032171544061637906	0.120233465158157	0.3196597106046571	4	0.5
Rarb	CD8	48h_vs_12h	48	12	-0.1400399609376254	0.12128048350794277	0.3196597106046571	4	0.75
Snai1	CD8	48h_vs_12h	48	12	-0.2903484795977127	0.11887858973045348	0.3196597106046571	4	0.75
Srebf1	CD8	48h_vs_12h	48	12	0.2997015178669646	0.11906277969532303	0.3196597106046571	4	0.75
Stat3	CD8	48h_vs_12h	48	12	-0.38702384847525156	0.11808635708581498	0.3196597106046571	4	0.5
Usf2	CD8	48h_vs_12h	48	12	0.1725421187039036	0.1110531575621627	0.3196597106046571	4	0.75
E2f7	CD8	48h_vs_12h	48	12	0.09518220131691164	0.12416292587190352	0.3243221253378169	4	0.75
Fosl2	CD8	48h_vs_12h	48	12	-0.2420938252821633	0.12717944138773507	0.324989856712728	4	0.5
Meis2	CD8	48h_vs_12h	48	12	0.20135793443651534	0.12575471705264749	0.324989856712728	4	0.75
Satb1	CD8	48h_vs_12h	48	12	-0.06657556714414972	0.1276362803591242	0.324989856712728	4	0.5
Hes1	CD8	48h_vs_12h	48	12	0.042072420711067496	0.13061531231088153	0.3270780134727033	4	0.5
Mxi1	CD8	48h_vs_12h	48	12	-0.13758661623228438	0.13035378439828277	0.3270780134727033	4	0.75
Egr1	CD8	48h_vs_12h	48	12	-0.2507950687904712	0.13241333777471567	0.328862633981466	4	0.75
Zhx2	CD8	48h_vs_12h	48	12	-0.017042651505434034	0.13405694270699658	0.33023783447333305	4	0.75
Snapc4	CD8	48h_vs_12h	48	12	0.13850125741729688	0.13783109833280519	0.336796958022903	4	0.5
Gabpa	CD8	48h_vs_12h	48	12	0.05672898006832857	0.14686998695813117	0.35318734958979164	4	0.75
Thap1	CD8	48h_vs_12h	48	12	-0.09012917629798581	0.14680389431038668	0.35318734958979164	4	0.75
Etv1	CD8	48h_vs_12h	48	12	0.10622514507585033	0.15191656183279212	0.3600965202066216	4	1.0
Jund	CD8	48h_vs_12h	48	12	-0.2597101020976849	0.15211998213349032	0.3600965202066216	4	0.5
Foxk1	CD8	48h_vs_12h	48	12	-0.09179111420258666	0.15994137660928798	0.372786439327802	4	0.75
Sp1	CD8	48h_vs_12h	48	12	-0.131586235118052	0.15928501437763232	0.372786439327802	4	0.5
Hnf1a	CD8	48h_vs_12h	48	12	-0.06821671445861337	0.1617952274151534	0.3742286557770342	4	1.0
Ehf	CD8	48h_vs_12h	48	12	-0.059068661884112625	0.1638901116106659	0.37620230165175583	4	0.75
Jun	CD8	48h_vs_12h	48	12	-0.4772681732781618	0.17321110434107834	0.3925697037535811	4	0.5
Onecut1	CD8	48h_vs_12h	48	12	0.11324510463820894	0.17490729375159553	0.3925697037535811	4	0.5
Trp73	CD8	48h_vs_12h	48	12	-0.08872002122920634	0.17374294735372287	0.3925697037535811	4	0.5
Tgif2	CD8	48h_vs_12h	48	12	-0.0546083479929737	0.17670663309957713	0.39369198403802846	4	0.75
Kmt2a	CD8	48h_vs_12h	48	12	-0.10110350423258307	0.1806840317248637	0.3996150482673993	4	0.75
Zkscan1	CD8	48h_vs_12h	48	12	-0.055862422869722046	0.1820347540889098	0.39968500354304104	4	0.5
Hoxa9	CD8	48h_vs_12h	48	12	0.07638069905713402	0.18405736597881373	0.39980737000348293	4	0.75
Nfatc2	CD8	48h_vs_12h	48	12	-0.29285776674166386	0.18604897416003663	0.39980737000348293	4	0.5
Rarg	CD8	48h_vs_12h	48	12	-0.1107425476701598	0.18549034114788876	0.39980737000348293	4	0.75
Etv4	CD8	48h_vs_12h	48	12	-0.09317188028208225	0.1920111392209357	0.4089661416260832	4	0.75
Nrf1	CD8	48h_vs_12h	48	12	0.041638393992271906	0.19568923007664207	0.4089661416260832	4	0.5
Snai2	CD8	48h_vs_12h	48	12	-0.11571485902441832	0.19537194413923697	0.4089661416260832	4	0.5
Xbp1	CD8	48h_vs_12h	48	12	-0.07094350586222276	0.19570986975505633	0.4089661416260832	4	0.5
Arnt	CD8	48h_vs_12h	48	12	-0.07395227995199782	0.20048313838302012	0.41087137746153457	4	0.5
Clock	CD8	48h_vs_12h	48	12	-0.12588528605609367	0.201567623444305	0.41087137746153457	4	0.5
Ctcfl	CD8	48h_vs_12h	48	12	0.10858704485541357	0.20204566086392295	0.41087137746153457	4	0.75
Deaf1	CD8	48h_vs_12h	48	12	0.07728282794635224	0.19835744658205878	0.41087137746153457	4	1.0
Tbp	CD8	48h_vs_12h	48	12	-0.13379020514437764	0.2041856362245068	0.41245498517350376	4	0.5
Zhx1	CD8	48h_vs_12h	48	12	-0.06554363975056089	0.20767064958289083	0.4167166014809002	4	0.75
Nr5a1	CD8	48h_vs_12h	48	12	-0.07174249419956671	0.20966316469493906	0.41794696646425356	4	0.75
Hoxb7	CD8	48h_vs_12h	48	12	0.24987428700634012	0.21160895013949743	0.4190687051782204	4	1.0
Max	CD8	48h_vs_12h	48	12	-0.07677437375277921	0.21477478876022016	0.4225763700931604	4	0.75
Hnf1b	CD8	48h_vs_12h	48	12	0.07308945994438887	0.22893535825691957	0.4475317003344944	4	0.5
Nr2f6	CD8	48h_vs_12h	48	12	0.0864631977225268	0.24497955346220424	0.47186957197940527	4	0.5
Sox10	CD8	48h_vs_12h	48	12	0.08185228901586761	0.24507342254745001	0.47186957197940527	4	0.75
Sp4	CD8	48h_vs_12h	48	12	-0.09101114170370515	0.24761472589018296	0.47186957197940527	4	0.75
Srf	CD8	48h_vs_12h	48	12	-0.09919080383454469	0.24712753473338211	0.47186957197940527	4	0.75
Cdx2	CD8	48h_vs_12h	48	12	-0.03899786971166009	0.2607483984129747	0.4937922794945709	4	0.75
Kdm5b	CD8	48h_vs_12h	48	12	-0.04249670400165735	0.2682249453606772	0.4986021990446945	4	0.5
Sox9	CD8	48h_vs_12h	48	12	-0.04350278843657058	0.26746420167966223	0.4986021990446945	4	0.75
Tcf3	CD8	48h_vs_12h	48	12	-0.12991704891572284	0.2680124064922341	0.4986021990446945	4	0.75
Zfx	CD8	48h_vs_12h	48	12	0.07218692685138296	0.27384509608320107	0.5028791764436965	4	0.5
Zfy2	CD8	48h_vs_12h	48	12	0.07218692685138296	0.27384509608320107	0.5028791764436965	4	0.5
Batf	CD8	48h_vs_12h	48	12	-0.1341195287721919	0.2893144638819789	0.521226697503469	4	0.75
Ets1	CD8	48h_vs_12h	48	12	0.21256346421517877	0.2909712581263936	0.521226697503469	4	0.75
Maf	CD8	48h_vs_12h	48	12	-0.0951340231462099	0.2892286549802462	0.521226697503469	4	0.75
Pparg	CD8	48h_vs_12h	48	12	0.11369655637818112	0.29243742104155024	0.521226697503469	4	0.75
Six2	CD8	48h_vs_12h	48	12	-0.06875306647381293	0.2872555395672026	0.521226697503469	4	0.75
Irf8	CD8	48h_vs_12h	48	12	-0.14375017726825187	0.29662796983329354	0.5244411214998091	4	0.5
Spib	CD8	48h_vs_12h	48	12	0.05917723101315756	0.2977025508183735	0.5244411214998091	4	0.75
Trp63	CD8	48h_vs_12h	48	12	-0.15086267763810393	0.2994350127514598	0.5244439818710538	4	0.5
Foxp1	CD8	48h_vs_12h	48	12	-0.19241998599493546	0.31164811638364653	0.5395964529385423	4	0.75
Nr1i2	CD8	48h_vs_12h	48	12	-0.039163864942522185	0.3111187507774281	0.5395964529385423	4	0.75
Tead4	CD8	48h_vs_12h	48	12	0.10954903452035297	0.313581123375438	0.5398584112656688	4	0.5
Klf1	CD8	48h_vs_12h	48	12	0.09503776985534254	0.3193285795968329	0.5443213951804637	4	0.75
Tcf4	CD8	48h_vs_12h	48	12	0.14004635492535214	0.3197663641654209	0.5443213951804637	4	0.5
Myb	CD8	48h_vs_12h	48	12	-0.09715719903058508	0.32481802525423487	0.5498316293409674	4	0.75
Elf1	CD8	48h_vs_12h	48	12	0.05769971621036636	0.3336608746007599	0.5616624722446125	4	0.5
Hhex	CD8	48h_vs_12h	48	12	-0.03510971367721235	0.3356162281002145	0.5618326912395856	4	0.5
Ctcf	CD8	48h_vs_12h	48	12	0.1823269877885359	0.3481983360928176	0.5734579559516592	4	0.75
Ncoa1	CD8	48h_vs_12h	48	12	-0.08083309698105527	0.3482384947033178	0.5734579559516592	4	0.75
Pou2f2	CD8	48h_vs_12h	48	12	0.11528538741897408	0.34569693577465643	0.5734579559516592	4	0.5
Zfp384	CD8	48h_vs_12h	48	12	-0.06581844609396266	0.35454385744132555	0.5806853448903873	4	0.5
Creb3l1	CD8	48h_vs_12h	48	12	0.06205027253622354	0.3723497797431613	0.5996193807917591	4	0.75
Mef2b	CD8	48h_vs_12h	48	12	0.024514750836933885	0.3736449754433393	0.5996193807917591	4	0.75
Mef2bl	CD8	48h_vs_12h	48	12	0.024514750836933885	0.3736449754433393	0.5996193807917591	4	0.75
Ncoa2	CD8	48h_vs_12h	48	12	-0.0746357357800881	0.37599895165159813	0.5996193807917591	4	0.5
Tcf7	CD8	48h_vs_12h	48	12	-0.04466700481480694	0.37544128211267047	0.5996193807917591	4	0.5
Mynn	CD8	48h_vs_12h	48	12	-0.056362520485965545	0.3851309501500253	0.6083803956156362	4	0.75
Pax8	CD8	48h_vs_12h	48	12	-0.04296206160857272	0.385508369499017	0.6083803956156362	4	0.5
Pdx1	CD8	48h_vs_12h	48	12	0.08023563934337401	0.38780063024781064	0.6088268961921586	4	0.5
Creb3	CD8	48h_vs_12h	48	12	0.0670221404161332	0.3927044294364763	0.6133476397899604	4	0.5
Atf1	CD8	48h_vs_12h	48	12	-0.09544142501062748	0.39940973099189236	0.6143205507134182	4	0.5
Klf5	CD8	48h_vs_12h	48	12	0.0637787881268234	0.39793341552309114	0.6143205507134182	4	0.75
Runx3	CD8	48h_vs_12h	48	12	0.09045580469533926	0.39589067104710907	0.6143205507134182	4	0.75
Sox6	CD8	48h_vs_12h	48	12	0.07469204113188829	0.40607460071969115	0.6214171920104364	4	0.5
Esr1	CD8	48h_vs_12h	48	12	-0.09222952113848262	0.41136327106718784	0.6232153556667895	4	0.5
Hsf1	CD8	48h_vs_12h	48	12	-0.04485416875914526	0.4108156609485044	0.6232153556667895	4	0.75
Zfp639	CD8	48h_vs_12h	48	12	-0.04522625193939077	0.41732976408003664	0.6291090473445328	4	0.5
Klf9	CD8	48h_vs_12h	48	12	-0.038391384975415346	0.4213324886830325	0.6298072714318681	4	0.5
Pax5	CD8	48h_vs_12h	48	12	0.06234702229338983	0.4219500861408225	0.6298072714318681	4	0.75
Zfp592	CD8	48h_vs_12h	48	12	-0.030592599577537922	0.4254613850952891	0.6319352925680028	4	0.75
Elk4	CD8	48h_vs_12h	48	12	-0.017451715240362556	0.4279007861178683	0.6324582350912883	4	0.75
Pax6	CD8	48h_vs_12h	48	12	0.10134408758756673	0.4387877109612386	0.6391955597175736	4	0.5
Tead2	CD8	48h_vs_12h	48	12	0.03617417123147076	0.43689966358720844	0.6391955597175736	4	0.75
Zfp148	CD8	48h_vs_12h	48	12	0.0752366066697862	0.43727630096661774	0.6391955597175736	4	0.5
Mafk	CD8	48h_vs_12h	48	12	0.06448407804360606	0.44429885786457135	0.6441270523108379	4	0.5
Six5	CD8	48h_vs_12h	48	12	0.1344712186157182	0.45457295274144605	0.655883831812658	4	0.75
Foxj2	CD8	48h_vs_12h	48	12	-0.016481667211886156	0.4600888846002247	0.6564548311901671	4	0.5
Mnt	CD8	48h_vs_12h	48	12	0.04088631771507254	0.4607702000728141	0.6564548311901671	4	0.75
Rfx1	CD8	48h_vs_12h	48	12	0.13815019793087413	0.4614682476683353	0.6564548311901671	4	0.75
Bmal1	CD8	48h_vs_12h	48	12	-0.04867217392582765	0.4857496039441168	0.6813987499771639	4	0.75
Fosl1	CD8	48h_vs_12h	48	12	-0.020044028662373536	0.48284891479458614	0.6813987499771639	4	0.5
Zfp263	CD8	48h_vs_12h	48	12	0.09515705338762899	0.48450351651498846	0.6813987499771639	4	0.5
Tfap4	CD8	48h_vs_12h	48	12	0.09318451146382503	0.49382115308992236	0.6895290755126565	4	0.75
Foxk2	CD8	48h_vs_12h	48	12	-0.09382103222035303	0.4986276199824725	0.6925672228785419	4	0.75
Tcf7l1	CD8	48h_vs_12h	48	12	0.07043761979623626	0.5005683888132035	0.6925672228785419	4	0.5
Foxa2	CD8	48h_vs_12h	48	12	0.09772440096282166	0.5054225614524588	0.6961047096367955	4	0.75
Hbp1	CD8	48h_vs_12h	48	12	-0.08954765078489867	0.5122250937891012	0.7022814634303062	4	0.5
Bcl11a	CD8	48h_vs_12h	48	12	-0.04678316784522171	0.5238815603911062	0.7061423316036325	4	0.5
Bhlhe22	CD8	48h_vs_12h	48	12	0.09096021772249864	0.5177012695037643	0.7061423316036325	4	0.5
Elf5	CD8	48h_vs_12h	48	12	0.01421410300837669	0.5223348022728099	0.7061423316036325	4	0.5
Mitf	CD8	48h_vs_12h	48	12	0.294438648842708	0.5313468250597877	0.7061423316036325	4	0.5
Rxra	CD8	48h_vs_12h	48	12	0.1268903287960466	0.5273130724014627	0.7061423316036325	4	0.75
Sox13	CD8	48h_vs_12h	48	12	-0.010765909303903563	0.5313546257611492	0.7061423316036325	4	0.75
Sp2	CD8	48h_vs_12h	48	12	-0.00010300765198818218	0.5305045536025208	0.7061423316036325	4	0.5
Gata3	CD8	48h_vs_12h	48	12	-0.016063699628330153	0.5342366983431368	0.7068721379824037	4	0.75
Nfic	CD8	48h_vs_12h	48	12	-0.022650791305296382	0.544778136792921	0.7176859802098046	4	0.75
Nfe2l2	CD8	48h_vs_12h	48	12	-0.041764873667098856	0.5495075423468512	0.7207826204809347	4	0.5
Ar	CD8	48h_vs_12h	48	12	0.14389457336904937	0.5680518453514976	0.7355543125705288	4	0.5
Mef2c	CD8	48h_vs_12h	48	12	-0.015254194998502769	0.5676817909603916	0.7355543125705288	4	0.5
Twist1	CD8	48h_vs_12h	48	12	-0.044065486439092326	0.5645280744129186	0.7355543125705288	4	0.5
Zeb1	CD8	48h_vs_12h	48	12	0.1355826131943712	0.5798613031370558	0.747650956810757	4	0.5
Foxa1	CD8	48h_vs_12h	48	12	0.15142580645514797	0.5850887367418696	0.7480248406446687	4	0.5
Tcf7l2	CD8	48h_vs_12h	48	12	0.015769439681087776	0.5847982069810254	0.7480248406446687	4	0.75
Bcl6	CD8	48h_vs_12h	48	12	-0.002670698544943443	0.596309207594212	0.7572607988338794	4	0.5
Nfe2	CD8	48h_vs_12h	48	12	0.01489178055532751	0.5973113231725979	0.7572607988338794	4	0.75
Smad1	CD8	48h_vs_12h	48	12	0.015949053578674915	0.6036272804198702	0.7620794415300861	4	0.5
Atf7	CD8	48h_vs_12h	48	12	-0.025969357155026355	0.6133314436938638	0.7711179561794222	4	0.75
Zbtb7a	CD8	48h_vs_12h	48	12	0.05965148163918445	0.6193039540216932	0.7754094961511283	4	0.75
Spi1	CD8	48h_vs_12h	48	12	-0.11617190881550576	0.6267956439333564	0.781560000460111	4	0.5
Wt1	CD8	48h_vs_12h	48	12	-0.005321089247140167	0.6380547715714112	0.792338507320236	4	0.5
Etv6	CD8	48h_vs_12h	48	12	-0.003064938732879168	0.6539336183723174	0.8021938719304137	4	0.75
Sox11	CD8	48h_vs_12h	48	12	0.10163907186598854	0.6491935248941989	0.8021938719304137	4	0.5
Zbtb33	CD8	48h_vs_12h	48	12	-0.03611576271881207	0.6537331707078275	0.8021938719304137	4	0.5
Gfi1b	CD8	48h_vs_12h	48	12	-0.13620067432630154	0.6572592943843278	0.803022444348594	4	0.75
Lyl1	CD8	48h_vs_12h	48	12	0.09542455039184758	0.6710697926317764	0.8166030006724025	4	0.75
Elf3	CD8	48h_vs_12h	48	12	0.053552886945303704	0.6763059904347195	0.8188739923127996	4	0.5
Esrra	CD8	48h_vs_12h	48	12	0.09534655686017596	0.6783411619488868	0.8188739923127996	4	0.75
Gata2	CD8	48h_vs_12h	48	12	0.11396994085281995	0.686297123588334	0.821928966194724	4	0.5
Pbx3	CD8	48h_vs_12h	48	12	-0.028670629357993502	0.6852110935760407	0.821928966194724	4	0.75
Hnf4a	CD8	48h_vs_12h	48	12	0.09236629702282788	0.6992615819121129	0.8341585012573629	4	0.5
Nfe2l1	CD8	48h_vs_12h	48	12	0.03641675558100359	0.7021793458135541	0.8343542814961055	4	0.5
Myod1	CD8	48h_vs_12h	48	12	0.007237010086167346	0.7145343674514757	0.8457184114757701	4	0.5
Mafb	CD8	48h_vs_12h	48	12	-0.015729715869941412	0.7219557861828105	0.8511774444100839	4	0.5
Tfap2c	CD8	48h_vs_12h	48	12	0.1312441092331959	0.7261072185835102	0.852753826475983	4	0.5
Tead1	CD8	48h_vs_12h	48	12	0.15845124073013045	0.7367347348838782	0.8618943037444597	4	0.75
Eomes	CD8	48h_vs_12h	48	12	-0.00024051609205177758	0.7462076499092811	0.8632298677326828	4	0.5
Foxo3	CD8	48h_vs_12h	48	12	-0.0159491806604	0.7464231859602737	0.8632298677326828	4	0.5
Nr4a1	CD8	48h_vs_12h	48	12	-0.016074500100601644	0.742158243514857	0.8632298677326828	4	0.5
Cebpg	CD8	48h_vs_12h	48	12	0.046293784679294264	0.7790452758562776	0.8882052138843856	4	0.5
Erg	CD8	48h_vs_12h	48	12	0.029892019153462304	0.8138803404120916	0.8882052138843856	4	0.5
Fli1	CD8	48h_vs_12h	48	12	0.0393237659390029	0.811141165718216	0.8882052138843856	4	0.5
Foxo4	CD8	48h_vs_12h	48	12	0.02479749690151039	0.7954634495045818	0.8882052138843856	4	0.5
Klf3	CD8	48h_vs_12h	48	12	0.006297550119019337	0.7872928549917979	0.8882052138843856	4	0.5
Lef1	CD8	48h_vs_12h	48	12	0.0035644075270860175	0.7951450996965339	0.8882052138843856	4	0.5
Mafg	CD8	48h_vs_12h	48	12	0.01728433839457432	0.8162902262726962	0.8882052138843856	4	0.5
Pgr	CD8	48h_vs_12h	48	12	0.10503579585345606	0.8168493179713627	0.8882052138843856	4	0.5
Pou5f1	CD8	48h_vs_12h	48	12	0.07383198549597154	0.8145633149529827	0.8882052138843856	4	0.5
Runx1	CD8	48h_vs_12h	48	12	-0.07566120418556939	0.7887496760522343	0.8882052138843856	4	0.75
Sp3	CD8	48h_vs_12h	48	12	0.02903146352768692	0.7938708715728364	0.8882052138843856	4	0.5
Tal1	CD8	48h_vs_12h	48	12	-0.08481524219331726	0.7726796398097413	0.8882052138843856	4	0.75
Tcf12	CD8	48h_vs_12h	48	12	0.043878573415499555	0.8057337527698163	0.8882052138843856	4	0.5
Zfp110	CD8	48h_vs_12h	48	12	0.06039212889924112	0.8178523256559194	0.8882052138843856	4	0.5
Zfp217	CD8	48h_vs_12h	48	12	-0.003424003071843496	0.8090963329616456	0.8882052138843856	4	0.5
Zfp24	CD8	48h_vs_12h	48	12	-0.08035538288109173	0.7945292332131135	0.8882052138843856	4	0.5
Zfp369	CD8	48h_vs_12h	48	12	0.06039212889924112	0.8178523256559194	0.8882052138843856	4	0.5
Smad5	CD8	48h_vs_12h	48	12	0.005538433796990963	0.8208791748379007	0.8883085356281569	4	0.75
Ascl1	CD8	48h_vs_12h	48	12	-0.005355318913010799	0.8389552931413171	0.9023635090772928	4	0.5
Maff	CD8	48h_vs_12h	48	12	0.013617881943316992	0.8428015612834121	0.9023635090772928	4	0.5
Sox2	CD8	48h_vs_12h	48	12	0.1220190125106979	0.8424775174802848	0.9023635090772928	4	0.5
Maz	CD8	48h_vs_12h	48	12	0.0042552446266567135	0.8720622904929186	0.930404485983642	4	0.5
Ets2	CD8	48h_vs_12h	48	12	-0.06451452648878545	0.8799877246200899	0.9355658967013588	4	0.5
Ikzf1	CD8	48h_vs_12h	48	12	0.015001574228507971	0.8913420836412944	0.9410336283739101	4	0.75
Nr1h4	CD8	48h_vs_12h	48	12	-0.00980652570448218	0.8902224420911797	0.9410336283739101	4	0.5
Rfx5	CD8	48h_vs_12h	48	12	-0.007806775025384851	0.9022803462556717	0.9492741142898212	4	0.75
Elk1	CD8	48h_vs_12h	48	12	-0.013651274147343651	0.922798898263538	0.9675019590790728	4	0.5
Fos	CD8	48h_vs_12h	48	12	-0.09772102705243965	0.9354707855880086	0.9774056828729882	4	0.5
Gata6	CD8	48h_vs_12h	48	12	0.03756629375244315	0.9507259343187286	0.9831739184251699	4	0.75
Mbd2	CD8	48h_vs_12h	48	12	0.028016110051068372	0.9478518017909751	0.9831739184251699	4	0.5
Rxrb	CD8	48h_vs_12h	48	12	-0.0004529873971550093	0.9472872426129453	0.9831739184251699	4	0.75
Hnf4g	CD8	48h_vs_12h	48	12	0.039016581722501	0.9568914440987719	0.9861840393262854	4	0.75
Cebpa	CD8	48h_vs_12h	48	12	0.11093933482743708	0.9638834864056514	0.9900226995963131	4	0.5
Klf13	CD8	48h_vs_12h	48	12	0.02684495238230147	0.9738291986054728	0.9901686146894572	4	0.5
Runx2	CD8	48h_vs_12h	48	12	0.07472293536933092	0.9737350384479223	0.9901686146894572	4	0.5
Rxrg	CD8	48h_vs_12h	48	12	0.008470468199105803	0.9689188917554289	0.9901686146894572	4	0.5
Prdm14	CD8	48h_vs_12h	48	12	0.023246064848416834	0.981346104368379	0.9944744803465513	4	0.5
Duxbl1	CD8	48h_vs_12h	48	12	-0.023568883489694322	0.9987012155285047	0.9987819813778201	4	0.75
Hic1	CD8	48h_vs_12h	48	12	-0.0026234227588711524	0.993052990088543	0.9987819813778201	4	0.75
Lhx2	CD8	48h_vs_12h	48	12	0.056221375745177216	0.9987819813778201	0.9987819813778201	4	0.5
Pou2f1	CD8	48h_vs_12h	48	12	-0.011564441461601235	0.991613670728916	0.9987819813778201	4	0.5
Elk1	CD4	checkpoint_vs_no_checkpoint	True	False	0.32414638167363913	0.0002363357993178722	0.07160974719331528	4	1.0
Tead4	CD4	checkpoint_vs_no_checkpoint	True	False	-0.471061391568467	0.0008762763193249828	0.1327558623777349	4	1.0
Arid2	CD4	checkpoint_vs_no_checkpoint	True	False	-0.3249463231306431	0.001411727891214691	0.1425845170126838	4	1.0
Mafk	CD4	checkpoint_vs_no_checkpoint	True	False	-0.7582324889329153	0.002035112525812521	0.15415977383029847	4	1.0
Arnt	CD4	checkpoint_vs_no_checkpoint	True	False	-0.3859796839626326	0.0028553370370906846	0.1730334244476955	4	1.0
Klf5	CD4	checkpoint_vs_no_checkpoint	True	False	0.2557956756375935	0.004071943924337863	0.17625700129633892	4	1.0
Maz	CD4	checkpoint_vs_no_checkpoint	True	False	0.22849477284616682	0.0037286965102104556	0.17625700129633892	4	0.75
Atf7	CD4	checkpoint_vs_no_checkpoint	True	False	-0.15310101160352896	0.0069505254316584485	0.23027188232881	4	0.75
Meis2	CD4	checkpoint_vs_no_checkpoint	True	False	-0.2576981511306448	0.007236851911544989	0.23027188232881	4	1.0
Pax5	CD4	checkpoint_vs_no_checkpoint	True	False	0.23998385048310528	0.007599732090059735	0.23027188232881	4	0.75
Elk4	CD4	checkpoint_vs_no_checkpoint	True	False	0.2174522275202578	0.009892440081258256	0.26958687751555493	4	0.75
Usf2	CD4	checkpoint_vs_no_checkpoint	True	False	-0.2257933769121893	0.010676708020418016	0.26958687751555493	4	0.75
Atf4	CD4	checkpoint_vs_no_checkpoint	True	False	-0.5156210442160977	0.017091270220750677	0.2882090809076954	4	1.0
Epas1	CD4	checkpoint_vs_no_checkpoint	True	False	-0.5045777692622281	0.013556683068061967	0.2882090809076954	4	1.0
Etv4	CD4	checkpoint_vs_no_checkpoint	True	False	-0.2532532929714053	0.017746645349709822	0.2882090809076954	4	0.75
Hif1a	CD4	checkpoint_vs_no_checkpoint	True	False	-0.557797747376131	0.0223929786808533	0.2882090809076954	4	1.0
Hmbox1	CD4	checkpoint_vs_no_checkpoint	True	False	-0.11200483382440732	0.02163013021420266	0.2882090809076954	4	0.75
Klf6	CD4	checkpoint_vs_no_checkpoint	True	False	-0.22553025074096106	0.013542894525434317	0.2882090809076954	4	1.0
Mafg	CD4	checkpoint_vs_no_checkpoint	True	False	-0.3517124893961484	0.01551741032060864	0.2882090809076954	4	1.0
Six5	CD4	checkpoint_vs_no_checkpoint	True	False	0.24540928971486903	0.022828442052094687	0.2882090809076954	4	1.0
Sp3	CD4	checkpoint_vs_no_checkpoint	True	False	-0.20607655460363716	0.016822299925267292	0.2882090809076954	4	0.75
Srebf1	CD4	checkpoint_vs_no_checkpoint	True	False	0.3271905166590706	0.020830478163661834	0.2882090809076954	4	1.0
Srebf2	CD4	checkpoint_vs_no_checkpoint	True	False	0.2877190847696467	0.01962232249304889	0.2882090809076954	4	1.0
Tfap2a	CD4	checkpoint_vs_no_checkpoint	True	False	-0.2421084253711114	0.02196946995501002	0.2882090809076954	4	0.75
Myb	CD4	checkpoint_vs_no_checkpoint	True	False	-0.16147716529954517	0.024444828492641874	0.2962713213308195	4	0.5
Hnf1b	CD4	checkpoint_vs_no_checkpoint	True	False	-0.3721743356315928	0.025563882971072534	0.29791755923980684	4	1.0
Bcl11a	CD4	checkpoint_vs_no_checkpoint	True	False	-0.15037912531537856	0.027735850043088275	0.3034645297981957	4	0.75
Gata1	CD4	checkpoint_vs_no_checkpoint	True	False	-0.29390544019581233	0.029684926568473134	0.3034645297981957	4	0.75
Mafb	CD4	checkpoint_vs_no_checkpoint	True	False	-0.3111126578322113	0.03130965616818284	0.3034645297981957	4	1.0
Pax6	CD4	checkpoint_vs_no_checkpoint	True	False	-0.3268238540908094	0.0332665709375884	0.3034645297981957	4	0.75
Pou5f1	CD4	checkpoint_vs_no_checkpoint	True	False	-0.5200083225799861	0.03405212545590315	0.3034645297981957	4	1.0
Twist1	CD4	checkpoint_vs_no_checkpoint	True	False	-0.26848291335424557	0.03377518944605184	0.3034645297981957	4	0.75
Wt1	CD4	checkpoint_vs_no_checkpoint	True	False	-0.24054510010675498	0.031124016440937454	0.3034645297981957	4	1.0
Zhx1	CD4	checkpoint_vs_no_checkpoint	True	False	-0.15007494989896417	0.030139459959114448	0.3034645297981957	4	0.75
Ar	CD4	checkpoint_vs_no_checkpoint	True	False	0.14590806883542842	0.0351261921660407	0.30409246360886666	4	0.75
Sp2	CD4	checkpoint_vs_no_checkpoint	True	False	-0.3431135394997609	0.03650075619027079	0.3072146979347791	4	1.0
Junb	CD4	checkpoint_vs_no_checkpoint	True	False	-0.35443266731905615	0.04047860855847996	0.3125317968601034	4	1.0
Lef1	CD4	checkpoint_vs_no_checkpoint	True	False	-0.1656965105958623	0.04125832301783543	0.3125317968601034	4	1.0
Nr1h3	CD4	checkpoint_vs_no_checkpoint	True	False	-0.1964768212649226	0.0402334410926097	0.3125317968601034	4	1.0
Zbtb11	CD4	checkpoint_vs_no_checkpoint	True	False	-0.14101067663647962	0.04023518111709852	0.3125317968601034	4	1.0
Eomes	CD4	checkpoint_vs_no_checkpoint	True	False	-0.32885157205628535	0.04249690042569146	0.31406245924352466	4	0.75
Bach1	CD4	checkpoint_vs_no_checkpoint	True	False	-0.23270605806331138	0.04599105393620856	0.3317926033969332	4	0.75
Nr1i2	CD4	checkpoint_vs_no_checkpoint	True	False	-0.10965769696538379	0.04815129715354947	0.33929867529129043	4	0.75
Maff	CD4	checkpoint_vs_no_checkpoint	True	False	-0.4492752508804783	0.05047143589680462	0.3426622781733722	4	1.0
Zfp639	CD4	checkpoint_vs_no_checkpoint	True	False	-0.1349708758734018	0.05089043735248102	0.3426622781733722	4	1.0
Cebpg	CD4	checkpoint_vs_no_checkpoint	True	False	-0.3254490498263086	0.053226330948229685	0.34463409098804176	4	0.75
Nr1h2	CD4	checkpoint_vs_no_checkpoint	True	False	-0.06930924982977406	0.05345809332157743	0.34463409098804176	4	1.0
Sp4	CD4	checkpoint_vs_no_checkpoint	True	False	-0.15745201165518719	0.0577634981817556	0.36463208227233224	4	0.75
Ctcfl	CD4	checkpoint_vs_no_checkpoint	True	False	0.18187247297613415	0.07160191351213825	0.41885394523271025	4	0.75
Mef2c	CD4	checkpoint_vs_no_checkpoint	True	False	-0.1380001833215335	0.07129922831420235	0.41885394523271025	4	1.0
Runx2	CD4	checkpoint_vs_no_checkpoint	True	False	-0.596505185306256	0.06943291600725086	0.41885394523271025	4	0.75
Zfp384	CD4	checkpoint_vs_no_checkpoint	True	False	-0.2845825063290647	0.07188252525445853	0.41885394523271025	4	1.0
Ebf1	CD4	checkpoint_vs_no_checkpoint	True	False	-0.34301877343175874	0.07456192274860277	0.4262691055250309	4	1.0
E2f5	CD4	checkpoint_vs_no_checkpoint	True	False	-0.13656850911604687	0.07709876263232589	0.4289283638829716	4	1.0
Zbtb7a	CD4	checkpoint_vs_no_checkpoint	True	False	0.21920381776658662	0.07785828387314667	0.4289283638829716	4	0.75
Stat4	CD4	checkpoint_vs_no_checkpoint	True	False	0.1758337428328999	0.07936114358851375	0.42940047334499404	4	0.75
Bcl6	CD4	checkpoint_vs_no_checkpoint	True	False	-0.19745614018333543	0.08589683934130839	0.4432722479792095	4	1.0
Cebpb	CD4	checkpoint_vs_no_checkpoint	True	False	-0.21970818142846962	0.10662568278971699	0.4432722479792095	4	0.75
Cux1	CD4	checkpoint_vs_no_checkpoint	True	False	-0.13029663324129648	0.09983597132224338	0.4432722479792095	4	0.75
Fosl1	CD4	checkpoint_vs_no_checkpoint	True	False	0.042600910236714	0.09919422687485602	0.4432722479792095	4	0.75
Fosl2	CD4	checkpoint_vs_no_checkpoint	True	False	-0.33314081127106887	0.11118379817300303	0.4432722479792095	4	1.0
Foxa1	CD4	checkpoint_vs_no_checkpoint	True	False	-1.224220560506095	0.10561006911110744	0.4432722479792095	4	0.75
Foxa2	CD4	checkpoint_vs_no_checkpoint	True	False	-0.13197671389495613	0.10257691817150487	0.4432722479792095	4	0.5
Hhex	CD4	checkpoint_vs_no_checkpoint	True	False	-0.14968148823972344	0.11061806226721817	0.4432722479792095	4	1.0
Lhx4	CD4	checkpoint_vs_no_checkpoint	True	False	0.06593507005368622	0.10850809967241817	0.4432722479792095	4	0.75
Lyl1	CD4	checkpoint_vs_no_checkpoint	True	False	0.12040050924040942	0.0923754793967745	0.4432722479792095	4	0.75
Meis1	CD4	checkpoint_vs_no_checkpoint	True	False	-0.4296385604492015	0.1021772437955631	0.4432722479792095	4	1.0
Mynn	CD4	checkpoint_vs_no_checkpoint	True	False	0.09627366179989207	0.09642207364277218	0.4432722479792095	4	0.75
Nfia	CD4	checkpoint_vs_no_checkpoint	True	False	0.09552814222275637	0.0959941247842445	0.4432722479792095	4	0.75
Nr1h4	CD4	checkpoint_vs_no_checkpoint	True	False	-0.16928844535705506	0.09692416615182846	0.4432722479792095	4	0.75
Ppara	CD4	checkpoint_vs_no_checkpoint	True	False	-0.12036343020586662	0.09712638010681224	0.4432722479792095	4	0.75
Prox1	CD4	checkpoint_vs_no_checkpoint	True	False	-0.13921280462986338	0.10718766808533062	0.4432722479792095	4	0.75
Relb	CD4	checkpoint_vs_no_checkpoint	True	False	-0.09870052014930165	0.10316709383105144	0.4432722479792095	4	0.75
Sox2	CD4	checkpoint_vs_no_checkpoint	True	False	-1.4512856739895952	0.09341750058654097	0.4432722479792095	4	0.75
Sox9	CD4	checkpoint_vs_no_checkpoint	True	False	-0.09391402273118682	0.08910770619954453	0.4432722479792095	4	0.5
Stat6	CD4	checkpoint_vs_no_checkpoint	True	False	0.26691171484288884	0.09098496647553549	0.4432722479792095	4	0.5
Gata3	CD4	checkpoint_vs_no_checkpoint	True	False	-1.0173684740886237	0.11944312423822669	0.4700164499244504	4	0.75
E2f1	CD4	checkpoint_vs_no_checkpoint	True	False	-0.7897115050529094	0.1323880903125982	0.48707385540581455	4	0.75
Hoxb13	CD4	checkpoint_vs_no_checkpoint	True	False	-0.2389044362613214	0.12807792883166824	0.48707385540581455	4	1.0
Kmt2a	CD4	checkpoint_vs_no_checkpoint	True	False	-0.14594719249195626	0.13342287128278088	0.48707385540581455	4	0.75
Lhx2	CD4	checkpoint_vs_no_checkpoint	True	False	-0.4008907972716312	0.12792576951922735	0.48707385540581455	4	0.75
Rxra	CD4	checkpoint_vs_no_checkpoint	True	False	-0.2343608017356848	0.1311664766642096	0.48707385540581455	4	1.0
Zc3h8	CD4	checkpoint_vs_no_checkpoint	True	False	-0.10271200737818034	0.13325765839253984	0.48707385540581455	4	0.75
Klf4	CD4	checkpoint_vs_no_checkpoint	True	False	0.12247777858481969	0.137110562014437	0.4945773844092191	4	0.75
Atf2	CD4	checkpoint_vs_no_checkpoint	True	False	-0.1511978759156136	0.15446912117784825	0.503270362547183	4	0.75
E2f6	CD4	checkpoint_vs_no_checkpoint	True	False	0.21764024715427735	0.14812316420022906	0.503270362547183	4	0.75
Gli2	CD4	checkpoint_vs_no_checkpoint	True	False	0.08789154315093847	0.14381965918189435	0.503270362547183	4	0.5
Irf9	CD4	checkpoint_vs_no_checkpoint	True	False	0.24030324150724813	0.15068104493789977	0.503270362547183	4	0.5
Nfatc1	CD4	checkpoint_vs_no_checkpoint	True	False	0.2091469117350887	0.14835990074780966	0.503270362547183	4	0.75
Pgr	CD4	checkpoint_vs_no_checkpoint	True	False	-0.24566573217126741	0.15383021694436852	0.503270362547183	4	1.0
Sp1	CD4	checkpoint_vs_no_checkpoint	True	False	-0.28274701031084	0.15141356280282484	0.503270362547183	4	1.0
Spib	CD4	checkpoint_vs_no_checkpoint	True	False	-0.36887955531128214	0.1540828317634091	0.503270362547183	4	1.0
Zfp740	CD4	checkpoint_vs_no_checkpoint	True	False	-0.16591338625698945	0.15059676144958703	0.503270362547183	4	1.0
Ahr	CD4	checkpoint_vs_no_checkpoint	True	False	-0.22432077253076146	0.15650299166996923	0.5036896512188344	4	0.75
Foxp1	CD4	checkpoint_vs_no_checkpoint	True	False	-0.6894041484481317	0.16026697512842691	0.5036896512188344	4	0.75
Hes1	CD4	checkpoint_vs_no_checkpoint	True	False	-0.061695131319964396	0.16287056884866424	0.5036896512188344	4	0.5
Irf3	CD4	checkpoint_vs_no_checkpoint	True	False	0.11988253864711124	0.16127832130781228	0.5036896512188344	4	0.75
Rfx5	CD4	checkpoint_vs_no_checkpoint	True	False	0.16021403440175902	0.16290952415658666	0.5036896512188344	4	1.0
Foxp2	CD4	checkpoint_vs_no_checkpoint	True	False	0.15624600120821805	0.16470334371941608	0.504092051989728	4	0.75
Tead1	CD4	checkpoint_vs_no_checkpoint	True	False	-0.4847522596999464	0.16695632547261396	0.5058776661820203	4	0.5
Foxm1	CD4	checkpoint_vs_no_checkpoint	True	False	-0.2968385114355756	0.17271380412761472	0.5080804140841482	4	0.75
Jun	CD4	checkpoint_vs_no_checkpoint	True	False	-0.4611190761644461	0.16983597541959294	0.5080804140841482	4	1.0
Nfya	CD4	checkpoint_vs_no_checkpoint	True	False	0.06871105353803675	0.17120356522166613	0.5080804140841482	4	0.75
Snai1	CD4	checkpoint_vs_no_checkpoint	True	False	0.09870733452668687	0.17831454915530498	0.5195125807120905	4	0.5
Fli1	CD4	checkpoint_vs_no_checkpoint	True	False	-0.007017017726009531	0.18573024467600274	0.5309081522342343	4	0.75
Zfp644	CD4	checkpoint_vs_no_checkpoint	True	False	-0.11738007099126199	0.18457087071756784	0.5309081522342343	4	0.75
Etv1	CD4	checkpoint_vs_no_checkpoint	True	False	-0.03652448559177102	0.18888854485409645	0.5348899915027218	4	0.75
Gabpa	CD4	checkpoint_vs_no_checkpoint	True	False	-0.14858098935617725	0.19274243969992888	0.5365906133618167	4	0.75
Rarb	CD4	checkpoint_vs_no_checkpoint	True	False	-0.08806404601047182	0.19303094672091758	0.5365906133618167	4	0.75
Cebpa	CD4	checkpoint_vs_no_checkpoint	True	False	-0.8043556525007656	0.2011913105474573	0.5491979017646808	4	1.0
E2f4	CD4	checkpoint_vs_no_checkpoint	True	False	-0.4107975820066281	0.20028857880662565	0.5491979017646808	4	0.5
Ncoa3	CD4	checkpoint_vs_no_checkpoint	True	False	-0.1256626038719591	0.2031069806862369	0.5494769209636587	4	0.75
Erg	CD4	checkpoint_vs_no_checkpoint	True	False	-0.2707096006830437	0.2093508846388098	0.5613567968633573	4	1.0
Ctcf	CD4	checkpoint_vs_no_checkpoint	True	False	-0.6858251546587415	0.21522516646545542	0.5717610779981686	4	0.75
Myod1	CD4	checkpoint_vs_no_checkpoint	True	False	-0.2442286862711113	0.218892029860685	0.5717610779981686	4	0.75
Srf	CD4	checkpoint_vs_no_checkpoint	True	False	0.02301303650435835	0.21706793743868746	0.5717610779981686	4	0.5
Foxo1	CD4	checkpoint_vs_no_checkpoint	True	False	-0.2178476916583413	0.2284874169953297	0.5797136728142211	4	0.75
Neurod1	CD4	checkpoint_vs_no_checkpoint	True	False	0.0618797693264335	0.22958957339177077	0.5797136728142211	4	0.75
Rela	CD4	checkpoint_vs_no_checkpoint	True	False	-0.37852302240159424	0.2242334671052295	0.5797136728142211	4	0.75
Spi1	CD4	checkpoint_vs_no_checkpoint	True	False	-0.658553936548509	0.22750864877819943	0.5797136728142211	4	0.75
Ets1	CD4	checkpoint_vs_no_checkpoint	True	False	0.028799247713439995	0.23484810948872137	0.5880907204552279	4	0.75
Batf	CD4	checkpoint_vs_no_checkpoint	True	False	-0.11421262639185048	0.2475953022129238	0.5924788454400806	4	0.75
Cdx2	CD4	checkpoint_vs_no_checkpoint	True	False	-0.0701543768335371	0.25224346885072735	0.5924788454400806	4	0.5
Elf1	CD4	checkpoint_vs_no_checkpoint	True	False	-0.16150884675569416	0.2426084348439338	0.5924788454400806	4	0.75
Ikzf1	CD4	checkpoint_vs_no_checkpoint	True	False	-0.17211560412999186	0.2505350417716471	0.5924788454400806	4	0.75
Nanog	CD4	checkpoint_vs_no_checkpoint	True	False	-0.17673405808223142	0.24082794431094645	0.5924788454400806	4	0.5
Nfkb2	CD4	checkpoint_vs_no_checkpoint	True	False	-0.13298553094135815	0.24913530679707685	0.5924788454400806	4	0.75
Onecut1	CD4	checkpoint_vs_no_checkpoint	True	False	-0.449947525869642	0.24488709468344694	0.5924788454400806	4	0.5
Stat3	CD4	checkpoint_vs_no_checkpoint	True	False	-0.18179404178680475	0.24586340903129955	0.5924788454400806	4	1.0
Rfx2	CD4	checkpoint_vs_no_checkpoint	True	False	0.09365053975231996	0.26300123162635825	0.6083158258227981	4	0.75
Sox6	CD4	checkpoint_vs_no_checkpoint	True	False	0.019742696791840902	0.26135571904879407	0.6083158258227981	4	0.5
Satb1	CD4	checkpoint_vs_no_checkpoint	True	False	-0.17104717103719022	0.26531629696460857	0.6090214998505787	4	0.75
Gata2	CD4	checkpoint_vs_no_checkpoint	True	False	-0.935018173765555	0.26853657731745906	0.6117788190014293	4	0.75
Tal1	CD4	checkpoint_vs_no_checkpoint	True	False	-0.6556465830669908	0.27266027148747407	0.61653777806496	4	0.75
Ascl1	CD4	checkpoint_vs_no_checkpoint	True	False	-0.1267351433210812	0.2889679705449072	0.6231068849096496	4	0.5
Cebpd	CD4	checkpoint_vs_no_checkpoint	True	False	-0.2890420570068432	0.27965554135661996	0.6231068849096496	4	1.0
Creb3l1	CD4	checkpoint_vs_no_checkpoint	True	False	-0.18889647632866463	0.2923925543672461	0.6231068849096496	4	0.5
Ets2	CD4	checkpoint_vs_no_checkpoint	True	False	0.12384309171584688	0.2902446904724786	0.6231068849096496	4	0.5
Fos	CD4	checkpoint_vs_no_checkpoint	True	False	-0.7722975842839737	0.30024292144161335	0.6231068849096496	4	0.75
Ncoa2	CD4	checkpoint_vs_no_checkpoint	True	False	-0.2248299127622721	0.28266963655691546	0.6231068849096496	4	0.75
Nfyb	CD4	checkpoint_vs_no_checkpoint	True	False	0.1477236488040435	0.2980000095782971	0.6231068849096496	4	0.5
Rxrb	CD4	checkpoint_vs_no_checkpoint	True	False	-0.0787646607973493	0.2977605967157031	0.6231068849096496	4	1.0
Stat1	CD4	checkpoint_vs_no_checkpoint	True	False	-0.5839537683245123	0.2887821247480822	0.6231068849096496	4	0.75
Stat5a	CD4	checkpoint_vs_no_checkpoint	True	False	-0.09731907013994712	0.29022046730249484	0.6231068849096496	4	0.75
Stat5b	CD4	checkpoint_vs_no_checkpoint	True	False	-0.20624644655219518	0.2966901312280351	0.6231068849096496	4	0.75
Trp73	CD4	checkpoint_vs_no_checkpoint	True	False	-0.12235701796716864	0.29890870538697645	0.6231068849096496	4	0.75
Nfkb1	CD4	checkpoint_vs_no_checkpoint	True	False	-0.4308452533971665	0.3061495573551142	0.6310429651605415	4	0.75
Creb3	CD4	checkpoint_vs_no_checkpoint	True	False	0.00243480963798797	0.31240158184429545	0.6352864382471243	4	0.75
Tcf3	CD4	checkpoint_vs_no_checkpoint	True	False	-0.09318238898760577	0.3122081244698426	0.6352864382471243	4	0.75
Nr4a1	CD4	checkpoint_vs_no_checkpoint	True	False	-0.23920985882154336	0.322187423822495	0.6465085391934834	4	1.0
Smad1	CD4	checkpoint_vs_no_checkpoint	True	False	-0.19534826148295986	0.32065992999308457	0.6465085391934834	4	0.75
Clock	CD4	checkpoint_vs_no_checkpoint	True	False	-0.3957616901593422	0.33837352883707084	0.6527740958211011	4	0.75
Elf5	CD4	checkpoint_vs_no_checkpoint	True	False	-0.06279071141600714	0.32961488507295655	0.6527740958211011	4	1.0
Esr1	CD4	checkpoint_vs_no_checkpoint	True	False	-0.5741516881601385	0.34435087782236284	0.6527740958211011	4	0.5
Irf4	CD4	checkpoint_vs_no_checkpoint	True	False	0.012450229766892341	0.3435084477671566	0.6527740958211011	4	0.75
Mnt	CD4	checkpoint_vs_no_checkpoint	True	False	-0.23267217259874	0.3384691307033285	0.6527740958211011	4	0.75
Mybl2	CD4	checkpoint_vs_no_checkpoint	True	False	-0.0232470894159462	0.3460395155254904	0.6527740958211011	4	0.5
Prdm14	CD4	checkpoint_vs_no_checkpoint	True	False	-0.37357171330486194	0.3468425643671824	0.6527740958211011	4	0.5
Smad4	CD4	checkpoint_vs_no_checkpoint	True	False	-0.13608604138837715	0.34373849535885304	0.6527740958211011	4	0.75
Tead2	CD4	checkpoint_vs_no_checkpoint	True	False	0.048429908496510826	0.34685356246599763	0.6527740958211011	4	0.75
Trp63	CD4	checkpoint_vs_no_checkpoint	True	False	-0.279841850403654	0.33526358340161044	0.6527740958211011	4	0.75
E2f7	CD4	checkpoint_vs_no_checkpoint	True	False	0.1708971079876122	0.3512527146113741	0.6529421627438426	4	0.75
Tbp	CD4	checkpoint_vs_no_checkpoint	True	False	0.06831060416433649	0.34940464697371243	0.6529421627438426	4	0.75
Gata4	CD4	checkpoint_vs_no_checkpoint	True	False	0.16029729843629706	0.3567614193077191	0.655143697274175	4	0.75
Runx3	CD4	checkpoint_vs_no_checkpoint	True	False	-0.17099443331707684	0.35562951849112334	0.655143697274175	4	0.75
Pbx2	CD4	checkpoint_vs_no_checkpoint	True	False	-0.23527404629291124	0.36157883992356954	0.6560382544721052	4	0.75
Prdm1	CD4	checkpoint_vs_no_checkpoint	True	False	-0.13768776322858378	0.3605161188333521	0.6560382544721052	4	0.75
Zhx2	CD4	checkpoint_vs_no_checkpoint	True	False	0.0836827746468681	0.36436418562639705	0.657156834790466	4	0.75
Gata6	CD4	checkpoint_vs_no_checkpoint	True	False	-0.23614126590365483	0.3767623840775043	0.6685130535681795	4	0.75
Pou2f2	CD4	checkpoint_vs_no_checkpoint	True	False	-0.295676222295837	0.3778454713574535	0.6685130535681795	4	0.75
Rbpj	CD4	checkpoint_vs_no_checkpoint	True	False	-0.138842638739141	0.37948595780107874	0.6685130535681795	4	0.75
Thap1	CD4	checkpoint_vs_no_checkpoint	True	False	0.02767625458395992	0.37348948038065344	0.6685130535681795	4	0.5
Nr5a2	CD4	checkpoint_vs_no_checkpoint	True	False	0.004186018754134856	0.38473655261684747	0.673844944756675	4	0.75
E2f2	CD4	checkpoint_vs_no_checkpoint	True	False	-0.2712109600955326	0.4015012994315631	0.6834544591447395	4	0.75
Nfic	CD4	checkpoint_vs_no_checkpoint	True	False	-0.15653229417368625	0.3925558878026252	0.6834544591447395	4	0.5
Pou4f2	CD4	checkpoint_vs_no_checkpoint	True	False	-0.3232400628798966	0.39700213433097364	0.6834544591447395	4	0.75
Tbx21	CD4	checkpoint_vs_no_checkpoint	True	False	0.28289526898795686	0.39786646071884135	0.6834544591447395	4	0.75
Zeb2	CD4	checkpoint_vs_no_checkpoint	True	False	-0.18183890772282557	0.40030927856909926	0.6834544591447395	4	0.75
Nfe2	CD4	checkpoint_vs_no_checkpoint	True	False	0.00035256981907313723	0.41083787074301104	0.6954406415370521	4	0.75
Irf8	CD4	checkpoint_vs_no_checkpoint	True	False	-0.14401736694737574	0.41447695574803645	0.6960278771128349	4	1.0
Kmt2b	CD4	checkpoint_vs_no_checkpoint	True	False	0.0002440949544016504	0.4157790289023865	0.6960278771128349	4	0.75
Tgif2	CD4	checkpoint_vs_no_checkpoint	True	False	-0.11841257941443681	0.41940225837721035	0.6982356279576634	4	0.75
E2f3	CD4	checkpoint_vs_no_checkpoint	True	False	-0.19856209842822417	0.42594321911327093	0.701463634419203	4	0.5
Nr2f6	CD4	checkpoint_vs_no_checkpoint	True	False	-0.10711232112244098	0.4261440632975242	0.701463634419203	4	1.0
Rest	CD4	checkpoint_vs_no_checkpoint	True	False	-0.15959120804093743	0.42828637745066844	0.701463634419203	4	0.5
Otx2	CD4	checkpoint_vs_no_checkpoint	True	False	-0.18037099792052821	0.437375298159823	0.7124984695829375	4	0.75
Zbtb33	CD4	checkpoint_vs_no_checkpoint	True	False	-0.03292802834632846	0.43991267702517134	0.712799685233299	4	0.5
Ehf	CD4	checkpoint_vs_no_checkpoint	True	False	-0.045819674531632465	0.4489494633711558	0.7184248887051368	4	0.5
Gli1	CD4	checkpoint_vs_no_checkpoint	True	False	-0.054917906611479404	0.45523953343691836	0.7184248887051368	4	1.0
Hoxb7	CD4	checkpoint_vs_no_checkpoint	True	False	0.11758792357810828	0.4541678018444293	0.7184248887051368	4	0.75
Ncoa1	CD4	checkpoint_vs_no_checkpoint	True	False	-0.15655695664070252	0.45363647218020875	0.7184248887051368	4	1.0
Rxrg	CD4	checkpoint_vs_no_checkpoint	True	False	-0.059144562443461696	0.44917874972923644	0.7184248887051368	4	0.75
Mxi1	CD4	checkpoint_vs_no_checkpoint	True	False	0.009591073114474852	0.4579305604510372	0.7189272529360843	4	0.5
Tfdp1	CD4	checkpoint_vs_no_checkpoint	True	False	-0.16297728951584065	0.46325378085925806	0.7235355443317278	4	0.5
Nrf1	CD4	checkpoint_vs_no_checkpoint	True	False	0.026641733763238758	0.46806520340395585	0.7273013160584545	4	0.75
Maf	CD4	checkpoint_vs_no_checkpoint	True	False	0.11434172617459398	0.47345995615651526	0.7319304424256333	4	0.5
Hnf4a	CD4	checkpoint_vs_no_checkpoint	True	False	-0.5176599453092362	0.4759888969392887	0.7321047501147435	4	0.5
Duxbl1	CD4	checkpoint_vs_no_checkpoint	True	False	-0.11602236530326827	0.48358519604679073	0.7400318909200888	4	0.5
Pbx3	CD4	checkpoint_vs_no_checkpoint	True	False	-0.3267056822525885	0.49115486323132107	0.7470115343790087	4	0.5
Smad3	CD4	checkpoint_vs_no_checkpoint	True	False	-0.20953998971757493	0.493076920382184	0.7470115343790087	4	0.5
Bach2	CD4	checkpoint_vs_no_checkpoint	True	False	-0.00971857713271434	0.5017572174590664	0.756380283035309	4	0.5
Bmal1	CD4	checkpoint_vs_no_checkpoint	True	False	0.049417584826919984	0.504587042044966	0.756880563067449	4	0.75
Nfatc2	CD4	checkpoint_vs_no_checkpoint	True	False	0.2753746885365308	0.5153222971819846	0.7691756455474943	4	0.75
Pou2f1	CD4	checkpoint_vs_no_checkpoint	True	False	0.058095402590110735	0.5246941841790235	0.7793251853247259	4	0.75
Six2	CD4	checkpoint_vs_no_checkpoint	True	False	-0.27757852614507966	0.5279112695374253	0.7802786081455604	4	0.5
Arid3a	CD4	checkpoint_vs_no_checkpoint	True	False	-0.049367732372852594	0.537383484492855	0.7904232805890051	4	0.75
Etv6	CD4	checkpoint_vs_no_checkpoint	True	False	-0.021907887909295033	0.5447405694550109	0.7956340519506847	4	0.75
Nfe2l2	CD4	checkpoint_vs_no_checkpoint	True	False	0.05067835777852524	0.5461778310420542	0.7956340519506847	4	0.75
Deaf1	CD4	checkpoint_vs_no_checkpoint	True	False	0.08933392873060471	0.5510122329333214	0.7988359166449587	4	0.75
Egr1	CD4	checkpoint_vs_no_checkpoint	True	False	-0.03681181316624506	0.5726557608982283	0.81096487823398	4	0.5
Mitf	CD4	checkpoint_vs_no_checkpoint	True	False	-0.4641269104184739	0.5633574142341509	0.81096487823398	4	0.5
Snai2	CD4	checkpoint_vs_no_checkpoint	True	False	-0.12064915075567546	0.5727606730761443	0.81096487823398	4	0.75
Vdr	CD4	checkpoint_vs_no_checkpoint	True	False	-0.122521001981851	0.5661419619318246	0.81096487823398	4	0.75
Ybx1	CD4	checkpoint_vs_no_checkpoint	True	False	0.03007017284204703	0.5702808653674278	0.81096487823398	4	0.5
Atf6	CD4	checkpoint_vs_no_checkpoint	True	False	0.04634579970628825	0.604189389646392	0.8136417113904746	4	0.5
Elf3	CD4	checkpoint_vs_no_checkpoint	True	False	-0.2651936074159233	0.6038068693203669	0.8136417113904746	4	0.75
Foxj2	CD4	checkpoint_vs_no_checkpoint	True	False	-0.09386071144402257	0.5968432655870017	0.8136417113904746	4	0.5
Foxo3	CD4	checkpoint_vs_no_checkpoint	True	False	0.1355421606464691	0.5909821865683813	0.8136417113904746	4	0.5
Grhl2	CD4	checkpoint_vs_no_checkpoint	True	False	-0.22485302820846398	0.5966037760917228	0.8136417113904746	4	0.75
Hinfp	CD4	checkpoint_vs_no_checkpoint	True	False	-0.03527230599712194	0.5975918923467254	0.8136417113904746	4	0.5
Hoxa9	CD4	checkpoint_vs_no_checkpoint	True	False	-0.1354680131657856	0.5838512357206209	0.8136417113904746	4	0.75
Hsf1	CD4	checkpoint_vs_no_checkpoint	True	False	-0.028142831362407503	0.5779580735187242	0.8136417113904746	4	0.5
Mef2b	CD4	checkpoint_vs_no_checkpoint	True	False	-0.04330867283876958	0.5919289565339866	0.8136417113904746	4	0.75
Mef2bl	CD4	checkpoint_vs_no_checkpoint	True	False	-0.04330867283876958	0.5919289565339866	0.8136417113904746	4	0.75
Tcf12	CD4	checkpoint_vs_no_checkpoint	True	False	-0.4038811633097234	0.6021390758486405	0.8136417113904746	4	0.75
Tcf7	CD4	checkpoint_vs_no_checkpoint	True	False	-0.10037050814052455	0.6103239046214303	0.8182661199128025	4	0.5
Foxl2	CD4	checkpoint_vs_no_checkpoint	True	False	0.017293024914552462	0.6328771392459124	0.8447655206674514	4	0.75
Thap11	CD4	checkpoint_vs_no_checkpoint	True	False	0.035834114422242616	0.6369119434558217	0.8464224511715525	4	0.5
Zfp592	CD4	checkpoint_vs_no_checkpoint	True	False	0.03994653719843664	0.6424883535394632	0.8501046773906434	4	1.0
Bhlhe40	CD4	checkpoint_vs_no_checkpoint	True	False	-0.09638438229395596	0.6456505804439561	0.8505744603239943	4	0.5
Foxa3	CD4	checkpoint_vs_no_checkpoint	True	False	-0.03380920119741676	0.6494633177522822	0.8518934427659804	4	0.5
Hnf4g	CD4	checkpoint_vs_no_checkpoint	True	False	0.005726679513326267	0.6613584975469304	0.8637570032617238	4	0.5
Hic1	CD4	checkpoint_vs_no_checkpoint	True	False	0.010241246135386963	0.6835397431921733	0.8702207654925568	4	0.5
Mbd1	CD4	checkpoint_vs_no_checkpoint	True	False	-0.059912649549872604	0.6702096434582259	0.8702207654925568	4	0.5
Nr5a1	CD4	checkpoint_vs_no_checkpoint	True	False	0.025299064423105574	0.6824691379609968	0.8702207654925568	4	0.75
Rarg	CD4	checkpoint_vs_no_checkpoint	True	False	0.05801199376434389	0.6756053231766495	0.8702207654925568	4	0.75
Rel	CD4	checkpoint_vs_no_checkpoint	True	False	-0.11908763651554652	0.6826527665373056	0.8702207654925568	4	0.5
Zkscan1	CD4	checkpoint_vs_no_checkpoint	True	False	-0.06653957699127482	0.6721944740295501	0.8702207654925568	4	0.75
Creb1	CD4	checkpoint_vs_no_checkpoint	True	False	-0.07453957291728384	0.6954139887005604	0.8779601607344574	4	0.5
Mef2a	CD4	checkpoint_vs_no_checkpoint	True	False	-0.12010623895618443	0.6942887689732213	0.8779601607344574	4	0.75
Kdm5b	CD4	checkpoint_vs_no_checkpoint	True	False	-0.044280370783567995	0.7016774051669095	0.8785465031635271	4	0.5
Nr2f1	CD4	checkpoint_vs_no_checkpoint	True	False	-0.16739809833170913	0.7007073097332353	0.8785465031635271	4	0.5
Zfp143	CD4	checkpoint_vs_no_checkpoint	True	False	-0.2101941872458076	0.7086291285392572	0.8835992837341354	4	0.75
Bhlhe22	CD4	checkpoint_vs_no_checkpoint	True	False	-0.12572188257405037	0.7239395359978305	0.8934293297818859	4	0.5
Esr2	CD4	checkpoint_vs_no_checkpoint	True	False	3.4190299705679833e-06	0.723919271715292	0.8934293297818859	4	0.5
Sox10	CD4	checkpoint_vs_no_checkpoint	True	False	-0.06852321784520796	0.7253584657635114	0.8934293297818859	4	0.75
Atf3	CD4	checkpoint_vs_no_checkpoint	True	False	-0.05453080098997338	0.740278387359592	0.8971435648543385	4	0.5
Mycn	CD4	checkpoint_vs_no_checkpoint	True	False	-0.013497567631837046	0.737185125606802	0.8971435648543385	4	0.5
Mycs	CD4	checkpoint_vs_no_checkpoint	True	False	-0.013497567631837046	0.737185125606802	0.8971435648543385	4	0.5
Smad5	CD4	checkpoint_vs_no_checkpoint	True	False	-0.13178452774280808	0.7431783326021089	0.8971435648543385	4	0.75
Zfp148	CD4	checkpoint_vs_no_checkpoint	True	False	0.07156278688995606	0.7409944309597452	0.8971435648543385	4	0.5
Max	CD4	checkpoint_vs_no_checkpoint	True	False	0.01873397778502693	0.7554100739342577	0.8987755495391477	4	0.5
Nr2c2	CD4	checkpoint_vs_no_checkpoint	True	False	-0.03876100159479496	0.7520929088031578	0.8987755495391477	4	0.5
Runx1	CD4	checkpoint_vs_no_checkpoint	True	False	-0.4558655228934493	0.7563952644636391	0.8987755495391477	4	0.5
Zeb1	CD4	checkpoint_vs_no_checkpoint	True	False	-0.1559711839349559	0.751733599540316	0.8987755495391477	4	0.75
Tcf7l2	CD4	checkpoint_vs_no_checkpoint	True	False	-0.06920556122076252	0.7626567920833836	0.9026758125049422	4	0.5
Gfi1b	CD4	checkpoint_vs_no_checkpoint	True	False	-0.005332292359134802	0.7740238184147419	0.9055182122767057	4	0.75
Pax8	CD4	checkpoint_vs_no_checkpoint	True	False	0.014832572090798711	0.7686758695888822	0.9055182122767057	4	0.5
Sox11	CD4	checkpoint_vs_no_checkpoint	True	False	-0.1605598847103601	0.7716520225416158	0.9055182122767057	4	0.5
Pparg	CD4	checkpoint_vs_no_checkpoint	True	False	-0.05679479850051836	0.7931003470560227	0.9242669429152881	4	0.5
Klf1	CD4	checkpoint_vs_no_checkpoint	True	False	-0.10979873365826946	0.8103396414162818	0.9300489066255052	4	0.75
Pknox1	CD4	checkpoint_vs_no_checkpoint	True	False	-0.0881011567706975	0.8083407270942724	0.9300489066255052	4	0.75
Tfap2c	CD4	checkpoint_vs_no_checkpoint	True	False	-0.45439911560958685	0.8048908922710184	0.9300489066255052	4	0.5
Yy1	CD4	checkpoint_vs_no_checkpoint	True	False	-0.0024326596316031077	0.8100860572510755	0.9300489066255052	4	0.5
Zfp110	CD4	checkpoint_vs_no_checkpoint	True	False	-0.07273444759568767	0.8240942671175375	0.9317185184202009	4	0.75
Zfp217	CD4	checkpoint_vs_no_checkpoint	True	False	-2.5666589150247605e-05	0.8203216313652621	0.9317185184202009	4	0.5
Zfp263	CD4	checkpoint_vs_no_checkpoint	True	False	-0.18170173899771233	0.8161085379335413	0.9317185184202009	4	0.5
Zfp369	CD4	checkpoint_vs_no_checkpoint	True	False	-0.07273444759568767	0.8240942671175375	0.9317185184202009	4	0.75
Foxk2	CD4	checkpoint_vs_no_checkpoint	True	False	-0.03122605679184604	0.834867761038312	0.9352722200612748	4	0.75
Foxo4	CD4	checkpoint_vs_no_checkpoint	True	False	0.016239630198573492	0.8320835297577571	0.9352722200612748	4	0.5
Hnf1a	CD4	checkpoint_vs_no_checkpoint	True	False	0.01549451926220277	0.8470437120368027	0.9352722200612748	4	0.5
Klf3	CD4	checkpoint_vs_no_checkpoint	True	False	-0.027250716859652524	0.8413718921384209	0.9352722200612748	4	0.5
Nr2f2	CD4	checkpoint_vs_no_checkpoint	True	False	-0.1637697756915934	0.8387654300470818	0.9352722200612748	4	0.5
Stat2	CD4	checkpoint_vs_no_checkpoint	True	False	0.08247151495747627	0.8449507736418017	0.9352722200612748	4	0.5
Trp53	CD4	checkpoint_vs_no_checkpoint	True	False	-0.36785948197056284	0.8488444241480216	0.9352722200612748	4	0.5
Esrra	CD4	checkpoint_vs_no_checkpoint	True	False	-0.09883514674736227	0.8556071186707572	0.9367745500406025	4	0.75
Irf1	CD4	checkpoint_vs_no_checkpoint	True	False	0.028605194677227812	0.8718495812259073	0.9367745500406025	4	0.5
Rara	CD4	checkpoint_vs_no_checkpoint	True	False	-0.05799060680982688	0.8646145911436668	0.9367745500406025	4	0.5
Tcf7l1	CD4	checkpoint_vs_no_checkpoint	True	False	-0.030068645489195633	0.8647245895528753	0.9367745500406025	4	0.5
Tfap4	CD4	checkpoint_vs_no_checkpoint	True	False	-0.1477066219525522	0.8676414920447693	0.9367745500406025	4	0.5
Usf1	CD4	checkpoint_vs_no_checkpoint	True	False	0.008880544486057955	0.8706295790433018	0.9367745500406025	4	0.5
Zfp24	CD4	checkpoint_vs_no_checkpoint	True	False	-0.05463371259105128	0.8567105931806192	0.9367745500406025	4	0.75
Irf2	CD4	checkpoint_vs_no_checkpoint	True	False	0.015948991235799174	0.881963449465663	0.9404961263981453	4	0.5
Klf13	CD4	checkpoint_vs_no_checkpoint	True	False	0.007690008428412849	0.884625069384394	0.9404961263981453	4	0.75
Mbd2	CD4	checkpoint_vs_no_checkpoint	True	False	0.02458203891693413	0.8830495296025804	0.9404961263981453	4	0.75
Jund	CD4	checkpoint_vs_no_checkpoint	True	False	-0.045999134147751655	0.895160398101088	0.9417833355021864	4	0.5
Klf9	CD4	checkpoint_vs_no_checkpoint	True	False	0.027784566903780387	0.8894899546124586	0.9417833355021864	4	0.5
Xbp1	CD4	checkpoint_vs_no_checkpoint	True	False	0.004313051026230257	0.893933804505671	0.9417833355021864	4	0.75
Crem	CD4	checkpoint_vs_no_checkpoint	True	False	-0.20353681047735048	0.9014210242041709	0.9418295528753924	4	0.75
Pdx1	CD4	checkpoint_vs_no_checkpoint	True	False	-0.15353834215622694	0.8993345772238869	0.9418295528753924	4	0.75
Nr3c1	CD4	checkpoint_vs_no_checkpoint	True	False	-0.18504879083618903	0.9185478640110121	0.9531506945045776	4	0.5
Rfx1	CD4	checkpoint_vs_no_checkpoint	True	False	-0.10546345943104733	0.9175975255627635	0.9531506945045776	4	0.75
Sox13	CD4	checkpoint_vs_no_checkpoint	True	False	-0.020891341964474893	0.9270110945788005	0.9559482152943999	4	0.5
Zfx	CD4	checkpoint_vs_no_checkpoint	True	False	-0.0816950143146926	0.9307086584549438	0.9559482152943999	4	0.5
Zfy2	CD4	checkpoint_vs_no_checkpoint	True	False	-0.0816950143146926	0.9307086584549438	0.9559482152943999	4	0.5
Foxk1	CD4	checkpoint_vs_no_checkpoint	True	False	-0.005261991644375645	0.948633657779398	0.9696674221084727	4	0.5
Tcf4	CD4	checkpoint_vs_no_checkpoint	True	False	-0.15555737067294087	0.9504660870172158	0.9696674221084727	4	0.5
Snapc4	CD4	checkpoint_vs_no_checkpoint	True	False	-0.021842128908843888	0.9668848216899405	0.9831077213827247	4	0.5
Atf1	CD4	checkpoint_vs_no_checkpoint	True	False	-0.03705353768316637	0.9910054165103644	0.9958060606743961	4	0.5
Cebpe	CD4	checkpoint_vs_no_checkpoint	True	False	0.04730684868693648	0.9943022341309073	0.9958060606743961	4	0.5
Hbp1	CD4	checkpoint_vs_no_checkpoint	True	False	0.011866609399882261	0.9958060606743961	0.9958060606743961	4	0.5
Myc	CD4	checkpoint_vs_no_checkpoint	True	False	0.11192575940940189	0.9850387787298294	0.9958060606743961	4	0.5
Nfe2l1	CD4	checkpoint_vs_no_checkpoint	True	False	-0.052553588570092555	0.9902574113707298	0.9958060606743961	4	0.5
Hif1a	CD8	checkpoint_vs_no_checkpoint	True	False	-0.44519713919164566	6.29384993842839e-05	0.017317242556192453	4	1.0
Mafb	CD8	checkpoint_vs_no_checkpoint	True	False	-0.46380806864422985	0.0001143052313940096	0.017317242556192453	4	1.0
Fosl2	CD8	checkpoint_vs_no_checkpoint	True	False	-0.293335674947854	0.0003147855479660405	0.025877801315536283	4	1.0
Maff	CD8	checkpoint_vs_no_checkpoint	True	False	-0.5019388435962573	0.00042702642434878354	0.025877801315536283	4	1.0
Tead2	CD8	checkpoint_vs_no_checkpoint	True	False	0.2292569316355794	0.00037347935148397237	0.025877801315536283	4	1.0
Cebpb	CD8	checkpoint_vs_no_checkpoint	True	False	-0.18988249048563646	0.0007245754290798316	0.02828491257006309	4	0.75
Irf3	CD8	checkpoint_vs_no_checkpoint	True	False	0.3271702611387981	0.0006212979891093187	0.02828491257006309	4	1.0
Mafk	CD8	checkpoint_vs_no_checkpoint	True	False	-0.565022192746823	0.0007467963714868143	0.02828491257006309	4	1.0
Wt1	CD8	checkpoint_vs_no_checkpoint	True	False	-0.24419381364219567	0.0009445592101538005	0.03180016007517795	4	1.0
Epas1	CD8	checkpoint_vs_no_checkpoint	True	False	-0.2850587556093777	0.0015429651025186983	0.04675184260631656	4	1.0
Irf8	CD8	checkpoint_vs_no_checkpoint	True	False	-0.3477045039056872	0.0017070641943305667	0.04702185917110561	4	1.0
Zeb2	CD8	checkpoint_vs_no_checkpoint	True	False	-0.38217472647068595	0.0019062162612645975	0.04813196059693109	4	1.0
Bmal1	CD8	checkpoint_vs_no_checkpoint	True	False	0.37108107134972246	0.0025912715597244235	0.05576819993944933	4	1.0
Elk1	CD8	checkpoint_vs_no_checkpoint	True	False	0.24769345181876926	0.0026522979233931615	0.05576819993944933	4	1.0
Gata1	CD8	checkpoint_vs_no_checkpoint	True	False	-0.3603816426674617	0.002760801977200462	0.05576819993944933	4	1.0
Etv6	CD8	checkpoint_vs_no_checkpoint	True	False	-0.0952117947308096	0.004297396294733971	0.08138194233152457	4	0.75
Lhx4	CD8	checkpoint_vs_no_checkpoint	True	False	-0.06160843071480845	0.006895056739815106	0.12289424659788101	4	0.75
Snai2	CD8	checkpoint_vs_no_checkpoint	True	False	-0.24871113112121696	0.00840728208393356	0.14152258174621493	4	0.75
Atf7	CD8	checkpoint_vs_no_checkpoint	True	False	-0.23216494833124668	0.010482567013084173	0.15203692032834373	4	1.0
Jund	CD8	checkpoint_vs_no_checkpoint	True	False	0.2622470617989517	0.010590841642432612	0.15203692032834373	4	0.75
Tead4	CD8	checkpoint_vs_no_checkpoint	True	False	-0.39881950660212284	0.011345975598984342	0.15203692032834373	4	1.0
Twist1	CD8	checkpoint_vs_no_checkpoint	True	False	-0.25629983250487	0.011540756328554145	0.15203692032834373	4	0.75
Zbtb11	CD8	checkpoint_vs_no_checkpoint	True	False	-0.09987982651618366	0.010255900214785486	0.15203692032834373	4	1.0
Zkscan1	CD8	checkpoint_vs_no_checkpoint	True	False	-0.22146003850943322	0.012314285910433004	0.1554678596192167	4	1.0
Arnt	CD8	checkpoint_vs_no_checkpoint	True	False	-0.3063104449500681	0.014419826451461547	0.16521313729811712	4	1.0
Klf9	CD8	checkpoint_vs_no_checkpoint	True	False	-0.15530834115515693	0.014957277403467287	0.16521313729811712	4	1.0
Tbp	CD8	checkpoint_vs_no_checkpoint	True	False	-0.20919004995213356	0.01581247848727854	0.16521313729811712	4	1.0
Trp63	CD8	checkpoint_vs_no_checkpoint	True	False	-0.3238003200168837	0.014189930802882339	0.16521313729811712	4	1.0
Zfp639	CD8	checkpoint_vs_no_checkpoint	True	False	-0.1233130334897714	0.015347173689065113	0.16521313729811712	4	1.0
Cebpg	CD8	checkpoint_vs_no_checkpoint	True	False	-0.3042106387135056	0.017432408313682125	0.16834324793217767	4	1.0
Pknox1	CD8	checkpoint_vs_no_checkpoint	True	False	0.15178134250577768	0.017188317492136708	0.16834324793217767	4	1.0
Rfx5	CD8	checkpoint_vs_no_checkpoint	True	False	-0.2972084152586285	0.017778824864124375	0.16834324793217767	4	0.75
Gli2	CD8	checkpoint_vs_no_checkpoint	True	False	0.06952401148048301	0.02031842983682208	0.17981553744277848	4	0.75
Jun	CD8	checkpoint_vs_no_checkpoint	True	False	-0.2715976480287993	0.020770771651806096	0.17981553744277848	4	1.0
Rfx2	CD8	checkpoint_vs_no_checkpoint	True	False	0.27867021442265294	0.02061520322586943	0.17981553744277848	4	0.75
Ctcfl	CD8	checkpoint_vs_no_checkpoint	True	False	0.21421039927437635	0.02211612319689203	0.1817470238040667	4	1.0
Klf13	CD8	checkpoint_vs_no_checkpoint	True	False	0.208888590510145	0.022193530959572504	0.1817470238040667	4	0.75
Elk4	CD8	checkpoint_vs_no_checkpoint	True	False	0.19690604453216481	0.024387108362765298	0.18946907266456114	4	0.75
Nfkb1	CD8	checkpoint_vs_no_checkpoint	True	False	-0.37705440513779315	0.024333748554400774	0.18946907266456114	4	1.0
Junb	CD8	checkpoint_vs_no_checkpoint	True	False	-0.23585878458856097	0.026704960438088017	0.2008998213583275	4	1.0
Tfap2a	CD8	checkpoint_vs_no_checkpoint	True	False	-0.24955031695603602	0.027184464276209335	0.2008998213583275	4	0.75
Zfp644	CD8	checkpoint_vs_no_checkpoint	True	False	-0.08540495583460349	0.029702134058036043	0.21427968141868858	4	0.75
Six5	CD8	checkpoint_vs_no_checkpoint	True	False	0.31855534620219206	0.03086840810589729	0.21751459665318323	4	0.75
Nr1h4	CD8	checkpoint_vs_no_checkpoint	True	False	-0.0731800671182217	0.03174908883874907	0.2186357708668402	4	0.75
Zbtb33	CD8	checkpoint_vs_no_checkpoint	True	False	-0.160947121986258	0.032867609542724975	0.22130857092101483	4	1.0
Arid3a	CD8	checkpoint_vs_no_checkpoint	True	False	-0.11540454677562324	0.03499904512256419	0.2271936698721862	4	0.75
Foxo3	CD8	checkpoint_vs_no_checkpoint	True	False	0.22260440627727948	0.03599107641539583	0.2271936698721862	4	0.75
Pou2f2	CD8	checkpoint_vs_no_checkpoint	True	False	-0.30252474331876716	0.035611390598304996	0.2271936698721862	4	0.75
E2f6	CD8	checkpoint_vs_no_checkpoint	True	False	0.16600138967853936	0.037047128622945145	0.22908734638270165	4	1.0
Gata4	CD8	checkpoint_vs_no_checkpoint	True	False	0.13439623019653438	0.03812988845284846	0.23016064175573195	4	0.75
Rara	CD8	checkpoint_vs_no_checkpoint	True	False	0.24958750087280693	0.03873990999848954	0.23016064175573195	4	0.75
Mybl2	CD8	checkpoint_vs_no_checkpoint	True	False	-0.4040380498327499	0.0400068020767408	0.23192292155252	4	1.0
Rela	CD8	checkpoint_vs_no_checkpoint	True	False	-0.2998415703697544	0.04056737571710746	0.23192292155252	4	1.0
Runx2	CD8	checkpoint_vs_no_checkpoint	True	False	-0.2949779295604351	0.04533416952807554	0.25437506235197943	4	0.75
Nr2f6	CD8	checkpoint_vs_no_checkpoint	True	False	-0.21211854684604722	0.0462475330043249	0.2547818636420081	4	0.75
Stat4	CD8	checkpoint_vs_no_checkpoint	True	False	0.15948789479230704	0.05113560353261546	0.2753894172070696	4	0.75
Zfp24	CD8	checkpoint_vs_no_checkpoint	True	False	0.10843293768921074	0.05180592996964676	0.2753894172070696	4	0.75
Zhx2	CD8	checkpoint_vs_no_checkpoint	True	False	0.1367415372021961	0.05330866302468357	0.27849180855998484	4	0.75
Meis1	CD8	checkpoint_vs_no_checkpoint	True	False	-0.19365432293114918	0.055992925135202154	0.2875568867112924	4	0.75
Foxp1	CD8	checkpoint_vs_no_checkpoint	True	False	-0.41438695017053234	0.05708773594751458	0.2882930665349486	4	0.75
Stat5a	CD8	checkpoint_vs_no_checkpoint	True	False	0.08358727386408982	0.05933044950369126	0.2901747012509253	4	0.75
Tead1	CD8	checkpoint_vs_no_checkpoint	True	False	-0.4182332842452743	0.059375681444083735	0.2901747012509253	4	0.75
Atf4	CD8	checkpoint_vs_no_checkpoint	True	False	-0.24198022239174483	0.0630192892506852	0.2986688300668581	4	0.75
Creb1	CD8	checkpoint_vs_no_checkpoint	True	False	-0.21283705451217877	0.0630851654266631	0.2986688300668581	4	1.0
Pdx1	CD8	checkpoint_vs_no_checkpoint	True	False	-0.12517188005887536	0.06427804571090388	0.29963458231390583	4	0.75
E2f7	CD8	checkpoint_vs_no_checkpoint	True	False	-0.16634150626605684	0.06596842336218262	0.30285503452638385	4	0.75
Rest	CD8	checkpoint_vs_no_checkpoint	True	False	-0.13088921270460588	0.07129226476175463	0.3224112869076366	4	0.75
Rbpj	CD8	checkpoint_vs_no_checkpoint	True	False	-0.13622742009570235	0.07316132958385368	0.3259982774104069	4	0.75
Bach2	CD8	checkpoint_vs_no_checkpoint	True	False	0.1612073639562988	0.07519263378944974	0.33019373968410537	4	0.5
Nrf1	CD8	checkpoint_vs_no_checkpoint	True	False	0.14278425568291508	0.07796045006630421	0.3330723840669858	4	0.75
Xbp1	CD8	checkpoint_vs_no_checkpoint	True	False	0.12272995896602394	0.0780466642533201	0.3330723840669858	4	0.75
Ebf1	CD8	checkpoint_vs_no_checkpoint	True	False	-0.2729732296046449	0.08209222079535977	0.3454714291804724	4	0.75
Nfe2l2	CD8	checkpoint_vs_no_checkpoint	True	False	0.2166165501943135	0.08337406608756434	0.3460594797881095	4	0.75
Hhex	CD8	checkpoint_vs_no_checkpoint	True	False	0.1171532428905104	0.08533585391732934	0.34941572617501065	4	0.75
Zfx	CD8	checkpoint_vs_no_checkpoint	True	False	-0.03546520011705194	0.08822650433137634	0.3517451422685136	4	0.5
Zfy2	CD8	checkpoint_vs_no_checkpoint	True	False	-0.03546520011705194	0.08822650433137634	0.3517451422685136	4	0.5
Maz	CD8	checkpoint_vs_no_checkpoint	True	False	0.14405930655292545	0.08951735444065975	0.35225660253921953	4	0.5
Foxa1	CD8	checkpoint_vs_no_checkpoint	True	False	-0.6211355392750436	0.0914298488546452	0.3538588831538484	4	0.75
Sox2	CD8	checkpoint_vs_no_checkpoint	True	False	-0.7589017788935147	0.09226023686189447	0.3538588831538484	4	0.75
Atf6	CD8	checkpoint_vs_no_checkpoint	True	False	-0.1364742514122634	0.09390657671902429	0.3556711593233045	4	0.75
Deaf1	CD8	checkpoint_vs_no_checkpoint	True	False	0.10949131050908872	0.09629501385319471	0.36021468145083946	4	1.0
Stat6	CD8	checkpoint_vs_no_checkpoint	True	False	0.12851282431350547	0.09802120604723508	0.36094420675879213	4	0.75
Tcf7l1	CD8	checkpoint_vs_no_checkpoint	True	False	0.10490036842054906	0.09887250548178134	0.36094420675879213	4	0.75
Klf4	CD8	checkpoint_vs_no_checkpoint	True	False	0.15075239179508637	0.10140187922660253	0.36577106435310197	4	1.0
Creb3l1	CD8	checkpoint_vs_no_checkpoint	True	False	0.048487889182501076	0.1074177080419274	0.3698586992807273	4	0.75
Elf5	CD8	checkpoint_vs_no_checkpoint	True	False	0.05638725919993278	0.10686963178268338	0.3698586992807273	4	0.75
Lhx2	CD8	checkpoint_vs_no_checkpoint	True	False	-0.23431959512967496	0.10693590821407079	0.3698586992807273	4	0.75
Trp73	CD8	checkpoint_vs_no_checkpoint	True	False	-0.09098774044138	0.10704388590322894	0.3698586992807273	4	0.75
Klf1	CD8	checkpoint_vs_no_checkpoint	True	False	-0.06983622708998484	0.11023401867650827	0.37529109729193266	4	0.5
Zfp110	CD8	checkpoint_vs_no_checkpoint	True	False	-0.029943936386751073	0.11284173992460299	0.3757257933753264	4	0.5
Zfp369	CD8	checkpoint_vs_no_checkpoint	True	False	-0.029943936386751073	0.11284173992460299	0.3757257933753264	4	0.5
E2f5	CD8	checkpoint_vs_no_checkpoint	True	False	-0.20638431473318364	0.1202381371490226	0.3960016908277592	4	0.75
Ascl1	CD8	checkpoint_vs_no_checkpoint	True	False	-0.23339518607296078	0.13655347140720264	0.4331843213603735	4	1.0
Cdx2	CD8	checkpoint_vs_no_checkpoint	True	False	-0.1089619381082339	0.14582424113425171	0.4331843213603735	4	1.0
Cebpa	CD8	checkpoint_vs_no_checkpoint	True	False	-0.4657181896684149	0.13755115660142683	0.4331843213603735	4	0.75
E2f1	CD8	checkpoint_vs_no_checkpoint	True	False	-0.627321298977513	0.14852465781114377	0.4331843213603735	4	0.75
Foxj2	CD8	checkpoint_vs_no_checkpoint	True	False	-0.03790697034287809	0.14906423878043992	0.4331843213603735	4	0.75
Gabpa	CD8	checkpoint_vs_no_checkpoint	True	False	-0.08880435503425932	0.1386274441544832	0.4331843213603735	4	0.5
Gata2	CD8	checkpoint_vs_no_checkpoint	True	False	-0.5153456213481928	0.1449215954764711	0.4331843213603735	4	0.75
Mxi1	CD8	checkpoint_vs_no_checkpoint	True	False	-0.09866303055175446	0.14960394972418484	0.4331843213603735	4	0.75
Pou5f1	CD8	checkpoint_vs_no_checkpoint	True	False	-0.27360513560107674	0.1515120671381737	0.4331843213603735	4	0.75
Six2	CD8	checkpoint_vs_no_checkpoint	True	False	-0.19144646819222208	0.15049295834056928	0.4331843213603735	4	0.75
Smad3	CD8	checkpoint_vs_no_checkpoint	True	False	-0.20107434003953317	0.14518917968357964	0.4331843213603735	4	0.75
Spi1	CD8	checkpoint_vs_no_checkpoint	True	False	-0.4334726146286628	0.1453698193298354	0.4331843213603735	4	0.75
Tcf4	CD8	checkpoint_vs_no_checkpoint	True	False	-0.19179703843810672	0.15154302991485014	0.4331843213603735	4	1.0
Tfap4	CD8	checkpoint_vs_no_checkpoint	True	False	-0.10460027790155448	0.14351542980157117	0.4331843213603735	4	0.5
Maf	CD8	checkpoint_vs_no_checkpoint	True	False	0.17067636506625394	0.1571104703123508	0.44490161219291857	4	0.75
Zeb1	CD8	checkpoint_vs_no_checkpoint	True	False	-0.1078126643213935	0.1605866576029097	0.4505347893859411	4	1.0
Rarb	CD8	checkpoint_vs_no_checkpoint	True	False	0.1474912280668175	0.16387425699974678	0.4555403657882869	4	0.5
Ehf	CD8	checkpoint_vs_no_checkpoint	True	False	0.07078798090372845	0.168902510104039	0.46105820325697133	4	1.0
Mef2c	CD8	checkpoint_vs_no_checkpoint	True	False	0.13077625021834477	0.16854623525041101	0.46105820325697133	4	0.75
Thap1	CD8	checkpoint_vs_no_checkpoint	True	False	0.08778825454584534	0.1720683599672801	0.4655063666971953	4	0.75
Nr5a1	CD8	checkpoint_vs_no_checkpoint	True	False	0.1065442545327887	0.1759316656598453	0.47174597075162056	4	1.0
Ahr	CD8	checkpoint_vs_no_checkpoint	True	False	-0.14455985251661066	0.18219835290873898	0.47591466320127507	4	0.75
Onecut1	CD8	checkpoint_vs_no_checkpoint	True	False	-0.20598557720107186	0.18014302034111485	0.47591466320127507	4	0.75
Sox10	CD8	checkpoint_vs_no_checkpoint	True	False	0.148880932891471	0.18068871386488594	0.47591466320127507	4	0.5
Otx2	CD8	checkpoint_vs_no_checkpoint	True	False	-0.13043875572393096	0.18797045633287712	0.48415743106470044	4	0.75
Tbx21	CD8	checkpoint_vs_no_checkpoint	True	False	0.15169881516347683	0.1885497586324576	0.48415743106470044	4	0.5
Arid2	CD8	checkpoint_vs_no_checkpoint	True	False	-0.08846318505044132	0.20101286580430267	0.5118226751151572	4	0.5
Gata3	CD8	checkpoint_vs_no_checkpoint	True	False	-0.4998765600444433	0.2065455163262102	0.5215274287236807	4	0.75
Neurod1	CD8	checkpoint_vs_no_checkpoint	True	False	0.07655395729711856	0.21151865309364426	0.5296706767551588	4	0.5
Relb	CD8	checkpoint_vs_no_checkpoint	True	False	-0.07516816053395001	0.21740514947610978	0.5382440221820934	4	0.75
Zfp740	CD8	checkpoint_vs_no_checkpoint	True	False	-0.10758818963030808	0.21849509811352308	0.5382440221820934	4	0.75
Cebpd	CD8	checkpoint_vs_no_checkpoint	True	False	-0.11665964060004275	0.22274288024425482	0.5442830057581388	4	0.75
Foxk1	CD8	checkpoint_vs_no_checkpoint	True	False	-0.0914618452870814	0.22640189151592127	0.5487981850345932	4	1.0
Hmbox1	CD8	checkpoint_vs_no_checkpoint	True	False	0.15027539518989505	0.24505285549473688	0.5785990826298533	4	0.5
Mef2b	CD8	checkpoint_vs_no_checkpoint	True	False	0.09333565621746927	0.2463342629018187	0.5785990826298533	4	0.5
Mef2bl	CD8	checkpoint_vs_no_checkpoint	True	False	0.09333565621746927	0.2463342629018187	0.5785990826298533	4	0.5
Pparg	CD8	checkpoint_vs_no_checkpoint	True	False	0.1268971569224455	0.24293892964055364	0.5785990826298533	4	0.75
E2f4	CD8	checkpoint_vs_no_checkpoint	True	False	-0.7450807511331345	0.2498780114203646	0.5789911200624834	4	0.75
Zfp384	CD8	checkpoint_vs_no_checkpoint	True	False	-0.09735727501156538	0.2503228934923608	0.5789911200624834	4	0.75
Atf1	CD8	checkpoint_vs_no_checkpoint	True	False	-0.1233076859001156	0.2657620041607408	0.5793229299331256	4	0.75
Etv1	CD8	checkpoint_vs_no_checkpoint	True	False	-0.09302367431419363	0.2570273162350717	0.5793229299331256	4	0.75
Fosl1	CD8	checkpoint_vs_no_checkpoint	True	False	-0.0873059791083921	0.2644611277407428	0.5793229299331256	4	0.75
Foxm1	CD8	checkpoint_vs_no_checkpoint	True	False	-0.41131766715269497	0.261223459826347	0.5793229299331256	4	0.75
Ikzf1	CD8	checkpoint_vs_no_checkpoint	True	False	-0.11012989520656344	0.255475543846966	0.5793229299331256	4	0.5
Nfyb	CD8	checkpoint_vs_no_checkpoint	True	False	-0.10010785262193889	0.2622583837125605	0.5793229299331256	4	0.5
Ppara	CD8	checkpoint_vs_no_checkpoint	True	False	-0.06170555221004816	0.25345757837148963	0.5793229299331256	4	0.75
Spib	CD8	checkpoint_vs_no_checkpoint	True	False	-0.13989646470681363	0.2637923316877957	0.5793229299331256	4	0.75
Hoxb13	CD8	checkpoint_vs_no_checkpoint	True	False	-0.15514028325490534	0.26811995856600024	0.580288196039272	4	0.75
Erg	CD8	checkpoint_vs_no_checkpoint	True	False	-0.21097747974526626	0.27814744517165924	0.5891937672021414	4	1.0
Hoxa9	CD8	checkpoint_vs_no_checkpoint	True	False	-0.08288730193238032	0.2857227879539055	0.5891937672021414	4	0.75
Kmt2a	CD8	checkpoint_vs_no_checkpoint	True	False	-0.10493456696960152	0.2806906345674679	0.5891937672021414	4	0.75
Nfya	CD8	checkpoint_vs_no_checkpoint	True	False	-0.09453358144201532	0.28969718060280425	0.5891937672021414	4	0.5
Pax6	CD8	checkpoint_vs_no_checkpoint	True	False	-0.14215454494208382	0.28834200168756985	0.5891937672021414	4	0.75
Rarg	CD8	checkpoint_vs_no_checkpoint	True	False	0.12760860748966624	0.2825907978947678	0.5891937672021414	4	0.75
Sox9	CD8	checkpoint_vs_no_checkpoint	True	False	-0.11961372561385032	0.2823926992983369	0.5891937672021414	4	0.75
Sp2	CD8	checkpoint_vs_no_checkpoint	True	False	0.0822197401904904	0.2842077070886382	0.5891937672021414	4	0.75
Tal1	CD8	checkpoint_vs_no_checkpoint	True	False	-0.3603979480662922	0.28973554888818176	0.5891937672021414	4	0.75
Bcl6	CD8	checkpoint_vs_no_checkpoint	True	False	-0.11396510829168567	0.2966130838561042	0.5900858082347971	4	0.75
Hic1	CD8	checkpoint_vs_no_checkpoint	True	False	0.07635520273927354	0.3062573873150075	0.5900858082347971	4	0.75
Ncoa1	CD8	checkpoint_vs_no_checkpoint	True	False	0.07470656750224844	0.3018173883135611	0.5900858082347971	4	0.5
Nr5a2	CD8	checkpoint_vs_no_checkpoint	True	False	0.05247657700379752	0.3031643312845571	0.5900858082347971	4	0.75
Rel	CD8	checkpoint_vs_no_checkpoint	True	False	0.08557051659578059	0.2998952653808401	0.5900858082347971	4	1.0
Satb1	CD8	checkpoint_vs_no_checkpoint	True	False	-0.022661063152014604	0.29267125386355686	0.5900858082347971	4	0.5
Sp1	CD8	checkpoint_vs_no_checkpoint	True	False	-0.13503955366675524	0.3045546070060636	0.5900858082347971	4	0.75
Vdr	CD8	checkpoint_vs_no_checkpoint	True	False	0.009365138059516812	0.2950256692666008	0.5900858082347971	4	0.5
Ybx1	CD8	checkpoint_vs_no_checkpoint	True	False	0.11246591280391893	0.30770151056467965	0.5900858082347971	4	0.75
Srebf1	CD8	checkpoint_vs_no_checkpoint	True	False	0.18513335697711417	0.32594649914287976	0.6211433285552992	4	0.5
Thap11	CD8	checkpoint_vs_no_checkpoint	True	False	0.14123144813654073	0.3281097643447862	0.621357866227939	4	0.75
Nfatc2	CD8	checkpoint_vs_no_checkpoint	True	False	0.24744001295418272	0.33766289435494135	0.6354773726058834	4	0.75
Eomes	CD8	checkpoint_vs_no_checkpoint	True	False	-0.15246311501442553	0.34307190859843584	0.6377348975786875	4	0.75
Hnf4g	CD8	checkpoint_vs_no_checkpoint	True	False	-0.07278166342840489	0.34191147861053095	0.6377348975786875	4	0.5
Bcl11a	CD8	checkpoint_vs_no_checkpoint	True	False	0.06653976357047933	0.3574892786386962	0.6486182720211074	4	0.75
Hoxb7	CD8	checkpoint_vs_no_checkpoint	True	False	-0.09051825938988248	0.35446161853645064	0.6486182720211074	4	0.75
Runx3	CD8	checkpoint_vs_no_checkpoint	True	False	0.11427569411092577	0.3566320115177811	0.6486182720211074	4	0.75
Tcf7l2	CD8	checkpoint_vs_no_checkpoint	True	False	-0.09000593157237465	0.3571242600932224	0.6486182720211074	4	0.75
Fos	CD8	checkpoint_vs_no_checkpoint	True	False	-0.32496095764048955	0.3633832467132001	0.6498397412841276	4	0.75
Mnt	CD8	checkpoint_vs_no_checkpoint	True	False	0.04701477752504395	0.36459655451584716	0.6498397412841276	4	0.5
Prdm14	CD8	checkpoint_vs_no_checkpoint	True	False	-0.12245514663398127	0.3624966687917268	0.6498397412841276	4	0.75
Hnf1a	CD8	checkpoint_vs_no_checkpoint	True	False	-0.06458310118188575	0.37404959219349554	0.6513622208886733	4	0.75
Hnf4a	CD8	checkpoint_vs_no_checkpoint	True	False	-0.19675180286226943	0.371917267254145	0.6513622208886733	4	0.75
Pbx3	CD8	checkpoint_vs_no_checkpoint	True	False	-0.15403294434671944	0.3680952124312158	0.6513622208886733	4	0.75
Tfdp1	CD8	checkpoint_vs_no_checkpoint	True	False	-0.4342927979207186	0.3709064318336037	0.6513622208886733	4	0.75
Nr1i2	CD8	checkpoint_vs_no_checkpoint	True	False	-0.044668126070880596	0.382024506627037	0.6614481457599556	4	0.75
Bhlhe40	CD8	checkpoint_vs_no_checkpoint	True	False	0.083281952340247	0.3873426625853984	0.6668456066100893	4	0.5
E2f3	CD8	checkpoint_vs_no_checkpoint	True	False	-0.38897556758582624	0.3952187522406416	0.6727600108365979	4	0.75
Lef1	CD8	checkpoint_vs_no_checkpoint	True	False	-0.09884983018472154	0.39500229589964	0.6727600108365979	4	0.75
Zfp148	CD8	checkpoint_vs_no_checkpoint	True	False	0.07588073885026757	0.40142616822020183	0.6795091003950902	4	0.75
Prdm1	CD8	checkpoint_vs_no_checkpoint	True	False	0.05627781115092474	0.40503770768621905	0.6818134746051354	4	0.5
Egr1	CD8	checkpoint_vs_no_checkpoint	True	False	0.13095639610371668	0.41154925993152425	0.6889471036422754	4	0.5
Nfic	CD8	checkpoint_vs_no_checkpoint	True	False	-0.0798644914365624	0.414744777241591	0.6904816895835277	4	0.75
Rxra	CD8	checkpoint_vs_no_checkpoint	True	False	-0.06808527201327609	0.4212159671383676	0.6936328154506815	4	0.75
Sox13	CD8	checkpoint_vs_no_checkpoint	True	False	-0.050177742107295774	0.42086288314339626	0.6936328154506815	4	0.75
Stat2	CD8	checkpoint_vs_no_checkpoint	True	False	0.525081571180674	0.42754157152222305	0.7002437630877492	4	0.5
Irf1	CD8	checkpoint_vs_no_checkpoint	True	False	0.15274668338628686	0.4349273952133842	0.7085107567185774	4	0.75
Irf9	CD8	checkpoint_vs_no_checkpoint	True	False	0.41610670594105165	0.4414978842277181	0.7153682295240565	4	0.5
Zfp263	CD8	checkpoint_vs_no_checkpoint	True	False	-0.1503065724908963	0.44692909597915387	0.7203165749025725	4	1.0
Mafg	CD8	checkpoint_vs_no_checkpoint	True	False	-0.09560161456663567	0.45782564082665367	0.726288843824482	4	0.75
Nfe2	CD8	checkpoint_vs_no_checkpoint	True	False	0.08701162249203581	0.4549839322032332	0.726288843824482	4	0.75
Zfp592	CD8	checkpoint_vs_no_checkpoint	True	False	0.09193313179770812	0.4577765268319217	0.726288843824482	4	0.75
E2f2	CD8	checkpoint_vs_no_checkpoint	True	False	-0.33596297978618656	0.46089819324710024	0.7273549612180801	4	0.75
Nfkb2	CD8	checkpoint_vs_no_checkpoint	True	False	0.058330428982287796	0.4639943858351483	0.7284471446012949	4	0.5
Atf3	CD8	checkpoint_vs_no_checkpoint	True	False	-0.0012740136254635022	0.47812139125933406	0.7467566059359703	4	0.5
Sp3	CD8	checkpoint_vs_no_checkpoint	True	False	-0.0911703488943516	0.4879825280672858	0.7582497743814749	4	0.75
Tcf12	CD8	checkpoint_vs_no_checkpoint	True	False	-0.17579362830062206	0.4939994617819521	0.7598062787813781	4	0.75
Tcf3	CD8	checkpoint_vs_no_checkpoint	True	False	-0.08705500112100525	0.49382084429153905	0.7598062787813781	4	0.75
Cux1	CD8	checkpoint_vs_no_checkpoint	True	False	-0.08828196231265349	0.5184572302980841	0.78809448975001	4	0.75
Foxk2	CD8	checkpoint_vs_no_checkpoint	True	False	-0.05422495147883328	0.5201943826732739	0.78809448975001	4	0.5
Prox1	CD8	checkpoint_vs_no_checkpoint	True	False	-0.01777965087151469	0.5175748241630529	0.78809448975001	4	0.5
Nfia	CD8	checkpoint_vs_no_checkpoint	True	False	-0.008097208623302696	0.5238767085174267	0.7897245904516432	4	0.5
Bach1	CD8	checkpoint_vs_no_checkpoint	True	False	-0.051747092733598433	0.5397785046039367	0.7974136905894786	4	0.75
Bhlhe22	CD8	checkpoint_vs_no_checkpoint	True	False	-0.03813534909837273	0.5697459893083169	0.7974136905894786	4	0.75
Cebpe	CD8	checkpoint_vs_no_checkpoint	True	False	0.048288066315908346	0.5726459804190904	0.7974136905894786	4	0.75
Ctcf	CD8	checkpoint_vs_no_checkpoint	True	False	-0.17893830338850314	0.558293094900356	0.7974136905894786	4	0.75
Ets2	CD8	checkpoint_vs_no_checkpoint	True	False	0.023514808826689874	0.5580560523482723	0.7974136905894786	4	0.75
Etv4	CD8	checkpoint_vs_no_checkpoint	True	False	-0.027799812833848782	0.5811607014966067	0.7974136905894786	4	0.75
Gata6	CD8	checkpoint_vs_no_checkpoint	True	False	-0.024683808854944304	0.5320484263371144	0.7974136905894786	4	0.5
Grhl2	CD8	checkpoint_vs_no_checkpoint	True	False	0.020261264694252122	0.5816119657434811	0.7974136905894786	4	0.5
Klf3	CD8	checkpoint_vs_no_checkpoint	True	False	0.06208218973023539	0.5734579243363835	0.7974136905894786	4	0.5
Meis2	CD8	checkpoint_vs_no_checkpoint	True	False	-0.05213090891490743	0.5796206988565165	0.7974136905894786	4	0.75
Myc	CD8	checkpoint_vs_no_checkpoint	True	False	0.0952316081250311	0.5369581474073822	0.7974136905894786	4	0.5
Nr2f2	CD8	checkpoint_vs_no_checkpoint	True	False	-0.10216292357716018	0.5732414405431268	0.7974136905894786	4	0.5
Smad1	CD8	checkpoint_vs_no_checkpoint	True	False	-0.015765876755704605	0.5739175045171481	0.7974136905894786	4	0.5
Smad5	CD8	checkpoint_vs_no_checkpoint	True	False	0.10847018689404372	0.5448058067300174	0.7974136905894786	4	0.75
Snai1	CD8	checkpoint_vs_no_checkpoint	True	False	-0.03508368220268558	0.5521934404462796	0.7974136905894786	4	0.75
Srf	CD8	checkpoint_vs_no_checkpoint	True	False	0.108987934267026	0.5795910577161532	0.7974136905894786	4	0.5
Trp53	CD8	checkpoint_vs_no_checkpoint	True	False	-0.06867294938264108	0.5766488652478992	0.7974136905894786	4	0.75
Usf2	CD8	checkpoint_vs_no_checkpoint	True	False	-0.02750421322284613	0.5450448430806064	0.7974136905894786	4	0.75
Zfp143	CD8	checkpoint_vs_no_checkpoint	True	False	-0.07659680821468234	0.5558370597559135	0.7974136905894786	4	0.75
Zfp217	CD8	checkpoint_vs_no_checkpoint	True	False	-0.0926368911060139	0.5510192353406098	0.7974136905894786	4	0.75
Hbp1	CD8	checkpoint_vs_no_checkpoint	True	False	0.0051521192156743995	0.5870336504437109	0.8012216039839838	4	0.75
Foxo1	CD8	checkpoint_vs_no_checkpoint	True	False	0.13368569104867106	0.589758850753072	0.8013315326375821	4	0.75
Ncoa3	CD8	checkpoint_vs_no_checkpoint	True	False	0.04966110520953838	0.5979394605577382	0.8088198953080119	4	0.5
Duxbl1	CD8	checkpoint_vs_no_checkpoint	True	False	-0.0004090865380247893	0.6017110910238304	0.8103042692454249	4	0.75
Gfi1b	CD8	checkpoint_vs_no_checkpoint	True	False	0.21843395047466954	0.6109737739134932	0.8155288700254998	4	0.5
Pou4f2	CD8	checkpoint_vs_no_checkpoint	True	False	-0.09241663746922425	0.6087941049284885	0.8155288700254998	4	0.75
Nr3c1	CD8	checkpoint_vs_no_checkpoint	True	False	0.033863332742271476	0.6197341158953922	0.8235940224399291	4	0.75
Zc3h8	CD8	checkpoint_vs_no_checkpoint	True	False	-0.03644118175497549	0.6341263515307896	0.8390405437285119	4	0.5
Esr2	CD8	checkpoint_vs_no_checkpoint	True	False	0.03070068475694429	0.6513104323625646	0.8543162814106366	4	0.75
Nanog	CD8	checkpoint_vs_no_checkpoint	True	False	-0.06454337502665479	0.6497984311091392	0.8543162814106366	4	0.75
Irf4	CD8	checkpoint_vs_no_checkpoint	True	False	-0.08454181214440265	0.6820490936398184	0.8571546720965558	4	0.75
Kdm5b	CD8	checkpoint_vs_no_checkpoint	True	False	-0.012154939351981704	0.6794935795039416	0.8571546720965558	4	0.5
Kmt2b	CD8	checkpoint_vs_no_checkpoint	True	False	-0.0235669115395594	0.6630038638114386	0.8571546720965558	4	0.5
Myb	CD8	checkpoint_vs_no_checkpoint	True	False	-0.0460497180068708	0.6633709368887208	0.8571546720965558	4	0.5
Ncoa2	CD8	checkpoint_vs_no_checkpoint	True	False	0.003264173125849226	0.6681440277599857	0.8571546720965558	4	0.75
Nr1h3	CD8	checkpoint_vs_no_checkpoint	True	False	-0.01998585323723139	0.6733047008139441	0.8571546720965558	4	0.5
Sox11	CD8	checkpoint_vs_no_checkpoint	True	False	-0.05867004284545248	0.6763398689241888	0.8571546720965558	4	0.5
Stat3	CD8	checkpoint_vs_no_checkpoint	True	False	-0.0424802164146937	0.6808851151603329	0.8571546720965558	4	0.5
Stat5b	CD8	checkpoint_vs_no_checkpoint	True	False	0.05189522536303094	0.6845921803543449	0.8571546720965558	4	0.5
Tgif2	CD8	checkpoint_vs_no_checkpoint	True	False	0.08221506815484773	0.6609548370828794	0.8571546720965558	4	0.5
Zbtb7a	CD8	checkpoint_vs_no_checkpoint	True	False	0.0401737922609467	0.6841372883476073	0.8571546720965558	4	0.75
Foxo4	CD8	checkpoint_vs_no_checkpoint	True	False	0.03018893537690047	0.7017314127522944	0.8677346764196536	4	0.75
Foxp2	CD8	checkpoint_vs_no_checkpoint	True	False	0.0962457827583385	0.7022140231486503	0.8677346764196536	4	0.5
Gli1	CD8	checkpoint_vs_no_checkpoint	True	False	0.024827913518290133	0.7044974600634812	0.8677346764196536	4	0.75
Pax5	CD8	checkpoint_vs_no_checkpoint	True	False	0.04375172024580716	0.7009534721783128	0.8677346764196536	4	0.75
Stat1	CD8	checkpoint_vs_no_checkpoint	True	False	-0.031000636046279218	0.7091346127064608	0.8699100714577233	4	0.5
Foxa3	CD8	checkpoint_vs_no_checkpoint	True	False	-0.015374310236877334	0.728738353479122	0.8903314191528034	4	0.75
Pgr	CD8	checkpoint_vs_no_checkpoint	True	False	-0.1277232310359506	0.7316584929671552	0.8903314191528034	4	0.75
Nr2f1	CD8	checkpoint_vs_no_checkpoint	True	False	-0.05086666977776906	0.7370780962307469	0.890956895921023	4	0.5
Usf1	CD8	checkpoint_vs_no_checkpoint	True	False	0.012947495160127843	0.7380534022316065	0.890956895921023	4	0.5
Snapc4	CD8	checkpoint_vs_no_checkpoint	True	False	0.05612068735735414	0.7427886848085765	0.8931149662579313	4	0.5
Ar	CD8	checkpoint_vs_no_checkpoint	True	False	-0.026720384485744274	0.765503738253001	0.9079420301522296	4	0.75
Elf1	CD8	checkpoint_vs_no_checkpoint	True	False	0.008057790298992106	0.7666355721553624	0.9079420301522296	4	0.75
Hes1	CD8	checkpoint_vs_no_checkpoint	True	False	-0.021217711471286493	0.7663285692406985	0.9079420301522296	4	0.5
Zhx1	CD8	checkpoint_vs_no_checkpoint	True	False	-0.05053790600011813	0.7671061376863723	0.9079420301522296	4	0.75
Foxl2	CD8	checkpoint_vs_no_checkpoint	True	False	-0.030311252354857175	0.7830364009384404	0.9209157113805412	4	0.5
Klf6	CD8	checkpoint_vs_no_checkpoint	True	False	0.007482044129792245	0.7902247028347877	0.9209157113805412	4	0.5
Nr4a1	CD8	checkpoint_vs_no_checkpoint	True	False	0.08941648754899657	0.7869151092081293	0.9209157113805412	4	0.5
Pbx2	CD8	checkpoint_vs_no_checkpoint	True	False	0.011928696048446727	0.7874776756058427	0.9209157113805412	4	0.75
Fli1	CD8	checkpoint_vs_no_checkpoint	True	False	0.017812695155763628	0.8031340569261428	0.9217788607902321	4	0.75
Max	CD8	checkpoint_vs_no_checkpoint	True	False	-0.018287616386348505	0.8029675900970707	0.9217788607902321	4	0.5
Mbd1	CD8	checkpoint_vs_no_checkpoint	True	False	0.02464136199987647	0.8008070143123373	0.9217788607902321	4	0.5
Sp4	CD8	checkpoint_vs_no_checkpoint	True	False	-0.03935659579795128	0.7942105192256556	0.9217788607902321	4	0.5
Srebf2	CD8	checkpoint_vs_no_checkpoint	True	False	0.03657267322520483	0.8218894497439441	0.939745295367604	4	0.5
Esr1	CD8	checkpoint_vs_no_checkpoint	True	False	-0.11977833573532873	0.8312040408861776	0.9430075078567002	4	0.75
Ets1	CD8	checkpoint_vs_no_checkpoint	True	False	-0.00681822947928815	0.8346693756470602	0.9430075078567002	4	0.5
Klf5	CD8	checkpoint_vs_no_checkpoint	True	False	-0.028717869404307723	0.8289053462712191	0.9430075078567002	4	0.5
Mycn	CD8	checkpoint_vs_no_checkpoint	True	False	0.00028523308889803284	0.8403037198723071	0.9430075078567002	4	0.75
Mycs	CD8	checkpoint_vs_no_checkpoint	True	False	0.00028523308889803284	0.8403037198723071	0.9430075078567002	4	0.75
Crem	CD8	checkpoint_vs_no_checkpoint	True	False	0.011314673119540123	0.8485579868764996	0.944604529693969	4	0.75
Pou2f1	CD8	checkpoint_vs_no_checkpoint	True	False	0.013655042649154037	0.8498373929651774	0.944604529693969	4	0.75
Smad4	CD8	checkpoint_vs_no_checkpoint	True	False	0.018992448785096136	0.8510793287341701	0.944604529693969	4	0.75
Atf2	CD8	checkpoint_vs_no_checkpoint	True	False	0.008890647924122983	0.8585307213455555	0.9459447584280121	4	0.75
Elf3	CD8	checkpoint_vs_no_checkpoint	True	False	-0.023994547938393316	0.8579181250460687	0.9459447584280121	4	0.5
Esrra	CD8	checkpoint_vs_no_checkpoint	True	False	0.015431225008914877	0.8706738368957164	0.9489718438107988	4	0.5
Hinfp	CD8	checkpoint_vs_no_checkpoint	True	False	0.02752879640738529	0.8700736089608923	0.9489718438107988	4	0.5
Tcf7	CD8	checkpoint_vs_no_checkpoint	True	False	0.022134054282232807	0.8706053025981445	0.9489718438107988	4	0.5
Creb3	CD8	checkpoint_vs_no_checkpoint	True	False	0.020421913052274924	0.8745789610067268	0.9497089889056136	4	0.5
Myod1	CD8	checkpoint_vs_no_checkpoint	True	False	0.00524870332868001	0.8776188676355505	0.9497089889056136	4	0.75
Nfe2l1	CD8	checkpoint_vs_no_checkpoint	True	False	0.03403350796920956	0.8836443092008032	0.9528264259353856	4	0.5
Nfatc1	CD8	checkpoint_vs_no_checkpoint	True	False	0.02547154520512937	0.8939185767553621	0.9570930344765891	4	0.5
Rxrg	CD8	checkpoint_vs_no_checkpoint	True	False	0.00924586263397209	0.892487932484489	0.9570930344765891	4	0.5
Irf2	CD8	checkpoint_vs_no_checkpoint	True	False	0.02157871804692332	0.8973975390457302	0.9574346983480854	4	0.5
Mynn	CD8	checkpoint_vs_no_checkpoint	True	False	-0.0034264736379484907	0.9052222442908595	0.9623941755092297	4	0.75
Yy1	CD8	checkpoint_vs_no_checkpoint	True	False	0.0008594334453543909	0.9196923081387268	0.9743593334476721	4	0.75
Foxa2	CD8	checkpoint_vs_no_checkpoint	True	False	-0.01496288797645122	0.9278621931755562	0.9761883490701164	4	0.75
Nr2c2	CD8	checkpoint_vs_no_checkpoint	True	False	-0.038031190125854535	0.9248709633972592	0.9761883490701164	4	0.75
Rfx1	CD8	checkpoint_vs_no_checkpoint	True	False	0.027857305703691295	0.9321200438550662	0.9772746480556577	4	0.5
Clock	CD8	checkpoint_vs_no_checkpoint	True	False	-0.009525590902330594	0.9408777949824809	0.9796768793116555	4	0.75
Pax8	CD8	checkpoint_vs_no_checkpoint	True	False	0.013606457682116754	0.9405521284315741	0.9796768793116555	4	0.5
Rxrb	CD8	checkpoint_vs_no_checkpoint	True	False	0.00806194887207474	0.9442478348735184	0.9798188149543701	4	0.5
Mbd2	CD8	checkpoint_vs_no_checkpoint	True	False	0.005824545333525053	0.9489753122541821	0.9813635481672941	4	0.75
Hnf1b	CD8	checkpoint_vs_no_checkpoint	True	False	-0.03220630965593901	0.9571103773832381	0.9830744328325153	4	0.75
Tfap2c	CD8	checkpoint_vs_no_checkpoint	True	False	-0.09035539581248518	0.9571186722296766	0.9830744328325153	4	0.75
Mitf	CD8	checkpoint_vs_no_checkpoint	True	False	-0.044250489976933656	0.9631625113585365	0.9859400031812046	4	0.75
Batf	CD8	checkpoint_vs_no_checkpoint	True	False	-0.03822287819704315	0.9760315523149533	0.9860836100930913	4	0.75
Lyl1	CD8	checkpoint_vs_no_checkpoint	True	False	-0.017944778260273755	0.9770086455117265	0.9860836100930913	4	0.5
Nr1h2	CD8	checkpoint_vs_no_checkpoint	True	False	0.043855255940252996	0.9730402500418357	0.9860836100930913	4	0.75
Runx1	CD8	checkpoint_vs_no_checkpoint	True	False	-0.0601854979189742	0.9794092924941405	0.9860836100930913	4	0.5
Sox6	CD8	checkpoint_vs_no_checkpoint	True	False	-0.02676680414304147	0.9795748073862063	0.9860836100930913	4	0.5
Hsf1	CD8	checkpoint_vs_no_checkpoint	True	False	0.04772106314203009	0.9904326092607181	0.9937121874370781	4	0.5
Mef2a	CD8	checkpoint_vs_no_checkpoint	True	False	-0.0020623264097982146	0.9987420844894442	0.9987420844894442	4	0.75
Tfap2a	CD4	relevant_vs_innate	relevant_peptide	innate_agonist	-1.0414255864266977	0.002204287913557377	0.6678992378078852	1	1.0
Ahr	CD4	relevant_vs_innate	relevant_peptide	innate_agonist	-0.6255038513538209	0.18180650282811273	0.7027436443943159	1	1.0
Ar	CD4	relevant_vs_innate	relevant_peptide	innate_agonist	-0.385384093478228	0.23402307042618065	0.7027436443943159	1	1.0
Arid3a	CD4	relevant_vs_innate	relevant_peptide	innate_agonist	-0.1589526615159471	0.19124512212363454	0.7027436443943159	1	1.0
Arnt	CD4	relevant_vs_innate	relevant_peptide	innate_agonist	-0.46250991081020665	0.07204175716085633	0.7027436443943159	1	1.0
Atf1	CD4	relevant_vs_innate	relevant_peptide	innate_agonist	-0.45513023473925074	0.4852560281749143	0.7027436443943159	1	1.0
Atf2	CD4	relevant_vs_innate	relevant_peptide	innate_agonist	-0.6401548312667495	0.05445703603659085	0.7027436443943159	1	1.0
Atf4	CD4	relevant_vs_innate	relevant_peptide	innate_agonist	-1.0197394673907514	0.17967776186108064	0.7027436443943159	1	1.0
Atf6	CD4	relevant_vs_innate	relevant_peptide	innate_agonist	-0.1778739576750734	0.06609997912889605	0.7027436443943159	1	1.0
Atf7	CD4	relevant_vs_innate	relevant_peptide	innate_agonist	-0.09885619432601267	0.27648590144170915	0.7027436443943159	1	1.0
Bach2	CD4	relevant_vs_innate	relevant_peptide	innate_agonist	-0.4312021206384564	0.36416836049075574	0.7027436443943159	1	1.0
Batf	CD4	relevant_vs_innate	relevant_peptide	innate_agonist	-0.2401345504644965	0.45917572722426625	0.7027436443943159	1	1.0
Bcl11a	CD4	relevant_vs_innate	relevant_peptide	innate_agonist	0.38801079661798	0.014636606390155592	0.7027436443943159	1	1.0
Bcl6	CD4	relevant_vs_innate	relevant_peptide	innate_agonist	-0.48147278247810554	0.17037493549480187	0.7027436443943159	1	1.0
Bhlhe22	CD4	relevant_vs_innate	relevant_peptide	innate_agonist	-0.5866325317168872	0.28356443319893176	0.7027436443943159	1	1.0
Bhlhe40	CD4	relevant_vs_innate	relevant_peptide	innate_agonist	-0.8334274287199079	0.4901270743383348	0.7027436443943159	1	1.0
Bmal1	CD4	relevant_vs_innate	relevant_peptide	innate_agonist	-0.5220757868469983	0.1642231034727768	0.7027436443943159	1	1.0
Cdx2	CD4	relevant_vs_innate	relevant_peptide	innate_agonist	-0.08661417693687556	0.36372300699666393	0.7027436443943159	1	1.0
Cebpa	CD4	relevant_vs_innate	relevant_peptide	innate_agonist	-1.739950147463862	0.3684739170602114	0.7027436443943159	1	1.0
Cebpb	CD4	relevant_vs_innate	relevant_peptide	innate_agonist	-1.201875847655863	0.12884995217929615	0.7027436443943159	1	1.0
Cebpd	CD4	relevant_vs_innate	relevant_peptide	innate_agonist	-1.2879279844106968	0.19610060266880125	0.7027436443943159	1	1.0
Cebpe	CD4	relevant_vs_innate	relevant_peptide	innate_agonist	0.5227453245468635	0.1882717397121354	0.7027436443943159	1	1.0
Clock	CD4	relevant_vs_innate	relevant_peptide	innate_agonist	-1.1090790443151444	0.40946178823640034	0.7027436443943159	1	1.0
Creb1	CD4	relevant_vs_innate	relevant_peptide	innate_agonist	-0.5216184888040978	0.29050166633146524	0.7027436443943159	1	1.0
Creb3	CD4	relevant_vs_innate	relevant_peptide	innate_agonist	-0.5647640058575796	0.33148647862501524	0.7027436443943159	1	1.0
Crem	CD4	relevant_vs_innate	relevant_peptide	innate_agonist	-0.4034982853843889	0.4280070946622022	0.7027436443943159	1	1.0
Cux1	CD4	relevant_vs_innate	relevant_peptide	innate_agonist	-0.23701663383427807	0.15522518017467493	0.7027436443943159	1	1.0
Duxbl1	CD4	relevant_vs_innate	relevant_peptide	innate_agonist	0.2958123471237535	0.28324585919501966	0.7027436443943159	1	1.0
E2f1	CD4	relevant_vs_innate	relevant_peptide	innate_agonist	-1.2321703661158168	0.3136736567525509	0.7027436443943159	1	1.0
E2f3	CD4	relevant_vs_innate	relevant_peptide	innate_agonist	-0.19437903595933603	0.31585713600790166	0.7027436443943159	1	1.0
E2f4	CD4	relevant_vs_innate	relevant_peptide	innate_agonist	-0.5710698759354571	0.3381081457142052	0.7027436443943159	1	1.0
Ebf1	CD4	relevant_vs_innate	relevant_peptide	innate_agonist	-0.5018385215246148	0.4522593276990907	0.7027436443943159	1	1.0
Egr1	CD4	relevant_vs_innate	relevant_peptide	innate_agonist	-1.2686910594461445	0.3885847464087401	0.7027436443943159	1	1.0
Ehf	CD4	relevant_vs_innate	relevant_peptide	innate_agonist	0.21075208881414437	0.0915808679547541	0.7027436443943159	1	1.0
Elf1	CD4	relevant_vs_innate	relevant_peptide	innate_agonist	-0.3165009725062866	0.4215385866367214	0.7027436443943159	1	1.0
Elf3	CD4	relevant_vs_innate	relevant_peptide	innate_agonist	-0.663263750771375	0.18091605082137174	0.7027436443943159	1	1.0
Elk4	CD4	relevant_vs_innate	relevant_peptide	innate_agonist	-0.38736271371207565	0.16597856160132662	0.7027436443943159	1	1.0
Eomes	CD4	relevant_vs_innate	relevant_peptide	innate_agonist	-0.07446780556714394	0.4745709480240984	0.7027436443943159	1	1.0
Epas1	CD4	relevant_vs_innate	relevant_peptide	innate_agonist	-1.1533675992268888	0.28341654616243706	0.7027436443943159	1	1.0
Esr1	CD4	relevant_vs_innate	relevant_peptide	innate_agonist	-1.330288621331544	0.4328396813897133	0.7027436443943159	1	1.0
Ets1	CD4	relevant_vs_innate	relevant_peptide	innate_agonist	-1.4181985414933607	0.369372448423571	0.7027436443943159	1	1.0
Ets2	CD4	relevant_vs_innate	relevant_peptide	innate_agonist	-0.7698613944970287	0.0881031014091396	0.7027436443943159	1	1.0
Etv1	CD4	relevant_vs_innate	relevant_peptide	innate_agonist	-0.4790493936548552	0.4303193787739372	0.7027436443943159	1	1.0
Etv4	CD4	relevant_vs_innate	relevant_peptide	innate_agonist	-0.6021364062776868	0.20278456316274818	0.7027436443943159	1	1.0
Etv6	CD4	relevant_vs_innate	relevant_peptide	innate_agonist	-0.13676315433101038	0.05917439889390227	0.7027436443943159	1	1.0
Fli1	CD4	relevant_vs_innate	relevant_peptide	innate_agonist	-0.4348019369467	0.2957456736016888	0.7027436443943159	1	1.0
Fos	CD4	relevant_vs_innate	relevant_peptide	innate_agonist	-2.010144401230523	0.3727428015151313	0.7027436443943159	1	1.0
Fosl1	CD4	relevant_vs_innate	relevant_peptide	innate_agonist	-0.7301571823235613	0.33349399722741624	0.7027436443943159	1	1.0
Fosl2	CD4	relevant_vs_innate	relevant_peptide	innate_agonist	-0.8489425657610425	0.15880507947037747	0.7027436443943159	1	1.0
Foxa1	CD4	relevant_vs_innate	relevant_peptide	innate_agonist	-1.0283722670121307	0.47831743435799357	0.7027436443943159	1	1.0
Foxa2	CD4	relevant_vs_innate	relevant_peptide	innate_agonist	-0.12999759324494153	0.2688826122716923	0.7027436443943159	1	1.0
Foxj2	CD4	relevant_vs_innate	relevant_peptide	innate_agonist	-0.29016518044055317	0.3037442637182284	0.7027436443943159	1	1.0
Foxk2	CD4	relevant_vs_innate	relevant_peptide	innate_agonist	-0.2325619605799183	0.054515982317572854	0.7027436443943159	1	1.0
Foxl2	CD4	relevant_vs_innate	relevant_peptide	innate_agonist	-0.646740973420854	0.020267919781502358	0.7027436443943159	1	1.0
Foxm1	CD4	relevant_vs_innate	relevant_peptide	innate_agonist	-0.25708503889021284	0.43724993476226925	0.7027436443943159	1	1.0
Foxo4	CD4	relevant_vs_innate	relevant_peptide	innate_agonist	-0.6552552850237676	0.06379678324509774	0.7027436443943159	1	1.0
Foxp1	CD4	relevant_vs_innate	relevant_peptide	innate_agonist	-0.7678467934444555	0.44689274186128736	0.7027436443943159	1	1.0
Foxp2	CD4	relevant_vs_innate	relevant_peptide	innate_agonist	-0.5346446775374218	0.2591790679442937	0.7027436443943159	1	1.0
Gabpa	CD4	relevant_vs_innate	relevant_peptide	innate_agonist	-0.17262820402485168	0.31219122529201204	0.7027436443943159	1	1.0
Gata1	CD4	relevant_vs_innate	relevant_peptide	innate_agonist	0.8286011023445541	0.17189701615259612	0.7027436443943159	1	1.0
Gata2	CD4	relevant_vs_innate	relevant_peptide	innate_agonist	-0.7653238059892828	0.4357457890977807	0.7027436443943159	1	1.0
Gata3	CD4	relevant_vs_innate	relevant_peptide	innate_agonist	-0.914564137938779	0.48684559742270206	0.7027436443943159	1	1.0
Gata4	CD4	relevant_vs_innate	relevant_peptide	innate_agonist	0.17987995565866544	0.3689144075069176	0.7027436443943159	1	1.0
Gata6	CD4	relevant_vs_innate	relevant_peptide	innate_agonist	-0.5087869887216434	0.36850776073553027	0.7027436443943159	1	1.0
Gfi1b	CD4	relevant_vs_innate	relevant_peptide	innate_agonist	0.4482161039246986	0.3030095093134465	0.7027436443943159	1	1.0
Gli1	CD4	relevant_vs_innate	relevant_peptide	innate_agonist	-0.32814915795639954	0.13910570185123777	0.7027436443943159	1	1.0
Gli2	CD4	relevant_vs_innate	relevant_peptide	innate_agonist	0.6973435340192373	0.010798898180321766	0.7027436443943159	1	1.0
Grhl2	CD4	relevant_vs_innate	relevant_peptide	innate_agonist	-0.8104520552481915	0.33315951853534154	0.7027436443943159	1	1.0
Hbp1	CD4	relevant_vs_innate	relevant_peptide	innate_agonist	0.22550943420987224	0.41223739275665583	0.7027436443943159	1	1.0
Hes1	CD4	relevant_vs_innate	relevant_peptide	innate_agonist	0.5805264393205929	0.3464474065726315	0.7027436443943159	1	1.0
Hhex	CD4	relevant_vs_innate	relevant_peptide	innate_agonist	-0.3356365684139909	0.3872338702004794	0.7027436443943159	1	1.0
Hic1	CD4	relevant_vs_innate	relevant_peptide	innate_agonist	0.3562758803483968	0.37072824022910444	0.7027436443943159	1	1.0
Hif1a	CD4	relevant_vs_innate	relevant_peptide	innate_agonist	-1.6546788202989937	0.06411745855407877	0.7027436443943159	1	1.0
Hinfp	CD4	relevant_vs_innate	relevant_peptide	innate_agonist	-0.15051004710702998	0.49165720966909	0.7027436443943159	1	1.0
Hmbox1	CD4	relevant_vs_innate	relevant_peptide	innate_agonist	0.09201022998207975	0.03912318724581845	0.7027436443943159	1	1.0
Hnf1a	CD4	relevant_vs_innate	relevant_peptide	innate_agonist	0.3123956715419576	0.0621621766237535	0.7027436443943159	1	1.0
Hnf1b	CD4	relevant_vs_innate	relevant_peptide	innate_agonist	-0.22062952288549242	0.42064440914297274	0.7027436443943159	1	1.0
Hnf4a	CD4	relevant_vs_innate	relevant_peptide	innate_agonist	-1.3207989038229755	0.4088123832821168	0.7027436443943159	1	1.0
Hoxb13	CD4	relevant_vs_innate	relevant_peptide	innate_agonist	0.32066674390220307	0.26979234332706725	0.7027436443943159	1	1.0
Hsf1	CD4	relevant_vs_innate	relevant_peptide	innate_agonist	-0.2044290159474027	0.34825502703020106	0.7027436443943159	1	1.0
Irf1	CD4	relevant_vs_innate	relevant_peptide	innate_agonist	-0.6577092798195947	0.18218574734747706	0.7027436443943159	1	1.0
Irf2	CD4	relevant_vs_innate	relevant_peptide	innate_agonist	-0.6355310713591997	0.12570687023802143	0.7027436443943159	1	1.0
Irf3	CD4	relevant_vs_innate	relevant_peptide	innate_agonist	-0.379006064139336	0.34065248740714194	0.7027436443943159	1	1.0
Irf4	CD4	relevant_vs_innate	relevant_peptide	innate_agonist	-0.6403577117042225	0.0948255025222698	0.7027436443943159	1	1.0
Irf9	CD4	relevant_vs_innate	relevant_peptide	innate_agonist	-0.8397538814379075	0.0731662317641878	0.7027436443943159	1	1.0
Jun	CD4	relevant_vs_innate	relevant_peptide	innate_agonist	-2.0900411208190377	0.15909555920993768	0.7027436443943159	1	1.0
Junb	CD4	relevant_vs_innate	relevant_peptide	innate_agonist	-0.8075668079032976	0.27116810496559596	0.7027436443943159	1	1.0
Jund	CD4	relevant_vs_innate	relevant_peptide	innate_agonist	-0.5466002625943709	0.2828002234948136	0.7027436443943159	1	1.0
Klf13	CD4	relevant_vs_innate	relevant_peptide	innate_agonist	-0.14682161664322102	0.3136859010188676	0.7027436443943159	1	1.0
Klf3	CD4	relevant_vs_innate	relevant_peptide	innate_agonist	-0.40768994161353556	0.10131641765905856	0.7027436443943159	1	1.0
Klf5	CD4	relevant_vs_innate	relevant_peptide	innate_agonist	-0.2406714905412315	0.22495482322815474	0.7027436443943159	1	1.0
Klf6	CD4	relevant_vs_innate	relevant_peptide	innate_agonist	-0.3932091271709375	0.1533881679867416	0.7027436443943159	1	1.0
Klf9	CD4	relevant_vs_innate	relevant_peptide	innate_agonist	-0.4020724297155933	0.4879945422700538	0.7027436443943159	1	1.0
Kmt2a	CD4	relevant_vs_innate	relevant_peptide	innate_agonist	-0.3562402540140228	0.15068130725657217	0.7027436443943159	1	1.0
Kmt2b	CD4	relevant_vs_innate	relevant_peptide	innate_agonist	-0.49053237371208525	0.449087986560465	0.7027436443943159	1	1.0
Lef1	CD4	relevant_vs_innate	relevant_peptide	innate_agonist	-0.5399860621913515	0.0977628403172871	0.7027436443943159	1	1.0
Lhx2	CD4	relevant_vs_innate	relevant_peptide	innate_agonist	-0.4335534650111037	0.3368952988327989	0.7027436443943159	1	1.0
Lyl1	CD4	relevant_vs_innate	relevant_peptide	innate_agonist	-0.20103141492616672	0.42203417762446604	0.7027436443943159	1	1.0
Maf	CD4	relevant_vs_innate	relevant_peptide	innate_agonist	-0.3274335070762273	0.46299034419718454	0.7027436443943159	1	1.0
Mafg	CD4	relevant_vs_innate	relevant_peptide	innate_agonist	-0.7406209778809627	0.31749903715676553	0.7027436443943159	1	1.0
Mafk	CD4	relevant_vs_innate	relevant_peptide	innate_agonist	-1.0709768980235825	0.4690352500497422	0.7027436443943159	1	1.0
Max	CD4	relevant_vs_innate	relevant_peptide	innate_agonist	0.09762526569302565	0.12395329413457386	0.7027436443943159	1	1.0
Maz	CD4	relevant_vs_innate	relevant_peptide	innate_agonist	-0.46525063856237026	0.35908979362786364	0.7027436443943159	1	1.0
Mef2a	CD4	relevant_vs_innate	relevant_peptide	innate_agonist	-0.12463797301323609	0.49082211108549734	0.7027436443943159	1	1.0
Mef2b	CD4	relevant_vs_innate	relevant_peptide	innate_agonist	-0.41670970308594235	0.37562289400704063	0.7027436443943159	1	1.0
Mef2bl	CD4	relevant_vs_innate	relevant_peptide	innate_agonist	-0.41670970308594235	0.37562289400704063	0.7027436443943159	1	1.0
Mef2c	CD4	relevant_vs_innate	relevant_peptide	innate_agonist	0.08567830401982235	0.02690157694291294	0.7027436443943159	1	1.0
Meis2	CD4	relevant_vs_innate	relevant_peptide	innate_agonist	-0.10164850936484626	0.2918238103986498	0.7027436443943159	1	1.0
Mitf	CD4	relevant_vs_innate	relevant_peptide	innate_agonist	-1.2858230261082113	0.32054982032124313	0.7027436443943159	1	1.0
Mnt	CD4	relevant_vs_innate	relevant_peptide	innate_agonist	-0.49006945321911743	0.46329259441941306	0.7027436443943159	1	1.0
Myb	CD4	relevant_vs_innate	relevant_peptide	innate_agonist	-0.6078444858308032	0.04658940213270965	0.7027436443943159	1	1.0
Myc	CD4	relevant_vs_innate	relevant_peptide	innate_agonist	-1.0203382074165503	0.36038868993634965	0.7027436443943159	1	1.0
Myod1	CD4	relevant_vs_innate	relevant_peptide	innate_agonist	-0.40574315623102475	0.4615103862523833	0.7027436443943159	1	1.0
Ncoa2	CD4	relevant_vs_innate	relevant_peptide	innate_agonist	-0.5011542193560814	0.46298775292885486	0.7027436443943159	1	1.0
Nfatc1	CD4	relevant_vs_innate	relevant_peptide	innate_agonist	-0.5136561807231343	0.41443462558711974	0.7027436443943159	1	1.0
Nfatc2	CD4	relevant_vs_innate	relevant_peptide	innate_agonist	-0.9371390761803682	0.33413364259942446	0.7027436443943159	1	1.0
Nfe2l2	CD4	relevant_vs_innate	relevant_peptide	innate_agonist	-0.692938622354518	0.17002534269753744	0.7027436443943159	1	1.0
Nfia	CD4	relevant_vs_innate	relevant_peptide	innate_agonist	0.19283044646701475	0.04652177097820926	0.7027436443943159	1	1.0
Nfic	CD4	relevant_vs_innate	relevant_peptide	innate_agonist	-0.7172205773955893	0.2644708531907638	0.7027436443943159	1	1.0
Nfkb1	CD4	relevant_vs_innate	relevant_peptide	innate_agonist	-2.379394485484207	0.2433428773732106	0.7027436443943159	1	1.0
Nfkb2	CD4	relevant_vs_innate	relevant_peptide	innate_agonist	-0.3786225812417765	0.07608181294622642	0.7027436443943159	1	1.0
Nfya	CD4	relevant_vs_innate	relevant_peptide	innate_agonist	-0.1892000956753197	0.15786425188224829	0.7027436443943159	1	1.0
Nfyb	CD4	relevant_vs_innate	relevant_peptide	innate_agonist	-0.2501810366446602	0.41547819056509483	0.7027436443943159	1	1.0
Nr1h2	CD4	relevant_vs_innate	relevant_peptide	innate_agonist	-0.19979968957111893	0.14182583272473812	0.7027436443943159	1	1.0
Nr1h3	CD4	relevant_vs_innate	relevant_peptide	innate_agonist	-0.3884391617839089	0.25703511488392616	0.7027436443943159	1	1.0
Nr1h4	CD4	relevant_vs_innate	relevant_peptide	innate_agonist	-0.13256816697206109	0.35115523581247987	0.7027436443943159	1	1.0
Nr2f1	CD4	relevant_vs_innate	relevant_peptide	innate_agonist	-0.9065069134705928	0.31186424067667184	0.7027436443943159	1	1.0
Nr2f2	CD4	relevant_vs_innate	relevant_peptide	innate_agonist	-0.9681640277570533	0.2528300530598864	0.7027436443943159	1	1.0
Nr2f6	CD4	relevant_vs_innate	relevant_peptide	innate_agonist	-0.31916564545513815	0.35542229581418305	0.7027436443943159	1	1.0
Nr3c1	CD4	relevant_vs_innate	relevant_peptide	innate_agonist	-0.23806213524294684	0.4663552008078351	0.7027436443943159	1	1.0
Nr5a2	CD4	relevant_vs_innate	relevant_peptide	innate_agonist	-0.26378946315545604	0.47482493547318483	0.7027436443943159	1	1.0
Nrf1	CD4	relevant_vs_innate	relevant_peptide	innate_agonist	-0.1352077041441202	0.3154587395576709	0.7027436443943159	1	1.0
Onecut1	CD4	relevant_vs_innate	relevant_peptide	innate_agonist	-0.9311660673813029	0.09698274219072486	0.7027436443943159	1	1.0
Pax5	CD4	relevant_vs_innate	relevant_peptide	innate_agonist	-0.5209306526937469	0.3249645487394932	0.7027436443943159	1	1.0
Pax6	CD4	relevant_vs_innate	relevant_peptide	innate_agonist	-0.5455113568476291	0.24610287011939613	0.7027436443943159	1	1.0
Pax8	CD4	relevant_vs_innate	relevant_peptide	innate_agonist	-0.12722947685546826	0.45368412922690715	0.7027436443943159	1	1.0
Pbx2	CD4	relevant_vs_innate	relevant_peptide	innate_agonist	-0.40529909239285367	0.29081861718827984	0.7027436443943159	1	1.0
Pbx3	CD4	relevant_vs_innate	relevant_peptide	innate_agonist	-1.0009462990853573	0.23499201982408935	0.7027436443943159	1	1.0
Pdx1	CD4	relevant_vs_innate	relevant_peptide	innate_agonist	-0.31601497501564335	0.4853525138709964	0.7027436443943159	1	1.0
Pou2f1	CD4	relevant_vs_innate	relevant_peptide	innate_agonist	-1.0864435473990417	0.3277871677234486	0.7027436443943159	1	1.0
Pou2f2	CD4	relevant_vs_innate	relevant_peptide	innate_agonist	-1.0489150541606485	0.33904690486056965	0.7027436443943159	1	1.0
Pou5f1	CD4	relevant_vs_innate	relevant_peptide	innate_agonist	-0.6005362366530764	0.29066516787294494	0.7027436443943159	1	1.0
Ppara	CD4	relevant_vs_innate	relevant_peptide	innate_agonist	0.45320616837296696	0.1395153892343554	0.7027436443943159	1	1.0
Prdm1	CD4	relevant_vs_innate	relevant_peptide	innate_agonist	-0.20281782650947733	0.16712518745166483	0.7027436443943159	1	1.0
Prox1	CD4	relevant_vs_innate	relevant_peptide	innate_agonist	-0.1712779220890246	0.4931452740079342	0.7027436443943159	1	1.0
Rara	CD4	relevant_vs_innate	relevant_peptide	innate_agonist	-0.7158508007970346	0.394267728163626	0.7027436443943159	1	1.0
Rarb	CD4	relevant_vs_innate	relevant_peptide	innate_agonist	-0.1354102294856534	0.1265873874675831	0.7027436443943159	1	1.0
Rarg	CD4	relevant_vs_innate	relevant_peptide	innate_agonist	-0.20804473299381687	0.4499026572922482	0.7027436443943159	1	1.0
Rbpj	CD4	relevant_vs_innate	relevant_peptide	innate_agonist	-0.5995119049069677	0.08627968747788567	0.7027436443943159	1	1.0
Rel	CD4	relevant_vs_innate	relevant_peptide	innate_agonist	-1.464589205379986	0.18084541475617455	0.7027436443943159	1	1.0
Rela	CD4	relevant_vs_innate	relevant_peptide	innate_agonist	-2.1773181903608876	0.1559267476032317	0.7027436443943159	1	1.0
Relb	CD4	relevant_vs_innate	relevant_peptide	innate_agonist	-0.53377124872803	0.053929378417894185	0.7027436443943159	1	1.0
Rest	CD4	relevant_vs_innate	relevant_peptide	innate_agonist	-0.2970905956059442	0.26929273489889916	0.7027436443943159	1	1.0
Rfx5	CD4	relevant_vs_innate	relevant_peptide	innate_agonist	0.4644505641204528	0.38852210489468975	0.7027436443943159	1	1.0
Runx1	CD4	relevant_vs_innate	relevant_peptide	innate_agonist	-0.9672506041328965	0.4696001248492684	0.7027436443943159	1	1.0
Runx2	CD4	relevant_vs_innate	relevant_peptide	innate_agonist	-0.842050763255866	0.36242285730414725	0.7027436443943159	1	1.0
Satb1	CD4	relevant_vs_innate	relevant_peptide	innate_agonist	-0.40658418185250467	0.2997705659511205	0.7027436443943159	1	1.0
Smad1	CD4	relevant_vs_innate	relevant_peptide	innate_agonist	-0.9708676648196812	0.3837830178868429	0.7027436443943159	1	1.0
Smad3	CD4	relevant_vs_innate	relevant_peptide	innate_agonist	-0.7929682401484115	0.016569552748612104	0.7027436443943159	1	1.0
Smad4	CD4	relevant_vs_innate	relevant_peptide	innate_agonist	-0.6184049491658836	0.0698262493941776	0.7027436443943159	1	1.0
Snai1	CD4	relevant_vs_innate	relevant_peptide	innate_agonist	0.5051665743489883	0.23112397024523268	0.7027436443943159	1	1.0
Snai2	CD4	relevant_vs_innate	relevant_peptide	innate_agonist	-0.34067846324316076	0.33704979781440747	0.7027436443943159	1	1.0
Snapc4	CD4	relevant_vs_innate	relevant_peptide	innate_agonist	0.3782397796314161	0.1617783365515384	0.7027436443943159	1	1.0
Sox13	CD4	relevant_vs_innate	relevant_peptide	innate_agonist	-0.6290680580198607	0.13092082090065763	0.7027436443943159	1	1.0
Sox2	CD4	relevant_vs_innate	relevant_peptide	innate_agonist	-0.9632402379885825	0.49400790843560816	0.7027436443943159	1	1.0
Sox9	CD4	relevant_vs_innate	relevant_peptide	innate_agonist	0.14689313357976141	0.28988336256194236	0.7027436443943159	1	1.0
Sp1	CD4	relevant_vs_innate	relevant_peptide	innate_agonist	-1.5033745569123287	0.09736055664735258	0.7027436443943159	1	1.0
Sp3	CD4	relevant_vs_innate	relevant_peptide	innate_agonist	-0.47262425742720615	0.33648311169174183	0.7027436443943159	1	1.0
Sp4	CD4	relevant_vs_innate	relevant_peptide	innate_agonist	-0.30735707640465026	0.16889711451860845	0.7027436443943159	1	1.0
Spi1	CD4	relevant_vs_innate	relevant_peptide	innate_agonist	-1.8665634159942428	0.2824111763817745	0.7027436443943159	1	1.0
Srebf2	CD4	relevant_vs_innate	relevant_peptide	innate_agonist	0.16448656966548914	0.1537199999732267	0.7027436443943159	1	1.0
Srf	CD4	relevant_vs_innate	relevant_peptide	innate_agonist	-0.8392161559671223	0.26054077928066466	0.7027436443943159	1	1.0
Stat1	CD4	relevant_vs_innate	relevant_peptide	innate_agonist	-2.1821159348360375	0.29480157872455937	0.7027436443943159	1	1.0
Stat2	CD4	relevant_vs_innate	relevant_peptide	innate_agonist	-1.238919425192563	0.18387171011589687	0.7027436443943159	1	1.0
Stat3	CD4	relevant_vs_innate	relevant_peptide	innate_agonist	-1.3239779804044254	0.03937441216967293	0.7027436443943159	1	1.0
Stat4	CD4	relevant_vs_innate	relevant_peptide	innate_agonist	-0.7353760425004943	0.06810358546062137	0.7027436443943159	1	1.0
Stat5a	CD4	relevant_vs_innate	relevant_peptide	innate_agonist	-0.527629795466833	0.28742932821530487	0.7027436443943159	1	1.0
Stat5b	CD4	relevant_vs_innate	relevant_peptide	innate_agonist	-0.5924973234231246	0.3075171770097592	0.7027436443943159	1	1.0
Stat6	CD4	relevant_vs_innate	relevant_peptide	innate_agonist	-0.3847245255476892	0.16860177816326305	0.7027436443943159	1	1.0
Tal1	CD4	relevant_vs_innate	relevant_peptide	innate_agonist	-0.6424755269763409	0.43952441469648884	0.7027436443943159	1	1.0
Tbx21	CD4	relevant_vs_innate	relevant_peptide	innate_agonist	-0.45530094735667603	0.16223967228770886	0.7027436443943159	1	1.0
Tcf12	CD4	relevant_vs_innate	relevant_peptide	innate_agonist	-1.0407718386946243	0.16770645733022982	0.7027436443943159	1	1.0
Tcf3	CD4	relevant_vs_innate	relevant_peptide	innate_agonist	-0.5368590123908952	0.42731869570280945	0.7027436443943159	1	1.0
Tcf7l2	CD4	relevant_vs_innate	relevant_peptide	innate_agonist	-0.4831670790090623	0.32741487817959125	0.7027436443943159	1	1.0
Tead1	CD4	relevant_vs_innate	relevant_peptide	innate_agonist	-0.5213210494270939	0.2335746461099646	0.7027436443943159	1	1.0
Tead2	CD4	relevant_vs_innate	relevant_peptide	innate_agonist	-0.35582225453240923	0.24087360649436107	0.7027436443943159	1	1.0
Tead4	CD4	relevant_vs_innate	relevant_peptide	innate_agonist	-0.3448259738589403	0.01855007473160683	0.7027436443943159	1	1.0
Tfap4	CD4	relevant_vs_innate	relevant_peptide	innate_agonist	-0.6749518557776981	0.49146273850711597	0.7027436443943159	1	1.0
Tfdp1	CD4	relevant_vs_innate	relevant_peptide	innate_agonist	-0.4136937132856886	0.346097332359544	0.7027436443943159	1	1.0
Thap1	CD4	relevant_vs_innate	relevant_peptide	innate_agonist	-0.471746893234922	0.4462317772015947	0.7027436443943159	1	1.0
Trp53	CD4	relevant_vs_innate	relevant_peptide	innate_agonist	-1.80076022965995	0.3798664152287663	0.7027436443943159	1	1.0
Trp63	CD4	relevant_vs_innate	relevant_peptide	innate_agonist	-0.7874512744470641	0.35553455283042845	0.7027436443943159	1	1.0
Trp73	CD4	relevant_vs_innate	relevant_peptide	innate_agonist	-0.2514603590262263	0.10602079711060719	0.7027436443943159	1	1.0
Twist1	CD4	relevant_vs_innate	relevant_peptide	innate_agonist	-0.350850663629533	0.3116272033953915	0.7027436443943159	1	1.0
Usf2	CD4	relevant_vs_innate	relevant_peptide	innate_agonist	-0.3788252834770729	0.09143392431644869	0.7027436443943159	1	1.0
Vdr	CD4	relevant_vs_innate	relevant_peptide	innate_agonist	-0.6581457189296316	0.2608023427164252	0.7027436443943159	1	1.0
Wt1	CD4	relevant_vs_innate	relevant_peptide	innate_agonist	-0.5899914462543601	0.21220793854177566	0.7027436443943159	1	1.0
Ybx1	CD4	relevant_vs_innate	relevant_peptide	innate_agonist	-0.14354112551503295	0.08661904467926196	0.7027436443943159	1	1.0
Zbtb11	CD4	relevant_vs_innate	relevant_peptide	innate_agonist	-0.18361810283322733	0.2978540096558381	0.7027436443943159	1	1.0
Zbtb7a	CD4	relevant_vs_innate	relevant_peptide	innate_agonist	-0.5036757597730244	0.4899520358006706	0.7027436443943159	1	1.0
Zc3h8	CD4	relevant_vs_innate	relevant_peptide	innate_agonist	0.3449552982086779	0.036981144545564254	0.7027436443943159	1	1.0
Zeb1	CD4	relevant_vs_innate	relevant_peptide	innate_agonist	-0.9480560936341629	0.47285941197881576	0.7027436443943159	1	1.0
Zeb2	CD4	relevant_vs_innate	relevant_peptide	innate_agonist	-0.39837743315975516	0.33944080687217504	0.7027436443943159	1	1.0
Zfp110	CD4	relevant_vs_innate	relevant_peptide	innate_agonist	0.23004487490356285	0.013985688975306587	0.7027436443943159	1	1.0
Zfp143	CD4	relevant_vs_innate	relevant_peptide	innate_agonist	-0.5995709757759791	0.4331344218953336	0.7027436443943159	1	1.0
Zfp148	CD4	relevant_vs_innate	relevant_peptide	innate_agonist	-0.5160037751708844	0.12098406531789176	0.7027436443943159	1	1.0
Zfp24	CD4	relevant_vs_innate	relevant_peptide	innate_agonist	-0.1642525274282205	0.42014869427929336	0.7027436443943159	1	1.0
Zfp369	CD4	relevant_vs_innate	relevant_peptide	innate_agonist	0.23004487490356285	0.013985688975306587	0.7027436443943159	1	1.0
Zfp644	CD4	relevant_vs_innate	relevant_peptide	innate_agonist	-0.10746963238743223	0.3473270206018052	0.7027436443943159	1	1.0
Zfp740	CD4	relevant_vs_innate	relevant_peptide	innate_agonist	-0.27454185040489243	0.348560559346176	0.7027436443943159	1	1.0
Zfx	CD4	relevant_vs_innate	relevant_peptide	innate_agonist	-0.24325477872278434	0.3388942413581837	0.7027436443943159	1	1.0
Zfy2	CD4	relevant_vs_innate	relevant_peptide	innate_agonist	-0.24325477872278434	0.3388942413581837	0.7027436443943159	1	1.0
Zhx2	CD4	relevant_vs_innate	relevant_peptide	innate_agonist	0.3210898863224667	0.22134173643426946	0.7027436443943159	1	1.0
Prdm14	CD4	relevant_vs_innate	relevant_peptide	innate_agonist	-0.6384197208103748	0.49670982053659185	0.7032854001055483	1	1.0
Mynn	CD4	relevant_vs_innate	relevant_peptide	innate_agonist	0.18762618335337589	0.502784195635257	0.7071400092036199	1	1.0
Zfp263	CD4	relevant_vs_innate	relevant_peptide	innate_agonist	-0.9681054664719184	0.5040998085411943	0.7071400092036199	1	1.0
Arid2	CD4	relevant_vs_innate	relevant_peptide	innate_agonist	-0.0707204569251978	0.5149765016202856	0.7098587114575745	1	1.0
E2f5	CD4	relevant_vs_innate	relevant_peptide	innate_agonist	0.057528600371285155	0.5154089654147406	0.7098587114575745	1	1.0
Foxo1	CD4	relevant_vs_innate	relevant_peptide	innate_agonist	-0.21985722119811602	0.5120298650901273	0.7098587114575745	1	1.0
Nanog	CD4	relevant_vs_innate	relevant_peptide	innate_agonist	-0.26757880729248285	0.5085173392378052	0.7098587114575745	1	1.0
Irf8	CD4	relevant_vs_innate	relevant_peptide	innate_agonist	-0.2971966661641725	0.5224836235323023	0.7163463254764145	1	1.0
Atf3	CD4	relevant_vs_innate	relevant_peptide	innate_agonist	-0.09591194421648641	0.5344812782163991	0.7267370190862203	1	1.0
Smad5	CD4	relevant_vs_innate	relevant_peptide	innate_agonist	-0.38714569806424226	0.5348592582713767	0.7267370190862203	1	1.0
Tcf4	CD4	relevant_vs_innate	relevant_peptide	innate_agonist	-0.39612571042598965	0.5379349199860437	0.7276530390882645	1	1.0
Usf1	CD4	relevant_vs_innate	relevant_peptide	innate_agonist	-0.2869228622219042	0.5416755213832258	0.7294563687960774	1	1.0
Sox11	CD4	relevant_vs_innate	relevant_peptide	innate_agonist	-0.16687082792254948	0.5510920897462956	0.737549497571291	1	1.0
Zbtb33	CD4	relevant_vs_innate	relevant_peptide	innate_agonist	-0.01881255231473844	0.552553583989053	0.737549497571291	1	1.0
Ctcf	CD4	relevant_vs_innate	relevant_peptide	innate_agonist	-0.9752410091282417	0.5933486763118122	0.7489595952351451	1	1.0
E2f7	CD4	relevant_vs_innate	relevant_peptide	innate_agonist	0.3297959569114468	0.6003424671762834	0.7489595952351451	1	1.0
Elf5	CD4	relevant_vs_innate	relevant_peptide	innate_agonist	-0.16413949647085335	0.5867127115920926	0.7489595952351451	1	1.0
Elk1	CD4	relevant_vs_innate	relevant_peptide	innate_agonist	0.05393014149789366	0.5692178614625686	0.7489595952351451	1	1.0
Erg	CD4	relevant_vs_innate	relevant_peptide	innate_agonist	-0.4678895660956801	0.5769103259450337	0.7489595952351451	1	1.0
Klf4	CD4	relevant_vs_innate	relevant_peptide	innate_agonist	-0.10972396667399131	0.5812848829000862	0.7489595952351451	1	1.0
Mbd2	CD4	relevant_vs_innate	relevant_peptide	innate_agonist	-0.21097911552853835	0.5934140404434184	0.7489595952351451	1	1.0
Mycn	CD4	relevant_vs_innate	relevant_peptide	innate_agonist	-0.3759636602175602	0.5776877430775236	0.7489595952351451	1	1.0
Mycs	CD4	relevant_vs_innate	relevant_peptide	innate_agonist	-0.3759636602175602	0.5776877430775236	0.7489595952351451	1	1.0
Ncoa3	CD4	relevant_vs_innate	relevant_peptide	innate_agonist	0.1164720411199669	0.5930026160580733	0.7489595952351451	1	1.0
Otx2	CD4	relevant_vs_innate	relevant_peptide	innate_agonist	-0.3554549461800711	0.5995584674342758	0.7489595952351451	1	1.0
Pgr	CD4	relevant_vs_innate	relevant_peptide	innate_agonist	-0.1134796854631368	0.5977595858118061	0.7489595952351451	1	1.0
Rxra	CD4	relevant_vs_innate	relevant_peptide	innate_agonist	-0.37630819647269576	0.5884282957711533	0.7489595952351451	1	1.0
Six2	CD4	relevant_vs_innate	relevant_peptide	innate_agonist	-0.38953052448442094	0.5719416023912389	0.7489595952351451	1	1.0
Tfap2c	CD4	relevant_vs_innate	relevant_peptide	innate_agonist	-1.2589061909252024	0.6006507644955125	0.7489595952351451	1	1.0
Tgif2	CD4	relevant_vs_innate	relevant_peptide	innate_agonist	-0.4209591573392384	0.5698004327916897	0.7489595952351451	1	1.0
Esr2	CD4	relevant_vs_innate	relevant_peptide	innate_agonist	-0.3199264186943207	0.6046729572532469	0.7505569252353795	1	1.0
Foxa3	CD4	relevant_vs_innate	relevant_peptide	innate_agonist	0.09666053054304635	0.6068859626490692	0.7505569252353795	1	1.0
Tbp	CD4	relevant_vs_innate	relevant_peptide	innate_agonist	-0.1503041648095671	0.6115144690985252	0.7532068460847688	1	1.0
Nr1i2	CD4	relevant_vs_innate	relevant_peptide	innate_agonist	-0.09563733465949409	0.6205790562583299	0.7612771418877488	1	1.0
Maff	CD4	relevant_vs_innate	relevant_peptide	innate_agonist	-0.29393609488412675	0.62474673732051	0.7632994411617521	1	1.0
Spib	CD4	relevant_vs_innate	relevant_peptide	innate_agonist	-0.25897964621468184	0.6293864241418761	0.765879865522042	1	1.0
Bach1	CD4	relevant_vs_innate	relevant_peptide	innate_agonist	-0.2874388452049388	0.6336448086700641	0.7679775081081177	1	1.0
Creb3l1	CD4	relevant_vs_innate	relevant_peptide	innate_agonist	0.16789463433300744	0.6397506195030294	0.7698297940002609	1	1.0
Zfp217	CD4	relevant_vs_innate	relevant_peptide	innate_agonist	-0.23653181647123755	0.6402544821388307	0.7698297940002609	1	1.0
Pou4f2	CD4	relevant_vs_innate	relevant_peptide	innate_agonist	-0.2453164979210687	0.6488454418521221	0.7770757663288261	1	1.0
Esrra	CD4	relevant_vs_innate	relevant_peptide	innate_agonist	-0.2509977373305148	0.6629523807670832	0.7908447691827802	1	1.0
Mxi1	CD4	relevant_vs_innate	relevant_peptide	innate_agonist	-0.19344902747636183	0.6664375979364217	0.7918846751950422	1	1.0
Srebf1	CD4	relevant_vs_innate	relevant_peptide	innate_agonist	-0.15065161073798272	0.6698826140062036	0.792868875171405	1	1.0
Runx3	CD4	relevant_vs_innate	relevant_peptide	innate_agonist	-0.12884507744253249	0.6729694291230406	0.7934231012617949	1	1.0
Zfp384	CD4	relevant_vs_innate	relevant_peptide	innate_agonist	-0.1629259987818017	0.6785030222927113	0.7968465726926028	1	1.0
Nr5a1	CD4	relevant_vs_innate	relevant_peptide	innate_agonist	0.0518861126925898	0.6881426277020644	0.7988782229644655	1	1.0
Rxrg	CD4	relevant_vs_innate	relevant_peptide	innate_agonist	0.09975805588079889	0.6861918847194395	0.7988782229644655	1	1.0
Sox6	CD4	relevant_vs_innate	relevant_peptide	innate_agonist	-0.0812693336635455	0.684279320354387	0.7988782229644655	1	1.0
Yy1	CD4	relevant_vs_innate	relevant_peptide	innate_agonist	-0.08490438129440037	0.6914754035617658	0.7996833865618895	1	1.0
Ctcfl	CD4	relevant_vs_innate	relevant_peptide	innate_agonist	-0.13088649132891916	0.6973725410588216	0.8034368058586424	1	1.0
Cebpg	CD4	relevant_vs_innate	relevant_peptide	innate_agonist	-0.15119210772171243	0.7254667638210786	0.832637990294647	1	1.0
Ascl1	CD4	relevant_vs_innate	relevant_peptide	innate_agonist	0.0970364310959635	0.734286558943138	0.833089230058515	1	1.0
Mbd1	CD4	relevant_vs_innate	relevant_peptide	innate_agonist	-0.19773112581774743	0.7306839944800234	0.833089230058515	1	1.0
Meis1	CD4	relevant_vs_innate	relevant_peptide	innate_agonist	-0.14255045241465591	0.7371438904773215	0.833089230058515	1	1.0
Ncoa1	CD4	relevant_vs_innate	relevant_peptide	innate_agonist	-0.12452991029629956	0.7396072702499688	0.833089230058515	1	1.0
Zfp592	CD4	relevant_vs_innate	relevant_peptide	innate_agonist	0.09996175532555007	0.7350272231187782	0.833089230058515	1	1.0
Zkscan1	CD4	relevant_vs_innate	relevant_peptide	innate_agonist	-0.3396888294475655	0.7443531157683159	0.8353296076955544	1	1.0
E2f6	CD4	relevant_vs_innate	relevant_peptide	innate_agonist	0.07753609599997624	0.7513859906038426	0.8366541018069324	1	1.0
Kdm5b	CD4	relevant_vs_innate	relevant_peptide	innate_agonist	-0.05063823849820093	0.7544792745994742	0.8366541018069324	1	1.0
Pknox1	CD4	relevant_vs_innate	relevant_peptide	innate_agonist	-0.13102273606223758	0.7565782966834966	0.8366541018069324	1	1.0
Six5	CD4	relevant_vs_innate	relevant_peptide	innate_agonist	-0.10299363344563295	0.7505070642487338	0.8366541018069324	1	1.0
Sp2	CD4	relevant_vs_innate	relevant_peptide	innate_agonist	0.09341935322693917	0.7679676709174307	0.8461607428653872	1	1.0
Nr4a1	CD4	relevant_vs_innate	relevant_peptide	innate_agonist	-0.25975775829185466	0.7997418458496341	0.8779774612044896	1	1.0
Foxk1	CD4	relevant_vs_innate	relevant_peptide	innate_agonist	-0.01698623248797304	0.806050259999305	0.8817084071472543	1	1.0
Klf1	CD4	relevant_vs_innate	relevant_peptide	innate_agonist	-0.21475371406981036	0.8109426613462131	0.8829368950437733	1	1.0
Rfx1	CD4	relevant_vs_innate	relevant_peptide	innate_agonist	-0.16731307024212105	0.8130012993967417	0.8829368950437733	1	1.0
Ikzf1	CD4	relevant_vs_innate	relevant_peptide	innate_agonist	-0.08223871086129897	0.8186775676491392	0.8859260821346042	1	1.0
E2f2	CD4	relevant_vs_innate	relevant_peptide	innate_agonist	-0.06764707420534144	0.836940521061363	0.9024661134576263	1	1.0
Xbp1	CD4	relevant_vs_innate	relevant_peptide	innate_agonist	0.02355158929443002	0.840008611692502	0.9025624444781137	1	1.0
Tcf7	CD4	relevant_vs_innate	relevant_peptide	innate_agonist	0.042192096081038244	0.855312272867191	0.9157583698896073	1	1.0
Tcf7l1	CD4	relevant_vs_innate	relevant_peptide	innate_agonist	-0.04576740528918721	0.8596367252086623	0.9171476328810728	1	1.0
Neurod1	CD4	relevant_vs_innate	relevant_peptide	innate_agonist	0.025966905096510118	0.8783084492223622	0.9337805618048272	1	1.0
Hoxa9	CD4	relevant_vs_innate	relevant_peptide	innate_agonist	-0.041102528003699845	0.8886230094777645	0.9393764704313997	1	1.0
Mafb	CD4	relevant_vs_innate	relevant_peptide	innate_agonist	0.019910955651012863	0.896257508165451	0.9393764704313997	1	1.0
Mybl2	CD4	relevant_vs_innate	relevant_peptide	innate_agonist	0.044244385798103636	0.8964447031988525	0.9393764704313997	1	1.0
Nfe2l1	CD4	relevant_vs_innate	relevant_peptide	innate_agonist	-0.039302532604663654	0.8990731895218017	0.9393764704313997	1	1.0
Rxrb	CD4	relevant_vs_innate	relevant_peptide	innate_agonist	0.03631368079834796	0.8964626091725879	0.9393764704313997	1	1.0
Nfe2	CD4	relevant_vs_innate	relevant_peptide	innate_agonist	-0.08928362331693762	0.9042069598356782	0.9414938447773558	1	1.0
Zhx1	CD4	relevant_vs_innate	relevant_peptide	innate_agonist	0.010396392856650394	0.921087423456391	0.9557859222852277	1	1.0
Nr2c2	CD4	relevant_vs_innate	relevant_peptide	innate_agonist	0.014069580574830098	0.9270814655271371	0.9587224711765274	1	1.0
Hnf4g	CD4	relevant_vs_innate	relevant_peptide	innate_agonist	-0.03374120341725195	0.9312024125640919	0.9597086088670743	1	1.0
Pparg	CD4	relevant_vs_innate	relevant_peptide	innate_agonist	0.026249906146807334	0.9470160761140668	0.9694117265627102	1	1.0
Sox10	CD4	relevant_vs_innate	relevant_peptide	innate_agonist	-0.039972599515166296	0.9452643400632891	0.9694117265627102	1	1.0
Hoxb7	CD4	relevant_vs_innate	relevant_peptide	innate_agonist	0.021064795117013285	0.9529153619956459	0.9721661773894973	1	1.0
Foxo3	CD4	relevant_vs_innate	relevant_peptide	innate_agonist	0.013615419269843443	0.9626874082341672	0.9755661695483367	1	1.0
Rfx2	CD4	relevant_vs_innate	relevant_peptide	innate_agonist	-0.024537187549801942	0.9621270962856191	0.9755661695483367	1	1.0
Deaf1	CD4	relevant_vs_innate	relevant_peptide	innate_agonist	0.011560277000060015	0.9731290922776912	0.9763513740402001	1	1.0
Lhx4	CD4	relevant_vs_innate	relevant_peptide	innate_agonist	-0.005518290791331371	0.9703988622165325	0.9763513740402001	1	1.0
Zfp639	CD4	relevant_vs_innate	relevant_peptide	innate_agonist	-0.006320519238544264	0.9668645796009826	0.9763513740402001	1	1.0
Thap11	CD4	relevant_vs_innate	relevant_peptide	innate_agonist	-0.005093568506726598	0.9800511702730349	0.9800511702730349	1	1.0
Epas1	CD8	relevant_vs_innate	relevant_peptide	innate_agonist	-1.0167764582869836	0.0070610149577112116	0.5287447909512905	1	1.0
Fosl1	CD8	relevant_vs_innate	relevant_peptide	innate_agonist	-0.6582644648567682	0.017450323133705953	0.5287447909512905	1	1.0
Gli2	CD8	relevant_vs_innate	relevant_peptide	innate_agonist	0.4420678811856994	0.01733375952705038	0.5287447909512905	1	1.0
Mbd1	CD8	relevant_vs_innate	relevant_peptide	innate_agonist	0.2871507939942042	0.00865888423598046	0.5287447909512905	1	1.0
Nfia	CD8	relevant_vs_innate	relevant_peptide	innate_agonist	0.1480975606967353	0.011272326304749032	0.5287447909512905	1	1.0
Sp1	CD8	relevant_vs_innate	relevant_peptide	innate_agonist	-1.2646170022085261	0.011818905442665287	0.5287447909512905	1	1.0
Sp2	CD8	relevant_vs_innate	relevant_peptide	innate_agonist	0.6801563445015	0.009726096802043636	0.5287447909512905	1	1.0
Tfap2a	CD8	relevant_vs_innate	relevant_peptide	innate_agonist	-0.909127432513694	0.0024445584314216834	0.5287447909512905	1	1.0
Zfx	CD8	relevant_vs_innate	relevant_peptide	innate_agonist	-0.14528900509589704	0.015574034512055386	0.5287447909512905	1	1.0
Zfy2	CD8	relevant_vs_innate	relevant_peptide	innate_agonist	-0.14528900509589704	0.015574034512055386	0.5287447909512905	1	1.0
Rela	CD8	relevant_vs_innate	relevant_peptide	innate_agonist	-0.9703526379518763	0.02557930623969844	0.7045936173298752	1	1.0
Gfi1b	CD8	relevant_vs_innate	relevant_peptide	innate_agonist	0.5686596521604512	0.029711632351341895	0.7502187168713829	1	1.0
Ar	CD8	relevant_vs_innate	relevant_peptide	innate_agonist	-0.3321058980621192	0.24764893430901302	0.828631826713901	1	1.0
Arid2	CD8	relevant_vs_innate	relevant_peptide	innate_agonist	0.19497476829045013	0.21122412057573448	0.828631826713901	1	1.0
Arnt	CD8	relevant_vs_innate	relevant_peptide	innate_agonist	-0.24609657022637066	0.10722061704338749	0.828631826713901	1	1.0
Atf2	CD8	relevant_vs_innate	relevant_peptide	innate_agonist	-0.12968821415496024	0.12161213510593082	0.828631826713901	1	1.0
Atf3	CD8	relevant_vs_innate	relevant_peptide	innate_agonist	-0.0827497119529923	0.2562195079385148	0.828631826713901	1	1.0
Atf4	CD8	relevant_vs_innate	relevant_peptide	innate_agonist	-0.7360784398498783	0.11733722592169939	0.828631826713901	1	1.0
Atf6	CD8	relevant_vs_innate	relevant_peptide	innate_agonist	-0.37850659807938314	0.24953060166019625	0.828631826713901	1	1.0
Bach1	CD8	relevant_vs_innate	relevant_peptide	innate_agonist	0.17476999137551807	0.2669975900176387	0.828631826713901	1	1.0
Bcl11a	CD8	relevant_vs_innate	relevant_peptide	innate_agonist	0.4810385628757672	0.1692264297971604	0.828631826713901	1	1.0
Bhlhe40	CD8	relevant_vs_innate	relevant_peptide	innate_agonist	-0.25264593885260567	0.2277821715587064	0.828631826713901	1	1.0
Cebpa	CD8	relevant_vs_innate	relevant_peptide	innate_agonist	-0.6923862794012265	0.24884354098213401	0.828631826713901	1	1.0
Cebpb	CD8	relevant_vs_innate	relevant_peptide	innate_agonist	-0.4679090521120499	0.05121649926500916	0.828631826713901	1	1.0
Cebpd	CD8	relevant_vs_innate	relevant_peptide	innate_agonist	-0.9405345012074307	0.07514141515776265	0.828631826713901	1	1.0
Cebpg	CD8	relevant_vs_innate	relevant_peptide	innate_agonist	-0.37878085589817445	0.15889185175399578	0.828631826713901	1	1.0
Creb1	CD8	relevant_vs_innate	relevant_peptide	innate_agonist	-0.44911383696081764	0.18828350822089457	0.828631826713901	1	1.0
Creb3	CD8	relevant_vs_innate	relevant_peptide	innate_agonist	-0.30432264935325826	0.2094563681080156	0.828631826713901	1	1.0
Crem	CD8	relevant_vs_innate	relevant_peptide	innate_agonist	0.2346815576600676	0.08969106894071452	0.828631826713901	1	1.0
Ctcfl	CD8	relevant_vs_innate	relevant_peptide	innate_agonist	-0.15993154297412104	0.20367217407832905	0.828631826713901	1	1.0
Ehf	CD8	relevant_vs_innate	relevant_peptide	innate_agonist	0.15345417390788108	0.1615901508582558	0.828631826713901	1	1.0
Elk1	CD8	relevant_vs_innate	relevant_peptide	innate_agonist	0.28538246478077056	0.22523723461449408	0.828631826713901	1	1.0
Eomes	CD8	relevant_vs_innate	relevant_peptide	innate_agonist	0.4073458387957558	0.2136866551548846	0.828631826713901	1	1.0
Esr2	CD8	relevant_vs_innate	relevant_peptide	innate_agonist	-0.14165812992603577	0.23600834242691737	0.828631826713901	1	1.0
Ets1	CD8	relevant_vs_innate	relevant_peptide	innate_agonist	-0.8640359126153534	0.26857793570486377	0.828631826713901	1	1.0
Etv4	CD8	relevant_vs_innate	relevant_peptide	innate_agonist	-0.45494074267445406	0.24300062674733358	0.828631826713901	1	1.0
Etv6	CD8	relevant_vs_innate	relevant_peptide	innate_agonist	-0.05080212781865612	0.2359337322515731	0.828631826713901	1	1.0
Fosl2	CD8	relevant_vs_innate	relevant_peptide	innate_agonist	-0.23421089454627886	0.12692813733202993	0.828631826713901	1	1.0
Foxl2	CD8	relevant_vs_innate	relevant_peptide	innate_agonist	-0.2545834246937859	0.0916464119907647	0.828631826713901	1	1.0
Foxo4	CD8	relevant_vs_innate	relevant_peptide	innate_agonist	-0.4382379460683321	0.12694219401888002	0.828631826713901	1	1.0
Foxp2	CD8	relevant_vs_innate	relevant_peptide	innate_agonist	-0.18334858096077333	0.2601844930827071	0.828631826713901	1	1.0
Gabpa	CD8	relevant_vs_innate	relevant_peptide	innate_agonist	-0.0841667497935994	0.17352796907850587	0.828631826713901	1	1.0
Gata1	CD8	relevant_vs_innate	relevant_peptide	innate_agonist	0.5674578139078319	0.08194031622455286	0.828631826713901	1	1.0
Hes1	CD8	relevant_vs_innate	relevant_peptide	innate_agonist	0.4643125625597731	0.17606447756072263	0.828631826713901	1	1.0
Hic1	CD8	relevant_vs_innate	relevant_peptide	innate_agonist	0.29941022447526755	0.2722459237347693	0.828631826713901	1	1.0
Hif1a	CD8	relevant_vs_innate	relevant_peptide	innate_agonist	-1.3314193456612529	0.06560800926308215	0.828631826713901	1	1.0
Hmbox1	CD8	relevant_vs_innate	relevant_peptide	innate_agonist	0.46461554267437144	0.15819381341529648	0.828631826713901	1	1.0
Hoxa9	CD8	relevant_vs_innate	relevant_peptide	innate_agonist	0.2136910116458628	0.25557435731475786	0.828631826713901	1	1.0
Irf3	CD8	relevant_vs_innate	relevant_peptide	innate_agonist	-0.250072598427165	0.1854324777018943	0.828631826713901	1	1.0
Jun	CD8	relevant_vs_innate	relevant_peptide	innate_agonist	-0.7469281445348814	0.16386598699138877	0.828631826713901	1	1.0
Jund	CD8	relevant_vs_innate	relevant_peptide	innate_agonist	0.17584278070294967	0.2642029029999734	0.828631826713901	1	1.0
Kdm5b	CD8	relevant_vs_innate	relevant_peptide	innate_agonist	0.1887971257304386	0.19221949908807345	0.828631826713901	1	1.0
Klf1	CD8	relevant_vs_innate	relevant_peptide	innate_agonist	0.4638307632805603	0.07562191317626146	0.828631826713901	1	1.0
Klf13	CD8	relevant_vs_innate	relevant_peptide	innate_agonist	0.13554992338103578	0.11984667420843947	0.828631826713901	1	1.0
Klf5	CD8	relevant_vs_innate	relevant_peptide	innate_agonist	-0.46614541947989885	0.113377724558025	0.828631826713901	1	1.0
Klf9	CD8	relevant_vs_innate	relevant_peptide	innate_agonist	-0.1504845375118693	0.19257895241038625	0.828631826713901	1	1.0
Lef1	CD8	relevant_vs_innate	relevant_peptide	innate_agonist	-0.23749578120055181	0.08748728185957691	0.828631826713901	1	1.0
Lhx2	CD8	relevant_vs_innate	relevant_peptide	innate_agonist	-0.3977892101932583	0.19250991419008967	0.828631826713901	1	1.0
Lhx4	CD8	relevant_vs_innate	relevant_peptide	innate_agonist	-0.12348587858701632	0.12535889730721733	0.828631826713901	1	1.0
Ncoa1	CD8	relevant_vs_innate	relevant_peptide	innate_agonist	0.36100544478163865	0.27329701205154366	0.828631826713901	1	1.0
Nfatc2	CD8	relevant_vs_innate	relevant_peptide	innate_agonist	0.15537190811725846	0.10616761886581025	0.828631826713901	1	1.0
Nfe2l1	CD8	relevant_vs_innate	relevant_peptide	innate_agonist	0.3417784705667568	0.2417576728980524	0.828631826713901	1	1.0
Nfkb1	CD8	relevant_vs_innate	relevant_peptide	innate_agonist	-1.0050977412514754	0.049505160514859516	0.828631826713901	1	1.0
Nfya	CD8	relevant_vs_innate	relevant_peptide	innate_agonist	-0.34034341654612277	0.08600172426031696	0.828631826713901	1	1.0
Nfyb	CD8	relevant_vs_innate	relevant_peptide	innate_agonist	-0.34646050607798173	0.19418270929835701	0.828631826713901	1	1.0
Nr1i2	CD8	relevant_vs_innate	relevant_peptide	innate_agonist	-0.15863817515262046	0.06775091367958781	0.828631826713901	1	1.0
Nr3c1	CD8	relevant_vs_innate	relevant_peptide	innate_agonist	0.46157458133223983	0.169178943249792	0.828631826713901	1	1.0
Nr4a1	CD8	relevant_vs_innate	relevant_peptide	innate_agonist	0.45508229316769455	0.03794102595396798	0.828631826713901	1	1.0
Pax6	CD8	relevant_vs_innate	relevant_peptide	innate_agonist	-0.35585785639170586	0.16423462958994872	0.828631826713901	1	1.0
Pdx1	CD8	relevant_vs_innate	relevant_peptide	innate_agonist	0.09448369132819412	0.24492291627296936	0.828631826713901	1	1.0
Ppara	CD8	relevant_vs_innate	relevant_peptide	innate_agonist	0.37638038906093463	0.23005454901065536	0.828631826713901	1	1.0
Pparg	CD8	relevant_vs_innate	relevant_peptide	innate_agonist	0.37250182894024375	0.16415342395182275	0.828631826713901	1	1.0
Rbpj	CD8	relevant_vs_innate	relevant_peptide	innate_agonist	-0.18158721119839516	0.27163378511859737	0.828631826713901	1	1.0
Rel	CD8	relevant_vs_innate	relevant_peptide	innate_agonist	-0.1608664988838564	0.12179967961159108	0.828631826713901	1	1.0
Rfx2	CD8	relevant_vs_innate	relevant_peptide	innate_agonist	0.2694147486108247	0.10408099364370925	0.828631826713901	1	1.0
Six5	CD8	relevant_vs_innate	relevant_peptide	innate_agonist	0.3968669823227202	0.07301943487042384	0.828631826713901	1	1.0
Smad1	CD8	relevant_vs_innate	relevant_peptide	innate_agonist	-0.4215250770533796	0.2338507307841733	0.828631826713901	1	1.0
Smad3	CD8	relevant_vs_innate	relevant_peptide	innate_agonist	-0.5547538560073217	0.2695287198220523	0.828631826713901	1	1.0
Snai2	CD8	relevant_vs_innate	relevant_peptide	innate_agonist	-0.47211651110310804	0.09126102080990225	0.828631826713901	1	1.0
Sox11	CD8	relevant_vs_innate	relevant_peptide	innate_agonist	0.21696885171685376	0.17979333324657354	0.828631826713901	1	1.0
Sp3	CD8	relevant_vs_innate	relevant_peptide	innate_agonist	-0.4176494623456436	0.18870717178288687	0.828631826713901	1	1.0
Sp4	CD8	relevant_vs_innate	relevant_peptide	innate_agonist	-0.22146794059736408	0.1989004671106146	0.828631826713901	1	1.0
Srebf1	CD8	relevant_vs_innate	relevant_peptide	innate_agonist	-0.3704253709051759	0.16847842789339773	0.828631826713901	1	1.0
Stat3	CD8	relevant_vs_innate	relevant_peptide	innate_agonist	-0.845917546451652	0.1824272417883065	0.828631826713901	1	1.0
Stat4	CD8	relevant_vs_innate	relevant_peptide	innate_agonist	-0.5024485658441806	0.252349565488205	0.828631826713901	1	1.0
Stat5a	CD8	relevant_vs_innate	relevant_peptide	innate_agonist	0.0852698377223442	0.12944719183435666	0.828631826713901	1	1.0
Tbp	CD8	relevant_vs_innate	relevant_peptide	innate_agonist	-0.5954826919251248	0.04044710776416845	0.828631826713901	1	1.0
Tead4	CD8	relevant_vs_innate	relevant_peptide	innate_agonist	-0.5348002422016087	0.19434279322129167	0.828631826713901	1	1.0
Tgif2	CD8	relevant_vs_innate	relevant_peptide	innate_agonist	0.06284538861911404	0.20728628079586842	0.828631826713901	1	1.0
Trp63	CD8	relevant_vs_innate	relevant_peptide	innate_agonist	-0.572188202492123	0.17636492710562357	0.828631826713901	1	1.0
Twist1	CD8	relevant_vs_innate	relevant_peptide	innate_agonist	-0.3642994935635979	0.08772117147336268	0.828631826713901	1	1.0
Usf1	CD8	relevant_vs_innate	relevant_peptide	innate_agonist	-0.30404515316737957	0.2255614881318483	0.828631826713901	1	1.0
Usf2	CD8	relevant_vs_innate	relevant_peptide	innate_agonist	-0.13662196877031185	0.17334682830646986	0.828631826713901	1	1.0
Wt1	CD8	relevant_vs_innate	relevant_peptide	innate_agonist	-0.1836770540930166	0.13298823680614885	0.828631826713901	1	1.0
Zc3h8	CD8	relevant_vs_innate	relevant_peptide	innate_agonist	0.389122441544723	0.054463147048531835	0.828631826713901	1	1.0
Zfp143	CD8	relevant_vs_innate	relevant_peptide	innate_agonist	0.23148109914228066	0.23591247837882656	0.828631826713901	1	1.0
Zfp24	CD8	relevant_vs_innate	relevant_peptide	innate_agonist	0.2934333773445261	0.22830244397194044	0.828631826713901	1	1.0
Zfp740	CD8	relevant_vs_innate	relevant_peptide	innate_agonist	-0.21023856590790846	0.2734758504006274	0.828631826713901	1	1.0
Zhx2	CD8	relevant_vs_innate	relevant_peptide	innate_agonist	0.29468186977515387	0.12841903290331128	0.828631826713901	1	1.0
Zkscan1	CD8	relevant_vs_innate	relevant_peptide	innate_agonist	-0.40320027418884763	0.18687100952177116	0.828631826713901	1	1.0
E2f7	CD8	relevant_vs_innate	relevant_peptide	innate_agonist	-0.3216070789578964	0.2774103073208606	0.8322309219625817	1	1.0
Foxk1	CD8	relevant_vs_innate	relevant_peptide	innate_agonist	-0.16596329984012215	0.2962734743893427	0.8468949315091588	1	1.0
Hinfp	CD8	relevant_vs_innate	relevant_peptide	innate_agonist	-0.22659912674212102	0.29491039963974497	0.8468949315091588	1	1.0
Hnf1b	CD8	relevant_vs_innate	relevant_peptide	innate_agonist	0.24201553961381572	0.29558720170660546	0.8468949315091588	1	1.0
Hoxb13	CD8	relevant_vs_innate	relevant_peptide	innate_agonist	0.3855419484010363	0.2902832126120968	0.8468949315091588	1	1.0
Nr1h4	CD8	relevant_vs_innate	relevant_peptide	innate_agonist	-0.08589420403549042	0.2910807678164039	0.8468949315091588	1	1.0
Creb3l1	CD8	relevant_vs_innate	relevant_peptide	innate_agonist	-0.15994965104671266	0.30361414015590826	0.8479272777829575	1	1.0
Nr2f6	CD8	relevant_vs_innate	relevant_peptide	innate_agonist	-0.17373550827007378	0.30502994481301116	0.8479272777829575	1	1.0
Nrf1	CD8	relevant_vs_innate	relevant_peptide	innate_agonist	0.024309888831096416	0.30195541905113754	0.8479272777829575	1	1.0
Atf1	CD8	relevant_vs_innate	relevant_peptide	innate_agonist	-0.2996948902940293	0.3131280870973686	0.86050839367525	1	1.0
Srebf2	CD8	relevant_vs_innate	relevant_peptide	innate_agonist	-0.5125235113931721	0.3152357481780619	0.86050839367525	1	1.0
Zfp592	CD8	relevant_vs_innate	relevant_peptide	innate_agonist	0.24345740193162246	0.31881765952964847	0.8625156324775312	1	1.0
Erg	CD8	relevant_vs_innate	relevant_peptide	innate_agonist	-0.5670195360192114	0.32916572624196017	0.8672801308809908	1	1.0
Ncoa3	CD8	relevant_vs_innate	relevant_peptide	innate_agonist	0.3566537264307126	0.3279716111582832	0.8672801308809908	1	1.0
Tcf7l1	CD8	relevant_vs_innate	relevant_peptide	innate_agonist	-0.18515526591190423	0.32776439669151614	0.8672801308809908	1	1.0
Bcl6	CD8	relevant_vs_innate	relevant_peptide	innate_agonist	-0.11727410557022244	0.4146596732554658	0.8673795532938999	1	1.0
Bhlhe22	CD8	relevant_vs_innate	relevant_peptide	innate_agonist	-0.2052783680774679	0.4136374475458391	0.8673795532938999	1	1.0
Bmal1	CD8	relevant_vs_innate	relevant_peptide	innate_agonist	0.5052579554862326	0.3523033612540375	0.8673795532938999	1	1.0
Cebpe	CD8	relevant_vs_innate	relevant_peptide	innate_agonist	0.09281805364138718	0.5208915843728302	0.8673795532938999	1	1.0
Duxbl1	CD8	relevant_vs_innate	relevant_peptide	innate_agonist	0.26263926723578157	0.4390108256317973	0.8673795532938999	1	1.0
E2f3	CD8	relevant_vs_innate	relevant_peptide	innate_agonist	-0.6493481684870472	0.5012413554959261	0.8673795532938999	1	1.0
E2f5	CD8	relevant_vs_innate	relevant_peptide	innate_agonist	-0.3595805915011816	0.3407010411843916	0.8673795532938999	1	1.0
Egr1	CD8	relevant_vs_innate	relevant_peptide	innate_agonist	-0.38634405376984304	0.3570978653779703	0.8673795532938999	1	1.0
Esrra	CD8	relevant_vs_innate	relevant_peptide	innate_agonist	0.23898705438650403	0.49011395343286	0.8673795532938999	1	1.0
Ets2	CD8	relevant_vs_innate	relevant_peptide	innate_agonist	-0.38445050568771233	0.47116954801067357	0.8673795532938999	1	1.0
Foxa1	CD8	relevant_vs_innate	relevant_peptide	innate_agonist	0.5412422171489588	0.5227498458233952	0.8673795532938999	1	1.0
Foxk2	CD8	relevant_vs_innate	relevant_peptide	innate_agonist	-0.1116086699579899	0.502810867274857	0.8673795532938999	1	1.0
Foxm1	CD8	relevant_vs_innate	relevant_peptide	innate_agonist	-0.6021728688477799	0.5137945128408197	0.8673795532938999	1	1.0
Gata2	CD8	relevant_vs_innate	relevant_peptide	innate_agonist	0.5734511858701623	0.5238628985240386	0.8673795532938999	1	1.0
Grhl2	CD8	relevant_vs_innate	relevant_peptide	innate_agonist	-0.2629362585365276	0.4902259960927454	0.8673795532938999	1	1.0
Hoxb7	CD8	relevant_vs_innate	relevant_peptide	innate_agonist	0.5060789963892833	0.40580449600674695	0.8673795532938999	1	1.0
Ikzf1	CD8	relevant_vs_innate	relevant_peptide	innate_agonist	0.17647270780205027	0.39477494694150006	0.8673795532938999	1	1.0
Irf1	CD8	relevant_vs_innate	relevant_peptide	innate_agonist	-0.2794120537806499	0.4756278958626805	0.8673795532938999	1	1.0
Irf8	CD8	relevant_vs_innate	relevant_peptide	innate_agonist	-0.34779350005826765	0.3354867605589933	0.8673795532938999	1	1.0
Junb	CD8	relevant_vs_innate	relevant_peptide	innate_agonist	-0.3853744664556098	0.36751501635326467	0.8673795532938999	1	1.0
Klf4	CD8	relevant_vs_innate	relevant_peptide	innate_agonist	-0.046754488218350154	0.46960762816660806	0.8673795532938999	1	1.0
Klf6	CD8	relevant_vs_innate	relevant_peptide	innate_agonist	0.11081680189854914	0.5150280959554534	0.8673795532938999	1	1.0
Mafk	CD8	relevant_vs_innate	relevant_peptide	innate_agonist	-0.16770631569167982	0.441538578475569	0.8673795532938999	1	1.0
Mef2a	CD8	relevant_vs_innate	relevant_peptide	innate_agonist	0.4518518762459891	0.45286034698042	0.8673795532938999	1	1.0
Mef2c	CD8	relevant_vs_innate	relevant_peptide	innate_agonist	0.3753188759446573	0.5172914102266977	0.8673795532938999	1	1.0
Meis1	CD8	relevant_vs_innate	relevant_peptide	innate_agonist	0.2610991644428644	0.43894666725447995	0.8673795532938999	1	1.0
Mynn	CD8	relevant_vs_innate	relevant_peptide	innate_agonist	0.07374141859008798	0.46121652962915505	0.8673795532938999	1	1.0
Myod1	CD8	relevant_vs_innate	relevant_peptide	innate_agonist	0.28187454010158763	0.4357618168430536	0.8673795532938999	1	1.0
Nanog	CD8	relevant_vs_innate	relevant_peptide	innate_agonist	0.20684056677462587	0.45582439979342126	0.8673795532938999	1	1.0
Neurod1	CD8	relevant_vs_innate	relevant_peptide	innate_agonist	-0.09902408215294933	0.5073300392797868	0.8673795532938999	1	1.0
Nfe2	CD8	relevant_vs_innate	relevant_peptide	innate_agonist	0.5552730472045964	0.3473028729623948	0.8673795532938999	1	1.0
Nfkb2	CD8	relevant_vs_innate	relevant_peptide	innate_agonist	0.05798144900774371	0.4006144803534555	0.8673795532938999	1	1.0
Nr2f2	CD8	relevant_vs_innate	relevant_peptide	innate_agonist	-0.2959839211212181	0.5179704460899675	0.8673795532938999	1	1.0
Pax5	CD8	relevant_vs_innate	relevant_peptide	innate_agonist	-0.06333925976924881	0.4121932729721829	0.8673795532938999	1	1.0
Pax8	CD8	relevant_vs_innate	relevant_peptide	innate_agonist	0.11271637306666682	0.3995799507764308	0.8673795532938999	1	1.0
Pbx2	CD8	relevant_vs_innate	relevant_peptide	innate_agonist	0.28843540694088965	0.49460864279471317	0.8673795532938999	1	1.0
Pgr	CD8	relevant_vs_innate	relevant_peptide	innate_agonist	0.38930445699632443	0.38024132171701197	0.8673795532938999	1	1.0
Pknox1	CD8	relevant_vs_innate	relevant_peptide	innate_agonist	0.3088314365523894	0.5003713634381926	0.8673795532938999	1	1.0
Pou5f1	CD8	relevant_vs_innate	relevant_peptide	innate_agonist	0.3996523423083791	0.4168441421378173	0.8673795532938999	1	1.0
Prox1	CD8	relevant_vs_innate	relevant_peptide	innate_agonist	0.14952068636263016	0.41823915315969395	0.8673795532938999	1	1.0
Rarg	CD8	relevant_vs_innate	relevant_peptide	innate_agonist	-0.13974543599742473	0.5048630082593379	0.8673795532938999	1	1.0
Relb	CD8	relevant_vs_innate	relevant_peptide	innate_agonist	-0.12585479170653358	0.513454531260997	0.8673795532938999	1	1.0
Rest	CD8	relevant_vs_innate	relevant_peptide	innate_agonist	-0.20536396981873084	0.501552606224787	0.8673795532938999	1	1.0
Rfx1	CD8	relevant_vs_innate	relevant_peptide	innate_agonist	0.1832491339140312	0.4819539575003192	0.8673795532938999	1	1.0
Rfx5	CD8	relevant_vs_innate	relevant_peptide	innate_agonist	0.10402845893795298	0.4189717314855512	0.8673795532938999	1	1.0
Runx3	CD8	relevant_vs_innate	relevant_peptide	innate_agonist	0.48473588079924923	0.4513839723660583	0.8673795532938999	1	1.0
Rxrb	CD8	relevant_vs_innate	relevant_peptide	innate_agonist	0.1514032318768906	0.34385211784204417	0.8673795532938999	1	1.0
Rxrg	CD8	relevant_vs_innate	relevant_peptide	innate_agonist	0.1406333569649132	0.35302650119852663	0.8673795532938999	1	1.0
Satb1	CD8	relevant_vs_innate	relevant_peptide	innate_agonist	0.2634164841301585	0.3565793092634789	0.8673795532938999	1	1.0
Smad4	CD8	relevant_vs_innate	relevant_peptide	innate_agonist	-0.30631724680473393	0.48277188949988925	0.8673795532938999	1	1.0
Sox10	CD8	relevant_vs_innate	relevant_peptide	innate_agonist	0.17456282694945857	0.4675384821935653	0.8673795532938999	1	1.0
Sox13	CD8	relevant_vs_innate	relevant_peptide	innate_agonist	-0.18741167743768106	0.40359572732700333	0.8673795532938999	1	1.0
Sox2	CD8	relevant_vs_innate	relevant_peptide	innate_agonist	0.49964516298594397	0.48517021130743543	0.8673795532938999	1	1.0
Sox6	CD8	relevant_vs_innate	relevant_peptide	innate_agonist	0.14322297496178038	0.46056912797473915	0.8673795532938999	1	1.0
Spib	CD8	relevant_vs_innate	relevant_peptide	innate_agonist	0.3069973194659914	0.4547417770036032	0.8673795532938999	1	1.0
Srf	CD8	relevant_vs_innate	relevant_peptide	innate_agonist	-0.14292988719226685	0.47152413572635055	0.8673795532938999	1	1.0
Stat1	CD8	relevant_vs_innate	relevant_peptide	innate_agonist	-0.5770121105858337	0.5027420726001689	0.8673795532938999	1	1.0
Stat2	CD8	relevant_vs_innate	relevant_peptide	innate_agonist	-0.6152751325193755	0.3612648889384822	0.8673795532938999	1	1.0
Trp53	CD8	relevant_vs_innate	relevant_peptide	innate_agonist	-0.6304848548616988	0.37908541953451347	0.8673795532938999	1	1.0
Ybx1	CD8	relevant_vs_innate	relevant_peptide	innate_agonist	-0.09003447558535616	0.42506813864628323	0.8673795532938999	1	1.0
Yy1	CD8	relevant_vs_innate	relevant_peptide	innate_agonist	0.11716411017902173	0.38033792250032705	0.8673795532938999	1	1.0
Zbtb11	CD8	relevant_vs_innate	relevant_peptide	innate_agonist	-0.10988100024505698	0.38055933711963175	0.8673795532938999	1	1.0
Zeb2	CD8	relevant_vs_innate	relevant_peptide	innate_agonist	-0.09573246682132819	0.4504963728724728	0.8673795532938999	1	1.0
Zfp110	CD8	relevant_vs_innate	relevant_peptide	innate_agonist	0.18782637709977612	0.45599763711397434	0.8673795532938999	1	1.0
Zfp217	CD8	relevant_vs_innate	relevant_peptide	innate_agonist	-0.2789701214460951	0.39337741622304423	0.8673795532938999	1	1.0
Zfp369	CD8	relevant_vs_innate	relevant_peptide	innate_agonist	0.18782637709977612	0.45599763711397434	0.8673795532938999	1	1.0
Zfp644	CD8	relevant_vs_innate	relevant_peptide	innate_agonist	-0.024325931739565654	0.5130487959224994	0.8673795532938999	1	1.0
Zhx1	CD8	relevant_vs_innate	relevant_peptide	innate_agonist	0.10336641453661333	0.5063198397217686	0.8673795532938999	1	1.0
Elf5	CD8	relevant_vs_innate	relevant_peptide	innate_agonist	-0.0336606736635261	0.5386864242800029	0.8722039574389125	1	1.0
Meis2	CD8	relevant_vs_innate	relevant_peptide	innate_agonist	0.30717769042725074	0.5447963667844635	0.8722039574389125	1	1.0
Mybl2	CD8	relevant_vs_innate	relevant_peptide	innate_agonist	-0.20626989035976884	0.5388578698350495	0.8722039574389125	1	1.0
Ncoa2	CD8	relevant_vs_innate	relevant_peptide	innate_agonist	0.18614363324278926	0.5490377225317877	0.8722039574389125	1	1.0
Runx1	CD8	relevant_vs_innate	relevant_peptide	innate_agonist	0.4841767955849079	0.5351555149983684	0.8722039574389125	1	1.0
Snai1	CD8	relevant_vs_innate	relevant_peptide	innate_agonist	-0.29961218188692823	0.5498051348872353	0.8722039574389125	1	1.0
Tal1	CD8	relevant_vs_innate	relevant_peptide	innate_agonist	0.574628978262858	0.5412155672627355	0.8722039574389125	1	1.0
Tfdp1	CD8	relevant_vs_innate	relevant_peptide	innate_agonist	-0.8903215325610372	0.5459720306274733	0.8722039574389125	1	1.0
Arid3a	CD8	relevant_vs_innate	relevant_peptide	innate_agonist	0.06419003418117608	0.560431304673005	0.8799589122500454	1	1.0
E2f1	CD8	relevant_vs_innate	relevant_peptide	innate_agonist	-0.7109182322581411	0.5651343077230624	0.8799589122500454	1	1.0
Maf	CD8	relevant_vs_innate	relevant_peptide	innate_agonist	0.19474172981867177	0.5633789762169403	0.8799589122500454	1	1.0
Runx2	CD8	relevant_vs_innate	relevant_peptide	innate_agonist	-0.1603543363690969	0.5684753753914317	0.8799589122500454	1	1.0
Tcf7	CD8	relevant_vs_innate	relevant_peptide	innate_agonist	0.18208899761725483	0.5692143458779171	0.8799589122500454	1	1.0
Atf7	CD8	relevant_vs_innate	relevant_peptide	innate_agonist	0.09416293317373103	0.6190491620661225	0.8812429875976787	1	1.0
E2f4	CD8	relevant_vs_innate	relevant_peptide	innate_agonist	-1.103133011213167	0.617151432378998	0.8812429875976787	1	1.0
Klf3	CD8	relevant_vs_innate	relevant_peptide	innate_agonist	0.2229511939112514	0.5900650765709994	0.8812429875976787	1	1.0
Mnt	CD8	relevant_vs_innate	relevant_peptide	innate_agonist	0.175568535469381	0.6034480021363364	0.8812429875976787	1	1.0
Mxi1	CD8	relevant_vs_innate	relevant_peptide	innate_agonist	0.12790449315760988	0.5865142828365514	0.8812429875976787	1	1.0
Nfe2l2	CD8	relevant_vs_innate	relevant_peptide	innate_agonist	-0.172024526894055	0.5849384453734116	0.8812429875976787	1	1.0
Nr2c2	CD8	relevant_vs_innate	relevant_peptide	innate_agonist	-0.19222929342895156	0.5986714090653813	0.8812429875976787	1	1.0
Nr5a1	CD8	relevant_vs_innate	relevant_peptide	innate_agonist	0.10310432237068246	0.5890967033661691	0.8812429875976787	1	1.0
Pbx3	CD8	relevant_vs_innate	relevant_peptide	innate_agonist	-0.29167704472095757	0.5984816245073552	0.8812429875976787	1	1.0
Pou2f2	CD8	relevant_vs_innate	relevant_peptide	innate_agonist	-0.3496304843970268	0.5771022760778961	0.8812429875976787	1	1.0
Prdm14	CD8	relevant_vs_innate	relevant_peptide	innate_agonist	0.160163667675155	0.619487644746883	0.8812429875976787	1	1.0
Rarb	CD8	relevant_vs_innate	relevant_peptide	innate_agonist	-0.09422259447676812	0.5944154131564829	0.8812429875976787	1	1.0
Stat5b	CD8	relevant_vs_innate	relevant_peptide	innate_agonist	-0.06553592355556859	0.5900790974365632	0.8812429875976787	1	1.0
Tcf7l2	CD8	relevant_vs_innate	relevant_peptide	innate_agonist	-0.04684082444838378	0.6100960673126494	0.8812429875976787	1	1.0
Thap1	CD8	relevant_vs_innate	relevant_peptide	innate_agonist	-0.14258675220749062	0.6054928405469128	0.8812429875976787	1	1.0
Zbtb7a	CD8	relevant_vs_innate	relevant_peptide	innate_agonist	-0.130295941885608	0.6090378088188706	0.8812429875976787	1	1.0
Zfp639	CD8	relevant_vs_innate	relevant_peptide	innate_agonist	-0.04546394013586941	0.6132699749202397	0.8812429875976787	1	1.0
Gata3	CD8	relevant_vs_innate	relevant_peptide	innate_agonist	0.4125959785956752	0.6264902142367454	0.886148918462134	1	1.0
Vdr	CD8	relevant_vs_innate	relevant_peptide	innate_agonist	-0.019969095894239786	0.6287855362025043	0.886148918462134	1	1.0
Hnf4g	CD8	relevant_vs_innate	relevant_peptide	innate_agonist	0.09784710889066606	0.6326871902773878	0.8875195308057802	1	1.0
Foxj2	CD8	relevant_vs_innate	relevant_peptide	innate_agonist	0.039489134452410646	0.6455075378818679	0.8949616058674881	1	1.0
Hhex	CD8	relevant_vs_innate	relevant_peptide	innate_agonist	0.04734570277135941	0.6444606820724824	0.8949616058674881	1	1.0
Irf9	CD8	relevant_vs_innate	relevant_peptide	innate_agonist	-0.21924050828175545	0.6498771878932388	0.8949616058674881	1	1.0
Nr1h3	CD8	relevant_vs_innate	relevant_peptide	innate_agonist	-0.14575302087167996	0.6527607752366826	0.8949616058674881	1	1.0
Snapc4	CD8	relevant_vs_innate	relevant_peptide	innate_agonist	0.13209468864805807	0.648788874411848	0.8949616058674881	1	1.0
Irf4	CD8	relevant_vs_innate	relevant_peptide	innate_agonist	-0.16630024407147204	0.6558736011448931	0.8951788339950568	1	1.0
Gata6	CD8	relevant_vs_innate	relevant_peptide	innate_agonist	0.007313015132915712	0.6670460641942282	0.8998602903701708	1	1.0
Hnf1a	CD8	relevant_vs_innate	relevant_peptide	innate_agonist	-0.04634700408708703	0.6681774955532054	0.8998602903701708	1	1.0
Tbx21	CD8	relevant_vs_innate	relevant_peptide	innate_agonist	0.19918837559943725	0.6682130869085426	0.8998602903701708	1	1.0
Hsf1	CD8	relevant_vs_innate	relevant_peptide	innate_agonist	-0.051159919770672246	0.6820796838693752	0.9129391706182088	1	1.0
Maz	CD8	relevant_vs_innate	relevant_peptide	innate_agonist	0.09629018080755536	0.6839511278228825	0.9129391706182088	1	1.0
Elf1	CD8	relevant_vs_innate	relevant_peptide	innate_agonist	0.10724907538975259	0.6888329379292846	0.9154227201428651	1	1.0
Ascl1	CD8	relevant_vs_innate	relevant_peptide	innate_agonist	0.1369454923813711	0.705199689761085	0.921813436968091	1	1.0
Cdx2	CD8	relevant_vs_innate	relevant_peptide	innate_agonist	-0.02339774836670716	0.703681015533721	0.921813436968091	1	1.0
Mafg	CD8	relevant_vs_innate	relevant_peptide	innate_agonist	-0.13593449071450703	0.7058109484376143	0.921813436968091	1	1.0
Nr1h2	CD8	relevant_vs_innate	relevant_peptide	innate_agonist	-0.10368695959508756	0.7005170415979753	0.921813436968091	1	1.0
Mef2b	CD8	relevant_vs_innate	relevant_peptide	innate_agonist	0.10433592840209105	0.7188004588109105	0.9259948698691408	1	1.0
Mef2bl	CD8	relevant_vs_innate	relevant_peptide	innate_agonist	0.10433592840209105	0.7188004588109105	0.9259948698691408	1	1.0
Nr2f1	CD8	relevant_vs_innate	relevant_peptide	innate_agonist	-0.18245920581046615	0.7131834321320814	0.9259948698691408	1	1.0
Tfap2c	CD8	relevant_vs_innate	relevant_peptide	innate_agonist	0.31467171267436456	0.7212369283469215	0.9259948698691408	1	1.0
Zfp384	CD8	relevant_vs_innate	relevant_peptide	innate_agonist	0.05676944461971267	0.7244266716628992	0.9261657447842129	1	1.0
E2f2	CD8	relevant_vs_innate	relevant_peptide	innate_agonist	-0.4012169728965258	0.737545232536869	0.9323409739116039	1	1.0
Nfic	CD8	relevant_vs_innate	relevant_peptide	innate_agonist	-0.07812288382848909	0.7352929470112849	0.9323409739116039	1	1.0
Spi1	CD8	relevant_vs_innate	relevant_peptide	innate_agonist	-0.3064827683001283	0.7384879001280031	0.9323409739116039	1	1.0
Deaf1	CD8	relevant_vs_innate	relevant_peptide	innate_agonist	-0.022928342121691703	0.7784167807497598	0.9359535101872113	1	1.0
Ebf1	CD8	relevant_vs_innate	relevant_peptide	innate_agonist	-0.1175580271839447	0.7759604509746951	0.9359535101872113	1	1.0
Elf3	CD8	relevant_vs_innate	relevant_peptide	innate_agonist	-0.09804469518785375	0.7704053752806147	0.9359535101872113	1	1.0
Foxa3	CD8	relevant_vs_innate	relevant_peptide	innate_agonist	0.01975167358098573	0.747891950745342	0.9359535101872113	1	1.0
Mbd2	CD8	relevant_vs_innate	relevant_peptide	innate_agonist	-0.13377057409192433	0.7549493881566163	0.9359535101872113	1	1.0
Myb	CD8	relevant_vs_innate	relevant_peptide	innate_agonist	-0.07594322979420909	0.7722590606821811	0.9359535101872113	1	1.0
Myc	CD8	relevant_vs_innate	relevant_peptide	innate_agonist	-0.23893262822751637	0.7747609952481221	0.9359535101872113	1	1.0
Nr5a2	CD8	relevant_vs_innate	relevant_peptide	innate_agonist	0.023152549503825615	0.7557084775525084	0.9359535101872113	1	1.0
Sox9	CD8	relevant_vs_innate	relevant_peptide	innate_agonist	0.02814388884242991	0.7637341886943625	0.9359535101872113	1	1.0
Xbp1	CD8	relevant_vs_innate	relevant_peptide	innate_agonist	0.017239738695936424	0.7586496329765812	0.9359535101872113	1	1.0
Zbtb33	CD8	relevant_vs_innate	relevant_peptide	innate_agonist	-0.021910311055579612	0.7775221131742309	0.9359535101872113	1	1.0
Zeb1	CD8	relevant_vs_innate	relevant_peptide	innate_agonist	0.011100562462309504	0.7779341025422085	0.9359535101872113	1	1.0
Ctcf	CD8	relevant_vs_innate	relevant_peptide	innate_agonist	0.09353151910174162	0.789788750067692	0.9362805827871137	1	1.0
Otx2	CD8	relevant_vs_innate	relevant_peptide	innate_agonist	-0.02670907568987957	0.7897835883112407	0.9362805827871137	1	1.0
Stat6	CD8	relevant_vs_innate	relevant_peptide	innate_agonist	0.02748786398048164	0.7910489412326769	0.9362805827871137	1	1.0
Tcf4	CD8	relevant_vs_innate	relevant_peptide	innate_agonist	0.06283997272336883	0.7828358820651158	0.9362805827871137	1	1.0
Clock	CD8	relevant_vs_innate	relevant_peptide	innate_agonist	0.06721706469704802	0.8304425102775297	0.9424122869441629	1	1.0
Cux1	CD8	relevant_vs_innate	relevant_peptide	innate_agonist	-0.05342678801284784	0.8281334043225513	0.9424122869441629	1	1.0
Elk4	CD8	relevant_vs_innate	relevant_peptide	innate_agonist	0.042054096592639034	0.8183073787360595	0.9424122869441629	1	1.0
Foxa2	CD8	relevant_vs_innate	relevant_peptide	innate_agonist	0.12135810536777303	0.816227591248268	0.9424122869441629	1	1.0
Foxo3	CD8	relevant_vs_innate	relevant_peptide	innate_agonist	0.04879535523707901	0.8295470951792029	0.9424122869441629	1	1.0
Hbp1	CD8	relevant_vs_innate	relevant_peptide	innate_agonist	0.0816295320823448	0.803101187774999	0.9424122869441629	1	1.0
Irf2	CD8	relevant_vs_innate	relevant_peptide	innate_agonist	-0.054214674096352056	0.8245088549876245	0.9424122869441629	1	1.0
Max	CD8	relevant_vs_innate	relevant_peptide	innate_agonist	0.03250286578081685	0.8223776642772354	0.9424122869441629	1	1.0
Rara	CD8	relevant_vs_innate	relevant_peptide	innate_agonist	-0.09193952022921792	0.8131876974391706	0.9424122869441629	1	1.0
Tcf3	CD8	relevant_vs_innate	relevant_peptide	innate_agonist	-0.04786273552745257	0.8171030083724176	0.9424122869441629	1	1.0
Trp73	CD8	relevant_vs_innate	relevant_peptide	innate_agonist	0.11771480819734315	0.8093800099606301	0.9424122869441629	1	1.0
Gata4	CD8	relevant_vs_innate	relevant_peptide	innate_agonist	-0.037012145703645416	0.838328826790237	0.9445227914156068	1	1.0
Prdm1	CD8	relevant_vs_innate	relevant_peptide	innate_agonist	0.03683179740139497	0.8385367356131954	0.9445227914156068	1	1.0
Tcf12	CD8	relevant_vs_innate	relevant_peptide	innate_agonist	-0.11288770209488419	0.8440591764809189	0.9472219647174757	1	1.0
Six2	CD8	relevant_vs_innate	relevant_peptide	innate_agonist	-0.07386485407475352	0.8516443396275272	0.9487067459821351	1	1.0
Tead1	CD8	relevant_vs_innate	relevant_peptide	innate_agonist	0.07764685869380905	0.8486378651900985	0.9487067459821351	1	1.0
Ahr	CD8	relevant_vs_innate	relevant_peptide	innate_agonist	0.04274156445560129	0.8784839772702477	0.9578774573036014	1	1.0
Batf	CD8	relevant_vs_innate	relevant_peptide	innate_agonist	0.051132022224607	0.8653412970300499	0.9578774573036014	1	1.0
E2f6	CD8	relevant_vs_innate	relevant_peptide	innate_agonist	0.061538654861015285	0.8883285990175314	0.9578774573036014	1	1.0
Esr1	CD8	relevant_vs_innate	relevant_peptide	innate_agonist	-0.11991658876122635	0.8843565356876092	0.9578774573036014	1	1.0
Etv1	CD8	relevant_vs_innate	relevant_peptide	innate_agonist	0.018909091694759184	0.8857214551174712	0.9578774573036014	1	1.0
Fli1	CD8	relevant_vs_innate	relevant_peptide	innate_agonist	0.10570452058761504	0.8760962411609821	0.9578774573036014	1	1.0
Maff	CD8	relevant_vs_innate	relevant_peptide	innate_agonist	-0.04668668123739117	0.8675882923571	0.9578774573036014	1	1.0
Pou4f2	CD8	relevant_vs_innate	relevant_peptide	innate_agonist	0.05444909356319716	0.8871157859911124	0.9578774573036014	1	1.0
Zfp148	CD8	relevant_vs_innate	relevant_peptide	innate_agonist	-0.03860545791506647	0.8730146520008969	0.9578774573036014	1	1.0
Foxp1	CD8	relevant_vs_innate	relevant_peptide	innate_agonist	-0.07830783817517073	0.9144952730898872	0.959125032912792	1	1.0
Kmt2a	CD8	relevant_vs_innate	relevant_peptide	innate_agonist	0.043819341229214714	0.916298770713524	0.959125032912792	1	1.0
Kmt2b	CD8	relevant_vs_innate	relevant_peptide	innate_agonist	0.02032182647723957	0.9179744539429363	0.959125032912792	1	1.0
Mycn	CD8	relevant_vs_innate	relevant_peptide	innate_agonist	-0.056451845245203636	0.9120837978889162	0.959125032912792	1	1.0
Mycs	CD8	relevant_vs_innate	relevant_peptide	innate_agonist	-0.056451845245203636	0.9120837978889162	0.959125032912792	1	1.0
Rxra	CD8	relevant_vs_innate	relevant_peptide	innate_agonist	-0.03476891345618505	0.8996170339858253	0.959125032912792	1	1.0
Smad5	CD8	relevant_vs_innate	relevant_peptide	innate_agonist	0.046559010950708135	0.9109308252554725	0.959125032912792	1	1.0
Tfap4	CD8	relevant_vs_innate	relevant_peptide	innate_agonist	-0.04481407732498521	0.907695196498611	0.959125032912792	1	1.0
Zfp263	CD8	relevant_vs_innate	relevant_peptide	innate_agonist	0.06663988930259102	0.9115935189330125	0.959125032912792	1	1.0
Fos	CD8	relevant_vs_innate	relevant_peptide	innate_agonist	-0.07407968675534704	0.9247962049435036	0.9596344181434301	1	1.0
Lyl1	CD8	relevant_vs_innate	relevant_peptide	innate_agonist	0.04844839399527956	0.92451998275977	0.9596344181434301	1	1.0
Thap11	CD8	relevant_vs_innate	relevant_peptide	innate_agonist	0.03686736745851249	0.9283870056141117	0.9600725689456513	1	1.0
Nfatc1	CD8	relevant_vs_innate	relevant_peptide	innate_agonist	-0.021695844014912424	0.9340868155284773	0.9626813098813899	1	1.0
Tead2	CD8	relevant_vs_innate	relevant_peptide	innate_agonist	0.0037757152522481796	0.9436042100938612	0.969193476808271	1	1.0
Gli1	CD8	relevant_vs_innate	relevant_peptide	innate_agonist	-0.007112377368218681	0.9473080071393807	0.9697105613622714	1	1.0
Foxo1	CD8	relevant_vs_innate	relevant_peptide	innate_agonist	0.027594179920086503	0.9619357630031717	0.9723161431922122	1	1.0
Hnf4a	CD8	relevant_vs_innate	relevant_peptide	innate_agonist	0.01778148361861831	0.9626892506853586	0.9723161431922122	1	1.0
Mafb	CD8	relevant_vs_innate	relevant_peptide	innate_agonist	0.02574552649370876	0.9544250863658676	0.9723161431922122	1	1.0
Mitf	CD8	relevant_vs_innate	relevant_peptide	innate_agonist	-0.03699566054338632	0.9611295747090183	0.9723161431922122	1	1.0
Onecut1	CD8	relevant_vs_innate	relevant_peptide	innate_agonist	0.011863031974974625	0.9680391492028524	0.9744713030181537	1	1.0
Pou2f1	CD8	relevant_vs_innate	relevant_peptide	innate_agonist	-0.010081447217938244	0.9784220337116959	0.9816618417703439	1	1.0
Bach2	CD8	relevant_vs_innate	relevant_peptide	innate_agonist	0.0067531261472115744	0.9841358913543741	0.9841358913543741	1	1.0
Stat5b	CD4	relevant_vs_irrelevant	relevant_peptide	irrelevant_peptide	0.41788026341814904	0.00030605132414362655	0.09273355121551884	4	0.75
Ncoa3	CD4	relevant_vs_irrelevant	relevant_peptide	irrelevant_peptide	0.3117664886726055	0.002542531216534294	0.3851934793049456	4	0.75
Smad5	CD4	relevant_vs_irrelevant	relevant_peptide	irrelevant_peptide	0.202002556700521	0.005232471213941921	0.528479592608134	4	0.75
Ahr	CD4	relevant_vs_irrelevant	relevant_peptide	irrelevant_peptide	0.03751416553767132	0.09469311587593875	0.5508459859621521	4	0.75
Ar	CD4	relevant_vs_irrelevant	relevant_peptide	irrelevant_peptide	0.17419448653818376	0.09571115958831185	0.5508459859621521	4	0.5
Atf2	CD4	relevant_vs_irrelevant	relevant_peptide	irrelevant_peptide	0.16095597146130886	0.029963958137004913	0.5508459859621521	4	0.75
Bach1	CD4	relevant_vs_irrelevant	relevant_peptide	irrelevant_peptide	0.07829052158360565	0.09161327493574782	0.5508459859621521	4	0.5
Bcl11a	CD4	relevant_vs_irrelevant	relevant_peptide	irrelevant_peptide	0.1771186042474319	0.023326823891020695	0.5508459859621521	4	0.75
Cebpd	CD4	relevant_vs_irrelevant	relevant_peptide	irrelevant_peptide	0.0722075871676614	0.09191066995346169	0.5508459859621521	4	0.5
Cebpe	CD4	relevant_vs_irrelevant	relevant_peptide	irrelevant_peptide	-0.12428471337525421	0.06202940979130567	0.5508459859621521	4	0.75
Creb3l1	CD4	relevant_vs_irrelevant	relevant_peptide	irrelevant_peptide	0.38289802754926955	0.06690624433181008	0.5508459859621521	4	1.0
Crem	CD4	relevant_vs_irrelevant	relevant_peptide	irrelevant_peptide	-0.004955543315069591	0.08476238035134352	0.5508459859621521	4	0.75
E2f6	CD4	relevant_vs_irrelevant	relevant_peptide	irrelevant_peptide	-0.14144482924265572	0.10325499141939391	0.5508459859621521	4	0.75
Elf3	CD4	relevant_vs_irrelevant	relevant_peptide	irrelevant_peptide	-0.21700940212262107	0.07049620003112933	0.5508459859621521	4	0.75
Esr2	CD4	relevant_vs_irrelevant	relevant_peptide	irrelevant_peptide	-0.22204970888465814	0.025612378054769583	0.5508459859621521	4	1.0
Etv1	CD4	relevant_vs_irrelevant	relevant_peptide	irrelevant_peptide	-0.22485958031520595	0.0460069415887247	0.5508459859621521	4	1.0
Foxo1	CD4	relevant_vs_irrelevant	relevant_peptide	irrelevant_peptide	0.3064818098943922	0.009774349292899576	0.5508459859621521	4	0.75
Foxo3	CD4	relevant_vs_irrelevant	relevant_peptide	irrelevant_peptide	0.16043626380346643	0.05155537023066133	0.5508459859621521	4	0.75
Foxp1	CD4	relevant_vs_irrelevant	relevant_peptide	irrelevant_peptide	0.1700847956841116	0.03445426737531112	0.5508459859621521	4	0.75
Gata2	CD4	relevant_vs_irrelevant	relevant_peptide	irrelevant_peptide	0.09727555571735821	0.11078156280778369	0.5508459859621521	4	0.75
Gata3	CD4	relevant_vs_irrelevant	relevant_peptide	irrelevant_peptide	0.16629061913771848	0.11089638661284248	0.5508459859621521	4	0.75
Gli2	CD4	relevant_vs_irrelevant	relevant_peptide	irrelevant_peptide	0.11476698049995811	0.056592597475838204	0.5508459859621521	4	1.0
Hmbox1	CD4	relevant_vs_irrelevant	relevant_peptide	irrelevant_peptide	0.10681147482221395	0.03658560600320037	0.5508459859621521	4	0.75
Hnf4g	CD4	relevant_vs_irrelevant	relevant_peptide	irrelevant_peptide	-0.14705176741748474	0.07051132223329284	0.5508459859621521	4	1.0
Hoxb13	CD4	relevant_vs_irrelevant	relevant_peptide	irrelevant_peptide	0.24097516393059812	0.08333002395118208	0.5508459859621521	4	0.75
Junb	CD4	relevant_vs_irrelevant	relevant_peptide	irrelevant_peptide	0.13638461628437684	0.02148243234911356	0.5508459859621521	4	0.75
Klf1	CD4	relevant_vs_irrelevant	relevant_peptide	irrelevant_peptide	-0.24093595790272396	0.062105912125925096	0.5508459859621521	4	0.75
Klf4	CD4	relevant_vs_irrelevant	relevant_peptide	irrelevant_peptide	0.14393845591945204	0.07480992154816142	0.5508459859621521	4	0.75
Klf9	CD4	relevant_vs_irrelevant	relevant_peptide	irrelevant_peptide	-0.3025545945917749	0.05734781783893806	0.5508459859621521	4	1.0
Lyl1	CD4	relevant_vs_irrelevant	relevant_peptide	irrelevant_peptide	-0.19086792246196274	0.05457049539869242	0.5508459859621521	4	1.0
Max	CD4	relevant_vs_irrelevant	relevant_peptide	irrelevant_peptide	-0.12941565773106944	0.10359092456697505	0.5508459859621521	4	1.0
Mef2a	CD4	relevant_vs_irrelevant	relevant_peptide	irrelevant_peptide	0.12971462937617487	0.09346616342802004	0.5508459859621521	4	0.75
Mef2c	CD4	relevant_vs_irrelevant	relevant_peptide	irrelevant_peptide	0.17505381363228165	0.03199844525953436	0.5508459859621521	4	1.0
Mnt	CD4	relevant_vs_irrelevant	relevant_peptide	irrelevant_peptide	-0.16393833260356716	0.1013320248984747	0.5508459859621521	4	0.75
Myc	CD4	relevant_vs_irrelevant	relevant_peptide	irrelevant_peptide	-0.20022410972092655	0.03792936696152334	0.5508459859621521	4	0.75
Nfe2	CD4	relevant_vs_irrelevant	relevant_peptide	irrelevant_peptide	-0.22876231526505325	0.08594266777881873	0.5508459859621521	4	1.0
Nr1h4	CD4	relevant_vs_irrelevant	relevant_peptide	irrelevant_peptide	0.0766278296261685	0.10335998903432013	0.5508459859621521	4	0.75
Nr5a2	CD4	relevant_vs_irrelevant	relevant_peptide	irrelevant_peptide	-0.22759561379181997	0.01202140722628895	0.5508459859621521	4	1.0
Onecut1	CD4	relevant_vs_irrelevant	relevant_peptide	irrelevant_peptide	0.10702407855205735	0.10177420080028203	0.5508459859621521	4	0.75
Otx2	CD4	relevant_vs_irrelevant	relevant_peptide	irrelevant_peptide	0.06675983985204285	0.06270207111329026	0.5508459859621521	4	0.75
Pax5	CD4	relevant_vs_irrelevant	relevant_peptide	irrelevant_peptide	-0.35098158250191197	0.08817992379870714	0.5508459859621521	4	0.75
Pgr	CD4	relevant_vs_irrelevant	relevant_peptide	irrelevant_peptide	0.16170511889213596	0.10873492654225873	0.5508459859621521	4	0.75
Prox1	CD4	relevant_vs_irrelevant	relevant_peptide	irrelevant_peptide	0.09821102913489044	0.10522269401671998	0.5508459859621521	4	0.75
Rarb	CD4	relevant_vs_irrelevant	relevant_peptide	irrelevant_peptide	0.14584770922584453	0.048516628418544344	0.5508459859621521	4	0.75
Rel	CD4	relevant_vs_irrelevant	relevant_peptide	irrelevant_peptide	0.10005968628255821	0.07698507602416678	0.5508459859621521	4	0.75
Rfx5	CD4	relevant_vs_irrelevant	relevant_peptide	irrelevant_peptide	-0.24628443712721107	0.015389720909805634	0.5508459859621521	4	1.0
Runx1	CD4	relevant_vs_irrelevant	relevant_peptide	irrelevant_peptide	0.007208696040931999	0.04120461243538974	0.5508459859621521	4	0.75
Six5	CD4	relevant_vs_irrelevant	relevant_peptide	irrelevant_peptide	-0.1848013074350042	0.05219172951133506	0.5508459859621521	4	0.75
Sox9	CD4	relevant_vs_irrelevant	relevant_peptide	irrelevant_peptide	0.1167583179400678	0.04329814965678195	0.5508459859621521	4	0.75
Spi1	CD4	relevant_vs_irrelevant	relevant_peptide	irrelevant_peptide	-0.009617805458697597	0.0547360734550735	0.5508459859621521	4	0.75
Srebf1	CD4	relevant_vs_irrelevant	relevant_peptide	irrelevant_peptide	-0.2229498841043295	0.07587991564158895	0.5508459859621521	4	0.5
Srebf2	CD4	relevant_vs_irrelevant	relevant_peptide	irrelevant_peptide	-0.1975237260559691	0.08031462989011504	0.5508459859621521	4	0.75
Stat4	CD4	relevant_vs_irrelevant	relevant_peptide	irrelevant_peptide	0.19963405194797473	0.03830227239831098	0.5508459859621521	4	0.75
Stat5a	CD4	relevant_vs_irrelevant	relevant_peptide	irrelevant_peptide	0.17219519184821322	0.0458940728820835	0.5508459859621521	4	0.5
Tal1	CD4	relevant_vs_irrelevant	relevant_peptide	irrelevant_peptide	-0.01616351005305879	0.10579008946333139	0.5508459859621521	4	0.75
Thap11	CD4	relevant_vs_irrelevant	relevant_peptide	irrelevant_peptide	-0.054008350589185024	0.10997844429174466	0.5508459859621521	4	0.75
Usf1	CD4	relevant_vs_irrelevant	relevant_peptide	irrelevant_peptide	-0.1303877847224746	0.0626728195169538	0.5508459859621521	4	0.75
Wt1	CD4	relevant_vs_irrelevant	relevant_peptide	irrelevant_peptide	-0.15951588960428573	0.09546825820998123	0.5508459859621521	4	0.75
Zeb1	CD4	relevant_vs_irrelevant	relevant_peptide	irrelevant_peptide	-0.3425680320682515	0.01811973545152219	0.5508459859621521	4	0.75
Zfp143	CD4	relevant_vs_irrelevant	relevant_peptide	irrelevant_peptide	-0.38089834160586794	0.013671830830463281	0.5508459859621521	4	1.0
Zhx1	CD4	relevant_vs_irrelevant	relevant_peptide	irrelevant_peptide	0.06394241518111884	0.0288268179442219	0.5508459859621521	4	0.75
Arid3a	CD4	relevant_vs_irrelevant	relevant_peptide	irrelevant_peptide	-0.09524071016751913	0.11465454516705693	0.5603278578325525	4	0.75
Jund	CD4	relevant_vs_irrelevant	relevant_peptide	irrelevant_peptide	0.12303690265682377	0.12423251178547094	0.5811816312620158	4	0.75
Pdx1	CD4	relevant_vs_irrelevant	relevant_peptide	irrelevant_peptide	0.010773793442690813	0.12322256349588995	0.5811816312620158	4	0.75
Tcf7	CD4	relevant_vs_irrelevant	relevant_peptide	irrelevant_peptide	0.15454930961027458	0.12467592749845224	0.5811816312620158	4	0.75
Tbx21	CD4	relevant_vs_irrelevant	relevant_peptide	irrelevant_peptide	0.16273791587531347	0.12806244822020618	0.5879230577382193	4	0.75
Batf	CD4	relevant_vs_irrelevant	relevant_peptide	irrelevant_peptide	0.0032608938119453234	0.13588501841917433	0.5976530007200725	4	0.5
Sox13	CD4	relevant_vs_irrelevant	relevant_peptide	irrelevant_peptide	0.0887092603820582	0.13518169672981523	0.5976530007200725	4	0.75
Stat3	CD4	relevant_vs_irrelevant	relevant_peptide	irrelevant_peptide	0.4386013495474661	0.1360991981837789	0.5976530007200725	4	0.5
Stat2	CD4	relevant_vs_irrelevant	relevant_peptide	irrelevant_peptide	0.49336985000057987	0.1446056876026997	0.6176688746243247	4	0.5
Zfp148	CD4	relevant_vs_irrelevant	relevant_peptide	irrelevant_peptide	0.19755242340970264	0.14473429075355465	0.6176688746243247	4	0.75
Nr1h3	CD4	relevant_vs_irrelevant	relevant_peptide	irrelevant_peptide	-0.0842527053768184	0.15132447179381547	0.6368238187989734	4	0.5
Eomes	CD4	relevant_vs_irrelevant	relevant_peptide	irrelevant_peptide	0.107702438545685	0.15682560907238863	0.6421372912018074	4	0.5
Tcf12	CD4	relevant_vs_irrelevant	relevant_peptide	irrelevant_peptide	0.012346815310611048	0.1566706461639814	0.6421372912018074	4	0.75
Mycn	CD4	relevant_vs_irrelevant	relevant_peptide	irrelevant_peptide	-0.1803932560723568	0.16352744548730325	0.6519581050349064	4	0.75
Mycs	CD4	relevant_vs_irrelevant	relevant_peptide	irrelevant_peptide	-0.1803932560723568	0.16352744548730325	0.6519581050349064	4	0.75
Deaf1	CD4	relevant_vs_irrelevant	relevant_peptide	irrelevant_peptide	-0.12045255952507149	0.17771222112177032	0.6602283744397757	4	0.75
Myb	CD4	relevant_vs_irrelevant	relevant_peptide	irrelevant_peptide	0.04648924877667161	0.17795213001024424	0.6602283744397757	4	0.5
Nfia	CD4	relevant_vs_irrelevant	relevant_peptide	irrelevant_peptide	-0.06508725664933947	0.17645528889563178	0.6602283744397757	4	0.75
Pbx3	CD4	relevant_vs_irrelevant	relevant_peptide	irrelevant_peptide	0.005201332222473543	0.17867566568997229	0.6602283744397757	4	0.75
Runx2	CD4	relevant_vs_irrelevant	relevant_peptide	irrelevant_peptide	0.022742936217898968	0.17227399468345972	0.6602283744397757	4	0.5
Stat6	CD4	relevant_vs_irrelevant	relevant_peptide	irrelevant_peptide	0.07005884205497563	0.17739786084699494	0.6602283744397757	4	0.5
Tgif2	CD4	relevant_vs_irrelevant	relevant_peptide	irrelevant_peptide	-0.11538564684917324	0.18709142200229945	0.6829963959842981	4	0.5
Foxj2	CD4	relevant_vs_irrelevant	relevant_peptide	irrelevant_peptide	0.04413424853446469	0.19268047135938948	0.6886639214272704	4	0.75
Smad1	CD4	relevant_vs_irrelevant	relevant_peptide	irrelevant_peptide	0.013922526932608216	0.19318954891524087	0.6886639214272704	4	0.75
Cebpb	CD4	relevant_vs_irrelevant	relevant_peptide	irrelevant_peptide	-0.009220624297154966	0.19760410757541524	0.6962098208761723	4	0.75
Foxl2	CD4	relevant_vs_irrelevant	relevant_peptide	irrelevant_peptide	-0.09824640209345956	0.2120423991217837	0.706031284987917	4	0.75
Gabpa	CD4	relevant_vs_irrelevant	relevant_peptide	irrelevant_peptide	0.0383601112986054	0.21088026837535956	0.706031284987917	4	0.75
Nr4a1	CD4	relevant_vs_irrelevant	relevant_peptide	irrelevant_peptide	0.022678341427109668	0.20798323686459252	0.706031284987917	4	0.75
Thap1	CD4	relevant_vs_irrelevant	relevant_peptide	irrelevant_peptide	-0.18109940382487616	0.20691176533783207	0.706031284987917	4	0.5
Zbtb11	CD4	relevant_vs_irrelevant	relevant_peptide	irrelevant_peptide	0.034810164366226144	0.20900696128299778	0.706031284987917	4	0.75
Bcl6	CD4	relevant_vs_irrelevant	relevant_peptide	irrelevant_peptide	0.06382324201617737	0.22984613757020145	0.7075832324169377	4	0.75
Etv4	CD4	relevant_vs_irrelevant	relevant_peptide	irrelevant_peptide	0.10253623650139387	0.22413933458208124	0.7075832324169377	4	0.5
Foxp2	CD4	relevant_vs_irrelevant	relevant_peptide	irrelevant_peptide	-0.14794212790145914	0.2311905610867222	0.7075832324169377	4	0.75
Ncoa2	CD4	relevant_vs_irrelevant	relevant_peptide	irrelevant_peptide	0.013510568824688667	0.22118752828084653	0.7075832324169377	4	0.75
Nfkb2	CD4	relevant_vs_irrelevant	relevant_peptide	irrelevant_peptide	0.23395374418942635	0.22859429777563323	0.7075832324169377	4	0.5
Nrf1	CD4	relevant_vs_irrelevant	relevant_peptide	irrelevant_peptide	-0.05665733710392193	0.22879998667703094	0.7075832324169377	4	0.75
Ppara	CD4	relevant_vs_irrelevant	relevant_peptide	irrelevant_peptide	0.1292705431535304	0.21659920447160008	0.7075832324169377	4	1.0
Trp73	CD4	relevant_vs_irrelevant	relevant_peptide	irrelevant_peptide	-0.1119708418472468	0.2288078861832099	0.7075832324169377	4	0.75
Arnt	CD4	relevant_vs_irrelevant	relevant_peptide	irrelevant_peptide	0.1099806925294765	0.23923771365005475	0.7155229072432261	4	0.75
Irf3	CD4	relevant_vs_irrelevant	relevant_peptide	irrelevant_peptide	-0.07552622642125849	0.2408690974878187	0.7155229072432261	4	0.75
Snai2	CD4	relevant_vs_irrelevant	relevant_peptide	irrelevant_peptide	0.0710280911076968	0.23983718365015083	0.7155229072432261	4	0.5
E2f1	CD4	relevant_vs_irrelevant	relevant_peptide	irrelevant_peptide	-0.19849781569051578	0.2488738862180362	0.7225892631326625	4	0.5
Mxi1	CD4	relevant_vs_irrelevant	relevant_peptide	irrelevant_peptide	-0.16298668806338626	0.24951103738105118	0.7225892631326625	4	0.75
Runx3	CD4	relevant_vs_irrelevant	relevant_peptide	irrelevant_peptide	0.08761731556247178	0.25040221989745726	0.7225892631326625	4	0.75
Cdx2	CD4	relevant_vs_irrelevant	relevant_peptide	irrelevant_peptide	0.04192077999670695	0.2563215519081776	0.7258451423194189	4	0.5
Elf5	CD4	relevant_vs_irrelevant	relevant_peptide	irrelevant_peptide	0.052895914536502914	0.25430929014485204	0.7258451423194189	4	0.5
Foxa2	CD4	relevant_vs_irrelevant	relevant_peptide	irrelevant_peptide	-0.0480327919813735	0.2630675881874698	0.738050733525957	4	0.5
Rfx1	CD4	relevant_vs_irrelevant	relevant_peptide	irrelevant_peptide	-0.20276626708808246	0.2705671447776966	0.7521270171343309	4	0.5
Twist1	CD4	relevant_vs_irrelevant	relevant_peptide	irrelevant_peptide	-0.07698198968870677	0.276513244505153	0.7616683007732852	4	0.75
Six2	CD4	relevant_vs_irrelevant	relevant_peptide	irrelevant_peptide	0.04988858444006316	0.28702887322027604	0.783511248520213	4	0.5
Atf1	CD4	relevant_vs_irrelevant	relevant_peptide	irrelevant_peptide	-0.1309705136981274	0.2912923822640877	0.788049927018023	4	0.5
Bhlhe22	CD4	relevant_vs_irrelevant	relevant_peptide	irrelevant_peptide	-0.05584735325188831	0.3218722306911109	0.7934335792924668	4	0.5
Cebpa	CD4	relevant_vs_irrelevant	relevant_peptide	irrelevant_peptide	0.08260441195307267	0.32046180699309224	0.7934335792924668	4	0.5
Foxa1	CD4	relevant_vs_irrelevant	relevant_peptide	irrelevant_peptide	0.08966207441864987	0.31647916004255583	0.7934335792924668	4	0.5
Gata1	CD4	relevant_vs_irrelevant	relevant_peptide	irrelevant_peptide	-0.04946071561352088	0.3062402287775807	0.7934335792924668	4	0.5
Gata4	CD4	relevant_vs_irrelevant	relevant_peptide	irrelevant_peptide	-0.14150991918528436	0.31107443672345836	0.7934335792924668	4	0.75
Grhl2	CD4	relevant_vs_irrelevant	relevant_peptide	irrelevant_peptide	-0.14995525936043771	0.3102872300943278	0.7934335792924668	4	0.5
Hsf1	CD4	relevant_vs_irrelevant	relevant_peptide	irrelevant_peptide	-0.09356478395129883	0.32208689852466477	0.7934335792924668	4	0.75
Sox11	CD4	relevant_vs_irrelevant	relevant_peptide	irrelevant_peptide	0.042730029632849435	0.29945228849551	0.7934335792924668	4	0.5
Tbp	CD4	relevant_vs_irrelevant	relevant_peptide	irrelevant_peptide	0.14592527212992884	0.32109525820540563	0.7934335792924668	4	0.75
Yy1	CD4	relevant_vs_irrelevant	relevant_peptide	irrelevant_peptide	-0.1054589541191171	0.32044090722374163	0.7934335792924668	4	0.75
Zfp740	CD4	relevant_vs_irrelevant	relevant_peptide	irrelevant_peptide	0.11505956554729663	0.30094424926316365	0.7934335792924668	4	0.75
E2f3	CD4	relevant_vs_irrelevant	relevant_peptide	irrelevant_peptide	-0.02541698611437411	0.33210305629181847	0.7937027792426643	4	0.5
Klf3	CD4	relevant_vs_irrelevant	relevant_peptide	irrelevant_peptide	-0.07521251289048236	0.32664959373170366	0.7937027792426643	4	0.5
Mafg	CD4	relevant_vs_irrelevant	relevant_peptide	irrelevant_peptide	-0.2225146937550623	0.3326741021908197	0.7937027792426643	4	0.5
Pou5f1	CD4	relevant_vs_irrelevant	relevant_peptide	irrelevant_peptide	0.09618913056256723	0.3317004096516788	0.7937027792426643	4	0.5
Creb1	CD4	relevant_vs_irrelevant	relevant_peptide	irrelevant_peptide	-0.13060958577157633	0.40766007674770366	0.8199957210224446	4	0.75
Ctcfl	CD4	relevant_vs_irrelevant	relevant_peptide	irrelevant_peptide	-0.0574715747648121	0.4098267610351911	0.8199957210224446	4	0.75
E2f5	CD4	relevant_vs_irrelevant	relevant_peptide	irrelevant_peptide	-0.07851870632289752	0.3853863544183751	0.8199957210224446	4	1.0
Elk1	CD4	relevant_vs_irrelevant	relevant_peptide	irrelevant_peptide	0.05660161273752697	0.3729444765519663	0.8199957210224446	4	0.5
Foxk1	CD4	relevant_vs_irrelevant	relevant_peptide	irrelevant_peptide	-0.0009957640540184031	0.4095796754553809	0.8199957210224446	4	0.75
Foxk2	CD4	relevant_vs_irrelevant	relevant_peptide	irrelevant_peptide	-0.10997311644297798	0.3876457641643064	0.8199957210224446	4	0.5
Gata6	CD4	relevant_vs_irrelevant	relevant_peptide	irrelevant_peptide	-0.1407203726764637	0.3804971983780079	0.8199957210224446	4	0.75
Hes1	CD4	relevant_vs_irrelevant	relevant_peptide	irrelevant_peptide	-0.04507973470603288	0.3784042058546818	0.8199957210224446	4	0.5
Hic1	CD4	relevant_vs_irrelevant	relevant_peptide	irrelevant_peptide	-0.029433873625120496	0.41135098876373455	0.8199957210224446	4	0.5
Klf5	CD4	relevant_vs_irrelevant	relevant_peptide	irrelevant_peptide	-0.07112120126361215	0.37737096048143026	0.8199957210224446	4	0.75
Klf6	CD4	relevant_vs_irrelevant	relevant_peptide	irrelevant_peptide	0.29872653821282025	0.351219037533956	0.8199957210224446	4	0.5
Lef1	CD4	relevant_vs_irrelevant	relevant_peptide	irrelevant_peptide	0.1273272319383245	0.40991338466746596	0.8199957210224446	4	0.5
Maf	CD4	relevant_vs_irrelevant	relevant_peptide	irrelevant_peptide	0.04729894057015348	0.40727128112837596	0.8199957210224446	4	0.5
Maff	CD4	relevant_vs_irrelevant	relevant_peptide	irrelevant_peptide	0.017144386430227754	0.35712860986714734	0.8199957210224446	4	0.5
Meis1	CD4	relevant_vs_irrelevant	relevant_peptide	irrelevant_peptide	-0.21125960702737395	0.40602777945111035	0.8199957210224446	4	0.75
Nr1i2	CD4	relevant_vs_irrelevant	relevant_peptide	irrelevant_peptide	-0.036897325596086265	0.36544726830674357	0.8199957210224446	4	0.5
Nr2f2	CD4	relevant_vs_irrelevant	relevant_peptide	irrelevant_peptide	-0.2211092755311107	0.3549564734596896	0.8199957210224446	4	0.75
Pbx2	CD4	relevant_vs_irrelevant	relevant_peptide	irrelevant_peptide	-0.1613591021952517	0.37531596688166446	0.8199957210224446	4	0.5
Sox2	CD4	relevant_vs_irrelevant	relevant_peptide	irrelevant_peptide	0.20419427159328138	0.36355164899333836	0.8199957210224446	4	0.5
Tead2	CD4	relevant_vs_irrelevant	relevant_peptide	irrelevant_peptide	0.0858831511238457	0.3930457091322631	0.8199957210224446	4	0.5
Tfap4	CD4	relevant_vs_irrelevant	relevant_peptide	irrelevant_peptide	-0.14367992964144605	0.37460169627462814	0.8199957210224446	4	0.5
Zeb2	CD4	relevant_vs_irrelevant	relevant_peptide	irrelevant_peptide	-0.17628711188549123	0.40777242242611667	0.8199957210224446	4	0.5
Zfp24	CD4	relevant_vs_irrelevant	relevant_peptide	irrelevant_peptide	-0.10455869473221766	0.3910948707708829	0.8199957210224446	4	0.5
Zfp384	CD4	relevant_vs_irrelevant	relevant_peptide	irrelevant_peptide	0.07218430606702982	0.3960179085788367	0.8199957210224446	4	0.5
Zfp639	CD4	relevant_vs_irrelevant	relevant_peptide	irrelevant_peptide	0.04981498350850435	0.4081317398438652	0.8199957210224446	4	0.5
Nr1h2	CD4	relevant_vs_irrelevant	relevant_peptide	irrelevant_peptide	-0.049588319528772254	0.41663571650734765	0.8251021052400415	4	0.75
Ebf1	CD4	relevant_vs_irrelevant	relevant_peptide	irrelevant_peptide	-0.0507329766248402	0.4518768158110571	0.8360470738748804	4	0.5
Irf2	CD4	relevant_vs_irrelevant	relevant_peptide	irrelevant_peptide	0.07747374863679235	0.4452998154397989	0.8360470738748804	4	0.5
Meis2	CD4	relevant_vs_irrelevant	relevant_peptide	irrelevant_peptide	0.024029223575577175	0.46631729382527287	0.8360470738748804	4	0.75
Nr2c2	CD4	relevant_vs_irrelevant	relevant_peptide	irrelevant_peptide	0.041333859705639575	0.4625324100157797	0.8360470738748804	4	0.5
Nr2f1	CD4	relevant_vs_irrelevant	relevant_peptide	irrelevant_peptide	-0.22120193090691811	0.4521102320605084	0.8360470738748804	4	0.75
Pax6	CD4	relevant_vs_irrelevant	relevant_peptide	irrelevant_peptide	-0.03074143538326838	0.46906931537534546	0.8360470738748804	4	0.5
Pou4f2	CD4	relevant_vs_irrelevant	relevant_peptide	irrelevant_peptide	0.026682417123113908	0.4447596843074513	0.8360470738748804	4	0.75
Rarg	CD4	relevant_vs_irrelevant	relevant_peptide	irrelevant_peptide	0.009629854715287876	0.4468247374179203	0.8360470738748804	4	0.75
Sp3	CD4	relevant_vs_irrelevant	relevant_peptide	irrelevant_peptide	0.05415652988916873	0.46356074099157496	0.8360470738748804	4	0.75
Stat1	CD4	relevant_vs_irrelevant	relevant_peptide	irrelevant_peptide	0.17769685565023832	0.45313891151012564	0.8360470738748804	4	0.5
Tcf4	CD4	relevant_vs_irrelevant	relevant_peptide	irrelevant_peptide	0.07075943855469845	0.4590233626659884	0.8360470738748804	4	0.75
Tcf7l2	CD4	relevant_vs_irrelevant	relevant_peptide	irrelevant_peptide	0.02083589969062608	0.4571920502589031	0.8360470738748804	4	0.5
Trp53	CD4	relevant_vs_irrelevant	relevant_peptide	irrelevant_peptide	-0.0470640832258838	0.46704067190530885	0.8360470738748804	4	0.75
Zbtb33	CD4	relevant_vs_irrelevant	relevant_peptide	irrelevant_peptide	0.047966285249593676	0.4572147746473926	0.8360470738748804	4	0.5
Zc3h8	CD4	relevant_vs_irrelevant	relevant_peptide	irrelevant_peptide	-0.07573910865656512	0.4637409184687501	0.8360470738748804	4	0.5
Zfp644	CD4	relevant_vs_irrelevant	relevant_peptide	irrelevant_peptide	-0.006572337931761795	0.4315893597907817	0.8360470738748804	4	0.5
Zkscan1	CD4	relevant_vs_irrelevant	relevant_peptide	irrelevant_peptide	-0.13856472366927342	0.4510676979634055	0.8360470738748804	4	0.5
Lhx4	CD4	relevant_vs_irrelevant	relevant_peptide	irrelevant_peptide	-0.029102565400619552	0.5068298208259352	0.8725536119901043	4	0.75
Mafk	CD4	relevant_vs_irrelevant	relevant_peptide	irrelevant_peptide	-0.18885207493598022	0.4995993519948754	0.8725536119901043	4	0.75
Mef2b	CD4	relevant_vs_irrelevant	relevant_peptide	irrelevant_peptide	-0.13573411596831494	0.5000382123229191	0.8725536119901043	4	0.75
Mef2bl	CD4	relevant_vs_irrelevant	relevant_peptide	irrelevant_peptide	-0.13573411596831494	0.5000382123229191	0.8725536119901043	4	0.75
Tead4	CD4	relevant_vs_irrelevant	relevant_peptide	irrelevant_peptide	0.023460529620017878	0.5038647909666243	0.8725536119901043	4	0.5
Zhx2	CD4	relevant_vs_irrelevant	relevant_peptide	irrelevant_peptide	-0.00019475093877181098	0.5063294928410952	0.8725536119901043	4	0.75
Bmal1	CD4	relevant_vs_irrelevant	relevant_peptide	irrelevant_peptide	0.02108676950181818	0.5145593462698252	0.8766203458166391	4	0.5
Rela	CD4	relevant_vs_irrelevant	relevant_peptide	irrelevant_peptide	0.0901634170055925	0.5149782889615899	0.8766203458166391	4	0.5
Arid2	CD4	relevant_vs_irrelevant	relevant_peptide	irrelevant_peptide	0.04972210520931483	0.5742448976670615	0.8912322718539805	4	0.75
Ctcf	CD4	relevant_vs_irrelevant	relevant_peptide	irrelevant_peptide	-0.2668999349879684	0.5433307517974226	0.8912322718539805	4	0.75
Egr1	CD4	relevant_vs_irrelevant	relevant_peptide	irrelevant_peptide	-0.21165950435600134	0.5743295499396878	0.8912322718539805	4	0.5
Esr1	CD4	relevant_vs_irrelevant	relevant_peptide	irrelevant_peptide	-0.09418370395094368	0.5423236531225921	0.8912322718539805	4	0.5
Kmt2b	CD4	relevant_vs_irrelevant	relevant_peptide	irrelevant_peptide	-0.02847183779402755	0.5714414667442727	0.8912322718539805	4	0.75
Lhx2	CD4	relevant_vs_irrelevant	relevant_peptide	irrelevant_peptide	0.10308327548985484	0.5746311730736458	0.8912322718539805	4	0.75
Mafb	CD4	relevant_vs_irrelevant	relevant_peptide	irrelevant_peptide	-0.10834999721251017	0.5653127063442371	0.8912322718539805	4	0.5
Mybl2	CD4	relevant_vs_irrelevant	relevant_peptide	irrelevant_peptide	0.09885477471829865	0.5671713858537123	0.8912322718539805	4	0.5
Mynn	CD4	relevant_vs_irrelevant	relevant_peptide	irrelevant_peptide	-0.017151844986809953	0.5606457525589015	0.8912322718539805	4	0.5
Ncoa1	CD4	relevant_vs_irrelevant	relevant_peptide	irrelevant_peptide	-0.031761496536393576	0.5726495837669987	0.8912322718539805	4	0.75
Nfkb1	CD4	relevant_vs_irrelevant	relevant_peptide	irrelevant_peptide	0.02282724725106487	0.5621702096185133	0.8912322718539805	4	0.5
Nfyb	CD4	relevant_vs_irrelevant	relevant_peptide	irrelevant_peptide	-0.018672423204881772	0.5356328733056492	0.8912322718539805	4	0.75
Pou2f1	CD4	relevant_vs_irrelevant	relevant_peptide	irrelevant_peptide	-0.16260437514572654	0.5691932327849649	0.8912322718539805	4	0.5
Rest	CD4	relevant_vs_irrelevant	relevant_peptide	irrelevant_peptide	-0.15656248657999564	0.5540160276769419	0.8912322718539805	4	0.75
Sox10	CD4	relevant_vs_irrelevant	relevant_peptide	irrelevant_peptide	0.021433414707435858	0.5649064866558371	0.8912322718539805	4	0.75
Sp2	CD4	relevant_vs_irrelevant	relevant_peptide	irrelevant_peptide	0.13656169052358008	0.5279602456984201	0.8912322718539805	4	0.75
Tfap2a	CD4	relevant_vs_irrelevant	relevant_peptide	irrelevant_peptide	-0.015223429447948994	0.5590823253454297	0.8912322718539805	4	0.5
Xbp1	CD4	relevant_vs_irrelevant	relevant_peptide	irrelevant_peptide	0.1491211387113698	0.5765066841035649	0.8912322718539805	4	0.5
Gfi1b	CD4	relevant_vs_irrelevant	relevant_peptide	irrelevant_peptide	0.0648625481002682	0.5875237686197301	0.8965842358001287	4	0.75
Myod1	CD4	relevant_vs_irrelevant	relevant_peptide	irrelevant_peptide	-0.0958761246404422	0.588845752225167	0.8965842358001287	4	0.5
Nr3c1	CD4	relevant_vs_irrelevant	relevant_peptide	irrelevant_peptide	-0.1528787806461473	0.5856447181095985	0.8965842358001287	4	0.5
Ets2	CD4	relevant_vs_irrelevant	relevant_peptide	irrelevant_peptide	-0.1497196124380013	0.606930300768453	0.8970725908919086	4	0.75
Kdm5b	CD4	relevant_vs_irrelevant	relevant_peptide	irrelevant_peptide	-0.10690576716840358	0.5964426727855526	0.8970725908919086	4	0.75
Nfe2l1	CD4	relevant_vs_irrelevant	relevant_peptide	irrelevant_peptide	0.05413318259765639	0.6036605099839305	0.8970725908919086	4	0.5
Rara	CD4	relevant_vs_irrelevant	relevant_peptide	irrelevant_peptide	-0.1157910530693435	0.6046935452813929	0.8970725908919086	4	0.5
Snai1	CD4	relevant_vs_irrelevant	relevant_peptide	irrelevant_peptide	0.14306492239297985	0.5984441026929794	0.8970725908919086	4	0.75
Spib	CD4	relevant_vs_irrelevant	relevant_peptide	irrelevant_peptide	-0.08428499587420553	0.5949130779942211	0.8970725908919086	4	0.5
Mbd2	CD4	relevant_vs_irrelevant	relevant_peptide	irrelevant_peptide	0.03636926519354298	0.6159591701043058	0.905998196803906	4	0.5
Pknox1	CD4	relevant_vs_irrelevant	relevant_peptide	irrelevant_peptide	-0.12369906989369364	0.6201367007998742	0.9077363301563375	4	0.75
Relb	CD4	relevant_vs_irrelevant	relevant_peptide	irrelevant_peptide	-0.00739943306592078	0.6371813274802114	0.9237604891220289	4	0.5
Rxra	CD4	relevant_vs_irrelevant	relevant_peptide	irrelevant_peptide	-0.034639446132054	0.6366616629562365	0.9237604891220289	4	0.5
Atf4	CD4	relevant_vs_irrelevant	relevant_peptide	irrelevant_peptide	0.09453031675887445	0.6533878596177657	0.9299854781633912	4	0.5
Creb3	CD4	relevant_vs_irrelevant	relevant_peptide	irrelevant_peptide	-0.11749619090427539	0.6744626803434601	0.9299854781633912	4	0.75
Esrra	CD4	relevant_vs_irrelevant	relevant_peptide	irrelevant_peptide	0.008937072638681114	0.6631666289174809	0.9299854781633912	4	0.75
Fli1	CD4	relevant_vs_irrelevant	relevant_peptide	irrelevant_peptide	-0.14309971916264425	0.6726189200075923	0.9299854781633912	4	0.5
Fosl2	CD4	relevant_vs_irrelevant	relevant_peptide	irrelevant_peptide	0.09007474802577307	0.6747371749802489	0.9299854781633912	4	0.5
Foxm1	CD4	relevant_vs_irrelevant	relevant_peptide	irrelevant_peptide	0.06952468129938733	0.678306239848546	0.9299854781633912	4	0.75
Foxo4	CD4	relevant_vs_irrelevant	relevant_peptide	irrelevant_peptide	0.007352819759237944	0.6666489523795633	0.9299854781633912	4	0.75
Hhex	CD4	relevant_vs_irrelevant	relevant_peptide	irrelevant_peptide	0.033834887469476806	0.6500521615427335	0.9299854781633912	4	0.5
Nfatc2	CD4	relevant_vs_irrelevant	relevant_peptide	irrelevant_peptide	-0.22275968919794428	0.6561203646304605	0.9299854781633912	4	0.75
Rbpj	CD4	relevant_vs_irrelevant	relevant_peptide	irrelevant_peptide	-0.09013985246155182	0.6681187838706479	0.9299854781633912	4	0.5
Tcf3	CD4	relevant_vs_irrelevant	relevant_peptide	irrelevant_peptide	-0.17337187711602026	0.6721419910346624	0.9299854781633912	4	0.75
Zfp217	CD4	relevant_vs_irrelevant	relevant_peptide	irrelevant_peptide	-0.10019047850920501	0.6762983456491964	0.9299854781633912	4	0.5
Fos	CD4	relevant_vs_irrelevant	relevant_peptide	irrelevant_peptide	-0.1892841940298501	0.6881023039306953	0.9315520194392454	4	0.5
Hoxb7	CD4	relevant_vs_irrelevant	relevant_peptide	irrelevant_peptide	-0.06615941426774137	0.6954757027561309	0.9315520194392454	4	0.75
Irf4	CD4	relevant_vs_irrelevant	relevant_peptide	irrelevant_peptide	-0.04929141586151803	0.7009698364097292	0.9315520194392454	4	0.5
Irf9	CD4	relevant_vs_irrelevant	relevant_peptide	irrelevant_peptide	0.00020459620899973668	0.7002082877575422	0.9315520194392454	4	0.5
Klf13	CD4	relevant_vs_irrelevant	relevant_peptide	irrelevant_peptide	0.014903187458874825	0.6995428324847351	0.9315520194392454	4	0.5
Satb1	CD4	relevant_vs_irrelevant	relevant_peptide	irrelevant_peptide	-0.02421830196168278	0.6917853721269753	0.9315520194392454	4	0.75
Sox6	CD4	relevant_vs_irrelevant	relevant_peptide	irrelevant_peptide	-0.03888784925540991	0.6931899638173444	0.9315520194392454	4	0.5
E2f7	CD4	relevant_vs_irrelevant	relevant_peptide	irrelevant_peptide	-0.014474643200408376	0.7153058064722889	0.9342140489702738	4	0.5
Gli1	CD4	relevant_vs_irrelevant	relevant_peptide	irrelevant_peptide	0.03612118025653776	0.7151817506881939	0.9342140489702738	4	0.5
Nr5a1	CD4	relevant_vs_irrelevant	relevant_peptide	irrelevant_peptide	-0.04599372294961793	0.709228065363643	0.9342140489702738	4	0.5
Pparg	CD4	relevant_vs_irrelevant	relevant_peptide	irrelevant_peptide	0.037211260461777834	0.7116185030801179	0.9342140489702738	4	0.5
Erg	CD4	relevant_vs_irrelevant	relevant_peptide	irrelevant_peptide	-0.021234311088645826	0.7221425706936477	0.9390952743355162	4	0.75
Atf7	CD4	relevant_vs_irrelevant	relevant_peptide	irrelevant_peptide	-0.051752269176059566	0.732812404202783	0.943545977271155	4	0.5
Epas1	CD4	relevant_vs_irrelevant	relevant_peptide	irrelevant_peptide	0.08644467732298954	0.7442491371874786	0.943545977271155	4	0.5
Maz	CD4	relevant_vs_irrelevant	relevant_peptide	irrelevant_peptide	-0.1261993274843271	0.7409405331388407	0.943545977271155	4	0.5
Smad3	CD4	relevant_vs_irrelevant	relevant_peptide	irrelevant_peptide	0.12597420661376874	0.7389770757074452	0.943545977271155	4	0.5
Zbtb7a	CD4	relevant_vs_irrelevant	relevant_peptide	irrelevant_peptide	-0.10499937976149107	0.7304648622453264	0.943545977271155	4	0.5
Zfp592	CD4	relevant_vs_irrelevant	relevant_peptide	irrelevant_peptide	0.004323086537719853	0.7430072903551763	0.943545977271155	4	0.5
Cebpg	CD4	relevant_vs_irrelevant	relevant_peptide	irrelevant_peptide	0.008826217817761441	0.7629250776444456	0.9442955774850372	4	0.75
E2f4	CD4	relevant_vs_irrelevant	relevant_peptide	irrelevant_peptide	0.007095113324352156	0.7615916433439129	0.9442955774850372	4	0.75
Ehf	CD4	relevant_vs_irrelevant	relevant_peptide	irrelevant_peptide	-0.01808166576553888	0.7565563905745172	0.9442955774850372	4	0.5
Rxrg	CD4	relevant_vs_irrelevant	relevant_peptide	irrelevant_peptide	0.0047015859301819205	0.7635393283294856	0.9442955774850372	4	0.5
Sp1	CD4	relevant_vs_irrelevant	relevant_peptide	irrelevant_peptide	0.044540026805438955	0.7614637777298834	0.9442955774850372	4	0.5
Trp63	CD4	relevant_vs_irrelevant	relevant_peptide	irrelevant_peptide	-0.11871924311951501	0.7519488910140784	0.9442955774850372	4	0.5
Hnf4a	CD4	relevant_vs_irrelevant	relevant_peptide	irrelevant_peptide	-0.20263871092455005	0.7704387670363413	0.9489550667154935	4	0.5
Tfdp1	CD4	relevant_vs_irrelevant	relevant_peptide	irrelevant_peptide	-0.050754842792209445	0.7739997329151889	0.9494814537380657	4	0.5
Hoxa9	CD4	relevant_vs_irrelevant	relevant_peptide	irrelevant_peptide	-0.08444728179557733	0.7781228642159496	0.9499753844131452	4	0.75
Nanog	CD4	relevant_vs_irrelevant	relevant_peptide	irrelevant_peptide	-0.004575587400261079	0.7833982943944443	0.9499753844131452	4	0.5
Snapc4	CD4	relevant_vs_irrelevant	relevant_peptide	irrelevant_peptide	0.06173898107862581	0.7840444596674938	0.9499753844131452	4	0.5
Sp4	CD4	relevant_vs_irrelevant	relevant_peptide	irrelevant_peptide	-0.011389432582231532	0.7900785375317247	0.9499753844131452	4	0.75
Tcf7l1	CD4	relevant_vs_irrelevant	relevant_peptide	irrelevant_peptide	0.08686174522076896	0.7882409285481748	0.9499753844131452	4	0.5
Pou2f2	CD4	relevant_vs_irrelevant	relevant_peptide	irrelevant_peptide	-0.14546823340851364	0.7961247561015313	0.9523663804614299	4	0.5
Prdm1	CD4	relevant_vs_irrelevant	relevant_peptide	irrelevant_peptide	0.025104057286506463	0.7983533354363141	0.9523663804614299	4	0.75
Ikzf1	CD4	relevant_vs_irrelevant	relevant_peptide	irrelevant_peptide	-0.07705346921869417	0.8149964812226229	0.9651267112500405	4	0.5
Irf1	CD4	relevant_vs_irrelevant	relevant_peptide	irrelevant_peptide	0.050721049146950616	0.8154205877228065	0.9651267112500405	4	0.5
Ascl1	CD4	relevant_vs_irrelevant	relevant_peptide	irrelevant_peptide	-0.05541380440261437	0.896752573130837	0.969285783820233	4	0.5
Atf3	CD4	relevant_vs_irrelevant	relevant_peptide	irrelevant_peptide	0.010509641930745398	0.8357757275978995	0.969285783820233	4	0.75
Atf6	CD4	relevant_vs_irrelevant	relevant_peptide	irrelevant_peptide	0.05745539261035548	0.8490555497142055	0.969285783820233	4	0.5
Bach2	CD4	relevant_vs_irrelevant	relevant_peptide	irrelevant_peptide	-0.1343814345915288	0.90249039140037	0.969285783820233	4	0.75
Duxbl1	CD4	relevant_vs_irrelevant	relevant_peptide	irrelevant_peptide	-0.03133260534570647	0.8289693422319783	0.969285783820233	4	0.5
E2f2	CD4	relevant_vs_irrelevant	relevant_peptide	irrelevant_peptide	0.05902846056848061	0.8867928732989958	0.969285783820233	4	0.5
Elk4	CD4	relevant_vs_irrelevant	relevant_peptide	irrelevant_peptide	-0.06302770501024861	0.9053065241621318	0.969285783820233	4	0.5
Ets1	CD4	relevant_vs_irrelevant	relevant_peptide	irrelevant_peptide	-0.061898184236783636	0.8685691069683097	0.969285783820233	4	0.5
Foxa3	CD4	relevant_vs_irrelevant	relevant_peptide	irrelevant_peptide	-0.031153677170234442	0.8301151666360478	0.969285783820233	4	0.5
Hbp1	CD4	relevant_vs_irrelevant	relevant_peptide	irrelevant_peptide	-0.12884260481390622	0.8385338503751978	0.969285783820233	4	0.75
Hnf1b	CD4	relevant_vs_irrelevant	relevant_peptide	irrelevant_peptide	-0.014931426746452791	0.8332461755970479	0.969285783820233	4	0.75
Irf8	CD4	relevant_vs_irrelevant	relevant_peptide	irrelevant_peptide	-0.03654878235073415	0.8638438089173418	0.969285783820233	4	0.75
Jun	CD4	relevant_vs_irrelevant	relevant_peptide	irrelevant_peptide	-0.02568365290936672	0.8878153790585912	0.969285783820233	4	0.5
Mbd1	CD4	relevant_vs_irrelevant	relevant_peptide	irrelevant_peptide	-0.04839850927716716	0.8566376143681232	0.969285783820233	4	0.5
Neurod1	CD4	relevant_vs_irrelevant	relevant_peptide	irrelevant_peptide	-0.03367732662114958	0.84694779393563	0.969285783820233	4	0.75
Nfatc1	CD4	relevant_vs_irrelevant	relevant_peptide	irrelevant_peptide	-0.2220926857495498	0.8557129972577047	0.969285783820233	4	0.75
Nfe2l2	CD4	relevant_vs_irrelevant	relevant_peptide	irrelevant_peptide	0.016399943089920977	0.867618186345107	0.969285783820233	4	0.5
Nfya	CD4	relevant_vs_irrelevant	relevant_peptide	irrelevant_peptide	-0.014457583842976837	0.885541745175436	0.969285783820233	4	0.75
Nr2f6	CD4	relevant_vs_irrelevant	relevant_peptide	irrelevant_peptide	-0.07044311641647798	0.8735022073627026	0.969285783820233	4	0.5
Rfx2	CD4	relevant_vs_irrelevant	relevant_peptide	irrelevant_peptide	0.013523201372577391	0.847533775743151	0.969285783820233	4	0.5
Smad4	CD4	relevant_vs_irrelevant	relevant_peptide	irrelevant_peptide	0.07080437766639326	0.8292200992294833	0.969285783820233	4	0.5
Srf	CD4	relevant_vs_irrelevant	relevant_peptide	irrelevant_peptide	-0.1024239476578515	0.8748974323626028	0.969285783820233	4	0.5
Tead1	CD4	relevant_vs_irrelevant	relevant_peptide	irrelevant_peptide	0.051103340948379886	0.8955559037239742	0.969285783820233	4	0.5
Zfp110	CD4	relevant_vs_irrelevant	relevant_peptide	irrelevant_peptide	0.0521150700280097	0.902639255705037	0.969285783820233	4	0.5
Zfp369	CD4	relevant_vs_irrelevant	relevant_peptide	irrelevant_peptide	0.0521150700280097	0.902639255705037	0.969285783820233	4	0.5
Zfx	CD4	relevant_vs_irrelevant	relevant_peptide	irrelevant_peptide	-0.018941961683779006	0.891322005995977	0.969285783820233	4	0.5
Zfy2	CD4	relevant_vs_irrelevant	relevant_peptide	irrelevant_peptide	-0.018941961683779006	0.891322005995977	0.969285783820233	4	0.5
Clock	CD4	relevant_vs_irrelevant	relevant_peptide	irrelevant_peptide	-0.01660468528274342	0.9217740953650297	0.9713524419482904	4	0.5
Etv6	CD4	relevant_vs_irrelevant	relevant_peptide	irrelevant_peptide	-0.049203741790896295	0.915037388790503	0.9713524419482904	4	0.75
Fosl1	CD4	relevant_vs_irrelevant	relevant_peptide	irrelevant_peptide	-0.12095166479455223	0.9194017766203909	0.9713524419482904	4	0.5
Mitf	CD4	relevant_vs_irrelevant	relevant_peptide	irrelevant_peptide	-0.18618795754032094	0.929677254669981	0.9713524419482904	4	0.5
Pax8	CD4	relevant_vs_irrelevant	relevant_peptide	irrelevant_peptide	-0.04958904127031947	0.9294889484143151	0.9713524419482904	4	0.5
Prdm14	CD4	relevant_vs_irrelevant	relevant_peptide	irrelevant_peptide	-0.1049653487277055	0.9289964216870279	0.9713524419482904	4	0.5
Rxrb	CD4	relevant_vs_irrelevant	relevant_peptide	irrelevant_peptide	-0.03964016947237526	0.9254538505615539	0.9713524419482904	4	0.75
Elf1	CD4	relevant_vs_irrelevant	relevant_peptide	irrelevant_peptide	-0.08669212743242508	0.9391565218362719	0.9746124438219489	4	0.5
Hinfp	CD4	relevant_vs_irrelevant	relevant_peptide	irrelevant_peptide	-0.05721038064927403	0.9398832945139561	0.9746124438219489	4	0.5
Tfap2c	CD4	relevant_vs_irrelevant	relevant_peptide	irrelevant_peptide	-0.33588911324024595	0.9424470166331057	0.9746124438219489	4	0.5
Zfp263	CD4	relevant_vs_irrelevant	relevant_peptide	irrelevant_peptide	-0.19529922864969926	0.9459771352118123	0.9749356189427861	4	0.75
Bhlhe40	CD4	relevant_vs_irrelevant	relevant_peptide	irrelevant_peptide	-0.2044690653825269	0.9632506989635055	0.9860302763038585	4	0.5
Hif1a	CD4	relevant_vs_irrelevant	relevant_peptide	irrelevant_peptide	0.18015454582763893	0.9618532834532982	0.9860302763038585	4	0.5
Kmt2a	CD4	relevant_vs_irrelevant	relevant_peptide	irrelevant_peptide	-0.047189017408072624	0.9837884591589487	0.9936263437505383	4	0.5
Nfic	CD4	relevant_vs_irrelevant	relevant_peptide	irrelevant_peptide	-0.05595618443091953	0.9781930288323797	0.9936263437505383	4	0.75
Usf2	CD4	relevant_vs_irrelevant	relevant_peptide	irrelevant_peptide	0.08977299828276299	0.978476099791613	0.9936263437505383	4	0.5
Vdr	CD4	relevant_vs_irrelevant	relevant_peptide	irrelevant_peptide	-0.06225613024788392	0.9817613719215323	0.9936263437505383	4	0.5
Cux1	CD4	relevant_vs_irrelevant	relevant_peptide	irrelevant_peptide	-0.05034998658755749	0.9923342795115099	0.9956201546092301	4	0.5
Hnf1a	CD4	relevant_vs_irrelevant	relevant_peptide	irrelevant_peptide	-0.0038579152938191283	0.9911838806980837	0.9956201546092301	4	0.5
Ybx1	CD4	relevant_vs_irrelevant	relevant_peptide	irrelevant_peptide	0.04730192472998649	0.9993260972128573	0.9993260972128573	4	0.75
Atf6	CD8	relevant_vs_irrelevant	relevant_peptide	irrelevant_peptide	0.3574314450022513	2.5971711504553518e-08	3.934714292939858e-06	4	1.0
Stat4	CD8	relevant_vs_irrelevant	relevant_peptide	irrelevant_peptide	0.6320756352928133	1.8125992388785288e-08	3.934714292939858e-06	4	1.0
Fli1	CD8	relevant_vs_irrelevant	relevant_peptide	irrelevant_peptide	-0.5558803089557954	4.285584927310626e-06	0.0004328440776583732	4	1.0
Foxa2	CD8	relevant_vs_irrelevant	relevant_peptide	irrelevant_peptide	-0.4287530659394006	7.49846702060453e-05	0.005680088768107931	4	1.0
Zc3h8	CD8	relevant_vs_irrelevant	relevant_peptide	irrelevant_peptide	0.22026460649041518	0.0003204728265304467	0.019420653287745074	4	1.0
Lyl1	CD8	relevant_vs_irrelevant	relevant_peptide	irrelevant_peptide	-0.3787098089224004	0.0005451600920424774	0.0263681058088158	4	1.0
Myc	CD8	relevant_vs_irrelevant	relevant_peptide	irrelevant_peptide	1.000579506257868	0.0006091641605997049	0.0263681058088158	4	1.0
Foxo3	CD8	relevant_vs_irrelevant	relevant_peptide	irrelevant_peptide	-0.4096340006522299	0.0009509716285145812	0.03263152177105236	4	1.0
Nr2c2	CD8	relevant_vs_irrelevant	relevant_peptide	irrelevant_peptide	0.33347696105799973	0.0009692531219124462	0.03263152177105236	4	1.0
Grhl2	CD8	relevant_vs_irrelevant	relevant_peptide	irrelevant_peptide	-0.31669004080832525	0.0015431945406490532	0.0368460516055875	4	1.0
Meis2	CD8	relevant_vs_irrelevant	relevant_peptide	irrelevant_peptide	-0.49428857745635846	0.001349452165750259	0.0368460516055875	4	1.0
Pknox1	CD8	relevant_vs_irrelevant	relevant_peptide	irrelevant_peptide	-0.2151874083441142	0.0015808536992496288	0.0368460516055875	4	1.0
Tcf7	CD8	relevant_vs_irrelevant	relevant_peptide	irrelevant_peptide	-0.3591488964493566	0.0013404701321714293	0.0368460516055875	4	1.0
Runx3	CD8	relevant_vs_irrelevant	relevant_peptide	irrelevant_peptide	-0.5145088016032611	0.001976456031554274	0.04277615554006751	4	1.0
Bmal1	CD8	relevant_vs_irrelevant	relevant_peptide	irrelevant_peptide	-0.3632304193200832	0.0025667939214512377	0.05084357437941178	4	1.0
Irf3	CD8	relevant_vs_irrelevant	relevant_peptide	irrelevant_peptide	-0.2340828963657298	0.0026848092081537575	0.05084357437941178	4	1.0
Jund	CD8	relevant_vs_irrelevant	relevant_peptide	irrelevant_peptide	0.4077663179753935	0.003141569139512835	0.05288308051513273	4	0.75
Snai1	CD8	relevant_vs_irrelevant	relevant_peptide	irrelevant_peptide	0.30490888721453335	0.0030782915629310164	0.05288308051513273	4	1.0
Mynn	CD8	relevant_vs_irrelevant	relevant_peptide	irrelevant_peptide	0.20719460472887624	0.003487393917398273	0.05298757581517078	4	1.0
Zbtb33	CD8	relevant_vs_irrelevant	relevant_peptide	irrelevant_peptide	0.1484855346343747	0.003497529756776949	0.05298757581517078	4	1.0
Mybl2	CD8	relevant_vs_irrelevant	relevant_peptide	irrelevant_peptide	0.18858490523628024	0.0037893763830863124	0.0540155935501109	4	0.75
Zfp148	CD8	relevant_vs_irrelevant	relevant_peptide	irrelevant_peptide	0.29337275244355393	0.003921924284166468	0.0540155935501109	4	1.0
Mef2c	CD8	relevant_vs_irrelevant	relevant_peptide	irrelevant_peptide	-0.3404474558109002	0.004730590345607844	0.05733475498876707	4	1.0
Pdx1	CD8	relevant_vs_irrelevant	relevant_peptide	irrelevant_peptide	-0.2726637413832806	0.004368837520917416	0.05733475498876707	4	1.0
Pgr	CD8	relevant_vs_irrelevant	relevant_peptide	irrelevant_peptide	-0.41996187761281695	0.004603695622925464	0.05733475498876707	4	1.0
Foxl2	CD8	relevant_vs_irrelevant	relevant_peptide	irrelevant_peptide	0.24208321403273766	0.00515495566739631	0.060075060277733926	4	0.75
Atf4	CD8	relevant_vs_irrelevant	relevant_peptide	irrelevant_peptide	0.4847018057842618	0.005605562514151303	0.06290686821436463	4	0.75
E2f6	CD8	relevant_vs_irrelevant	relevant_peptide	irrelevant_peptide	-0.1939765954414942	0.006360759248599721	0.06550257779192935	4	0.75
Maff	CD8	relevant_vs_irrelevant	relevant_peptide	irrelevant_peptide	-0.3288415765848323	0.006485403741775183	0.06550257779192935	4	0.75
Tfap4	CD8	relevant_vs_irrelevant	relevant_peptide	irrelevant_peptide	-0.2178124206243529	0.006097084447011626	0.06550257779192935	4	1.0
Elf1	CD8	relevant_vs_irrelevant	relevant_peptide	irrelevant_peptide	-0.2334164658730606	0.007146980398613214	0.06985596970257432	4	1.0
Pou4f2	CD8	relevant_vs_irrelevant	relevant_peptide	irrelevant_peptide	-0.2988271546684995	0.0076714595118852	0.07068635506726059	4	1.0
Tfdp1	CD8	relevant_vs_irrelevant	relevant_peptide	irrelevant_peptide	0.5515567262075444	0.007698513918216501	0.07068635506726059	4	0.75
Duxbl1	CD8	relevant_vs_irrelevant	relevant_peptide	irrelevant_peptide	-0.1702474060893845	0.00881337903412887	0.07584107134292609	4	0.75
Mef2b	CD8	relevant_vs_irrelevant	relevant_peptide	irrelevant_peptide	-0.3033311469591106	0.009511421488551785	0.07584107134292609	4	1.0
Mef2bl	CD8	relevant_vs_irrelevant	relevant_peptide	irrelevant_peptide	-0.3033311469591106	0.009511421488551785	0.07584107134292609	4	1.0
Satb1	CD8	relevant_vs_irrelevant	relevant_peptide	irrelevant_peptide	-0.17466489647636974	0.009132473849049758	0.07584107134292609	4	1.0
Zhx1	CD8	relevant_vs_irrelevant	relevant_peptide	irrelevant_peptide	-0.16757053799884222	0.008822541367693915	0.07584107134292609	4	1.0
Esr2	CD8	relevant_vs_irrelevant	relevant_peptide	irrelevant_peptide	-0.1699090724381452	0.010461817312722237	0.07924826614387095	4	0.75
Kmt2a	CD8	relevant_vs_irrelevant	relevant_peptide	irrelevant_peptide	-0.2573353260130808	0.010459260083271998	0.07924826614387095	4	1.0
Lhx2	CD8	relevant_vs_irrelevant	relevant_peptide	irrelevant_peptide	-0.2762658366927337	0.011603142110071301	0.08370838236551438	4	0.75
Mbd2	CD8	relevant_vs_irrelevant	relevant_peptide	irrelevant_peptide	-0.19464701351746297	0.011430046289387773	0.08370838236551438	4	0.75
Otx2	CD8	relevant_vs_irrelevant	relevant_peptide	irrelevant_peptide	-0.1776193615209945	0.012153082928388988	0.08563684016981078	4	0.75
Mafb	CD8	relevant_vs_irrelevant	relevant_peptide	irrelevant_peptide	-0.34367237035026493	0.012807042066905742	0.08623408325049867	4	0.75
Thap11	CD8	relevant_vs_irrelevant	relevant_peptide	irrelevant_peptide	0.3483016596775072	0.012584975784252236	0.08623408325049867	4	1.0
Etv6	CD8	relevant_vs_irrelevant	relevant_peptide	irrelevant_peptide	-0.10928700419061978	0.013572603509104593	0.0894021492012759	4	0.75
Nfatc2	CD8	relevant_vs_irrelevant	relevant_peptide	irrelevant_peptide	0.46890533831951275	0.015595730678189557	0.10054268926577524	4	0.75
Creb3l1	CD8	relevant_vs_irrelevant	relevant_peptide	irrelevant_peptide	-0.2631998991491206	0.016180655016397604	0.10214038479100987	4	0.75
Ybx1	CD8	relevant_vs_irrelevant	relevant_peptide	irrelevant_peptide	-0.25146933958719575	0.017511910584380206	0.1082879368789225	4	1.0
Hbp1	CD8	relevant_vs_irrelevant	relevant_peptide	irrelevant_peptide	-0.34069949707717523	0.018364513814564647	0.10910681736888407	4	0.75
Nfe2	CD8	relevant_vs_irrelevant	relevant_peptide	irrelevant_peptide	-0.219512694836804	0.018298248302235077	0.10910681736888407	4	1.0
Hnf4g	CD8	relevant_vs_irrelevant	relevant_peptide	irrelevant_peptide	-0.14512616350197716	0.018742766117225296	0.10921265641383202	4	0.75
Crem	CD8	relevant_vs_irrelevant	relevant_peptide	irrelevant_peptide	0.2223712117631905	0.019819283837765662	0.11330647175175464	4	0.75
E2f4	CD8	relevant_vs_irrelevant	relevant_peptide	irrelevant_peptide	0.972781345387605	0.022435671848954807	0.1229934911849519	4	0.75
Ets2	CD8	relevant_vs_irrelevant	relevant_peptide	irrelevant_peptide	0.2411124281292203	0.023137389430832534	0.1229934911849519	4	0.75
Tead1	CD8	relevant_vs_irrelevant	relevant_peptide	irrelevant_peptide	-0.42205973946560355	0.022827214102022698	0.1229934911849519	4	0.75
Wt1	CD8	relevant_vs_irrelevant	relevant_peptide	irrelevant_peptide	0.19171936693514624	0.022907836767519594	0.1229934911849519	4	0.75
E2f2	CD8	relevant_vs_irrelevant	relevant_peptide	irrelevant_peptide	0.42740112593698926	0.024675026433683977	0.12571838925260195	4	0.75
E2f7	CD8	relevant_vs_irrelevant	relevant_peptide	irrelevant_peptide	0.12213398655803968	0.024894730545069695	0.12571838925260195	4	0.75
Rel	CD8	relevant_vs_irrelevant	relevant_peptide	irrelevant_peptide	0.5115227850165865	0.024590214334606245	0.12571838925260195	4	0.75
Tcf7l1	CD8	relevant_vs_irrelevant	relevant_peptide	irrelevant_peptide	-0.27974170616063576	0.02546668735457596	0.12649846341699206	4	0.75
Irf9	CD8	relevant_vs_irrelevant	relevant_peptide	irrelevant_peptide	-0.4568993391909249	0.027914963193920363	0.13642312657673983	4	0.75
Etv1	CD8	relevant_vs_irrelevant	relevant_peptide	irrelevant_peptide	-0.13365646425660532	0.03103501359154641	0.1492636367974375	4	1.0
Nr1h3	CD8	relevant_vs_irrelevant	relevant_peptide	irrelevant_peptide	-0.2501452235518086	0.03365585729943922	0.15933944940203257	4	1.0
Snapc4	CD8	relevant_vs_irrelevant	relevant_peptide	irrelevant_peptide	0.17773385647367268	0.03544757045094896	0.16524021302519287	4	0.75
Clock	CD8	relevant_vs_irrelevant	relevant_peptide	irrelevant_peptide	-0.2479153446902993	0.0395597147024633	0.17371874717168664	4	1.0
Kmt2b	CD8	relevant_vs_irrelevant	relevant_peptide	irrelevant_peptide	0.1330571224329129	0.038732348861096146	0.17371874717168664	4	0.75
Nanog	CD8	relevant_vs_irrelevant	relevant_peptide	irrelevant_peptide	-0.2447131529945353	0.0389396103301958	0.17371874717168664	4	1.0
Ncoa1	CD8	relevant_vs_irrelevant	relevant_peptide	irrelevant_peptide	-0.2258075830299651	0.039010169668927855	0.17371874717168664	4	1.0
Irf1	CD8	relevant_vs_irrelevant	relevant_peptide	irrelevant_peptide	-0.27435002441915735	0.040716484464983715	0.17376189849140938	4	0.75
Nr5a2	CD8	relevant_vs_irrelevant	relevant_peptide	irrelevant_peptide	-0.126173154441413	0.0406528163490509	0.17376189849140938	4	0.75
Meis1	CD8	relevant_vs_irrelevant	relevant_peptide	irrelevant_peptide	-0.4555269741525018	0.04306163241220349	0.181217703068023	4	0.75
Nfkb2	CD8	relevant_vs_irrelevant	relevant_peptide	irrelevant_peptide	0.32565313448409194	0.0436623823218043	0.18122879237680414	4	0.5
Zfp110	CD8	relevant_vs_irrelevant	relevant_peptide	irrelevant_peptide	-0.04279468324234413	0.04512275527178422	0.18229593129800825	4	0.75
Zfp369	CD8	relevant_vs_irrelevant	relevant_peptide	irrelevant_peptide	-0.04279468324234413	0.04512275527178422	0.18229593129800825	4	0.75
Epas1	CD8	relevant_vs_irrelevant	relevant_peptide	irrelevant_peptide	0.4189745205789053	0.05025832539515301	0.19221570739744803	4	0.5
Hnf1b	CD8	relevant_vs_irrelevant	relevant_peptide	irrelevant_peptide	-0.2391964692692602	0.049246363309277216	0.19221570739744803	4	1.0
Klf13	CD8	relevant_vs_irrelevant	relevant_peptide	irrelevant_peptide	-0.11975659497552105	0.04829278008008626	0.19221570739744803	4	0.75
Srf	CD8	relevant_vs_irrelevant	relevant_peptide	irrelevant_peptide	0.18846299378116796	0.050750021755101786	0.19221570739744803	4	0.75
Tgif2	CD8	relevant_vs_irrelevant	relevant_peptide	irrelevant_peptide	0.20606125056369323	0.050744835322293014	0.19221570739744803	4	1.0
Nr2f2	CD8	relevant_vs_irrelevant	relevant_peptide	irrelevant_peptide	-0.2317587611042404	0.05318860648723997	0.19653838738577697	4	0.75
Rxra	CD8	relevant_vs_irrelevant	relevant_peptide	irrelevant_peptide	-0.15235234477296886	0.05255266316937121	0.19653838738577697	4	0.75
Foxm1	CD8	relevant_vs_irrelevant	relevant_peptide	irrelevant_peptide	0.3332055519391455	0.05777706441152257	0.20369171898495556	4	0.75
Mafg	CD8	relevant_vs_irrelevant	relevant_peptide	irrelevant_peptide	-0.267400337310445	0.05781349119705009	0.20369171898495556	4	0.75
Nr2f1	CD8	relevant_vs_irrelevant	relevant_peptide	irrelevant_peptide	-0.2645220367770255	0.0573307533319575	0.20369171898495556	4	0.75
Nr3c1	CD8	relevant_vs_irrelevant	relevant_peptide	irrelevant_peptide	-0.2938194227168807	0.057188618118411284	0.20369171898495556	4	0.75
Atf1	CD8	relevant_vs_irrelevant	relevant_peptide	irrelevant_peptide	0.2264673625231424	0.0615232542732332	0.21045701917243295	4	0.5
Cebpb	CD8	relevant_vs_irrelevant	relevant_peptide	irrelevant_peptide	0.2354911966596249	0.06251198589280187	0.21045701917243295	4	0.5
Mnt	CD8	relevant_vs_irrelevant	relevant_peptide	irrelevant_peptide	-0.2052949647939808	0.06162394760196016	0.21045701917243295	4	1.0
Tcf7l2	CD8	relevant_vs_irrelevant	relevant_peptide	irrelevant_peptide	-0.17758217968122678	0.06242588026670322	0.21045701917243295	4	1.0
Nfatc1	CD8	relevant_vs_irrelevant	relevant_peptide	irrelevant_peptide	0.2648853587204591	0.06510019863977673	0.21676219986650933	4	0.5
Bcl11a	CD8	relevant_vs_irrelevant	relevant_peptide	irrelevant_peptide	-0.19977867372188654	0.06753202256490248	0.21768300890601547	4	1.0
Stat5a	CD8	relevant_vs_irrelevant	relevant_peptide	irrelevant_peptide	0.3283643668814002	0.06687116266291322	0.21768300890601547	4	0.5
Trp73	CD8	relevant_vs_irrelevant	relevant_peptide	irrelevant_peptide	-0.24093168573246557	0.06652268500690922	0.21768300890601547	4	1.0
Maf	CD8	relevant_vs_irrelevant	relevant_peptide	irrelevant_peptide	-0.2028767366162931	0.0683245378824439	0.2179193155619	4	1.0
Atf7	CD8	relevant_vs_irrelevant	relevant_peptide	irrelevant_peptide	-0.1655137202555459	0.06935363513515258	0.21889741089532533	4	1.0
Arid3a	CD8	relevant_vs_irrelevant	relevant_peptide	irrelevant_peptide	0.14288962537498429	0.07371599455036373	0.23026748813154857	4	0.75
Ikzf1	CD8	relevant_vs_irrelevant	relevant_peptide	irrelevant_peptide	-0.17686156263453928	0.07571417145546297	0.23274935881411327	4	0.75
Sox10	CD8	relevant_vs_irrelevant	relevant_peptide	irrelevant_peptide	-0.34171832024787774	0.07604682020659147	0.23274935881411327	4	0.75
Ctcfl	CD8	relevant_vs_irrelevant	relevant_peptide	irrelevant_peptide	-0.1012681912462593	0.08384422222348686	0.23742803115622915	4	0.75
Gabpa	CD8	relevant_vs_irrelevant	relevant_peptide	irrelevant_peptide	-0.1282501930754982	0.08002107664945209	0.23742803115622915	4	0.75
Gata2	CD8	relevant_vs_irrelevant	relevant_peptide	irrelevant_peptide	-0.5763353573999983	0.08241955915098595	0.23742803115622915	4	0.75
Irf2	CD8	relevant_vs_irrelevant	relevant_peptide	irrelevant_peptide	-0.22765073341099626	0.0785585920678218	0.23742803115622915	4	0.75
Nfe2l1	CD8	relevant_vs_irrelevant	relevant_peptide	irrelevant_peptide	-0.19950937530033758	0.08161158743633957	0.23742803115622915	4	1.0
Pparg	CD8	relevant_vs_irrelevant	relevant_peptide	irrelevant_peptide	-0.14509641076096735	0.08077954435798779	0.23742803115622915	4	1.0
Prox1	CD8	relevant_vs_irrelevant	relevant_peptide	irrelevant_peptide	-0.09717269930212995	0.08037190466163595	0.23742803115622915	4	0.75
Tcf3	CD8	relevant_vs_irrelevant	relevant_peptide	irrelevant_peptide	-0.1742752887173956	0.08352623854238507	0.23742803115622915	4	1.0
Cebpg	CD8	relevant_vs_irrelevant	relevant_peptide	irrelevant_peptide	-0.13944807058581762	0.08617295269614138	0.24176300617528554	4	0.5
Tbp	CD8	relevant_vs_irrelevant	relevant_peptide	irrelevant_peptide	0.262828879308644	0.0883376521318823	0.24333007814509397	4	0.5
Zeb2	CD8	relevant_vs_irrelevant	relevant_peptide	irrelevant_peptide	0.14422479616619338	0.08763743179033252	0.24333007814509397	4	0.75
Pou2f1	CD8	relevant_vs_irrelevant	relevant_peptide	irrelevant_peptide	-0.19478191327638317	0.09445404694708628	0.25783402004474903	4	1.0
Elf3	CD8	relevant_vs_irrelevant	relevant_peptide	irrelevant_peptide	-0.22811040226895707	0.09827100135896251	0.2649895376350721	4	1.0
Jun	CD8	relevant_vs_irrelevant	relevant_peptide	irrelevant_peptide	0.4492164952210241	0.09958067324734703	0.2649895376350721	4	0.5
Pbx2	CD8	relevant_vs_irrelevant	relevant_peptide	irrelevant_peptide	-0.21795765373044731	0.09969903396171029	0.2649895376350721	4	0.75
Cux1	CD8	relevant_vs_irrelevant	relevant_peptide	irrelevant_peptide	0.052347409095070775	0.10206568908534858	0.26790313029900836	4	0.5
Stat2	CD8	relevant_vs_irrelevant	relevant_peptide	irrelevant_peptide	-0.43170475064305586	0.102563574635924	0.26790313029900836	4	0.5
Rarb	CD8	relevant_vs_irrelevant	relevant_peptide	irrelevant_peptide	0.0744706370121504	0.10967040592630975	0.2840182307322381	4	0.5
E2f1	CD8	relevant_vs_irrelevant	relevant_peptide	irrelevant_peptide	0.4634625245059392	0.11114623901766947	0.28540093578265974	4	1.0
Cebpe	CD8	relevant_vs_irrelevant	relevant_peptide	irrelevant_peptide	-0.10870340333763835	0.11294053366555815	0.2875712747954968	4	0.5
Elf5	CD8	relevant_vs_irrelevant	relevant_peptide	irrelevant_peptide	0.043438677474141665	0.12521966480910945	0.31612929366141046	4	0.5
Zfp740	CD8	relevant_vs_irrelevant	relevant_peptide	irrelevant_peptide	0.087594283903375	0.1262430512641276	0.31612929366141046	4	0.75
Lef1	CD8	relevant_vs_irrelevant	relevant_peptide	irrelevant_peptide	0.014123275570900139	0.13180567888555025	0.3273534483796863	4	0.5
Prdm1	CD8	relevant_vs_irrelevant	relevant_peptide	irrelevant_peptide	-0.14808728536901333	0.13694552478788036	0.337353609843315	4	0.75
Ahr	CD8	relevant_vs_irrelevant	relevant_peptide	irrelevant_peptide	-0.2004487348728696	0.1482823208785381	0.3429736124137179	4	0.75
Foxa1	CD8	relevant_vs_irrelevant	relevant_peptide	irrelevant_peptide	-0.5542047465185532	0.14418854552037036	0.3429736124137179	4	0.75
Hhex	CD8	relevant_vs_irrelevant	relevant_peptide	irrelevant_peptide	0.11751821840351238	0.14465011594140756	0.3429736124137179	4	0.75
Klf3	CD8	relevant_vs_irrelevant	relevant_peptide	irrelevant_peptide	-0.14487210945773218	0.14572176363127504	0.3429736124137179	4	1.0
Mycn	CD8	relevant_vs_irrelevant	relevant_peptide	irrelevant_peptide	0.13601432029030158	0.14163451831092153	0.3429736124137179	4	0.75
Mycs	CD8	relevant_vs_irrelevant	relevant_peptide	irrelevant_peptide	0.13601432029030158	0.14163451831092153	0.3429736124137179	4	0.75
Ncoa3	CD8	relevant_vs_irrelevant	relevant_peptide	irrelevant_peptide	-0.20328417978489605	0.14728485347217815	0.3429736124137179	4	0.75
Tead2	CD8	relevant_vs_irrelevant	relevant_peptide	irrelevant_peptide	0.055210434578621126	0.14682765666973205	0.3429736124137179	4	0.5
Sox9	CD8	relevant_vs_irrelevant	relevant_peptide	irrelevant_peptide	0.1605375043150269	0.15528824633518423	0.3564571109057638	4	0.75
Rfx5	CD8	relevant_vs_irrelevant	relevant_peptide	irrelevant_peptide	-0.12445213487244133	0.15750440525720388	0.35882582551077274	4	0.75
Tfap2c	CD8	relevant_vs_irrelevant	relevant_peptide	irrelevant_peptide	-0.5191590509708321	0.1614461854866609	0.36235699409228334	4	0.5
Zfp263	CD8	relevant_vs_irrelevant	relevant_peptide	irrelevant_peptide	-0.26634074632144067	0.16054519288876135	0.36235699409228334	4	0.5
Elk1	CD8	relevant_vs_irrelevant	relevant_peptide	irrelevant_peptide	0.10408030189281978	0.16371408049781222	0.36474534110909634	4	0.75
Foxo1	CD8	relevant_vs_irrelevant	relevant_peptide	irrelevant_peptide	-0.3601624812726348	0.16653534426025152	0.3675266561092682	4	0.75
Stat3	CD8	relevant_vs_irrelevant	relevant_peptide	irrelevant_peptide	0.20853917132144312	0.16738837802996376	0.3675266561092682	4	0.5
Foxj2	CD8	relevant_vs_irrelevant	relevant_peptide	irrelevant_peptide	0.07437175501081558	0.16937707468783136	0.369217652017359	4	0.75
Gata3	CD8	relevant_vs_irrelevant	relevant_peptide	irrelevant_peptide	-0.5614392412250772	0.1723794885436597	0.3707221255876748	4	0.75
Nfkb1	CD8	relevant_vs_irrelevant	relevant_peptide	irrelevant_peptide	0.45771150198325816	0.17346694014310893	0.3707221255876748	4	0.5
Nr1h2	CD8	relevant_vs_irrelevant	relevant_peptide	irrelevant_peptide	-0.13651132549497436	0.17373776182656708	0.3707221255876748	4	0.75
Gata6	CD8	relevant_vs_irrelevant	relevant_peptide	irrelevant_peptide	-0.13051427952680042	0.1765592753152715	0.37410811482886197	4	1.0
Nrf1	CD8	relevant_vs_irrelevant	relevant_peptide	irrelevant_peptide	0.16440507595994167	0.18848740567583855	0.39117591725876083	4	0.75
Prdm14	CD8	relevant_vs_irrelevant	relevant_peptide	irrelevant_peptide	-0.2438900146790637	0.18784083545623897	0.39117591725876083	4	0.5
Spi1	CD8	relevant_vs_irrelevant	relevant_peptide	irrelevant_peptide	-0.46992572187546916	0.18658784925094885	0.39117591725876083	4	1.0
Creb3	CD8	relevant_vs_irrelevant	relevant_peptide	irrelevant_peptide	0.10840604831939983	0.1963714412494899	0.404765623799969	4	1.0
Myb	CD8	relevant_vs_irrelevant	relevant_peptide	irrelevant_peptide	-0.12862125401820462	0.20254588385293415	0.41467164059080436	4	0.75
Usf1	CD8	relevant_vs_irrelevant	relevant_peptide	irrelevant_peptide	-0.10072890579077812	0.20500031770876082	0.4168798407097619	4	0.75
Tal1	CD8	relevant_vs_irrelevant	relevant_peptide	irrelevant_peptide	-0.5015445398551089	0.2080822790319603	0.4203262036445598	4	1.0
Cdx2	CD8	relevant_vs_irrelevant	relevant_peptide	irrelevant_peptide	-0.09714212617033853	0.21822803701311788	0.4379012928144021	4	0.75
Sox13	CD8	relevant_vs_irrelevant	relevant_peptide	irrelevant_peptide	0.05906167817441932	0.22344611372391399	0.44542218722596016	4	0.75
Rarg	CD8	relevant_vs_irrelevant	relevant_peptide	irrelevant_peptide	-0.15108042204527866	0.22784251813597822	0.451217535916349	4	0.75
Klf9	CD8	relevant_vs_irrelevant	relevant_peptide	irrelevant_peptide	0.02589584351671889	0.23356298133448594	0.45657795706031773	4	0.5
Rxrg	CD8	relevant_vs_irrelevant	relevant_peptide	irrelevant_peptide	-0.07883500411666299	0.23347134192984775	0.45657795706031773	4	0.5
Pax5	CD8	relevant_vs_irrelevant	relevant_peptide	irrelevant_peptide	-0.06484494325266893	0.2390298179083722	0.4642694540143383	4	0.75
Nr1h4	CD8	relevant_vs_irrelevant	relevant_peptide	irrelevant_peptide	0.044290466516251424	0.24224508880539009	0.467517591770912	4	0.75
Tcf4	CD8	relevant_vs_irrelevant	relevant_peptide	irrelevant_peptide	-0.12951035190003507	0.24505626394162205	0.4699496707234904	4	0.5
Relb	CD8	relevant_vs_irrelevant	relevant_peptide	irrelevant_peptide	0.06501770060881333	0.2523326113517653	0.48086025936845844	4	0.5
Arnt	CD8	relevant_vs_irrelevant	relevant_peptide	irrelevant_peptide	0.10055672027729429	0.2561173860134197	0.4850222997629136	4	0.5
Maz	CD8	relevant_vs_irrelevant	relevant_peptide	irrelevant_peptide	0.018747998907486345	0.2581728774802019	0.48587814830124954	4	0.5
E2f3	CD8	relevant_vs_irrelevant	relevant_peptide	irrelevant_peptide	0.35735038960301435	0.2616155241918654	0.48931792487737785	4	0.75
Vdr	CD8	relevant_vs_irrelevant	relevant_peptide	irrelevant_peptide	-0.042741490437015014	0.26381628823891434	0.49040696525393285	4	0.75
Zbtb11	CD8	relevant_vs_irrelevant	relevant_peptide	irrelevant_peptide	0.0330986129076983	0.2678955971980065	0.4949534509207071	4	0.5
Esrra	CD8	relevant_vs_irrelevant	relevant_peptide	irrelevant_peptide	-0.08766419171347418	0.27080273858885195	0.496384627488572	4	0.75
Spib	CD8	relevant_vs_irrelevant	relevant_peptide	irrelevant_peptide	-0.10469521371850046	0.2719466936076005	0.496384627488572	4	0.75
Mef2a	CD8	relevant_vs_irrelevant	relevant_peptide	irrelevant_peptide	-0.21146115155726578	0.2829950480582659	0.5093793704120684	4	0.75
Thap1	CD8	relevant_vs_irrelevant	relevant_peptide	irrelevant_peptide	-0.08019500687693544	0.28410928580739125	0.5093793704120684	4	0.75
Trp53	CD8	relevant_vs_irrelevant	relevant_peptide	irrelevant_peptide	-0.15602105969882304	0.2809012856351376	0.5093793704120684	4	0.5
Foxo4	CD8	relevant_vs_irrelevant	relevant_peptide	irrelevant_peptide	-0.036881644097550265	0.28646823911053476	0.5105875085323061	4	0.5
Gli1	CD8	relevant_vs_irrelevant	relevant_peptide	irrelevant_peptide	0.05286570983186719	0.2887608797983605	0.5116640150813055	4	0.75
Twist1	CD8	relevant_vs_irrelevant	relevant_peptide	irrelevant_peptide	0.06262342059739523	0.2930516955756606	0.516248045112937	4	0.75
Creb1	CD8	relevant_vs_irrelevant	relevant_peptide	irrelevant_peptide	0.10214333185042222	0.29885954393699343	0.5174539532166229	4	0.5
Zbtb7a	CD8	relevant_vs_irrelevant	relevant_peptide	irrelevant_peptide	-0.04450093296861581	0.29841386577535967	0.5174539532166229	4	0.75
Zhx2	CD8	relevant_vs_irrelevant	relevant_peptide	irrelevant_peptide	-0.011257563969612288	0.29845581326029946	0.5174539532166229	4	0.75
Egr1	CD8	relevant_vs_irrelevant	relevant_peptide	irrelevant_peptide	0.1772470154991555	0.30306064823826184	0.5217464569101894	4	0.5
Runx1	CD8	relevant_vs_irrelevant	relevant_peptide	irrelevant_peptide	-0.4364980619886701	0.31137231052866876	0.533027175650772	4	0.75
Esr1	CD8	relevant_vs_irrelevant	relevant_peptide	irrelevant_peptide	-0.31756171408341	0.3167545333296029	0.5343425130885789	4	0.5
Foxk1	CD8	relevant_vs_irrelevant	relevant_peptide	irrelevant_peptide	0.03720288758239588	0.3150213386871622	0.5343425130885789	4	0.75
Snai2	CD8	relevant_vs_irrelevant	relevant_peptide	irrelevant_peptide	-0.047295627330003406	0.3174311958942053	0.5343425130885789	4	0.5
Stat5b	CD8	relevant_vs_irrelevant	relevant_peptide	irrelevant_peptide	0.15366705205673337	0.3221689292461808	0.5393214671911203	4	0.5
Atf3	CD8	relevant_vs_irrelevant	relevant_peptide	irrelevant_peptide	0.058467089530213845	0.32630652393635096	0.5432465755643645	4	0.5
Mbd1	CD8	relevant_vs_irrelevant	relevant_peptide	irrelevant_peptide	0.035591071190534125	0.33457182439857824	0.553963184659941	4	0.75
Elk4	CD8	relevant_vs_irrelevant	relevant_peptide	irrelevant_peptide	-0.10094728875958825	0.34208797745529806	0.5572723503707275	4	0.5
Irf8	CD8	relevant_vs_irrelevant	relevant_peptide	irrelevant_peptide	0.0801974023684666	0.34121027898210243	0.5572723503707275	4	0.5
Tcf12	CD8	relevant_vs_irrelevant	relevant_peptide	irrelevant_peptide	-0.24744919056991554	0.3392997200005027	0.5572723503707275	4	0.5
Hif1a	CD8	relevant_vs_irrelevant	relevant_peptide	irrelevant_peptide	0.3305571064808945	0.3451765928080761	0.5592968321970431	4	0.5
Nfyb	CD8	relevant_vs_irrelevant	relevant_peptide	irrelevant_peptide	0.017030161119662032	0.3493387546845971	0.5630300141991113	4	0.75
Pou5f1	CD8	relevant_vs_irrelevant	relevant_peptide	irrelevant_peptide	-0.21689778436268664	0.35550967474965445	0.5699440817415096	4	0.5
Hnf4a	CD8	relevant_vs_irrelevant	relevant_peptide	irrelevant_peptide	-0.19682650323968004	0.3639514204320068	0.5714940059751031	4	0.5
Mitf	CD8	relevant_vs_irrelevant	relevant_peptide	irrelevant_peptide	-0.4259961217788193	0.3640209344989931	0.5714940059751031	4	0.5
Neurod1	CD8	relevant_vs_irrelevant	relevant_peptide	irrelevant_peptide	-0.07606013251326242	0.36393199561092293	0.5714940059751031	4	0.5
Pax6	CD8	relevant_vs_irrelevant	relevant_peptide	irrelevant_peptide	-0.15551297459933258	0.3619010529364227	0.5714940059751031	4	0.75
Rfx1	CD8	relevant_vs_irrelevant	relevant_peptide	irrelevant_peptide	-0.10122509269002092	0.37209310479839486	0.5811557255356373	4	1.0
Six2	CD8	relevant_vs_irrelevant	relevant_peptide	irrelevant_peptide	-0.14091976596142086	0.38637404469329617	0.6003658232926602	4	0.5
Gli2	CD8	relevant_vs_irrelevant	relevant_peptide	irrelevant_peptide	-0.0404458214756335	0.39625484144488377	0.6087053992983966	4	0.5
Junb	CD8	relevant_vs_irrelevant	relevant_peptide	irrelevant_peptide	-0.08485130756892802	0.39869161500730266	0.6087053992983966	4	0.5
Klf1	CD8	relevant_vs_irrelevant	relevant_peptide	irrelevant_peptide	-0.0313492812812822	0.3997768134005971	0.6087053992983966	4	0.5
Sp3	CD8	relevant_vs_irrelevant	relevant_peptide	irrelevant_peptide	0.050530072777545176	0.3954621045021818	0.6087053992983966	4	0.5
Fosl2	CD8	relevant_vs_irrelevant	relevant_peptide	irrelevant_peptide	0.3008988405994109	0.40497594671627846	0.6095358505403091	4	0.5
Rara	CD8	relevant_vs_irrelevant	relevant_peptide	irrelevant_peptide	0.07655664341928041	0.4032175331379473	0.6095358505403091	4	0.5
Sp1	CD8	relevant_vs_irrelevant	relevant_peptide	irrelevant_peptide	0.254366995906255	0.4063572336935394	0.6095358505403091	4	0.5
Foxp1	CD8	relevant_vs_irrelevant	relevant_peptide	irrelevant_peptide	-0.32221343784592626	0.4182341967435388	0.6227045249232009	4	0.5
Hinfp	CD8	relevant_vs_irrelevant	relevant_peptide	irrelevant_peptide	-0.040826547802127265	0.4207803503966836	0.6227045249232009	4	0.75
Nfya	CD8	relevant_vs_irrelevant	relevant_peptide	irrelevant_peptide	0.023049297846949108	0.4213017412846739	0.6227045249232009	4	0.5
Ebf1	CD8	relevant_vs_irrelevant	relevant_peptide	irrelevant_peptide	-0.1546428580532638	0.4237421944764236	0.6232712860502735	4	0.75
Sp2	CD8	relevant_vs_irrelevant	relevant_peptide	irrelevant_peptide	0.07850377481929056	0.45601993308910993	0.6675074382898565	4	0.75
Bach2	CD8	relevant_vs_irrelevant	relevant_peptide	irrelevant_peptide	0.03457240668541815	0.4646240641638034	0.673593738955179	4	0.75
Zfp592	CD8	relevant_vs_irrelevant	relevant_peptide	irrelevant_peptide	0.02808702962538349	0.46328973634894843	0.673593738955179	4	0.75
Pou2f2	CD8	relevant_vs_irrelevant	relevant_peptide	irrelevant_peptide	-0.17187579106415074	0.4695606388182356	0.6775089217234543	4	0.75
Mafk	CD8	relevant_vs_irrelevant	relevant_peptide	irrelevant_peptide	-0.05636292421407961	0.4761736832902659	0.6837944361940785	4	0.5
E2f5	CD8	relevant_vs_irrelevant	relevant_peptide	irrelevant_peptide	-0.010852296072868804	0.48386195185896463	0.6915574123267277	4	0.75
Nfia	CD8	relevant_vs_irrelevant	relevant_peptide	irrelevant_peptide	-0.09266852052817595	0.5085057319351376	0.7199870877399378	4	0.75
Runx2	CD8	relevant_vs_irrelevant	relevant_peptide	irrelevant_peptide	-0.10238250750798082	0.5065275560870821	0.7199870877399378	4	0.75
Sox11	CD8	relevant_vs_irrelevant	relevant_peptide	irrelevant_peptide	-0.19557848921036777	0.5172809712234654	0.7290052757242326	4	0.5
Deaf1	CD8	relevant_vs_irrelevant	relevant_peptide	irrelevant_peptide	0.05694890932310298	0.5253942085547223	0.7370113203337078	4	1.0
Bhlhe22	CD8	relevant_vs_irrelevant	relevant_peptide	irrelevant_peptide	-0.07581817560239461	0.5345812240099149	0.7396260770548139	4	0.5
Hes1	CD8	relevant_vs_irrelevant	relevant_peptide	irrelevant_peptide	0.01186353359174513	0.5326139805542784	0.7396260770548139	4	0.5
Smad5	CD8	relevant_vs_irrelevant	relevant_peptide	irrelevant_peptide	-0.07788404248674714	0.5308881694252645	0.7396260770548139	4	0.5
Stat1	CD8	relevant_vs_irrelevant	relevant_peptide	irrelevant_peptide	-0.03566884733626162	0.5482479092461418	0.7449287735496903	4	0.5
Tbx21	CD8	relevant_vs_irrelevant	relevant_peptide	irrelevant_peptide	-0.15873462498097987	0.5443654909306462	0.7449287735496903	4	0.5
Trp63	CD8	relevant_vs_irrelevant	relevant_peptide	irrelevant_peptide	-0.05438250108784901	0.5416557119963568	0.7449287735496903	4	0.5
Usf2	CD8	relevant_vs_irrelevant	relevant_peptide	irrelevant_peptide	-0.0340332263345645	0.5471101241335712	0.7449287735496903	4	0.5
Nfic	CD8	relevant_vs_irrelevant	relevant_peptide	irrelevant_peptide	-0.10645740946504362	0.5624328800777427	0.7607909047480181	4	0.75
Etv4	CD8	relevant_vs_irrelevant	relevant_peptide	irrelevant_peptide	-0.10780513245522039	0.5714399186223504	0.7665733007504948	4	0.75
Rbpj	CD8	relevant_vs_irrelevant	relevant_peptide	irrelevant_peptide	-0.03193631871740204	0.5717675444541644	0.7665733007504948	4	0.5
Foxk2	CD8	relevant_vs_irrelevant	relevant_peptide	irrelevant_peptide	-0.06399085064690799	0.5822844495805364	0.7704462367812337	4	0.5
Rest	CD8	relevant_vs_irrelevant	relevant_peptide	irrelevant_peptide	-0.013444642267547376	0.5812712429848668	0.7704462367812337	4	0.75
Zkscan1	CD8	relevant_vs_irrelevant	relevant_peptide	irrelevant_peptide	0.07708472565575296	0.5805027373311966	0.7704462367812337	4	0.5
Erg	CD8	relevant_vs_irrelevant	relevant_peptide	irrelevant_peptide	-0.08742870586084606	0.5993271340950299	0.781657143257439	4	0.5
Lhx4	CD8	relevant_vs_irrelevant	relevant_peptide	irrelevant_peptide	-0.031598447966479044	0.5934184849956429	0.781657143257439	4	0.75
Ncoa2	CD8	relevant_vs_irrelevant	relevant_peptide	irrelevant_peptide	-0.12387137502497605	0.6010762850791527	0.781657143257439	4	0.75
Rxrb	CD8	relevant_vs_irrelevant	relevant_peptide	irrelevant_peptide	-0.05300462214609468	0.5984042156805436	0.781657143257439	4	0.5
Arid2	CD8	relevant_vs_irrelevant	relevant_peptide	irrelevant_peptide	-0.058525715261631694	0.619306759412505	0.7985104174552725	4	0.75
Sp4	CD8	relevant_vs_irrelevant	relevant_peptide	irrelevant_peptide	-0.033832679364421386	0.6166835816149708	0.7985104174552725	4	0.75
Eomes	CD8	relevant_vs_irrelevant	relevant_peptide	irrelevant_peptide	-0.13545178630901952	0.6455443780883449	0.8253162302142131	4	0.75
Smad1	CD8	relevant_vs_irrelevant	relevant_peptide	irrelevant_peptide	0.10504966887037757	0.6447737220912088	0.8253162302142131	4	0.5
Zfp644	CD8	relevant_vs_irrelevant	relevant_peptide	irrelevant_peptide	-0.010394775983587892	0.648977956823267	0.8262198357876046	4	0.5
Ppara	CD8	relevant_vs_irrelevant	relevant_peptide	irrelevant_peptide	0.04686164529097832	0.6639322095471882	0.8382144145533251	4	0.75
Smad4	CD8	relevant_vs_irrelevant	relevant_peptide	irrelevant_peptide	-0.06046938768795719	0.6614416773243922	0.8382144145533251	4	0.5
Ctcf	CD8	relevant_vs_irrelevant	relevant_peptide	irrelevant_peptide	-0.13435197537291552	0.6831392850242819	0.8416786203886221	4	0.5
Fos	CD8	relevant_vs_irrelevant	relevant_peptide	irrelevant_peptide	-0.2181506051666545	0.6818156313458358	0.8416786203886221	4	0.5
Hoxb7	CD8	relevant_vs_irrelevant	relevant_peptide	irrelevant_peptide	0.0182107494518142	0.6742635978264013	0.8416786203886221	4	0.5
Nfe2l2	CD8	relevant_vs_irrelevant	relevant_peptide	irrelevant_peptide	-0.0493545906012399	0.6808477145758294	0.8416786203886221	4	0.75
Zfp384	CD8	relevant_vs_irrelevant	relevant_peptide	irrelevant_peptide	-0.0763972455571067	0.6748206878829657	0.8416786203886221	4	0.5
Zfp639	CD8	relevant_vs_irrelevant	relevant_peptide	irrelevant_peptide	-0.005924125713050595	0.683343038335317	0.8416786203886221	4	0.5
Ar	CD8	relevant_vs_irrelevant	relevant_peptide	irrelevant_peptide	0.1454863157585529	0.7243158295788954	0.8428572757734126	4	0.5
Ascl1	CD8	relevant_vs_irrelevant	relevant_peptide	irrelevant_peptide	0.04791490961002668	0.7229723355263838	0.8428572757734126	4	0.5
Bcl6	CD8	relevant_vs_irrelevant	relevant_peptide	irrelevant_peptide	-0.038394672359700795	0.7074484313829654	0.8428572757734126	4	0.75
Ehf	CD8	relevant_vs_irrelevant	relevant_peptide	irrelevant_peptide	-0.016649551707109893	0.6982990720232145	0.8428572757734126	4	0.5
Irf4	CD8	relevant_vs_irrelevant	relevant_peptide	irrelevant_peptide	-0.05656538012875817	0.7198943957187105	0.8428572757734126	4	0.5
Klf5	CD8	relevant_vs_irrelevant	relevant_peptide	irrelevant_peptide	-0.03233034567509293	0.7189874370966032	0.8428572757734126	4	0.75
Mxi1	CD8	relevant_vs_irrelevant	relevant_peptide	irrelevant_peptide	0.06520421274969687	0.6923416043803006	0.8428572757734126	4	0.5
Six5	CD8	relevant_vs_irrelevant	relevant_peptide	irrelevant_peptide	0.03384936372266644	0.7035727995567416	0.8428572757734126	4	0.5
Sox6	CD8	relevant_vs_irrelevant	relevant_peptide	irrelevant_peptide	-0.02154361145364158	0.721421386380543	0.8428572757734126	4	0.5
Stat6	CD8	relevant_vs_irrelevant	relevant_peptide	irrelevant_peptide	0.01876778319895072	0.7240877016421208	0.8428572757734126	4	0.5
Tead4	CD8	relevant_vs_irrelevant	relevant_peptide	irrelevant_peptide	-0.06643261324235458	0.6935376073165382	0.8428572757734126	4	0.5
Xbp1	CD8	relevant_vs_irrelevant	relevant_peptide	irrelevant_peptide	0.03726702757070913	0.7260255741810584	0.8428572757734126	4	0.75
Yy1	CD8	relevant_vs_irrelevant	relevant_peptide	irrelevant_peptide	-0.09858841083481111	0.6976435034402566	0.8428572757734126	4	0.75
Zfx	CD8	relevant_vs_irrelevant	relevant_peptide	irrelevant_peptide	0.02160306068607905	0.7089592010526946	0.8428572757734126	4	0.5
Zfy2	CD8	relevant_vs_irrelevant	relevant_peptide	irrelevant_peptide	0.02160306068607905	0.7089592010526946	0.8428572757734126	4	0.5
Srebf1	CD8	relevant_vs_irrelevant	relevant_peptide	irrelevant_peptide	0.19074949702466004	0.7375780617290582	0.8530005828393306	4	0.5
Onecut1	CD8	relevant_vs_irrelevant	relevant_peptide	irrelevant_peptide	-0.04836297612881454	0.7581092723904261	0.8734110628680576	4	0.5
Bach1	CD8	relevant_vs_irrelevant	relevant_peptide	irrelevant_peptide	-0.04237058570171293	0.7628647022392709	0.8755606241609815	4	0.5
Hic1	CD8	relevant_vs_irrelevant	relevant_peptide	irrelevant_peptide	-0.034682519468783285	0.7677208587889288	0.8778091328794166	4	0.5
Ets1	CD8	relevant_vs_irrelevant	relevant_peptide	irrelevant_peptide	0.12994299624271818	0.7767669485675852	0.8782394996519276	4	0.5
Fosl1	CD8	relevant_vs_irrelevant	relevant_peptide	irrelevant_peptide	-0.013411364548231186	0.7717167630273113	0.8782394996519276	4	0.75
Gata1	CD8	relevant_vs_irrelevant	relevant_peptide	irrelevant_peptide	-0.0026194591639664634	0.7767926927614409	0.8782394996519276	4	0.5
Rela	CD8	relevant_vs_irrelevant	relevant_peptide	irrelevant_peptide	0.28543009307679634	0.7826684935120042	0.8815931358146367	4	0.5
Cebpa	CD8	relevant_vs_irrelevant	relevant_peptide	irrelevant_peptide	-0.10506479690300133	0.7902288725346476	0.8868124013999934	4	0.5
Bhlhe40	CD8	relevant_vs_irrelevant	relevant_peptide	irrelevant_peptide	0.05169437943672289	0.8062197060141119	0.8871378055994645	4	0.5
Cebpd	CD8	relevant_vs_irrelevant	relevant_peptide	irrelevant_peptide	0.1071398423955013	0.811013769475418	0.8871378055994645	4	0.5
Foxa3	CD8	relevant_vs_irrelevant	relevant_peptide	irrelevant_peptide	0.01566517282547852	0.8036279217148273	0.8871378055994645	4	0.5
Foxp2	CD8	relevant_vs_irrelevant	relevant_peptide	irrelevant_peptide	0.09862083516795296	0.7969212263400458	0.8871378055994645	4	0.75
Kdm5b	CD8	relevant_vs_irrelevant	relevant_peptide	irrelevant_peptide	-0.040347721067294076	0.7998129940953639	0.8871378055994645	4	0.5
Pax8	CD8	relevant_vs_irrelevant	relevant_peptide	irrelevant_peptide	0.001998541431157057	0.809507766687061	0.8871378055994645	4	0.5
Sox2	CD8	relevant_vs_irrelevant	relevant_peptide	irrelevant_peptide	-0.24735451452227827	0.8090982634433207	0.8871378055994645	4	0.5
Myod1	CD8	relevant_vs_irrelevant	relevant_peptide	irrelevant_peptide	-0.028611278185297347	0.8419789327467969	0.91769646267007	4	0.5
Nr5a1	CD8	relevant_vs_irrelevant	relevant_peptide	irrelevant_peptide	-0.013376470919183057	0.8501545955194985	0.9232861736287026	4	0.75
Hnf1a	CD8	relevant_vs_irrelevant	relevant_peptide	irrelevant_peptide	0.002023007530921756	0.8652497612535769	0.9329917354442484	4	0.5
Hsf1	CD8	relevant_vs_irrelevant	relevant_peptide	irrelevant_peptide	-0.009238896488986566	0.8650116896306909	0.9329917354442484	4	0.5
Nr2f6	CD8	relevant_vs_irrelevant	relevant_peptide	irrelevant_peptide	0.08777204918894492	0.894253859153397	0.9577612337471667	4	0.5
Rfx2	CD8	relevant_vs_irrelevant	relevant_peptide	irrelevant_peptide	-0.03523269512827465	0.8945426704635253	0.9577612337471667	4	0.75
Gfi1b	CD8	relevant_vs_irrelevant	relevant_peptide	irrelevant_peptide	-0.05610631917692579	0.8983962630789023	0.9585002384257303	4	0.75
Tfap2a	CD8	relevant_vs_irrelevant	relevant_peptide	irrelevant_peptide	0.15850375380876677	0.9116635780362571	0.9692423303332839	4	0.5
Zeb1	CD8	relevant_vs_irrelevant	relevant_peptide	irrelevant_peptide	0.14692803642612484	0.9187747903664207	0.9699956846028762	4	0.5
Zfp143	CD8	relevant_vs_irrelevant	relevant_peptide	irrelevant_peptide	-0.016990988433628087	0.9158437990672856	0.9699956846028762	4	0.75
Hmbox1	CD8	relevant_vs_irrelevant	relevant_peptide	irrelevant_peptide	-0.07141925737050726	0.9225811119966459	0.9706322115798046	4	0.5
Pbx3	CD8	relevant_vs_irrelevant	relevant_peptide	irrelevant_peptide	-0.101973577861114	0.9325922954420477	0.9772238844311012	4	0.5
Zfp217	CD8	relevant_vs_irrelevant	relevant_peptide	irrelevant_peptide	-0.08328209933954682	0.9352967870792718	0.9772238844311012	4	0.5
Nr1i2	CD8	relevant_vs_irrelevant	relevant_peptide	irrelevant_peptide	0.002029728707640832	0.941068251513953	0.9779225833921192	4	0.5
Zfp24	CD8	relevant_vs_irrelevant	relevant_peptide	irrelevant_peptide	0.028399282715811817	0.9424204434009862	0.9779225833921192	4	0.75
Nr4a1	CD8	relevant_vs_irrelevant	relevant_peptide	irrelevant_peptide	0.006117539687155388	0.9531148742902035	0.9806958166432586	4	0.5
Smad3	CD8	relevant_vs_irrelevant	relevant_peptide	irrelevant_peptide	-0.09897985294392812	0.954802857787991	0.9806958166432586	4	0.75
Srebf2	CD8	relevant_vs_irrelevant	relevant_peptide	irrelevant_peptide	0.21909269577257492	0.9488061692290547	0.9806958166432586	4	0.75
Hoxb13	CD8	relevant_vs_irrelevant	relevant_peptide	irrelevant_peptide	-0.060540318688388293	0.9631976403076776	0.9859759628825213	4	0.5
Klf4	CD8	relevant_vs_irrelevant	relevant_peptide	irrelevant_peptide	0.03566671298014869	0.9681717022630915	0.9877307265512347	4	0.75
Atf2	CD8	relevant_vs_irrelevant	relevant_peptide	irrelevant_peptide	0.07096427603503365	0.9768235663071612	0.9889370112587847	4	0.5
Batf	CD8	relevant_vs_irrelevant	relevant_peptide	irrelevant_peptide	-0.03231109485433174	0.9750881615688676	0.9889370112587847	4	0.5
Gata4	CD8	relevant_vs_irrelevant	relevant_peptide	irrelevant_peptide	-0.05309553521600124	0.982409374220773	0.9889370112587847	4	0.75
Hoxa9	CD8	relevant_vs_irrelevant	relevant_peptide	irrelevant_peptide	-0.02751952063015704	0.9799295861075028	0.9889370112587847	4	0.75
Klf6	CD8	relevant_vs_irrelevant	relevant_peptide	irrelevant_peptide	-0.03449784346320778	0.9983079198216472	0.9983533038018565	4	0.5
Max	CD8	relevant_vs_irrelevant	relevant_peptide	irrelevant_peptide	-0.01923813917415712	0.9983533038018565	0.9983533038018565	4	0.75
